genome_id	genome_name	antibiotic	resistant_phenotype	evidence	laboratory_typing_method	testing_standard
1284829.3	Klebsiella pneumoniae VAKPC270	meropenem	Resistant	Laboratory Method		
573.24445	Klebsiella pneumoniae strain MUGSI_86	imipenem	Resistant	Laboratory Method	Broth dilution	CLSI
573.29968	Klebsiella pneumoniae strain Kpngiani7132509	imipenem	Resistant	Laboratory Method	Broth dilution	EUCAST
573.24362	Klebsiella pneumoniae strain MUGSI_159	imipenem	Resistant	Laboratory Method	Broth dilution	CLSI
573.139	Klebsiella pneumoniae KPN2078ec	imipenem	Resistant	Laboratory Method	Broth dilution	CLSI
1438759.3	Klebsiella pneumoniae CHS 53	imipenem	Resistant	Laboratory Method	Broth dilution	
573.1726	Klebsiella pneumoniae strain KpVA-8	imipenem	Resistant	Laboratory Method	Disk diffusion	EUCAST
573.13365	Klebsiella pneumoniae KPN1424ec	imipenem	Resistant	Laboratory Method	Broth dilution	CLSI
573.24398	Klebsiella pneumoniae strain MUGSI_316	imipenem	Resistant	Laboratory Method	Broth dilution	CLSI
573.12772	Klebsiella pneumoniae strain AR_0113	imipenem	Resistant	Laboratory Method	Broth dilution	CLSI
573.29881	Klebsiella pneumoniae strain Kpngiani7132584	imipenem	Resistant	Laboratory Method	Broth dilution	EUCAST
573.23213	Klebsiella pneumoniae strain KP_123	imipenem	Resistant	Laboratory Method	Disk diffusion	CLSI
573.13412	Klebsiella pneumoniae KPN1474ec	imipenem	Resistant	Laboratory Method	Broth dilution	CLSI
573.29977	Klebsiella pneumoniae strain Kpngiani7132518	imipenem	Resistant	Laboratory Method	Broth dilution	EUCAST
573.29939	Klebsiella pneumoniae strain Kpngiani7132635	imipenem	Resistant	Laboratory Method	Broth dilution	EUCAST
1438740.3	Klebsiella pneumoniae CHS 34	imipenem	Resistant	Laboratory Method	Broth dilution	
573.14184	Klebsiella pneumoniae KPN475ec	imipenem	Resistant	Laboratory Method	Broth dilution	CLSI
573.67412	Klebsiella pneumoniae 20200317_MGL_39	imipenem	Resistant	Laboratory Method	Disk diffusion	CLSI, EUCAST
573.24404	Klebsiella pneumoniae strain MUGSI_34	imipenem	Resistant	Laboratory Method	Broth dilution	CLSI
573.1439	Klebsiella pneumoniae KPN777ec	imipenem	Resistant	Laboratory Method	Broth dilution	CLSI
573.13145	Klebsiella pneumoniae KPN1147ec	imipenem	Resistant	Laboratory Method	Broth dilution	CLSI
573.13132	Klebsiella pneumoniae KPN1131ec	imipenem	Resistant	Laboratory Method	Broth dilution	CLSI
573.14426	Klebsiella pneumoniae KPN828ec	imipenem	Resistant	Laboratory Method	Broth dilution	CLSI
573.62715	Klebsiella pneumoniae MGL_121	imipenem	Resistant	Laboratory Method	Disk diffusion	
573.13951	Klebsiella pneumoniae KPN2159ec	imipenem	Resistant	Laboratory Method	Broth dilution	CLSI
573.1728	Klebsiella pneumoniae strain KpVA-10	imipenem	Resistant	Laboratory Method	Disk diffusion	EUCAST
573.24435	Klebsiella pneumoniae strain MUGSI_76	imipenem	Resistant	Laboratory Method	Broth dilution	CLSI
573.13167	Klebsiella pneumoniae KPN1172ec	imipenem	Resistant	Laboratory Method	Broth dilution	CLSI
573.1428	Klebsiella pneumoniae KPN613ec	imipenem	Resistant	Laboratory Method	Broth dilution	CLSI
573.13273	Klebsiella pneumoniae KPN1309ec	imipenem	Resistant	Laboratory Method	Broth dilution	CLSI
573.14079	Klebsiella pneumoniae KPN354ec	imipenem	Resistant	Laboratory Method	Broth dilution	CLSI
573.1868	Klebsiella pneumoniae strain AR_362	imipenem	Resistant	Laboratory Method	Broth dilution	CLSI
573.13062	Klebsiella pneumoniae KPN1040ec	imipenem	Resistant	Laboratory Method	Broth dilution	CLSI
573.29942	Klebsiella pneumoniae strain Kpngiani7132479	imipenem	Resistant	Laboratory Method	Broth dilution	EUCAST
573.29873	Klebsiella pneumoniae strain Kpngiani7132563	imipenem	Resistant	Laboratory Method	Broth dilution	EUCAST
573.30001	Klebsiella pneumoniae strain Kpngiani7132539	imipenem	Resistant	Laboratory Method	Broth dilution	EUCAST
573.67401	Klebsiella pneumoniae MGL_121	imipenem	Resistant	Laboratory Method	Disk diffusion	CLSI, EUCAST
1284819.3	Klebsiella pneumoniae UHKPC45	imipenem	Resistant	Laboratory Method		
573.1732	Klebsiella pneumoniae strain KpVA-14	imipenem	Resistant	Laboratory Method	Disk diffusion	EUCAST
573.13186	Klebsiella pneumoniae KPN1194ec	imipenem	Resistant	Laboratory Method	Broth dilution	CLSI
573.24356	Klebsiella pneumoniae strain MUGSI_146	imipenem	Resistant	Laboratory Method	Broth dilution	CLSI
573.2999	Klebsiella pneumoniae strain Kpngiani7132517	imipenem	Resistant	Laboratory Method	Broth dilution	EUCAST
573.29972	Klebsiella pneumoniae strain Kpngiani7132508	imipenem	Resistant	Laboratory Method	Broth dilution	EUCAST
573.17914	Klebsiella pneumoniae strain AR_0363	imipenem	Resistant	Laboratory Method	Broth dilution	CLSI
573.29967	Klebsiella pneumoniae strain Kpngiani7132526	imipenem	Resistant	Laboratory Method	Broth dilution	EUCAST
1284821.3	Klebsiella pneumoniae UHKPC29	imipenem	Resistant	Laboratory Method		
573.13363	Klebsiella pneumoniae KPN1422ec	imipenem	Resistant	Laboratory Method	Broth dilution	CLSI
573.24455	Klebsiella pneumoniae strain MUGSI_98	imipenem	Resistant	Laboratory Method	Broth dilution	CLSI
1284816.3	Klebsiella pneumoniae UHKPC26	imipenem	Resistant	Laboratory Method		
573.62733	Klebsiella pneumoniae MGL_135	imipenem	Resistant	Laboratory Method	Disk diffusion	
573.2435	Klebsiella pneumoniae strain MUGSI_136	imipenem	Resistant	Laboratory Method	Broth dilution	CLSI
573.24373	Klebsiella pneumoniae strain MUGSI_190	imipenem	Resistant	Laboratory Method	Broth dilution	CLSI
573.13427	Klebsiella pneumoniae KPN1489ec	imipenem	Resistant	Laboratory Method	Broth dilution	CLSI
1284794.4	Klebsiella pneumoniae UHKPC77	imipenem	Resistant	Laboratory Method		
1304916.4	Klebsiella pneumoniae 140_1040	imipenem	Resistant	Laboratory Method		
573.29974	Klebsiella pneumoniae strain Kpngiani7132513	imipenem	Resistant	Laboratory Method	Broth dilution	EUCAST
573.67378	Klebsiella pneumoniae MGL_88	imipenem	Resistant	Laboratory Method	Disk diffusion	CLSI, EUCAST
573.24433	Klebsiella pneumoniae strain MUGSI_74	imipenem	Resistant	Laboratory Method	Broth dilution	CLSI
573.13981	Klebsiella pneumoniae KPN236ec	imipenem	Resistant	Laboratory Method	Broth dilution	CLSI
573.23202	Klebsiella pneumoniae strain KP_089	imipenem	Resistant	Laboratory Method	Disk diffusion	CLSI
573.13433	Klebsiella pneumoniae KPN1496ec	imipenem	Resistant	Laboratory Method	Broth dilution	CLSI
573.29913	Klebsiella pneumoniae strain Kpngiani7132611	imipenem	Resistant	Laboratory Method	Broth dilution	EUCAST
573.14321	Klebsiella pneumoniae KPN691ec	imipenem	Resistant	Laboratory Method	Broth dilution	CLSI
573.24319	Klebsiella pneumoniae strain FH-2	imipenem	Resistant	Laboratory Method	Broth dilution	CLSI
573.14447	Klebsiella pneumoniae KPN860ec	imipenem	Resistant	Laboratory Method	Broth dilution	CLSI
1438774.3	Klebsiella pneumoniae CHS 70	imipenem	Resistant	Laboratory Method	Broth dilution	
1284808.4	Klebsiella pneumoniae UHKPC06	imipenem	Resistant	Laboratory Method		
573.13039	Klebsiella pneumoniae KPN1012ec	imipenem	Resistant	Laboratory Method	Broth dilution	CLSI
573.29915	Klebsiella pneumoniae strain Kpngiani7132593	imipenem	Resistant	Laboratory Method	Broth dilution	EUCAST
573.13808	Klebsiella pneumoniae KPN196ec	imipenem	Resistant	Laboratory Method	Broth dilution	CLSI
573.7362	Klebsiella pneumoniae strain AR_0049	imipenem	Resistant	Laboratory Method	Broth dilution	CLSI
573.24408	Klebsiella pneumoniae strain MUGSI_39	imipenem	Resistant	Laboratory Method	Broth dilution	CLSI
1284807.4	Klebsiella pneumoniae UHKPC31	imipenem	Resistant	Laboratory Method		
573.24389	Klebsiella pneumoniae strain MUGSI_30	imipenem	Resistant	Laboratory Method	Broth dilution	CLSI
573.14197	Klebsiella pneumoniae KPN508ec	imipenem	Resistant	Laboratory Method	Broth dilution	CLSI
573.24261	Klebsiella pneumoniae strain 20	imipenem	Resistant	Laboratory Method	Broth dilution	CLSI
573.15438	Klebsiella pneumoniae strain 10315_6#19	imipenem	Resistant	Laboratory Method	Disk diffusion	CLSI
573.14251	Klebsiella pneumoniae KPN577ec	imipenem	Resistant	Laboratory Method	Broth dilution	CLSI
1438769.3	Klebsiella pneumoniae CHS 63	imipenem	Resistant	Laboratory Method	Broth dilution	
573.14229	Klebsiella pneumoniae KPN550ec	imipenem	Resistant	Laboratory Method	Broth dilution	CLSI
573.1725	Klebsiella pneumoniae strain KpVA-7	imipenem	Resistant	Laboratory Method	Disk diffusion	EUCAST
573.13257	Klebsiella pneumoniae KPN1278ec	imipenem	Resistant	Laboratory Method	Broth dilution	CLSI
573.29861	Klebsiella pneumoniae strain Kpngiani7132558	imipenem	Resistant	Laboratory Method	Broth dilution	EUCAST
1284798.4	Klebsiella pneumoniae DMC1097	imipenem	Resistant	Laboratory Method		
573.67377	Klebsiella pneumoniae MGL_89	imipenem	Resistant	Laboratory Method	Disk diffusion	CLSI, EUCAST
573.13854	Klebsiella pneumoniae KPN2026ec	imipenem	Resistant	Laboratory Method	Broth dilution	CLSI
573.13905	Klebsiella pneumoniae KPN2082ec	imipenem	Resistant	Laboratory Method	Broth dilution	CLSI
1438775.3	Klebsiella pneumoniae CHS 71	imipenem	Resistant	Laboratory Method	Broth dilution	
573.6742	Klebsiella pneumoniae MGL_135	imipenem	Resistant	Laboratory Method	Disk diffusion	CLSI, EUCAST
1284793.4	Klebsiella pneumoniae UHKPC69	imipenem	Resistant	Laboratory Method		
573.14485	Klebsiella pneumoniae KPN909ec	imipenem	Resistant	Laboratory Method	Broth dilution	CLSI
573.13816	Klebsiella pneumoniae KPN1983ec	imipenem	Resistant	Laboratory Method	Broth dilution	CLSI
573.13686	Klebsiella pneumoniae KPN1818ec	imipenem	Resistant	Laboratory Method	Broth dilution	CLSI
573.14317	Klebsiella pneumoniae KPN686ec	imipenem	Resistant	Laboratory Method	Broth dilution	CLSI
573.13389	Klebsiella pneumoniae KPN1448ec	imipenem	Resistant	Laboratory Method	Broth dilution	CLSI
573.24271	Klebsiella pneumoniae strain 26	imipenem	Resistant	Laboratory Method	Broth dilution	CLSI
1438735.3	Klebsiella pneumoniae CHS 29	imipenem	Resistant	Laboratory Method	Broth dilution	
573.29866	Klebsiella pneumoniae strain Kpngiani7132568	imipenem	Resistant	Laboratory Method	Broth dilution	EUCAST
573.1454	Klebsiella pneumoniae KPN982ec	imipenem	Resistant	Laboratory Method	Broth dilution	CLSI
573.1446	Klebsiella pneumoniae KPN878ec	imipenem	Resistant	Laboratory Method	Broth dilution	CLSI
573.13278	Klebsiella pneumoniae KPN1315ec	imipenem	Resistant	Laboratory Method	Broth dilution	CLSI
573.13626	Klebsiella pneumoniae KPN1723ec	imipenem	Resistant	Laboratory Method	Broth dilution	CLSI
573.14417	Klebsiella pneumoniae KPN817ec	imipenem	Resistant	Laboratory Method	Broth dilution	CLSI
573.13172	Klebsiella pneumoniae KPN1179ec	imipenem	Resistant	Laboratory Method	Broth dilution	CLSI
1284812.3	Klebsiella pneumoniae UHKPC81	imipenem	Resistant	Laboratory Method		
573.1319	Klebsiella pneumoniae KPN1198ec	imipenem	Resistant	Laboratory Method	Broth dilution	CLSI
1284789.4	Klebsiella pneumoniae UHKPC28	imipenem	Resistant	Laboratory Method		
573.13865	Klebsiella pneumoniae KPN2039ec	imipenem	Resistant	Laboratory Method	Broth dilution	CLSI
573.13193	Klebsiella pneumoniae KPN1202ec	imipenem	Resistant	Laboratory Method	Broth dilution	CLSI
573.14238	Klebsiella pneumoniae KPN561ec	imipenem	Resistant	Laboratory Method	Broth dilution	CLSI
573.13587	Klebsiella pneumoniae KPN1684ec	imipenem	Resistant	Laboratory Method	Broth dilution	CLSI
573.12771	Klebsiella pneumoniae strain AR_0126	imipenem	Resistant	Laboratory Method	Broth dilution	CLSI
573.13289	Klebsiella pneumoniae KPN1329ec	imipenem	Resistant	Laboratory Method	Broth dilution	CLSI
1438767.3	Klebsiella pneumoniae CHS 61	imipenem	Resistant	Laboratory Method	Broth dilution	
573.14437	Klebsiella pneumoniae KPN843ec	imipenem	Resistant	Laboratory Method	Broth dilution	CLSI
573.14246	Klebsiella pneumoniae KPN572ec	imipenem	Resistant	Laboratory Method	Broth dilution	CLSI
573.13096	Klebsiella pneumoniae KPN1090ec	imipenem	Resistant	Laboratory Method	Broth dilution	CLSI
573.2444	Klebsiella pneumoniae strain MUGSI_80	imipenem	Resistant	Laboratory Method	Broth dilution	CLSI
573.30016	Klebsiella pneumoniae strain Kpngiani7132537	imipenem	Resistant	Laboratory Method	Broth dilution	EUCAST
573.29932	Klebsiella pneumoniae strain Kpngiani7132620	imipenem	Resistant	Laboratory Method	Broth dilution	EUCAST
573.13513	Klebsiella pneumoniae KPN1588ec	imipenem	Resistant	Laboratory Method	Broth dilution	CLSI
573.13156	Klebsiella pneumoniae KPN1160ec	imipenem	Resistant	Laboratory Method	Broth dilution	CLSI
573.1424	Klebsiella pneumoniae KPN564ec	imipenem	Resistant	Laboratory Method	Broth dilution	CLSI
573.62732	Klebsiella pneumoniae MGL_152	imipenem	Resistant	Laboratory Method	Disk diffusion	
573.14394	Klebsiella pneumoniae KPN782ec	imipenem	Resistant	Laboratory Method	Broth dilution	CLSI
573.29975	Klebsiella pneumoniae strain Kpngiani7132528	imipenem	Resistant	Laboratory Method	Broth dilution	EUCAST
573.13909	Klebsiella pneumoniae KPN2086ec	imipenem	Resistant	Laboratory Method	Broth dilution	CLSI
573.232	Klebsiella pneumoniae strain KP_116	imipenem	Resistant	Laboratory Method	Disk diffusion	CLSI
573.13214	Klebsiella pneumoniae KPN1226ec	imipenem	Resistant	Laboratory Method	Broth dilution	CLSI
573.1322	Klebsiella pneumoniae KPN123ec	imipenem	Resistant	Laboratory Method	Broth dilution	CLSI
573.14167	Klebsiella pneumoniae KPN451ec	imipenem	Resistant	Laboratory Method	Broth dilution	CLSI
1438709.3	Klebsiella pneumoniae CHS 03	imipenem	Resistant	Laboratory Method	Broth dilution	
573.67379	Klebsiella pneumoniae MGL_84	imipenem	Resistant	Laboratory Method	Disk diffusion	CLSI, EUCAST
573.14141	Klebsiella pneumoniae KPN421ec	imipenem	Resistant	Laboratory Method	Broth dilution	CLSI
573.13516	Klebsiella pneumoniae KPN1592ec	imipenem	Resistant	Laboratory Method	Broth dilution	CLSI
573.13048	Klebsiella pneumoniae KPN1022ec	imipenem	Resistant	Laboratory Method	Broth dilution	CLSI
573.24324	Klebsiella pneumoniae strain MRSN20094	imipenem	Resistant	Laboratory Method	Broth dilution	CLSI
573.6741	Klebsiella pneumoniae MGL_169	imipenem	Resistant	Laboratory Method	Disk diffusion	CLSI, EUCAST
573.1436	Klebsiella pneumoniae KPN737ec	imipenem	Resistant	Laboratory Method	Broth dilution	CLSI
1438719.3	Klebsiella pneumoniae CHS 13	imipenem	Resistant	Laboratory Method	Broth dilution	
573.24316	Klebsiella pneumoniae strain 9	imipenem	Resistant	Laboratory Method	Broth dilution	CLSI
573.29994	Klebsiella pneumoniae strain Kpngiani7132551	imipenem	Resistant	Laboratory Method	Broth dilution	EUCAST
573.12905	Klebsiella pneumoniae 3263	imipenem	Resistant	Laboratory Method	Broth dilution	CLSI
573.29998	Klebsiella pneumoniae strain Kpngiani7132552	imipenem	Resistant	Laboratory Method	Broth dilution	EUCAST
1438743.3	Klebsiella pneumoniae CHS 37	imipenem	Resistant	Laboratory Method	Broth dilution	
573.14294	Klebsiella pneumoniae KPN632ec	imipenem	Resistant	Laboratory Method	Broth dilution	CLSI
1438778.3	Klebsiella pneumoniae CHS 74	imipenem	Resistant	Laboratory Method	Broth dilution	
573.14264	Klebsiella pneumoniae KPN592ec	imipenem	Resistant	Laboratory Method	Broth dilution	CLSI
573.14507	Klebsiella pneumoniae KPN939ec	imipenem	Resistant	Laboratory Method	Broth dilution	CLSI
72407.2896	Klebsiella pneumoniae subsp. pneumoniae MRSN752729	imipenem	Resistant	Laboratory Method		
573.14406	Klebsiella pneumoniae KPN799ec	imipenem	Resistant	Laboratory Method	Broth dilution	CLSI
573.7025	Klebsiella pneumoniae strain AR_0010	imipenem	Resistant	Laboratory Method	Broth dilution	CLSI
573.14364	Klebsiella pneumoniae KPN742ec	imipenem	Resistant	Laboratory Method	Broth dilution	CLSI
573.24452	Klebsiella pneumoniae strain MUGSI_95	imipenem	Resistant	Laboratory Method	Broth dilution	CLSI
573.62723	Klebsiella pneumoniae MGL_170	imipenem	Resistant	Laboratory Method	Disk diffusion	
573.14545	Klebsiella pneumoniae KPN989ec	imipenem	Resistant	Laboratory Method	Broth dilution	CLSI
573.12777	Klebsiella pneumoniae strain AR_0120	imipenem	Resistant	Laboratory Method	Broth dilution	CLSI
573.29961	Klebsiella pneumoniae strain Kpngiani7132504	imipenem	Resistant	Laboratory Method	Broth dilution	EUCAST
573.67374	Klebsiella pneumoniae MGL_103	imipenem	Resistant	Laboratory Method	Disk diffusion	CLSI, EUCAST
573.14009	Klebsiella pneumoniae KPN271ec	imipenem	Resistant	Laboratory Method	Broth dilution	CLSI
573.5767	Klebsiella pneumoniae strain 7_GR_13	imipenem	Resistant	Laboratory Method	Broth dilution	CLSI
573.29916	Klebsiella pneumoniae strain Kpngiani7132616	imipenem	Resistant	Laboratory Method	Broth dilution	EUCAST
573.67418	Klebsiella pneumoniae 20200203_MGL_14	imipenem	Resistant	Laboratory Method	Disk diffusion	CLSI, EUCAST
573.24265	Klebsiella pneumoniae strain 22	imipenem	Resistant	Laboratory Method	Broth dilution	CLSI
573.14148	Klebsiella pneumoniae KPN428ec	imipenem	Resistant	Laboratory Method	Broth dilution	CLSI
573.3001	Klebsiella pneumoniae strain Kpngiani7132534	imipenem	Resistant	Laboratory Method	Broth dilution	EUCAST
573.29963	Klebsiella pneumoniae strain Kpngiani7132619	imipenem	Resistant	Laboratory Method	Broth dilution	EUCAST
573.29986	Klebsiella pneumoniae strain Kpngiani7132511	imipenem	Resistant	Laboratory Method	Broth dilution	EUCAST
573.24422	Klebsiella pneumoniae strain MUGSI_58	imipenem	Resistant	Laboratory Method	Broth dilution	CLSI
573.29906	Klebsiella pneumoniae strain Kpngiani7132609	imipenem	Resistant	Laboratory Method	Broth dilution	EUCAST
573.13881	Klebsiella pneumoniae KPN2056ec	imipenem	Resistant	Laboratory Method	Broth dilution	CLSI
573.13879	Klebsiella pneumoniae KPN2054ec	imipenem	Resistant	Laboratory Method	Broth dilution	CLSI
573.5646	Klebsiella pneumoniae strain 4_GR_12	imipenem	Resistant	Laboratory Method	Broth dilution	CLSI
573.14393	Klebsiella pneumoniae KPN781ec	imipenem	Resistant	Laboratory Method	Broth dilution	CLSI
1284815.3	Klebsiella pneumoniae UHKPC24	imipenem	Resistant	Laboratory Method		
573.24378	Klebsiella pneumoniae strain MUGSI_21	imipenem	Resistant	Laboratory Method	Broth dilution	CLSI
573.1731	Klebsiella pneumoniae strain KpVA-13	imipenem	Resistant	Laboratory Method	Disk diffusion	EUCAST
573.17927	Klebsiella pneumoniae strain AR_0080	imipenem	Resistant	Laboratory Method	Broth dilution	CLSI
573.24333	Klebsiella pneumoniae strain MUGSI_115	imipenem	Resistant	Laboratory Method	Broth dilution	CLSI
573.14516	Klebsiella pneumoniae KPN948ec	imipenem	Resistant	Laboratory Method	Broth dilution	CLSI
573.1368	Klebsiella pneumoniae KPN1788ec	imipenem	Resistant	Laboratory Method	Broth dilution	CLSI
573.29885	Klebsiella pneumoniae strain Kpngiani7132588	imipenem	Resistant	Laboratory Method	Broth dilution	EUCAST
573.29886	Klebsiella pneumoniae strain Kpngiani7132579	imipenem	Resistant	Laboratory Method	Broth dilution	EUCAST
573.13952	Klebsiella pneumoniae KPN2160ec	imipenem	Resistant	Laboratory Method	Broth dilution	CLSI
573.14502	Klebsiella pneumoniae KPN930ec	imipenem	Resistant	Laboratory Method	Broth dilution	CLSI
573.24441	Klebsiella pneumoniae strain MUGSI_82	imipenem	Resistant	Laboratory Method	Broth dilution	CLSI
573.24437	Klebsiella pneumoniae strain MUGSI_78	imipenem	Resistant	Laboratory Method	Broth dilution	CLSI
573.13561	Klebsiella pneumoniae KPN1652ec	imipenem	Resistant	Laboratory Method	Broth dilution	CLSI
573.14469	Klebsiella pneumoniae KPN890ec	imipenem	Resistant	Laboratory Method	Broth dilution	CLSI
573.13911	Klebsiella pneumoniae KPN2088ec	imipenem	Resistant	Laboratory Method	Broth dilution	CLSI
573.13139	Klebsiella pneumoniae KPN1139ec	imipenem	Resistant	Laboratory Method	Broth dilution	CLSI
573.14509	Klebsiella pneumoniae KPN941ec	imipenem	Resistant	Laboratory Method	Broth dilution	CLSI
573.14354	Klebsiella pneumoniae KPN728ec	imipenem	Resistant	Laboratory Method	Broth dilution	CLSI
573.13563	Klebsiella pneumoniae KPN1654ec	imipenem	Resistant	Laboratory Method	Broth dilution	CLSI
573.14204	Klebsiella pneumoniae KPN515ec	imipenem	Resistant	Laboratory Method	Broth dilution	CLSI
573.29919	Klebsiella pneumoniae strain Kpngiani7132627	imipenem	Resistant	Laboratory Method	Broth dilution	EUCAST
573.12778	Klebsiella pneumoniae strain AR_0125	imipenem	Resistant	Laboratory Method	Broth dilution	CLSI
573.24454	Klebsiella pneumoniae strain MUGSI_97	imipenem	Resistant	Laboratory Method	Broth dilution	CLSI
573.13755	Klebsiella pneumoniae KPN1894ec	imipenem	Resistant	Laboratory Method	Broth dilution	CLSI
573.13941	Klebsiella pneumoniae KPN2130ec	imipenem	Resistant	Laboratory Method	Broth dilution	CLSI
573.23205	Klebsiella pneumoniae strain KP_301	imipenem	Resistant	Laboratory Method	Disk diffusion	CLSI
573.62719	Klebsiella pneumoniae 20200203_MGL_18	imipenem	Resistant	Laboratory Method	Disk diffusion	
573.13722	Klebsiella pneumoniae KPN185ec	imipenem	Resistant	Laboratory Method	Broth dilution	CLSI
1284813.3	Klebsiella pneumoniae UHKPC27	imipenem	Resistant	Laboratory Method		
573.30006	Klebsiella pneumoniae strain Kpngiani7132540	imipenem	Resistant	Laboratory Method	Broth dilution	EUCAST
573.29868	Klebsiella pneumoniae strain Kpngiani7132567	imipenem	Resistant	Laboratory Method	Broth dilution	EUCAST
573.13113	Klebsiella pneumoniae KPN1109ec	imipenem	Resistant	Laboratory Method	Broth dilution	CLSI
573.24424	Klebsiella pneumoniae strain MUGSI_61	imipenem	Resistant	Laboratory Method	Broth dilution	CLSI
573.14084	Klebsiella pneumoniae KPN360ec	imipenem	Resistant	Laboratory Method	Broth dilution	CLSI
573.29983	Klebsiella pneumoniae strain Kpngiani7132527	imipenem	Resistant	Laboratory Method	Broth dilution	EUCAST
573.13721	Klebsiella pneumoniae KPN1859ec	imipenem	Resistant	Laboratory Method	Broth dilution	CLSI
573.1338	Klebsiella pneumoniae KPN1439ec	imipenem	Resistant	Laboratory Method	Broth dilution	CLSI
573.14313	Klebsiella pneumoniae KPN682ec	imipenem	Resistant	Laboratory Method	Broth dilution	CLSI
573.29878	Klebsiella pneumoniae strain Kpngiani7132576	imipenem	Resistant	Laboratory Method	Broth dilution	EUCAST
573.15485	Klebsiella pneumoniae strain 10315_6#76	imipenem	Resistant	Laboratory Method	Disk diffusion	CLSI
573.13138	Klebsiella pneumoniae KPN1137ec	imipenem	Resistant	Laboratory Method	Broth dilution	CLSI
573.23201	Klebsiella pneumoniae strain KP_109	imipenem	Resistant	Laboratory Method	Disk diffusion	CLSI
573.30013	Klebsiella pneumoniae strain Kpngiani7132548	imipenem	Resistant	Laboratory Method	Broth dilution	EUCAST
573.13367	Klebsiella pneumoniae KPN1426ec	imipenem	Resistant	Laboratory Method	Broth dilution	CLSI
573.13938	Klebsiella pneumoniae KPN2127ec	imipenem	Resistant	Laboratory Method	Broth dilution	CLSI
573.2992	Klebsiella pneumoniae strain Kpngiani7132634	imipenem	Resistant	Laboratory Method	Broth dilution	EUCAST
573.24432	Klebsiella pneumoniae strain MUGSI_7	imipenem	Resistant	Laboratory Method	Broth dilution	CLSI
573.14005	Klebsiella pneumoniae KPN267ec	imipenem	Resistant	Laboratory Method	Broth dilution	CLSI
573.29867	Klebsiella pneumoniae strain Kpngiani7132557	imipenem	Resistant	Laboratory Method	Broth dilution	EUCAST
573.13483	Klebsiella pneumoniae KPN1555ec	imipenem	Resistant	Laboratory Method	Broth dilution	CLSI
573.29993	Klebsiella pneumoniae strain Kpngiani7132554	imipenem	Resistant	Laboratory Method	Broth dilution	EUCAST
573.12966	Klebsiella pneumoniae 3357	imipenem	Resistant	Laboratory Method	Broth dilution	CLSI
1438717.3	Klebsiella pneumoniae CHS 11	imipenem	Resistant	Laboratory Method	Broth dilution	
573.13965	Klebsiella pneumoniae KPN218ec	imipenem	Resistant	Laboratory Method	Broth dilution	CLSI
1438756.3	Klebsiella pneumoniae CHS 50	imipenem	Resistant	Laboratory Method	Broth dilution	
573.67388	Klebsiella pneumoniae 20200622_MGL_68	imipenem	Resistant	Laboratory Method	Disk diffusion	CLSI, EUCAST
1438738.3	Klebsiella pneumoniae CHS 32	imipenem	Resistant	Laboratory Method	Broth dilution	
573.1429	Klebsiella pneumoniae KPN623ec	imipenem	Resistant	Laboratory Method	Broth dilution	CLSI
573.14433	Klebsiella pneumoniae KPN838ec	imipenem	Resistant	Laboratory Method	Broth dilution	CLSI
573.62734	Klebsiella pneumoniae MGL_134	imipenem	Resistant	Laboratory Method	Disk diffusion	
573.14096	Klebsiella pneumoniae KPN373ec	imipenem	Resistant	Laboratory Method	Broth dilution	CLSI
72407.289	Klebsiella pneumoniae subsp. pneumoniae MRSN752309	imipenem	Resistant	Laboratory Method		
573.20062	Klebsiella pneumoniae strain AR_0075	imipenem	Resistant	Laboratory Method	Broth dilution	CLSI
573.13123	Klebsiella pneumoniae KPN1121ec	imipenem	Resistant	Laboratory Method	Broth dilution	CLSI
573.13356	Klebsiella pneumoniae KPN1413ec	imipenem	Resistant	Laboratory Method	Broth dilution	CLSI
1438713.3	Klebsiella pneumoniae CHS 07	imipenem	Resistant	Laboratory Method	Broth dilution	
573.15043	Klebsiella pneumoniae strain AR_0146	imipenem	Resistant	Laboratory Method	Broth dilution	CLSI
573.13065	Klebsiella pneumoniae KPN1043ec	imipenem	Resistant	Laboratory Method	Broth dilution	CLSI
573.29965	Klebsiella pneumoniae strain Kpngiani7132523	imipenem	Resistant	Laboratory Method	Broth dilution	EUCAST
573.24331	Klebsiella pneumoniae strain MUGSI_113	imipenem	Resistant	Laboratory Method	Broth dilution	CLSI
573.24325	Klebsiella pneumoniae strain MRSN20097	imipenem	Resistant	Laboratory Method	Broth dilution	CLSI
573.15042	Klebsiella pneumoniae strain AR_0158	imipenem	Resistant	Laboratory Method	Broth dilution	CLSI
573.29941	Klebsiella pneumoniae strain Kpngiani7132493	imipenem	Resistant	Laboratory Method	Broth dilution	EUCAST
573.13053	Klebsiella pneumoniae KPN1030ec	imipenem	Resistant	Laboratory Method	Broth dilution	CLSI
573.1278	Klebsiella pneumoniae strain AR_0145	imipenem	Resistant	Laboratory Method	Broth dilution	CLSI
573.1452	Klebsiella pneumoniae KPN953ec	imipenem	Resistant	Laboratory Method	Broth dilution	CLSI
573.67392	Klebsiella pneumoniae MGL_K_14	imipenem	Resistant	Laboratory Method	Disk diffusion	CLSI, EUCAST
1284792.4	Klebsiella pneumoniae UHKPC67	imipenem	Resistant	Laboratory Method		
573.24391	Klebsiella pneumoniae strain MUGSI_309	imipenem	Resistant	Laboratory Method	Broth dilution	CLSI
573.13049	Klebsiella pneumoniae KPN1023ec	imipenem	Resistant	Laboratory Method	Broth dilution	CLSI
573.29964	Klebsiella pneumoniae strain Kpngiani7132482	imipenem	Resistant	Laboratory Method	Broth dilution	EUCAST
573.24359	Klebsiella pneumoniae strain MUGSI_153	imipenem	Resistant	Laboratory Method	Broth dilution	CLSI
573.14239	Klebsiella pneumoniae KPN563ec	imipenem	Resistant	Laboratory Method	Broth dilution	CLSI
573.24336	Klebsiella pneumoniae strain MUGSI_118	imipenem	Resistant	Laboratory Method	Broth dilution	CLSI
573.14255	Klebsiella pneumoniae KPN581ec	imipenem	Resistant	Laboratory Method	Broth dilution	CLSI
573.15434	Klebsiella pneumoniae strain 10315_6#11	imipenem	Resistant	Laboratory Method	Disk diffusion	CLSI
573.14269	Klebsiella pneumoniae KPN598ec	imipenem	Resistant	Laboratory Method	Broth dilution	CLSI
573.24415	Klebsiella pneumoniae strain MUGSI_49	imipenem	Resistant	Laboratory Method	Broth dilution	CLSI
573.30005	Klebsiella pneumoniae strain Kpngiani7132547	imipenem	Resistant	Laboratory Method	Broth dilution	EUCAST
573.1722	Klebsiella pneumoniae strain KpVA-4	imipenem	Resistant	Laboratory Method	Disk diffusion	EUCAST
1284788.3	Klebsiella pneumoniae UHKPC23	imipenem	Resistant	Laboratory Method		
573.23218	Klebsiella pneumoniae strain KP_310	imipenem	Resistant	Laboratory Method	Disk diffusion	CLSI
573.29995	Klebsiella pneumoniae strain Kpngiani7132556	imipenem	Resistant	Laboratory Method	Broth dilution	EUCAST
1438725.3	Klebsiella pneumoniae CHS 19	imipenem	Resistant	Laboratory Method	Broth dilution	
1438780.3	Klebsiella pneumoniae CHS 76	imipenem	Resistant	Laboratory Method	Broth dilution	
1438779.3	Klebsiella pneumoniae CHS 75	imipenem	Resistant	Laboratory Method	Broth dilution	
573.14521	Klebsiella pneumoniae KPN954ec	imipenem	Resistant	Laboratory Method	Broth dilution	CLSI
1438766.3	Klebsiella pneumoniae CHS 60	imipenem	Resistant	Laboratory Method	Broth dilution	
72407.2892	Klebsiella pneumoniae subsp. pneumoniae MRSN752019	imipenem	Resistant	Laboratory Method		
573.14465	Klebsiella pneumoniae KPN883ec	imipenem	Resistant	Laboratory Method	Broth dilution	CLSI
573.67386	Klebsiella pneumoniae 20200622_MGL_63	imipenem	Resistant	Laboratory Method	Disk diffusion	CLSI, EUCAST
573.13796	Klebsiella pneumoniae KPN1949ec	imipenem	Resistant	Laboratory Method	Broth dilution	CLSI
573.13503	Klebsiella pneumoniae KPN1577ec	imipenem	Resistant	Laboratory Method	Broth dilution	CLSI
573.15108	Klebsiella pneumoniae strain AR_0143	imipenem	Resistant	Laboratory Method	Broth dilution	CLSI
573.13731	Klebsiella pneumoniae KPN1868ec	imipenem	Resistant	Laboratory Method	Broth dilution	CLSI
1304918.4	Klebsiella pneumoniae 120_1020	imipenem	Resistant	Laboratory Method		
573.24451	Klebsiella pneumoniae strain MUGSI_94	imipenem	Resistant	Laboratory Method	Broth dilution	CLSI
573.13783	Klebsiella pneumoniae KPN1931ec	imipenem	Resistant	Laboratory Method	Broth dilution	CLSI
573.14517	Klebsiella pneumoniae KPN950ec	imipenem	Resistant	Laboratory Method	Broth dilution	CLSI
573.13939	Klebsiella pneumoniae KPN2128ec	imipenem	Resistant	Laboratory Method	Broth dilution	CLSI
573.1379	Klebsiella pneumoniae KPN1940ec	imipenem	Resistant	Laboratory Method	Broth dilution	CLSI
573.14137	Klebsiella pneumoniae KPN417ec	imipenem	Resistant	Laboratory Method	Broth dilution	CLSI
573.13804	Klebsiella pneumoniae KPN1958ec	imipenem	Resistant	Laboratory Method	Broth dilution	CLSI
573.23217	Klebsiella pneumoniae strain KP_158	imipenem	Resistant	Laboratory Method	Disk diffusion	CLSI
573.29945	Klebsiella pneumoniae strain Kpngiani7132637	imipenem	Resistant	Laboratory Method	Broth dilution	EUCAST
573.13867	Klebsiella pneumoniae KPN2041ec	imipenem	Resistant	Laboratory Method	Broth dilution	CLSI
573.13919	Klebsiella pneumoniae KPN2099ec	imipenem	Resistant	Laboratory Method	Broth dilution	CLSI
1438746.3	Klebsiella pneumoniae CHS 40	imipenem	Resistant	Laboratory Method	Broth dilution	
573.14266	Klebsiella pneumoniae KPN594ec	imipenem	Resistant	Laboratory Method	Broth dilution	CLSI
573.13842	Klebsiella pneumoniae KPN2011ec	imipenem	Resistant	Laboratory Method	Broth dilution	CLSI
573.18477	Klebsiella pneumoniae strain CCUG 70747	imipenem	Resistant	Laboratory Method	Broth dilution	EUCAST
1438748.3	Klebsiella pneumoniae CHS 42	imipenem	Resistant	Laboratory Method	Broth dilution	
573.5645	Klebsiella pneumoniae strain 3_GR_13	imipenem	Resistant	Laboratory Method	Broth dilution	CLSI
573.2997	Klebsiella pneumoniae strain Kpngiani7132498	imipenem	Resistant	Laboratory Method	Broth dilution	EUCAST
573.29991	Klebsiella pneumoniae strain Kpngiani7132550	imipenem	Resistant	Laboratory Method	Broth dilution	EUCAST
573.62695	Klebsiella pneumoniae MGL_75	imipenem	Resistant	Laboratory Method	Disk diffusion	
573.2991	Klebsiella pneumoniae strain Kpngiani7132592	imipenem	Resistant	Laboratory Method	Broth dilution	EUCAST
573.5647	Klebsiella pneumoniae strain 2_GR_12	imipenem	Resistant	Laboratory Method	Broth dilution	CLSI
573.13105	Klebsiella pneumoniae KPN1100ec	imipenem	Resistant	Laboratory Method	Broth dilution	CLSI
573.14146	Klebsiella pneumoniae KPN426ec	imipenem	Resistant	Laboratory Method	Broth dilution	CLSI
1284817.3	Klebsiella pneumoniae UHKPC57	imipenem	Resistant	Laboratory Method		
573.7031	Klebsiella pneumoniae strain AR_0040	imipenem	Resistant	Laboratory Method	Broth dilution	CLSI
573.1394	Klebsiella pneumoniae KPN2129ec	imipenem	Resistant	Laboratory Method	Broth dilution	CLSI
573.24334	Klebsiella pneumoniae strain MUGSI_116	imipenem	Resistant	Laboratory Method	Broth dilution	CLSI
573.24243	Klebsiella pneumoniae strain 10	imipenem	Resistant	Laboratory Method	Broth dilution	CLSI
573.14181	Klebsiella pneumoniae KPN471ec	imipenem	Resistant	Laboratory Method	Broth dilution	CLSI
573.5764	Klebsiella pneumoniae strain 13_GR_14	imipenem	Resistant	Laboratory Method	Broth dilution	CLSI
573.67394	Klebsiella pneumoniae MGL_K_13	imipenem	Resistant	Laboratory Method	Disk diffusion	CLSI, EUCAST
1284806.4	Klebsiella pneumoniae UHKPC18	imipenem	Resistant	Laboratory Method		
573.14185	Klebsiella pneumoniae KPN477ec	imipenem	Resistant	Laboratory Method	Broth dilution	CLSI
573.14549	Klebsiella pneumoniae KPN997ec	imipenem	Resistant	Laboratory Method	Broth dilution	CLSI
573.67413	Klebsiella pneumoniae 20200317_MGL_34	imipenem	Resistant	Laboratory Method	Disk diffusion	CLSI, EUCAST
573.13997	Klebsiella pneumoniae KPN258ec	imipenem	Resistant	Laboratory Method	Broth dilution	CLSI
573.29949	Klebsiella pneumoniae strain Kpngiani7132507	imipenem	Resistant	Laboratory Method	Broth dilution	EUCAST
573.14471	Klebsiella pneumoniae KPN892ec	imipenem	Resistant	Laboratory Method	Broth dilution	CLSI
1284822.3	Klebsiella pneumoniae UHKPC32	imipenem	Resistant	Laboratory Method		
573.30009	Klebsiella pneumoniae strain Kpngiani7132549	imipenem	Resistant	Laboratory Method	Broth dilution	EUCAST
1284830.3	Klebsiella pneumoniae VAKPC276	imipenem	Resistant	Laboratory Method		
573.13164	Klebsiella pneumoniae KPN1169ec	imipenem	Resistant	Laboratory Method	Broth dilution	CLSI
573.7029	Klebsiella pneumoniae strain AR_0005	imipenem	Resistant	Laboratory Method	Broth dilution	CLSI
1438757.3	Klebsiella pneumoniae CHS 51	imipenem	Resistant	Laboratory Method	Broth dilution	
573.14492	Klebsiella pneumoniae KPN919ec	imipenem	Resistant	Laboratory Method	Broth dilution	CLSI
573.13217	Klebsiella pneumoniae KPN1234ec	imipenem	Resistant	Laboratory Method	Broth dilution	CLSI
573.14183	Klebsiella pneumoniae KPN473ec	imipenem	Resistant	Laboratory Method	Broth dilution	CLSI
573.14001	Klebsiella pneumoniae KPN262ec	imipenem	Resistant	Laboratory Method	Broth dilution	CLSI
573.13219	Klebsiella pneumoniae KPN1239ec	imipenem	Resistant	Laboratory Method	Broth dilution	CLSI
573.6269	Klebsiella pneumoniae 20200203_MGL_10	imipenem	Resistant	Laboratory Method	Disk diffusion	
573.14223	Klebsiella pneumoniae KPN540ec	imipenem	Resistant	Laboratory Method	Broth dilution	CLSI
573.24392	Klebsiella pneumoniae strain MUGSI_308	imipenem	Resistant	Laboratory Method	Broth dilution	CLSI
573.13619	Klebsiella pneumoniae KPN1716ec	imipenem	Resistant	Laboratory Method	Broth dilution	CLSI
573.14339	Klebsiella pneumoniae KPN713ec	imipenem	Resistant	Laboratory Method	Broth dilution	CLSI
573.7028	Klebsiella pneumoniae strain AR_0004	imipenem	Resistant	Laboratory Method	Broth dilution	CLSI
573.29955	Klebsiella pneumoniae strain Kpngiani7132495	imipenem	Resistant	Laboratory Method	Broth dilution	EUCAST
1438723.3	Klebsiella pneumoniae CHS 17	imipenem	Resistant	Laboratory Method	Broth dilution	
573.13846	Klebsiella pneumoniae KPN2016ec	imipenem	Resistant	Laboratory Method	Broth dilution	CLSI
573.24374	Klebsiella pneumoniae strain MUGSI_191	imipenem	Resistant	Laboratory Method	Broth dilution	CLSI
573.24326	Klebsiella pneumoniae strain MUGSI_102	imipenem	Resistant	Laboratory Method	Broth dilution	CLSI
573.1344	Klebsiella pneumoniae KPN1505ec	imipenem	Resistant	Laboratory Method	Broth dilution	CLSI
573.13191	Klebsiella pneumoniae KPN1199ec	imipenem	Resistant	Laboratory Method	Broth dilution	CLSI
1438764.3	Klebsiella pneumoniae CHS 58	imipenem	Resistant	Laboratory Method	Broth dilution	
573.14085	Klebsiella pneumoniae KPN361ec	imipenem	Resistant	Laboratory Method	Broth dilution	CLSI
573.14385	Klebsiella pneumoniae KPN770ec	imipenem	Resistant	Laboratory Method	Broth dilution	CLSI
573.1727	Klebsiella pneumoniae strain KpVA-9	meropenem	Resistant	Laboratory Method	Disk diffusion	EUCAST
573.66409	Klebsiella pneumoniae 26994_8#146	meropenem	Resistant	Laboratory Method	MIC	
573.66402	Klebsiella pneumoniae 26994_8#162	meropenem	Resistant	Laboratory Method	MIC	
573.66493	Klebsiella pneumoniae 27261_8#121	meropenem	Resistant	Laboratory Method	MIC	
573.24258	Klebsiella pneumoniae strain 19	meropenem	Resistant	Laboratory Method	Broth dilution	CLSI
573.66439	Klebsiella pneumoniae 27261_7#30	meropenem	Resistant	Laboratory Method	MIC	
1328405.3	Klebsiella pneumoniae BIDMC 11	meropenem	Resistant	Laboratory Method	Broth dilution	
573.46844	Klebsiella pneumoniae KP-18PI	meropenem	Resistant	Laboratory Method	Broth dilution	EUCAST
573.13894	Klebsiella pneumoniae KPN2070ec	meropenem	Resistant	Laboratory Method	Broth dilution	CLSI
573.12867	Klebsiella pneumoniae 3345	meropenem	Resistant	Laboratory Method	Broth dilution	CLSI
573.13403	Klebsiella pneumoniae KPN1462ec	meropenem	Resistant	Laboratory Method	Broth dilution	CLSI
1438772.3	Klebsiella pneumoniae CHS 66	meropenem	Resistant	Laboratory Method	Broth dilution	
573.14378	Klebsiella pneumoniae KPN760ec	meropenem	Resistant	Laboratory Method	Broth dilution	CLSI
573.66228	Klebsiella pneumoniae 26968_5#82	meropenem	Resistant	Laboratory Method	MIC	
573.66186	Klebsiella pneumoniae ERR2118029	meropenem	Resistant	Laboratory Method	Broth dilution	EUCAST
573.15626	Klebsiella pneumoniae strain KSB1_1H	meropenem	Resistant	Laboratory Method	Broth dilution	CLSI
573.46848	Klebsiella pneumoniae KP-20PI	meropenem	Resistant	Laboratory Method	Broth dilution	EUCAST
573.24348	Klebsiella pneumoniae strain MUGSI_131	meropenem	Resistant	Laboratory Method	Broth dilution	CLSI
72407.579	Klebsiella pneumoniae subsp. pneumoniae strain 3189STDY5864797	meropenem	Resistant	Laboratory Method	Broth dilution	CLSI
573.67258	Klebsiella pneumoniae ERR7221249	meropenem	Resistant	Laboratory Method	Broth dilution	EUCAST
573.13937	Klebsiella pneumoniae KPN2125ec	meropenem	Resistant	Laboratory Method	Broth dilution	CLSI
573.13402	Klebsiella pneumoniae KPN1464ec	meropenem	Resistant	Laboratory Method	Broth dilution	CLSI
573.66526	Klebsiella pneumoniae 27322_4#76	meropenem	Resistant	Laboratory Method	MIC	
573.66253	Klebsiella pneumoniae 26968_6#41	meropenem	Resistant	Laboratory Method	MIC	
573.13215	Klebsiella pneumoniae KPN1230ec	meropenem	Resistant	Laboratory Method	Broth dilution	CLSI
573.5763	Klebsiella pneumoniae strain 19_GR_14	meropenem	Resistant	Laboratory Method	Broth dilution	CLSI
573.46873	Klebsiella pneumoniae KP-8PI	meropenem	Resistant	Laboratory Method	Broth dilution	EUCAST
573.13798	Klebsiella pneumoniae KPN1950ec	meropenem	Resistant	Laboratory Method	Broth dilution	CLSI
573.46833	Klebsiella pneumoniae KP-11PI	meropenem	Resistant	Laboratory Method	Broth dilution	EUCAST
573.14374	Klebsiella pneumoniae KPN755ec	meropenem	Resistant	Laboratory Method	Broth dilution	CLSI
72407.693	Klebsiella pneumoniae subsp. pneumoniae strain AUSMDU00008079	meropenem	Resistant	Laboratory Method	Broth dilution	
573.15603	Klebsiella pneumoniae strain KSB1_5D	meropenem	Resistant	Laboratory Method	Broth dilution	CLSI
573.13067	Klebsiella pneumoniae KPN1045ec	meropenem	Resistant	Laboratory Method	Broth dilution	CLSI
573.66353	Klebsiella pneumoniae 26994_7#34	meropenem	Resistant	Laboratory Method	MIC	
573.29909	Klebsiella pneumoniae strain Kpngiani7132597	meropenem	Resistant	Laboratory Method	Broth dilution	EUCAST
573.24335	Klebsiella pneumoniae strain MUGSI_117	meropenem	Resistant	Laboratory Method	Broth dilution	CLSI
573.13007	Klebsiella pneumoniae 3381	meropenem	Resistant	Laboratory Method	Broth dilution	CLSI
573.66519	Klebsiella pneumoniae 27322_4#41	meropenem	Resistant	Laboratory Method	MIC	
573.29948	Klebsiella pneumoniae strain Kpngiani7132481	meropenem	Resistant	Laboratory Method	Broth dilution	EUCAST
573.6626	Klebsiella pneumoniae 26968_6#94	meropenem	Resistant	Laboratory Method	MIC	
573.24352	Klebsiella pneumoniae strain MUGSI_140	meropenem	Resistant	Laboratory Method	Broth dilution	CLSI
573.13162	Klebsiella pneumoniae KPN1167ec	meropenem	Resistant	Laboratory Method	Broth dilution	CLSI
573.13933	Klebsiella pneumoniae KPN2116ec	meropenem	Resistant	Laboratory Method	Broth dilution	CLSI
573.66343	Klebsiella pneumoniae 26994_6#124	meropenem	Resistant	Laboratory Method	MIC	
573.6623	Klebsiella pneumoniae 26968_5#73	meropenem	Resistant	Laboratory Method	MIC	
1284799.4	Klebsiella pneumoniae DMC1316	meropenem	Resistant	Laboratory Method		
573.1425	Klebsiella pneumoniae KPN576ec	meropenem	Resistant	Laboratory Method	Broth dilution	CLSI
573.25569	Klebsiella pneumoniae strain 6_GR_12	meropenem	Resistant	Laboratory Method	Broth dilution	CLSI
573.67293	Klebsiella pneumoniae ERR7221296	meropenem	Resistant	Laboratory Method	Broth dilution	EUCAST
573.66534	Klebsiella pneumoniae 27322_4#127	meropenem	Resistant	Laboratory Method	MIC	
573.13346	Klebsiella pneumoniae KPN1401ec	meropenem	Resistant	Laboratory Method	Broth dilution	CLSI
573.24361	Klebsiella pneumoniae strain MUGSI_158	meropenem	Resistant	Laboratory Method	Broth dilution	CLSI
573.67237	Klebsiella pneumoniae ERR7221221	meropenem	Resistant	Laboratory Method	Broth dilution	EUCAST
1438732.3	Klebsiella pneumoniae CHS 26	meropenem	Resistant	Laboratory Method	Broth dilution	
573.13419	Klebsiella pneumoniae KPN1481ec	meropenem	Resistant	Laboratory Method	Broth dilution	CLSI
573.29989	Klebsiella pneumoniae strain Kpngiani7132516	meropenem	Resistant	Laboratory Method	Broth dilution	EUCAST
573.66429	Klebsiella pneumoniae 27097_7#48	meropenem	Resistant	Laboratory Method	MIC	
573.14301	Klebsiella pneumoniae KPN658ec	meropenem	Resistant	Laboratory Method	Broth dilution	CLSI
573.66264	Klebsiella pneumoniae 26968_6#113	meropenem	Resistant	Laboratory Method	MIC	
573.5779	Klebsiella pneumoniae strain 11_BR_13	meropenem	Resistant	Laboratory Method	Broth dilution	CLSI
573.67322	Klebsiella pneumoniae ERR7221332	meropenem	Resistant	Laboratory Method	Broth dilution	EUCAST
573.46835	Klebsiella pneumoniae KP-134LU	meropenem	Resistant	Laboratory Method	Broth dilution	EUCAST
573.67249	Klebsiella pneumoniae ERR7221227	meropenem	Resistant	Laboratory Method	Broth dilution	EUCAST
573.46871	Klebsiella pneumoniae KP-83LU	meropenem	Resistant	Laboratory Method	Broth dilution	EUCAST
573.29934	Klebsiella pneumoniae strain Kpngiani7132623	meropenem	Resistant	Laboratory Method	Broth dilution	EUCAST
573.66222	Klebsiella pneumoniae 26968_5#42	meropenem	Resistant	Laboratory Method	MIC	
573.66503	Klebsiella pneumoniae 27261_8#170	meropenem	Resistant	Laboratory Method	MIC	
573.13399	Klebsiella pneumoniae KPN145ec	meropenem	Resistant	Laboratory Method	Broth dilution	CLSI
573.20065	Klebsiella pneumoniae strain AR_0046	meropenem	Resistant	Laboratory Method	Broth dilution	CLSI
573.24412	Klebsiella pneumoniae strain MUGSI_43	imipenem	Resistant	Laboratory Method	Broth dilution	CLSI
573.6637	Klebsiella pneumoniae 26994_7#119	meropenem	Resistant	Laboratory Method	MIC	
573.24245	Klebsiella pneumoniae strain 104	meropenem	Resistant	Laboratory Method	Disk diffusion	CLSI
573.6636	Klebsiella pneumoniae 26994_7#78	meropenem	Resistant	Laboratory Method	MIC	
573.46836	Klebsiella pneumoniae KP-12PI	meropenem	Resistant	Laboratory Method	Broth dilution	EUCAST
573.13153	Klebsiella pneumoniae KPN1155ec	meropenem	Resistant	Laboratory Method	Broth dilution	CLSI
573.66366	Klebsiella pneumoniae 26994_7#92	meropenem	Resistant	Laboratory Method	MIC	
573.1355	Klebsiella pneumoniae KPN163ec	meropenem	Resistant	Laboratory Method	Broth dilution	CLSI
573.66513	Klebsiella pneumoniae 27322_4#63	meropenem	Resistant	Laboratory Method	MIC	
573.24277	Klebsiella pneumoniae strain 3	meropenem	Resistant	Laboratory Method	Broth dilution	CLSI
573.66397	Klebsiella pneumoniae 26994_8#116	meropenem	Resistant	Laboratory Method	MIC	
573.67188	Klebsiella pneumoniae ERR7221159	meropenem	Resistant	Laboratory Method	Broth dilution	EUCAST
573.13037	Klebsiella pneumoniae KPN1010ec	meropenem	Resistant	Laboratory Method	Broth dilution	CLSI
573.7026	Klebsiella pneumoniae strain AR_0039	meropenem	Resistant	Laboratory Method	Broth dilution	CLSI
573.13585	Klebsiella pneumoniae KPN1680ec	meropenem	Resistant	Laboratory Method	Broth dilution	CLSI
1438770.3	Klebsiella pneumoniae CHS 64	meropenem	Resistant	Laboratory Method	Broth dilution	
573.46858	Klebsiella pneumoniae KP-2LU	meropenem	Resistant	Laboratory Method	Broth dilution	EUCAST
573.46843	Klebsiella pneumoniae KP-17PI	meropenem	Resistant	Laboratory Method	Broth dilution	EUCAST
573.14058	Klebsiella pneumoniae KPN324ec	meropenem	Resistant	Laboratory Method	Broth dilution	CLSI
573.14456	Klebsiella pneumoniae KPN874ec	meropenem	Resistant	Laboratory Method	Broth dilution	CLSI
573.13655	Klebsiella pneumoniae KPN1759ec	meropenem	Resistant	Laboratory Method	Broth dilution	CLSI
573.29971	Klebsiella pneumoniae strain Kpngiani7132494	meropenem	Resistant	Laboratory Method	Broth dilution	EUCAST
573.24346	Klebsiella pneumoniae strain MUGSI_129	meropenem	Resistant	Laboratory Method	Broth dilution	CLSI
573.663	Klebsiella pneumoniae 26975_5#33	meropenem	Resistant	Laboratory Method	MIC	
1284810.3	Klebsiella pneumoniae UHKPC09	meropenem	Resistant	Laboratory Method		
573.66473	Klebsiella pneumoniae 27261_8#42	meropenem	Resistant	Laboratory Method	MIC	
573.665	Klebsiella pneumoniae 27261_8#159	meropenem	Resistant	Laboratory Method	MIC	
573.173	Klebsiella pneumoniae strain KpVA-12	meropenem	Resistant	Laboratory Method	Disk diffusion	EUCAST
1304923.3	Klebsiella pneumoniae 540_1460	meropenem	Resistant	Laboratory Method		
573.66324	Klebsiella pneumoniae 26994_6#78	meropenem	Resistant	Laboratory Method	MIC	
573.13208	Klebsiella pneumoniae KPN1218ec	meropenem	Resistant	Laboratory Method	Broth dilution	CLSI
573.14284	Klebsiella pneumoniae KPN617ec	meropenem	Resistant	Laboratory Method	Broth dilution	CLSI
573.66309	Klebsiella pneumoniae 26975_5#141	meropenem	Resistant	Laboratory Method	MIC	
573.66395	Klebsiella pneumoniae 26994_8#52	meropenem	Resistant	Laboratory Method	MIC	
573.1311	Klebsiella pneumoniae KPN1106ec	meropenem	Resistant	Laboratory Method	Broth dilution	CLSI
573.13392	Klebsiella pneumoniae KPN1450ec	meropenem	Resistant	Laboratory Method	Broth dilution	CLSI
573.46834	Klebsiella pneumoniae KP-122LU	meropenem	Resistant	Laboratory Method	Broth dilution	EUCAST
573.13617	Klebsiella pneumoniae KPN1714ec	meropenem	Resistant	Laboratory Method	Broth dilution	CLSI
573.66548	Klebsiella pneumoniae 29105_1#368	meropenem	Resistant	Laboratory Method	MIC	
1438742.3	Klebsiella pneumoniae CHS 36	meropenem	Resistant	Laboratory Method	Broth dilution	
573.24414	Klebsiella pneumoniae strain MUGSI_46	meropenem	Resistant	Laboratory Method	Broth dilution	CLSI
573.13491	Klebsiella pneumoniae KPN1562ec	meropenem	Resistant	Laboratory Method	Broth dilution	CLSI
573.23222	Klebsiella pneumoniae strain KP_040	meropenem	Resistant	Laboratory Method	Disk diffusion	CLSI
573.46863	Klebsiella pneumoniae KP-39LI	meropenem	Resistant	Laboratory Method	Broth dilution	EUCAST
1328399.3	Klebsiella pneumoniae BIDMC 2A	meropenem	Resistant	Laboratory Method	Broth dilution	
573.13073	Klebsiella pneumoniae KPN1055ec	meropenem	Resistant	Laboratory Method	Broth dilution	CLSI
573.66398	Klebsiella pneumoniae 26994_8#123	meropenem	Resistant	Laboratory Method	MIC	
573.66256	Klebsiella pneumoniae 26968_6#43	meropenem	Resistant	Laboratory Method	MIC	
573.66126	Klebsiella pneumoniae ERR1829922	meropenem	Resistant	Laboratory Method	Broth dilution	EUCAST
573.66539	Klebsiella pneumoniae 29105_1#88	meropenem	Resistant	Laboratory Method	MIC	
573.30011	Klebsiella pneumoniae strain Kpngiani7132531	meropenem	Resistant	Laboratory Method	Broth dilution	EUCAST
573.13461	Klebsiella pneumoniae KPN1530ec	meropenem	Resistant	Laboratory Method	Broth dilution	CLSI
573.136	Klebsiella pneumoniae KPN1697ec	meropenem	Resistant	Laboratory Method	Broth dilution	CLSI
573.46876	Klebsiella pneumoniae KP-93LU	meropenem	Resistant	Laboratory Method	Broth dilution	EUCAST
573.66263	Klebsiella pneumoniae 26968_6#116	meropenem	Resistant	Laboratory Method	MIC	
573.46874	Klebsiella pneumoniae KP-8POA	meropenem	Resistant	Laboratory Method	Broth dilution	EUCAST
573.29987	Klebsiella pneumoniae strain Kpngiani7132521	meropenem	Resistant	Laboratory Method	Broth dilution	EUCAST
573.13751	Klebsiella pneumoniae KPN188ec	meropenem	Resistant	Laboratory Method	Broth dilution	CLSI
573.14513	Klebsiella pneumoniae KPN945ec	meropenem	Resistant	Laboratory Method	Broth dilution	CLSI
573.67289	Klebsiella pneumoniae ERR7221289	meropenem	Resistant	Laboratory Method	Broth dilution	EUCAST
573.46841	Klebsiella pneumoniae KP-15PI	meropenem	Resistant	Laboratory Method	Broth dilution	EUCAST
573.13398	Klebsiella pneumoniae KPN1458ec	meropenem	Resistant	Laboratory Method	Broth dilution	CLSI
573.66345	Klebsiella pneumoniae 26994_6#179	meropenem	Resistant	Laboratory Method	MIC	
573.66282	Klebsiella pneumoniae 26975_5#18	meropenem	Resistant	Laboratory Method	MIC	
573.14438	Klebsiella pneumoniae KPN844ec	meropenem	Resistant	Laboratory Method	Broth dilution	CLSI
573.66321	Klebsiella pneumoniae 26994_6#67	meropenem	Resistant	Laboratory Method	MIC	
573.66257	Klebsiella pneumoniae 26968_6#88	meropenem	Resistant	Laboratory Method	MIC	
573.67251	Klebsiella pneumoniae ERR7221241	meropenem	Resistant	Laboratory Method	Broth dilution	EUCAST
573.13448	Klebsiella pneumoniae KPN1515ec	imipenem	Resistant	Laboratory Method	Broth dilution	CLSI
573.1453	Klebsiella pneumoniae KPN966ec	imipenem	Resistant	Laboratory Method	Broth dilution	CLSI
573.1343	Klebsiella pneumoniae KPN1493ec	imipenem	Resistant	Laboratory Method	Broth dilution	CLSI
573.24327	Klebsiella pneumoniae strain MUGSI_103	imipenem	Resistant	Laboratory Method	Broth dilution	CLSI
573.29937	Klebsiella pneumoniae strain Kpngiani7132489	imipenem	Resistant	Laboratory Method	Broth dilution	EUCAST
573.13931	Klebsiella pneumoniae KPN2114ec	imipenem	Resistant	Laboratory Method	Broth dilution	CLSI
573.14296	Klebsiella pneumoniae KPN636ec	imipenem	Resistant	Laboratory Method	Broth dilution	CLSI
573.24418	Klebsiella pneumoniae strain MUGSI_51	imipenem	Resistant	Laboratory Method	Broth dilution	CLSI
573.15462	Klebsiella pneumoniae strain 10315_6#51	imipenem	Resistant	Laboratory Method	Disk diffusion	CLSI
573.29882	Klebsiella pneumoniae strain Kpngiani7132587	imipenem	Resistant	Laboratory Method	Broth dilution	EUCAST
1438773.3	Klebsiella pneumoniae CHS 67	imipenem	Resistant	Laboratory Method	Broth dilution	
573.24252	Klebsiella pneumoniae strain 16	imipenem	Resistant	Laboratory Method	Broth dilution	CLSI
573.2006	Klebsiella pneumoniae strain AR_0135	imipenem	Resistant	Laboratory Method	Broth dilution	CLSI
573.29907	Klebsiella pneumoniae strain Kpngiani7132599	imipenem	Resistant	Laboratory Method	Broth dilution	EUCAST
573.24314	Klebsiella pneumoniae strain 66	imipenem	Resistant	Laboratory Method	Disk diffusion	CLSI
1304921.4	Klebsiella pneumoniae 440_1540	imipenem	Resistant	Laboratory Method		
573.13855	Klebsiella pneumoniae KPN2027ec	imipenem	Resistant	Laboratory Method	Broth dilution	CLSI
573.13773	Klebsiella pneumoniae KPN191ec	imipenem	Resistant	Laboratory Method	Broth dilution	CLSI
573.13512	Klebsiella pneumoniae KPN1587ec	imipenem	Resistant	Laboratory Method	Broth dilution	CLSI
573.14153	Klebsiella pneumoniae KPN435ec	imipenem	Resistant	Laboratory Method	Broth dilution	CLSI
1284831.3	Klebsiella pneumoniae VAKPC297	meropenem	Resistant	Laboratory Method		
573.2021	Klebsiella pneumoniae strain 143500550	meropenem	Resistant	Laboratory Method		EUCAST
573.2013	Klebsiella pneumoniae strain 143500540	meropenem	Resistant	Laboratory Method		EUCAST
573.2001	Klebsiella pneumoniae strain 143500541	meropenem	Resistant	Laboratory Method		EUCAST
573.2027	Klebsiella pneumoniae strain 143500542	meropenem	Resistant	Laboratory Method		EUCAST
573.2029	Klebsiella pneumoniae strain 143500543	meropenem	Resistant	Laboratory Method		EUCAST
573.2017	Klebsiella pneumoniae strain 143500545	meropenem	Resistant	Laboratory Method		EUCAST
573.202	Klebsiella pneumoniae strain 143500546	meropenem	Resistant	Laboratory Method		EUCAST
573.201	Klebsiella pneumoniae strain 143500548	meropenem	Resistant	Laboratory Method		EUCAST
573.2003	Klebsiella pneumoniae strain 143500549	meropenem	Resistant	Laboratory Method		EUCAST
573.2005	Klebsiella pneumoniae strain 143500552	meropenem	Resistant	Laboratory Method		EUCAST
573.13872	Klebsiella pneumoniae KPN2046ec	imipenem	Resistant	Laboratory Method	Broth dilution	CLSI
573.2018	Klebsiella pneumoniae strain 143500555	meropenem	Resistant	Laboratory Method		EUCAST
573.5765	Klebsiella pneumoniae strain 22_GR_12	imipenem	Resistant	Laboratory Method	Broth dilution	CLSI
573.67417	Klebsiella pneumoniae MGL_152	imipenem	Resistant	Laboratory Method	Disk diffusion	CLSI, EUCAST
573.30007	Klebsiella pneumoniae strain Kpngiani7132533	imipenem	Resistant	Laboratory Method	Broth dilution	EUCAST
573.1433	Klebsiella pneumoniae KPN702ec	imipenem	Resistant	Laboratory Method	Broth dilution	CLSI
573.13793	Klebsiella pneumoniae KPN1946ec	imipenem	Resistant	Laboratory Method	Broth dilution	CLSI
573.14118	Klebsiella pneumoniae KPN396ec	imipenem	Resistant	Laboratory Method	Broth dilution	CLSI
573.1385	Klebsiella pneumoniae KPN2020ec	imipenem	Resistant	Laboratory Method	Broth dilution	CLSI
573.14256	Klebsiella pneumoniae KPN582ec	imipenem	Resistant	Laboratory Method	Broth dilution	CLSI
573.14446	Klebsiella pneumoniae KPN858ec	imipenem	Resistant	Laboratory Method	Broth dilution	CLSI
573.62706	Klebsiella pneumoniae MGL_K_14	imipenem	Resistant	Laboratory Method	Disk diffusion	
573.13746	Klebsiella pneumoniae KPN1882ec	imipenem	Resistant	Laboratory Method	Broth dilution	CLSI
573.5778	Klebsiella pneumoniae strain 20_GR_12	imipenem	Resistant	Laboratory Method	Broth dilution	CLSI
1438737.3	Klebsiella pneumoniae CHS 31	imipenem	Resistant	Laboratory Method	Broth dilution	
573.29921	Klebsiella pneumoniae strain Kpngiani7132633	imipenem	Resistant	Laboratory Method	Broth dilution	EUCAST
573.13247	Klebsiella pneumoniae KPN1269ec	imipenem	Resistant	Laboratory Method	Broth dilution	CLSI
573.62702	Klebsiella pneumoniae 20200622_MGL_68	imipenem	Resistant	Laboratory Method	Disk diffusion	
573.13693	Klebsiella pneumoniae KPN1828ec	imipenem	Resistant	Laboratory Method	Broth dilution	CLSI
573.29947	Klebsiella pneumoniae strain Kpngiani7132496	imipenem	Resistant	Laboratory Method	Broth dilution	EUCAST
573.18541	Klebsiella pneumoniae strain TVGHCRE225	imipenem	Resistant	Laboratory Method	Broth dilution	CLSI
573.13205	Klebsiella pneumoniae KPN1215ec	imipenem	Resistant	Laboratory Method	Broth dilution	CLSI
573.13978	Klebsiella pneumoniae KPN233ec	imipenem	Resistant	Laboratory Method	Broth dilution	CLSI
573.14033	Klebsiella pneumoniae KPN297ec	imipenem	Resistant	Laboratory Method	Broth dilution	CLSI
573.29892	Klebsiella pneumoniae strain Kpngiani7132578	imipenem	Resistant	Laboratory Method	Broth dilution	EUCAST
573.13799	Klebsiella pneumoniae KPN1951ec	imipenem	Resistant	Laboratory Method	Broth dilution	CLSI
573.29887	Klebsiella pneumoniae strain Kpngiani7132577	imipenem	Resistant	Laboratory Method	Broth dilution	EUCAST
1438722.3	Klebsiella pneumoniae CHS 16	imipenem	Resistant	Laboratory Method	Broth dilution	
1438727.3	Klebsiella pneumoniae CHS 21	imipenem	Resistant	Laboratory Method	Broth dilution	
573.13661	Klebsiella pneumoniae KPN1767ec	imipenem	Resistant	Laboratory Method	Broth dilution	CLSI
573.24431	Klebsiella pneumoniae strain MUGSI_69	imipenem	Resistant	Laboratory Method	Broth dilution	CLSI
1438729.3	Klebsiella pneumoniae CHS 23	imipenem	Resistant	Laboratory Method	Broth dilution	
573.14368	Klebsiella pneumoniae KPN748ec	imipenem	Resistant	Laboratory Method	Broth dilution	CLSI
1438718.3	Klebsiella pneumoniae CHS 12	imipenem	Resistant	Laboratory Method	Broth dilution	
1284820.3	Klebsiella pneumoniae UHKPC22	imipenem	Resistant	Laboratory Method		
573.9724	Klebsiella pneumoniae strain AR_0098	imipenem	Resistant	Laboratory Method	Broth dilution	CLSI
1438733.3	Klebsiella pneumoniae CHS 27	imipenem	Resistant	Laboratory Method	Broth dilution	
1438753.3	Klebsiella pneumoniae CHS 47	imipenem	Resistant	Laboratory Method	Broth dilution	
1438776.3	Klebsiella pneumoniae CHS 72	imipenem	Resistant	Laboratory Method	Broth dilution	
1438762.3	Klebsiella pneumoniae CHS 56	imipenem	Resistant	Laboratory Method	Broth dilution	
573.24379	Klebsiella pneumoniae strain MUGSI_22	imipenem	Resistant	Laboratory Method	Broth dilution	CLSI
573.13707	Klebsiella pneumoniae KPN1844ec	imipenem	Resistant	Laboratory Method	Broth dilution	CLSI
573.14114	Klebsiella pneumoniae KPN392ec	imipenem	Resistant	Laboratory Method	Broth dilution	CLSI
573.29893	Klebsiella pneumoniae strain Kpngiani7132586	imipenem	Resistant	Laboratory Method	Broth dilution	EUCAST
573.13237	Klebsiella pneumoniae KPN1259ec	imipenem	Resistant	Laboratory Method	Broth dilution	CLSI
573.62726	Klebsiella pneumoniae MGL_57	imipenem	Resistant	Laboratory Method	Disk diffusion	
573.24438	Klebsiella pneumoniae strain MUGSI_79	imipenem	Resistant	Laboratory Method	Broth dilution	CLSI
573.24427	Klebsiella pneumoniae strain MUGSI_65	imipenem	Resistant	Laboratory Method	Broth dilution	CLSI
573.14292	Klebsiella pneumoniae KPN629ec	imipenem	Resistant	Laboratory Method	Broth dilution	CLSI
573.2002	Klebsiella pneumoniae strain 143500538	meropenem	Resistant	Laboratory Method		EUCAST
573.2009	Klebsiella pneumoniae strain 143500537	meropenem	Resistant	Laboratory Method		EUCAST
573.2023	Klebsiella pneumoniae strain 143500536	meropenem	Resistant	Laboratory Method		EUCAST
573.66349	Klebsiella pneumoniae 26994_7#37	meropenem	Resistant	Laboratory Method	MIC	
573.26081	Klebsiella pneumoniae strain 5012STDY7312716	meropenem	Resistant	Laboratory Method	Broth dilution	
1438731.3	Klebsiella pneumoniae CHS 25	meropenem	Resistant	Laboratory Method	Broth dilution	
573.46869	Klebsiella pneumoniae KP-7PI	meropenem	Resistant	Laboratory Method	Broth dilution	EUCAST
573.13593	Klebsiella pneumoniae KPN1690ec	meropenem	Resistant	Laboratory Method	Broth dilution	CLSI
573.66418	Klebsiella pneumoniae 26994_8#178	meropenem	Resistant	Laboratory Method	MIC	
72407.549	Klebsiella pneumoniae subsp. pneumoniae strain 3189STDY5864874	meropenem	Resistant	Laboratory Method	Broth dilution	CLSI
573.5624	Klebsiella pneumoniae strain 23_GR_12	meropenem	Resistant	Laboratory Method	Broth dilution	CLSI
573.13322	Klebsiella pneumoniae KPN1364ec	meropenem	Resistant	Laboratory Method	Broth dilution	CLSI
573.66127	Klebsiella pneumoniae ERR1829913	meropenem	Resistant	Laboratory Method	Broth dilution	EUCAST
573.24403	Klebsiella pneumoniae strain MUGSI_33	meropenem	Resistant	Laboratory Method	Broth dilution	CLSI
573.13355	Klebsiella pneumoniae KPN1411ec	meropenem	Resistant	Laboratory Method	Broth dilution	CLSI
1438712.3	Klebsiella pneumoniae CHS 06	meropenem	Resistant	Laboratory Method	Broth dilution	
573.29865	Klebsiella pneumoniae strain Kpngiani7132559	meropenem	Resistant	Laboratory Method	Broth dilution	EUCAST
573.67248	Klebsiella pneumoniae ERR7221230	meropenem	Resistant	Laboratory Method	Broth dilution	EUCAST
573.66278	Klebsiella pneumoniae 26975_4#43	meropenem	Resistant	Laboratory Method	MIC	
1438726.3	Klebsiella pneumoniae CHS 20	meropenem	Resistant	Laboratory Method	Broth dilution	
573.13836	Klebsiella pneumoniae KPN2006ec	meropenem	Resistant	Laboratory Method	Broth dilution	CLSI
573.66379	Klebsiella pneumoniae 26994_7#157	meropenem	Resistant	Laboratory Method	MIC	
573.24311	Klebsiella pneumoniae strain 523	meropenem	Resistant	Laboratory Method	Broth dilution	CLSI
573.66497	Klebsiella pneumoniae 27261_8#145	meropenem	Resistant	Laboratory Method	MIC	
573.66406	Klebsiella pneumoniae 26994_8#145	meropenem	Resistant	Laboratory Method	MIC	
573.33406	Klebsiella pneumoniae strain PMK21d	meropenem	Resistant	Laboratory Method	Broth dilution	EUCAST
573.24419	Klebsiella pneumoniae strain MUGSI_52	meropenem	Resistant	Laboratory Method	Broth dilution	CLSI
573.24343	Klebsiella pneumoniae strain MUGSI_126	meropenem	Resistant	Laboratory Method	Broth dilution	CLSI
573.66438	Klebsiella pneumoniae 27261_7#8	meropenem	Resistant	Laboratory Method	MIC	
573.3108	Klebsiella pneumoniae strain WU21	meropenem	Resistant	Laboratory Method	Disk diffusion	CLSI
573.13176	Klebsiella pneumoniae KPN1184ec	meropenem	Resistant	Laboratory Method	Broth dilution	CLSI
1284787.3	Klebsiella pneumoniae UHKPC40	meropenem	Resistant	Laboratory Method		
72407.2895	Klebsiella pneumoniae subsp. pneumoniae MRSN752035	meropenem	Resistant	Laboratory Method		
573.67189	Klebsiella pneumoniae ERR7221156	meropenem	Resistant	Laboratory Method	Broth dilution	EUCAST
573.23221	Klebsiella pneumoniae strain KP_044	meropenem	Resistant	Laboratory Method	Disk diffusion	CLSI
573.66433	Klebsiella pneumoniae 27097_7#76	meropenem	Resistant	Laboratory Method	MIC	
573.7033	Klebsiella pneumoniae strain AR_0044	meropenem	Resistant	Laboratory Method	Broth dilution	CLSI
573.66533	Klebsiella pneumoniae 27322_4#115	meropenem	Resistant	Laboratory Method	MIC	
573.2004	Klebsiella pneumoniae strain 143500535	meropenem	Resistant	Laboratory Method		EUCAST
573.1996	Klebsiella pneumoniae strain 143500514	meropenem	Resistant	Laboratory Method		EUCAST
573.66501	Klebsiella pneumoniae 27261_8#163	meropenem	Resistant	Laboratory Method	MIC	
573.66447	Klebsiella pneumoniae 27261_7#93	meropenem	Resistant	Laboratory Method	MIC	
573.1999	Klebsiella pneumoniae strain 143500500	meropenem	Resistant	Laboratory Method		EUCAST
573.1998	Klebsiella pneumoniae strain 143500505	meropenem	Resistant	Laboratory Method		EUCAST
573.2012	Klebsiella pneumoniae strain 143500506	meropenem	Resistant	Laboratory Method		EUCAST
573.2015	Klebsiella pneumoniae strain 143500509	meropenem	Resistant	Laboratory Method		EUCAST
573.2028	Klebsiella pneumoniae strain 143500510	meropenem	Resistant	Laboratory Method		EUCAST
573.2	Klebsiella pneumoniae strain 143500512	meropenem	Resistant	Laboratory Method		EUCAST
573.2022	Klebsiella pneumoniae strain 143500517	meropenem	Resistant	Laboratory Method		EUCAST
573.2019	Klebsiella pneumoniae strain 143500519	meropenem	Resistant	Laboratory Method		EUCAST
573.2024	Klebsiella pneumoniae strain 143500523	meropenem	Resistant	Laboratory Method		EUCAST
573.2025	Klebsiella pneumoniae strain 143500525	meropenem	Resistant	Laboratory Method		EUCAST
573.2008	Klebsiella pneumoniae strain 143500528	meropenem	Resistant	Laboratory Method		EUCAST
573.2007	Klebsiella pneumoniae strain 143500529	meropenem	Resistant	Laboratory Method		EUCAST
573.2011	Klebsiella pneumoniae strain 143500531	meropenem	Resistant	Laboratory Method		EUCAST
573.2026	Klebsiella pneumoniae strain 143500532	meropenem	Resistant	Laboratory Method		EUCAST
573.2016	Klebsiella pneumoniae strain 143500534	meropenem	Resistant	Laboratory Method		EUCAST
573.66544	Klebsiella pneumoniae 27261_8#93	meropenem	Resistant	Laboratory Method	MIC	
1438768.3	Klebsiella pneumoniae CHS 62	meropenem	Resistant	Laboratory Method	Broth dilution	
573.24355	Klebsiella pneumoniae strain MUGSI_143	meropenem	Resistant	Laboratory Method	Broth dilution	CLSI
573.66224	Klebsiella pneumoniae 26968_5#109	meropenem	Resistant	Laboratory Method	MIC	
573.46865	Klebsiella pneumoniae KP-43LI	meropenem	Resistant	Laboratory Method	Broth dilution	EUCAST
573.1392	Klebsiella pneumoniae KPN209ec	meropenem	Resistant	Laboratory Method	Broth dilution	CLSI
573.29874	Klebsiella pneumoniae strain Kpngiani7132569	meropenem	Resistant	Laboratory Method	Broth dilution	EUCAST
573.66244	Klebsiella pneumoniae 26968_6#2	meropenem	Resistant	Laboratory Method	MIC	
573.46071	Klebsiella pneumoniae KSB2_8B	meropenem	Resistant	Laboratory Method	Broth dilution	CLSI
72407.531	Klebsiella pneumoniae subsp. pneumoniae strain 3189STDY5864862	meropenem	Resistant	Laboratory Method	Broth dilution	CLSI
573.66297	Klebsiella pneumoniae 26975_5#32	meropenem	Resistant	Laboratory Method	MIC	
573.66288	Klebsiella pneumoniae 26975_5#11	meropenem	Resistant	Laboratory Method	MIC	
573.46847	Klebsiella pneumoniae KP-20LU	meropenem	Resistant	Laboratory Method	Broth dilution	EUCAST
573.46832	Klebsiella pneumoniae KP-10PI	meropenem	Resistant	Laboratory Method	Broth dilution	EUCAST
573.66259	Klebsiella pneumoniae 26968_6#90	meropenem	Resistant	Laboratory Method	MIC	
1284790.3	Klebsiella pneumoniae UHKPC05	meropenem	Resistant	Laboratory Method		
1438744.3	Klebsiella pneumoniae CHS 38	meropenem	Resistant	Laboratory Method	Broth dilution	
573.13444	Klebsiella pneumoniae KPN1511ec	imipenem	Resistant	Laboratory Method	Broth dilution	CLSI
573.24395	Klebsiella pneumoniae strain MUGSI_311	imipenem	Resistant	Laboratory Method	Broth dilution	CLSI
1284823.3	Klebsiella pneumoniae UHKPC04	imipenem	Resistant	Laboratory Method		
1438741.3	Klebsiella pneumoniae CHS 35	imipenem	Resistant	Laboratory Method	Broth dilution	
573.3	Klebsiella pneumoniae strain Kpngiani7132542	imipenem	Resistant	Laboratory Method	Broth dilution	EUCAST
573.29901	Klebsiella pneumoniae strain Kpngiani7132605	imipenem	Resistant	Laboratory Method	Broth dilution	EUCAST
573.14276	Klebsiella pneumoniae KPN609ec	imipenem	Resistant	Laboratory Method	Broth dilution	CLSI
573.24315	Klebsiella pneumoniae strain 8	imipenem	Resistant	Laboratory Method	Broth dilution	CLSI
573.13784	Klebsiella pneumoniae KPN1932ec	imipenem	Resistant	Laboratory Method	Broth dilution	CLSI
573.24444	Klebsiella pneumoniae strain MUGSI_85	imipenem	Resistant	Laboratory Method	Broth dilution	CLSI
573.29979	Klebsiella pneumoniae strain Kpngiani7132525	imipenem	Resistant	Laboratory Method	Broth dilution	EUCAST
573.2432	Klebsiella pneumoniae strain MRSN12232	imipenem	Resistant	Laboratory Method	Broth dilution	CLSI
573.2436	Klebsiella pneumoniae strain MUGSI_157	imipenem	Resistant	Laboratory Method	Broth dilution	CLSI
573.1733	Klebsiella pneumoniae strain KpVA-15	imipenem	Resistant	Laboratory Method	Disk diffusion	EUCAST
573.24256	Klebsiella pneumoniae strain 18	imipenem	Resistant	Laboratory Method	Broth dilution	CLSI
573.14163	Klebsiella pneumoniae KPN447ec	imipenem	Resistant	Laboratory Method	Broth dilution	CLSI
573.13812	Klebsiella pneumoniae KPN1976ec	imipenem	Resistant	Laboratory Method	Broth dilution	CLSI
573.29927	Klebsiella pneumoniae strain Kpngiani7132617	imipenem	Resistant	Laboratory Method	Broth dilution	EUCAST
573.13095	Klebsiella pneumoniae KPN1087ec	imipenem	Resistant	Laboratory Method	Broth dilution	CLSI
573.13887	Klebsiella pneumoniae KPN2063ec	imipenem	Resistant	Laboratory Method	Broth dilution	CLSI
573.24332	Klebsiella pneumoniae strain MUGSI_114	imipenem	Resistant	Laboratory Method	Broth dilution	CLSI
573.23204	Klebsiella pneumoniae strain KP_346	imipenem	Resistant	Laboratory Method	Disk diffusion	CLSI
573.13238	Klebsiella pneumoniae KPN125ec	imipenem	Resistant	Laboratory Method	Broth dilution	CLSI
1284825.3	Klebsiella pneumoniae VAKPC254	imipenem	Resistant	Laboratory Method		
573.24274	Klebsiella pneumoniae strain 28	imipenem	Resistant	Laboratory Method	Broth dilution	CLSI
573.13548	Klebsiella pneumoniae KPN1635ec	imipenem	Resistant	Laboratory Method	Broth dilution	CLSI
573.1393	Klebsiella pneumoniae KPN2113ec	imipenem	Resistant	Laboratory Method	Broth dilution	CLSI
1284791.4	Klebsiella pneumoniae UHKPC47	imipenem	Resistant	Laboratory Method		
1438715.3	Klebsiella pneumoniae CHS 09	imipenem	Resistant	Laboratory Method	Broth dilution	
573.1347	Klebsiella pneumoniae KPN1540ec	imipenem	Resistant	Laboratory Method	Broth dilution	CLSI
573.30002	Klebsiella pneumoniae strain Kpngiani7132532	imipenem	Resistant	Laboratory Method	Broth dilution	EUCAST
573.9723	Klebsiella pneumoniae strain AR_0115	imipenem	Resistant	Laboratory Method	Broth dilution	CLSI
573.299	Klebsiella pneumoniae strain Kpngiani7132610	imipenem	Resistant	Laboratory Method	Broth dilution	EUCAST
573.13397	Klebsiella pneumoniae KPN1456ec	imipenem	Resistant	Laboratory Method	Broth dilution	CLSI
573.13109	Klebsiella pneumoniae KPN1105ec	imipenem	Resistant	Laboratory Method	Broth dilution	CLSI
573.24247	Klebsiella pneumoniae strain 12	imipenem	Resistant	Laboratory Method	Broth dilution	CLSI
573.14231	Klebsiella pneumoniae KPN553ec	imipenem	Resistant	Laboratory Method	Broth dilution	CLSI
573.18087	Klebsiella pneumoniae strain AR438	imipenem	Resistant	Laboratory Method	Broth dilution	CLSI
573.23228	Klebsiella pneumoniae strain KP_343	imipenem	Resistant	Laboratory Method	Disk diffusion	CLSI
1438714.3	Klebsiella pneumoniae CHS 08	imipenem	Resistant	Laboratory Method	Broth dilution	
573.1324	Klebsiella pneumoniae KPN1261ec	imipenem	Resistant	Laboratory Method	Broth dilution	CLSI
573.13676	Klebsiella pneumoniae KPN1783ec	imipenem	Resistant	Laboratory Method	Broth dilution	CLSI
573.13956	Klebsiella pneumoniae KPN2167ec	imipenem	Resistant	Laboratory Method	Broth dilution	CLSI
573.627	Klebsiella pneumoniae 20200622_MGL_70	imipenem	Resistant	Laboratory Method	Disk diffusion	
573.13523	Klebsiella pneumoniae KPN159ec	imipenem	Resistant	Laboratory Method	Broth dilution	CLSI
573.13362	Klebsiella pneumoniae KPN1420ec	imipenem	Resistant	Laboratory Method	Broth dilution	CLSI
573.13552	Klebsiella pneumoniae KPN1643ec	imipenem	Resistant	Laboratory Method	Broth dilution	CLSI
573.13303	Klebsiella pneumoniae KPN1342ec	imipenem	Resistant	Laboratory Method	Broth dilution	CLSI
573.62703	Klebsiella pneumoniae 20200622_MGL_63	imipenem	Resistant	Laboratory Method	Disk diffusion	
573.13434	Klebsiella pneumoniae KPN1497ec	imipenem	Resistant	Laboratory Method	Broth dilution	CLSI
573.1339	Klebsiella pneumoniae KPN1449ec	imipenem	Resistant	Laboratory Method	Broth dilution	CLSI
573.6273	Klebsiella pneumoniae MGL_K_1	imipenem	Resistant	Laboratory Method	Disk diffusion	
573.15441	Klebsiella pneumoniae strain 10315_6#20	imipenem	Resistant	Laboratory Method	Disk diffusion	CLSI
573.29962	Klebsiella pneumoniae strain Kpngiani7132499	imipenem	Resistant	Laboratory Method	Broth dilution	EUCAST
573.24413	Klebsiella pneumoniae strain MUGSI_45	imipenem	Resistant	Laboratory Method	Broth dilution	CLSI
573.24393	Klebsiella pneumoniae strain MUGSI_31	imipenem	Resistant	Laboratory Method	Broth dilution	CLSI
573.29958	Klebsiella pneumoniae strain Kpngiani7132624	imipenem	Resistant	Laboratory Method	Broth dilution	EUCAST
573.13233	Klebsiella pneumoniae KPN1254ec	imipenem	Resistant	Laboratory Method	Broth dilution	CLSI
573.5638	Klebsiella pneumoniae strain 12_BR_13	imipenem	Resistant	Laboratory Method	Broth dilution	CLSI
573.134	Klebsiella pneumoniae KPN1460ec	imipenem	Resistant	Laboratory Method	Broth dilution	CLSI
573.14497	Klebsiella pneumoniae KPN925ec	imipenem	Resistant	Laboratory Method	Broth dilution	CLSI
573.13578	Klebsiella pneumoniae KPN1674ec	imipenem	Resistant	Laboratory Method	Broth dilution	CLSI
573.14263	Klebsiella pneumoniae KPN591ec	imipenem	Resistant	Laboratory Method	Broth dilution	CLSI
573.29884	Klebsiella pneumoniae strain Kpngiani7132590	imipenem	Resistant	Laboratory Method	Broth dilution	EUCAST
573.13913	Klebsiella pneumoniae KPN2090ec	imipenem	Resistant	Laboratory Method	Broth dilution	CLSI
573.24407	Klebsiella pneumoniae strain MUGSI_38	imipenem	Resistant	Laboratory Method	Broth dilution	CLSI
573.23211	Klebsiella pneumoniae strain KP_160	imipenem	Resistant	Laboratory Method	Disk diffusion	CLSI
573.172	Klebsiella pneumoniae strain KpVA-2	imipenem	Resistant	Laboratory Method	Disk diffusion	EUCAST
573.12864	Klebsiella pneumoniae 3376	imipenem	Resistant	Laboratory Method	Broth dilution	CLSI
573.13991	Klebsiella pneumoniae KPN250ec	imipenem	Resistant	Laboratory Method	Broth dilution	CLSI
573.62722	Klebsiella pneumoniae MGL_171	imipenem	Resistant	Laboratory Method	Disk diffusion	
573.23229	Klebsiella pneumoniae strain KP_328	imipenem	Resistant	Laboratory Method	Disk diffusion	CLSI
573.20059	Klebsiella pneumoniae strain AR_0076	imipenem	Resistant	Laboratory Method	Broth dilution	CLSI
573.14316	Klebsiella pneumoniae KPN685ec	imipenem	Resistant	Laboratory Method	Broth dilution	CLSI
573.67381	Klebsiella pneumoniae MGL_81	imipenem	Resistant	Laboratory Method	Disk diffusion	CLSI, EUCAST
573.13189	Klebsiella pneumoniae KPN1197ec	imipenem	Resistant	Laboratory Method	Broth dilution	CLSI
573.24351	Klebsiella pneumoniae strain MUGSI_139	imipenem	Resistant	Laboratory Method	Broth dilution	CLSI
573.25568	Klebsiella pneumoniae strain 24_GR_13	imipenem	Resistant	Laboratory Method	Broth dilution	CLSI
1438728.3	Klebsiella pneumoniae CHS 22	imipenem	Resistant	Laboratory Method	Broth dilution	
1284797.4	Klebsiella pneumoniae DMC0799	imipenem	Resistant	Laboratory Method		
573.24267	Klebsiella pneumoniae strain 24	imipenem	Resistant	Laboratory Method	Disk diffusion	CLSI
573.2989	Klebsiella pneumoniae strain Kpngiani7132581	imipenem	Resistant	Laboratory Method	Broth dilution	EUCAST
573.62699	Klebsiella pneumoniae MGL_84	imipenem	Resistant	Laboratory Method	Disk diffusion	
1438752.3	Klebsiella pneumoniae CHS 46	imipenem	Resistant	Laboratory Method	Broth dilution	
573.13174	Klebsiella pneumoniae KPN1182ec	imipenem	Resistant	Laboratory Method	Broth dilution	CLSI
573.13387	Klebsiella pneumoniae KPN1446ec	imipenem	Resistant	Laboratory Method	Broth dilution	CLSI
1284824.3	Klebsiella pneumoniae VAKPC252	imipenem	Resistant	Laboratory Method		
573.23207	Klebsiella pneumoniae strain KP_215	imipenem	Resistant	Laboratory Method	Disk diffusion	CLSI
573.13651	Klebsiella pneumoniae KPN1755ec	imipenem	Resistant	Laboratory Method	Broth dilution	CLSI
573.24313	Klebsiella pneumoniae strain 7	imipenem	Resistant	Laboratory Method	Broth dilution	CLSI
573.13378	Klebsiella pneumoniae KPN1437ec	imipenem	Resistant	Laboratory Method	Broth dilution	CLSI
573.13384	Klebsiella pneumoniae KPN1443ec	imipenem	Resistant	Laboratory Method	Broth dilution	CLSI
573.29954	Klebsiella pneumoniae strain Kpngiani7132491	imipenem	Resistant	Laboratory Method	Broth dilution	EUCAST
573.13382	Klebsiella pneumoniae KPN1440ec	imipenem	Resistant	Laboratory Method	Broth dilution	CLSI
573.29931	Klebsiella pneumoniae strain Kpngiani7132631	imipenem	Resistant	Laboratory Method	Broth dilution	EUCAST
573.2439	Klebsiella pneumoniae strain MUGSI_307	imipenem	Resistant	Laboratory Method	Broth dilution	CLSI
573.2993	Klebsiella pneumoniae strain Kpngiani7132622	imipenem	Resistant	Laboratory Method	Broth dilution	EUCAST
573.24406	Klebsiella pneumoniae strain MUGSI_37	imipenem	Resistant	Laboratory Method	Broth dilution	CLSI
1438720.3	Klebsiella pneumoniae CHS 14	imipenem	Resistant	Laboratory Method	Broth dilution	
573.30017	Klebsiella pneumoniae strain Kpngiani7132538	imipenem	Resistant	Laboratory Method	Broth dilution	EUCAST
573.13603	Klebsiella pneumoniae KPN169ec	imipenem	Resistant	Laboratory Method	Broth dilution	CLSI
573.13163	Klebsiella pneumoniae KPN1168ec	imipenem	Resistant	Laboratory Method	Broth dilution	CLSI
573.14303	Klebsiella pneumoniae KPN669ec	imipenem	Resistant	Laboratory Method	Broth dilution	CLSI
573.13715	Klebsiella pneumoniae KPN1852ec	imipenem	Resistant	Laboratory Method	Broth dilution	CLSI
573.2995	Klebsiella pneumoniae strain Kpngiani7132636	imipenem	Resistant	Laboratory Method	Broth dilution	EUCAST
573.1544	Klebsiella pneumoniae strain 10315_6#2	imipenem	Resistant	Laboratory Method	Disk diffusion	CLSI
573.1723	Klebsiella pneumoniae strain KpVA-5	imipenem	Resistant	Laboratory Method	Disk diffusion	EUCAST
573.13052	Klebsiella pneumoniae KPN1027ec	imipenem	Resistant	Laboratory Method	Broth dilution	CLSI
573.13201	Klebsiella pneumoniae KPN1210ec	imipenem	Resistant	Laboratory Method	Broth dilution	CLSI
573.67421	Klebsiella pneumoniae MGL_128	imipenem	Resistant	Laboratory Method	Disk diffusion	CLSI, EUCAST
1284803.4	Klebsiella pneumoniae UHKPC59	imipenem	Resistant	Laboratory Method		
573.2988	Klebsiella pneumoniae strain Kpngiani7132582	imipenem	Resistant	Laboratory Method	Broth dilution	EUCAST
573.12913	Klebsiella pneumoniae 3318	imipenem	Resistant	Laboratory Method	Broth dilution	CLSI
573.24423	Klebsiella pneumoniae strain MUGSI_59	imipenem	Resistant	Laboratory Method	Broth dilution	CLSI
573.14407	Klebsiella pneumoniae KPN800ec	imipenem	Resistant	Laboratory Method	Broth dilution	CLSI
573.29943	Klebsiella pneumoniae strain Kpngiani7132497	imipenem	Resistant	Laboratory Method	Broth dilution	EUCAST
573.13986	Klebsiella pneumoniae KPN245ec	imipenem	Resistant	Laboratory Method	Broth dilution	CLSI
573.24385	Klebsiella pneumoniae strain MUGSI_27	imipenem	Resistant	Laboratory Method	Broth dilution	CLSI
1284796.3	Klebsiella pneumoniae DMC0526	imipenem	Resistant	Laboratory Method		
573.13024	Klebsiella pneumoniae 3276	imipenem	Resistant	Laboratory Method	Broth dilution	CLSI
573.14133	Klebsiella pneumoniae KPN413ec	imipenem	Resistant	Laboratory Method	Broth dilution	CLSI
573.2987	Klebsiella pneumoniae strain Kpngiani7132564	imipenem	Resistant	Laboratory Method	Broth dilution	EUCAST
1438777.3	Klebsiella pneumoniae CHS 73	imipenem	Resistant	Laboratory Method	Broth dilution	
573.2442	Klebsiella pneumoniae strain MUGSI_54	imipenem	Resistant	Laboratory Method	Broth dilution	CLSI
573.13639	Klebsiella pneumoniae KPN1740ec	imipenem	Resistant	Laboratory Method	Broth dilution	CLSI
573.13011	Klebsiella pneumoniae 3221	imipenem	Resistant	Laboratory Method	Broth dilution	CLSI
573.13771	Klebsiella pneumoniae KPN1917ec	imipenem	Resistant	Laboratory Method	Broth dilution	CLSI
573.29904	Klebsiella pneumoniae strain Kpngiani7132612	imipenem	Resistant	Laboratory Method	Broth dilution	EUCAST
1438765.3	Klebsiella pneumoniae CHS 59	imipenem	Resistant	Laboratory Method	Broth dilution	
1438734.3	Klebsiella pneumoniae CHS 28	imipenem	Resistant	Laboratory Method	Broth dilution	
573.67403	Klebsiella pneumoniae MGL_178	imipenem	Resistant	Laboratory Method	Disk diffusion	CLSI, EUCAST
1438739.3	Klebsiella pneumoniae CHS 33	imipenem	Resistant	Laboratory Method	Broth dilution	
573.14315	Klebsiella pneumoniae KPN684ec	imipenem	Resistant	Laboratory Method	Broth dilution	CLSI
573.29999	Klebsiella pneumoniae strain Kpngiani7132535	imipenem	Resistant	Laboratory Method	Broth dilution	EUCAST
1284833.4	Klebsiella pneumoniae KP-7	imipenem	Resistant	Laboratory Method		
573.9722	Klebsiella pneumoniae strain AR_0068	imipenem	Resistant	Laboratory Method	Broth dilution	CLSI
573.24439	Klebsiella pneumoniae strain MUGSI_8	imipenem	Resistant	Laboratory Method	Broth dilution	CLSI
573.13634	Klebsiella pneumoniae KPN1734ec	imipenem	Resistant	Laboratory Method	Broth dilution	CLSI
573.578	Klebsiella pneumoniae strain 9_GR_12	imipenem	Resistant	Laboratory Method	Broth dilution	CLSI
573.13923	Klebsiella pneumoniae KPN2103ec	imipenem	Resistant	Laboratory Method	Broth dilution	CLSI
573.14136	Klebsiella pneumoniae KPN416ec	imipenem	Resistant	Laboratory Method	Broth dilution	CLSI
573.29897	Klebsiella pneumoniae strain Kpngiani7132598	imipenem	Resistant	Laboratory Method	Broth dilution	EUCAST
573.2443	Klebsiella pneumoniae strain MUGSI_68	imipenem	Resistant	Laboratory Method	Broth dilution	CLSI
573.23216	Klebsiella pneumoniae strain KP_063	imipenem	Resistant	Laboratory Method	Disk diffusion	CLSI
573.14428	Klebsiella pneumoniae KPN831ec	imipenem	Resistant	Laboratory Method	Broth dilution	CLSI
573.24453	Klebsiella pneumoniae strain MUGSI_96	imipenem	Resistant	Laboratory Method	Broth dilution	CLSI
573.13811	Klebsiella pneumoniae KPN1975ec	imipenem	Resistant	Laboratory Method	Broth dilution	CLSI
1438749.3	Klebsiella pneumoniae CHS 43	imipenem	Resistant	Laboratory Method	Broth dilution	
573.30012	Klebsiella pneumoniae strain Kpngiani7132545	imipenem	Resistant	Laboratory Method	Broth dilution	EUCAST
573.29992	Klebsiella pneumoniae strain Kpngiani7132555	imipenem	Resistant	Laboratory Method	Broth dilution	EUCAST
573.13046	Klebsiella pneumoniae KPN1020ec	imipenem	Resistant	Laboratory Method	Broth dilution	CLSI
573.13088	Klebsiella pneumoniae KPN1075ec	imipenem	Resistant	Laboratory Method	Broth dilution	CLSI
1438751.3	Klebsiella pneumoniae CHS 45	imipenem	Resistant	Laboratory Method	Broth dilution	
573.17943	Klebsiella pneumoniae strain AR_0142	imipenem	Resistant	Laboratory Method	Broth dilution	CLSI
573.30008	Klebsiella pneumoniae strain Kpngiani7132544	imipenem	Resistant	Laboratory Method	Broth dilution	EUCAST
1438724.3	Klebsiella pneumoniae CHS 18	imipenem	Resistant	Laboratory Method	Broth dilution	
573.14377	Klebsiella pneumoniae KPN759ec	imipenem	Resistant	Laboratory Method	Broth dilution	CLSI
573.13819	Klebsiella pneumoniae KPN1986ec	imipenem	Resistant	Laboratory Method	Broth dilution	CLSI
573.13623	Klebsiella pneumoniae KPN1720ec	imipenem	Resistant	Laboratory Method	Broth dilution	CLSI
573.24448	Klebsiella pneumoniae strain MUGSI_89	imipenem	Resistant	Laboratory Method	Broth dilution	CLSI
573.17908	Klebsiella pneumoniae strain AR_0066	imipenem	Resistant	Laboratory Method	Broth dilution	CLSI
1284802.4	Klebsiella pneumoniae UHKPC33	imipenem	Resistant	Laboratory Method		
573.24248	Klebsiella pneumoniae strain 13	imipenem	Resistant	Laboratory Method	Broth dilution	CLSI
573.29894	Klebsiella pneumoniae strain Kpngiani7132591	imipenem	Resistant	Laboratory Method	Broth dilution	EUCAST
573.13143	Klebsiella pneumoniae KPN1145ec	imipenem	Resistant	Laboratory Method	Broth dilution	CLSI
573.5769	Klebsiella pneumoniae strain 17_GR_14	imipenem	Resistant	Laboratory Method	Broth dilution	CLSI
573.24434	Klebsiella pneumoniae strain MUGSI_75	imipenem	Resistant	Laboratory Method	Broth dilution	CLSI
573.145	Klebsiella pneumoniae KPN928ec	imipenem	Resistant	Laboratory Method	Broth dilution	CLSI
1284832.3	Klebsiella pneumoniae VAKPC309	imipenem	Resistant	Laboratory Method		
573.62694	Klebsiella pneumoniae MGL_81	imipenem	Resistant	Laboratory Method	Disk diffusion	
1438745.3	Klebsiella pneumoniae CHS 39	imipenem	Resistant	Laboratory Method	Broth dilution	
573.62725	Klebsiella pneumoniae MGL_169	imipenem	Resistant	Laboratory Method	Disk diffusion	
573.13666	Klebsiella pneumoniae KPN1771ec	imipenem	Resistant	Laboratory Method	Broth dilution	CLSI
573.67383	Klebsiella pneumoniae MGL_75	imipenem	Resistant	Laboratory Method	Disk diffusion	CLSI, EUCAST
573.13849	Klebsiella pneumoniae KPN201ec	imipenem	Resistant	Laboratory Method	Broth dilution	CLSI
573.14222	Klebsiella pneumoniae KPN539ec	imipenem	Resistant	Laboratory Method	Broth dilution	CLSI
573.24409	Klebsiella pneumoniae strain MUGSI_4	imipenem	Resistant	Laboratory Method	Broth dilution	CLSI
1438750.3	Klebsiella pneumoniae CHS 44	imipenem	Resistant	Laboratory Method	Broth dilution	
573.13097	Klebsiella pneumoniae KPN1091ec	imipenem	Resistant	Laboratory Method	Broth dilution	CLSI
573.13211	Klebsiella pneumoniae KPN1221ec	imipenem	Resistant	Laboratory Method	Broth dilution	CLSI
573.67373	Klebsiella pneumoniae MGL_104	imipenem	Resistant	Laboratory Method	Disk diffusion	CLSI, EUCAST
573.13207	Klebsiella pneumoniae KPN1217ec	imipenem	Resistant	Laboratory Method	Broth dilution	CLSI
573.13042	Klebsiella pneumoniae KPN1015ec	imipenem	Resistant	Laboratory Method	Broth dilution	CLSI
573.24344	Klebsiella pneumoniae strain MUGSI_127	imipenem	Resistant	Laboratory Method	Broth dilution	CLSI
573.24251	Klebsiella pneumoniae strain 15	imipenem	Resistant	Laboratory Method	Broth dilution	CLSI
573.1377	Klebsiella pneumoniae KPN1913ec	imipenem	Resistant	Laboratory Method	Broth dilution	CLSI
72407.2889	Klebsiella pneumoniae subsp. pneumoniae MRSN752623	imipenem	Resistant	Laboratory Method		
1284804.4	Klebsiella pneumoniae UHKPC07	imipenem	Resistant	Laboratory Method		
573.18088	Klebsiella pneumoniae strain AR_0079	imipenem	Resistant	Laboratory Method	Broth dilution	CLSI
573.24328	Klebsiella pneumoniae strain MUGSI_110	imipenem	Resistant	Laboratory Method	Broth dilution	CLSI
573.13831	Klebsiella pneumoniae KPN2000ec	imipenem	Resistant	Laboratory Method	Broth dilution	CLSI
573.29911	Klebsiella pneumoniae strain Kpngiani7132595	imipenem	Resistant	Laboratory Method	Broth dilution	EUCAST
573.29944	Klebsiella pneumoniae strain Kpngiani7132486	imipenem	Resistant	Laboratory Method	Broth dilution	EUCAST
573.2994	Klebsiella pneumoniae strain Kpngiani7132506	imipenem	Resistant	Laboratory Method	Broth dilution	EUCAST
573.13518	Klebsiella pneumoniae KPN1594ec	imipenem	Resistant	Laboratory Method	Broth dilution	CLSI
1304919.4	Klebsiella pneumoniae 280_1220	imipenem	Resistant	Laboratory Method		
1304920.3	Klebsiella pneumoniae 361_1301	imipenem	Resistant	Laboratory Method		
573.13961	Klebsiella pneumoniae KPN2172ec	imipenem	Resistant	Laboratory Method	Broth dilution	CLSI
1400178.3	Klebsiella pneumoniae UCI 33	imipenem	Resistant	Laboratory Method	Broth dilution	
573.29957	Klebsiella pneumoniae strain Kpngiani7132490	imipenem	Resistant	Laboratory Method	Broth dilution	EUCAST
573.14234	Klebsiella pneumoniae KPN557ec	imipenem	Resistant	Laboratory Method	Broth dilution	CLSI
573.24278	Klebsiella pneumoniae strain 30	imipenem	Resistant	Laboratory Method	Broth dilution	CLSI
573.14056	Klebsiella pneumoniae KPN322ec	imipenem	Resistant	Laboratory Method	Broth dilution	CLSI
573.14098	Klebsiella pneumoniae KPN375ec	imipenem	Resistant	Laboratory Method	Broth dilution	CLSI
573.13691	Klebsiella pneumoniae KPN1826ec	imipenem	Resistant	Laboratory Method	Broth dilution	CLSI
573.24449	Klebsiella pneumoniae strain MUGSI_91	imipenem	Resistant	Laboratory Method	Broth dilution	CLSI
573.14138	Klebsiella pneumoniae KPN418ec	imipenem	Resistant	Laboratory Method	Broth dilution	CLSI
573.13535	Klebsiella pneumoniae KPN1616ec	imipenem	Resistant	Laboratory Method	Broth dilution	CLSI
573.29976	Klebsiella pneumoniae strain Kpngiani7132515	imipenem	Resistant	Laboratory Method	Broth dilution	EUCAST
573.20063	Klebsiella pneumoniae strain AR_0097	imipenem	Resistant	Laboratory Method	Broth dilution	CLSI
573.13577	Klebsiella pneumoniae KPN1671ec	imipenem	Resistant	Laboratory Method	Broth dilution	CLSI
573.29908	Klebsiella pneumoniae strain Kpngiani7132596	imipenem	Resistant	Laboratory Method	Broth dilution	EUCAST
573.67411	Klebsiella pneumoniae MGL_57	imipenem	Resistant	Laboratory Method	Disk diffusion	CLSI, EUCAST
573.13136	Klebsiella pneumoniae KPN1135ec	imipenem	Resistant	Laboratory Method	Broth dilution	CLSI
573.14501	Klebsiella pneumoniae KPN929ec	imipenem	Resistant	Laboratory Method	Broth dilution	CLSI
573.14512	Klebsiella pneumoniae KPN944ec	imipenem	Resistant	Laboratory Method	Broth dilution	CLSI
573.14022	Klebsiella pneumoniae KPN285ec	imipenem	Resistant	Laboratory Method	Broth dilution	CLSI
1438747.3	Klebsiella pneumoniae CHS 41	imipenem	Resistant	Laboratory Method	Broth dilution	
573.1404	Klebsiella pneumoniae KPN305ec	imipenem	Resistant	Laboratory Method	Broth dilution	CLSI
573.674	Klebsiella pneumoniae MGL_124	imipenem	Resistant	Laboratory Method	Disk diffusion	CLSI, EUCAST
573.5649	Klebsiella pneumoniae strain DHQP1002001	imipenem	Resistant	Laboratory Method	Broth dilution	CLSI
573.18093	Klebsiella pneumoniae strain AR_0153	imipenem	Resistant	Laboratory Method	Broth dilution	CLSI
1438761.3	Klebsiella pneumoniae CHS 55	imipenem	Resistant	Laboratory Method	Broth dilution	
573.13259	Klebsiella pneumoniae KPN1280ec	imipenem	Resistant	Laboratory Method	Broth dilution	CLSI
573.29872	Klebsiella pneumoniae strain Kpngiani7132566	imipenem	Resistant	Laboratory Method	Broth dilution	EUCAST
573.29871	Klebsiella pneumoniae strain Kpngiani7132572	imipenem	Resistant	Laboratory Method	Broth dilution	EUCAST
573.1396	Klebsiella pneumoniae KPN2171ec	imipenem	Resistant	Laboratory Method	Broth dilution	CLSI
573.1729	Klebsiella pneumoniae strain KpVA-11	imipenem	Resistant	Laboratory Method	Disk diffusion	EUCAST
573.13658	Klebsiella pneumoniae KPN1763ec	imipenem	Resistant	Laboratory Method	Broth dilution	CLSI
573.14537	Klebsiella pneumoniae KPN978ec	imipenem	Resistant	Laboratory Method	Broth dilution	CLSI
573.1542	Klebsiella pneumoniae strain AR_0112	imipenem	Resistant	Laboratory Method	Broth dilution	CLSI
573.67391	Klebsiella pneumoniae MGL_K_15	imipenem	Resistant	Laboratory Method	Disk diffusion	CLSI, EUCAST
573.13526	Klebsiella pneumoniae KPN1605ec	imipenem	Resistant	Laboratory Method	Broth dilution	CLSI
573.13161	Klebsiella pneumoniae KPN1166ec	imipenem	Resistant	Laboratory Method	Broth dilution	CLSI
573.13565	Klebsiella pneumoniae KPN1658ec	imipenem	Resistant	Laboratory Method	Broth dilution	CLSI
573.2998	Klebsiella pneumoniae strain Kpngiani7132520	imipenem	Resistant	Laboratory Method	Broth dilution	EUCAST
573.29978	Klebsiella pneumoniae strain Kpngiani7132510	imipenem	Resistant	Laboratory Method	Broth dilution	EUCAST
573.12796	Klebsiella pneumoniae strain MLST-15	imipenem	Resistant	Laboratory Method	Broth dilution	CLSI
573.1335	Klebsiella pneumoniae KPN1406ec	imipenem	Resistant	Laboratory Method	Broth dilution	CLSI
573.13807	Klebsiella pneumoniae KPN1968ec	imipenem	Resistant	Laboratory Method	Broth dilution	CLSI
573.29896	Klebsiella pneumoniae strain Kpngiani7132600	imipenem	Resistant	Laboratory Method	Broth dilution	EUCAST
573.2434	Klebsiella pneumoniae strain MUGSI_122	imipenem	Resistant	Laboratory Method	Broth dilution	CLSI
573.13075	Klebsiella pneumoniae KPN1057ec	imipenem	Resistant	Laboratory Method	Broth dilution	CLSI
573.14226	Klebsiella pneumoniae KPN545ec	imipenem	Resistant	Laboratory Method	Broth dilution	CLSI
573.13274	Klebsiella pneumoniae KPN130ec	imipenem	Resistant	Laboratory Method	Broth dilution	CLSI
573.13127	Klebsiella pneumoniae KPN1125ec	imipenem	Resistant	Laboratory Method	Broth dilution	CLSI
573.2441	Klebsiella pneumoniae strain MUGSI_41	imipenem	Resistant	Laboratory Method	Broth dilution	CLSI
573.142	Klebsiella pneumoniae KPN511ec	imipenem	Resistant	Laboratory Method	Broth dilution	CLSI
573.24339	Klebsiella pneumoniae strain MUGSI_121	imipenem	Resistant	Laboratory Method	Broth dilution	CLSI
573.14547	Klebsiella pneumoniae KPN994ec	imipenem	Resistant	Laboratory Method	Broth dilution	CLSI
573.13645	Klebsiella pneumoniae KPN1748ec	imipenem	Resistant	Laboratory Method	Broth dilution	CLSI
573.14382	Klebsiella pneumoniae KPN766ec	imipenem	Resistant	Laboratory Method	Broth dilution	CLSI
573.30015	Klebsiella pneumoniae strain Kpngiani7132543	imipenem	Resistant	Laboratory Method	Broth dilution	EUCAST
573.29926	Klebsiella pneumoniae strain Kpngiani7132626	imipenem	Resistant	Laboratory Method	Broth dilution	EUCAST
573.29923	Klebsiella pneumoniae strain Kpngiani7132629	imipenem	Resistant	Laboratory Method	Broth dilution	EUCAST
573.29981	Klebsiella pneumoniae strain Kpngiani7132514	imipenem	Resistant	Laboratory Method	Broth dilution	EUCAST
72407.2897	Klebsiella pneumoniae subsp. pneumoniae MRSN849896	imipenem	Resistant	Laboratory Method		
573.14254	Klebsiella pneumoniae KPN580ec	imipenem	Resistant	Laboratory Method	Broth dilution	CLSI
573.13646	Klebsiella pneumoniae KPN1749ec	imipenem	Resistant	Laboratory Method	Broth dilution	CLSI
573.29876	Klebsiella pneumoniae strain Kpngiani7132589	imipenem	Resistant	Laboratory Method	Broth dilution	EUCAST
573.23214	Klebsiella pneumoniae strain KP_093	imipenem	Resistant	Laboratory Method	Disk diffusion	CLSI
573.13292	Klebsiella pneumoniae KPN1331ec	imipenem	Resistant	Laboratory Method	Broth dilution	CLSI
573.29869	Klebsiella pneumoniae strain Kpngiani7132565	imipenem	Resistant	Laboratory Method	Broth dilution	EUCAST
573.14247	Klebsiella pneumoniae KPN573ec	imipenem	Resistant	Laboratory Method	Broth dilution	CLSI
573.1431	Klebsiella pneumoniae KPN679ec	imipenem	Resistant	Laboratory Method	Broth dilution	CLSI
573.24329	Klebsiella pneumoniae strain MUGSI_111	imipenem	Resistant	Laboratory Method	Broth dilution	CLSI
573.13657	Klebsiella pneumoniae KPN1761ec	imipenem	Resistant	Laboratory Method	Broth dilution	CLSI
573.14452	Klebsiella pneumoniae KPN867ec	imipenem	Resistant	Laboratory Method	Broth dilution	CLSI
573.14214	Klebsiella pneumoniae KPN528ec	imipenem	Resistant	Laboratory Method	Broth dilution	CLSI
573.14306	Klebsiella pneumoniae KPN675ec	imipenem	Resistant	Laboratory Method	Broth dilution	CLSI
573.13942	Klebsiella pneumoniae KPN213ec	imipenem	Resistant	Laboratory Method	Broth dilution	CLSI
573.12781	Klebsiella pneumoniae strain AR_0152	imipenem	Resistant	Laboratory Method	Broth dilution	CLSI
573.29925	Klebsiella pneumoniae strain Kpngiani7132632	imipenem	Resistant	Laboratory Method	Broth dilution	EUCAST
573.24443	Klebsiella pneumoniae strain MUGSI_84	imipenem	Resistant	Laboratory Method	Broth dilution	CLSI
573.29862	Klebsiella pneumoniae strain Kpngiani7132560	imipenem	Resistant	Laboratory Method	Broth dilution	EUCAST
573.13429	Klebsiella pneumoniae KPN1491ec	imipenem	Resistant	Laboratory Method	Broth dilution	CLSI
573.13252	Klebsiella pneumoniae KPN1273ec	imipenem	Resistant	Laboratory Method	Broth dilution	CLSI
573.24401	Klebsiella pneumoniae strain MUGSI_32	imipenem	Resistant	Laboratory Method	Broth dilution	CLSI
573.13531	Klebsiella pneumoniae KPN1610ec	imipenem	Resistant	Laboratory Method	Broth dilution	CLSI
573.12773	Klebsiella pneumoniae strain AR_0138	imipenem	Resistant	Laboratory Method	Broth dilution	CLSI
1284801.3	Klebsiella pneumoniae UHKPC48	imipenem	Resistant	Laboratory Method		
573.15107	Klebsiella pneumoniae strain AR_0129	imipenem	Resistant	Laboratory Method	Broth dilution	CLSI
573.13079	Klebsiella pneumoniae KPN1064ec	imipenem	Resistant	Laboratory Method	Broth dilution	CLSI
573.1329	Klebsiella pneumoniae KPN132ec	imipenem	Resistant	Laboratory Method	Broth dilution	CLSI
573.24372	Klebsiella pneumoniae strain MUGSI_187	imipenem	Resistant	Laboratory Method	Broth dilution	CLSI
573.13847	Klebsiella pneumoniae KPN2017ec	imipenem	Resistant	Laboratory Method	Broth dilution	CLSI
573.29929	Klebsiella pneumoniae strain Kpngiani7132618	imipenem	Resistant	Laboratory Method	Broth dilution	EUCAST
573.29914	Klebsiella pneumoniae strain Kpngiani7132601	imipenem	Resistant	Laboratory Method	Broth dilution	EUCAST
573.24394	Klebsiella pneumoniae strain MUGSI_310	imipenem	Resistant	Laboratory Method	Broth dilution	CLSI
573.67389	Klebsiella pneumoniae 20200622_MGL_70	imipenem	Resistant	Laboratory Method	Disk diffusion	CLSI, EUCAST
573.1405	Klebsiella pneumoniae KPN316ec	imipenem	Resistant	Laboratory Method	Broth dilution	CLSI
573.24354	Klebsiella pneumoniae strain MUGSI_142	imipenem	Resistant	Laboratory Method	Broth dilution	CLSI
573.24402	Klebsiella pneumoniae strain MUGSI_320	imipenem	Resistant	Laboratory Method	Broth dilution	CLSI
573.13918	Klebsiella pneumoniae KPN2098ec	imipenem	Resistant	Laboratory Method	Broth dilution	CLSI
573.14399	Klebsiella pneumoniae KPN790ec	imipenem	Resistant	Laboratory Method	Broth dilution	CLSI
573.29922	Klebsiella pneumoniae strain Kpngiani7132615	imipenem	Resistant	Laboratory Method	Broth dilution	EUCAST
573.24318	Klebsiella pneumoniae strain FDA-CDC-AR_0106	imipenem	Resistant	Laboratory Method	Broth dilution	CLSI
573.29924	Klebsiella pneumoniae strain Kpngiani7132614	imipenem	Resistant	Laboratory Method	Broth dilution	EUCAST
573.19877	Klebsiella pneumoniae strain AR_0454	imipenem	Resistant	Laboratory Method	Broth dilution	CLSI
573.13725	Klebsiella pneumoniae KPN1862ec	imipenem	Resistant	Laboratory Method	Broth dilution	CLSI
573.13255	Klebsiella pneumoniae KPN1276ec	imipenem	Resistant	Laboratory Method	Broth dilution	CLSI
573.13971	Klebsiella pneumoniae KPN224ec	imipenem	Resistant	Laboratory Method	Broth dilution	CLSI
573.13595	Klebsiella pneumoniae KPN1692ec	imipenem	Resistant	Laboratory Method	Broth dilution	CLSI
573.14483	Klebsiella pneumoniae KPN908ec	imipenem	Resistant	Laboratory Method	Broth dilution	CLSI
1304917.4	Klebsiella pneumoniae 160_1080	imipenem	Resistant	Laboratory Method		
573.14503	Klebsiella pneumoniae KPN931ec	imipenem	Resistant	Laboratory Method	Broth dilution	CLSI
573.13524	Klebsiella pneumoniae KPN1603ec	imipenem	Resistant	Laboratory Method	Broth dilution	CLSI
573.14418	Klebsiella pneumoniae KPN818ec	imipenem	Resistant	Laboratory Method	Broth dilution	CLSI
573.13438	Klebsiella pneumoniae KPN1501ec	imipenem	Resistant	Laboratory Method	Broth dilution	CLSI
573.2445	Klebsiella pneumoniae strain MUGSI_92	imipenem	Resistant	Laboratory Method	Broth dilution	CLSI
573.13212	Klebsiella pneumoniae KPN1222ec	imipenem	Resistant	Laboratory Method	Broth dilution	CLSI
573.24321	Klebsiella pneumoniae strain MRSN14170	imipenem	Resistant	Laboratory Method	Broth dilution	CLSI
1438755.3	Klebsiella pneumoniae CHS 49	imipenem	Resistant	Laboratory Method	Broth dilution	
72407.2891	Klebsiella pneumoniae subsp. pneumoniae MRSN752921	imipenem	Resistant	Laboratory Method		
573.13455	Klebsiella pneumoniae KPN1522ec	imipenem	Resistant	Laboratory Method	Broth dilution	CLSI
573.29936	Klebsiella pneumoniae strain Kpngiani7132484	imipenem	Resistant	Laboratory Method	Broth dilution	EUCAST
573.29996	Klebsiella pneumoniae strain Kpngiani7132553	imipenem	Resistant	Laboratory Method	Broth dilution	EUCAST
573.62708	Klebsiella pneumoniae MGL_K_13	imipenem	Resistant	Laboratory Method	Disk diffusion	
573.15461	Klebsiella pneumoniae strain 10315_6#5	imipenem	Resistant	Laboratory Method	Disk diffusion	CLSI
573.14242	Klebsiella pneumoniae KPN567ec	imipenem	Resistant	Laboratory Method	Broth dilution	CLSI
1438711.3	Klebsiella pneumoniae CHS 05	imipenem	Resistant	Laboratory Method	Broth dilution	
573.13492	Klebsiella pneumoniae KPN1564ec	imipenem	Resistant	Laboratory Method	Broth dilution	CLSI
573.24382	Klebsiella pneumoniae strain MUGSI_23	imipenem	Resistant	Laboratory Method	Broth dilution	CLSI
573.67405	Klebsiella pneumoniae MGL_170	imipenem	Resistant	Laboratory Method	Disk diffusion	CLSI, EUCAST
573.14506	Klebsiella pneumoniae KPN935ec	imipenem	Resistant	Laboratory Method	Broth dilution	CLSI
573.14353	Klebsiella pneumoniae KPN729ec	imipenem	Resistant	Laboratory Method	Broth dilution	CLSI
573.29898	Klebsiella pneumoniae strain Kpngiani7132594	imipenem	Resistant	Laboratory Method	Broth dilution	EUCAST
573.24358	Klebsiella pneumoniae strain MUGSI_15	imipenem	Resistant	Laboratory Method	Broth dilution	CLSI
573.13369	Klebsiella pneumoniae KPN1428ec	imipenem	Resistant	Laboratory Method	Broth dilution	CLSI
573.13361	Klebsiella pneumoniae KPN141ec	imipenem	Resistant	Laboratory Method	Broth dilution	CLSI
573.13944	Klebsiella pneumoniae KPN2151ec	imipenem	Resistant	Laboratory Method	Broth dilution	CLSI
573.7027	Klebsiella pneumoniae strain AR_0003	imipenem	Resistant	Laboratory Method	Broth dilution	CLSI
573.5777	Klebsiella pneumoniae strain 14_GR_14	imipenem	Resistant	Laboratory Method	Broth dilution	CLSI
573.29985	Klebsiella pneumoniae strain Kpngiani7132529	imipenem	Resistant	Laboratory Method	Broth dilution	EUCAST
573.62693	Klebsiella pneumoniae 20200203_MGL_09	imipenem	Resistant	Laboratory Method	Disk diffusion	
573.14228	Klebsiella pneumoniae KPN547ec	imipenem	Resistant	Laboratory Method	Broth dilution	CLSI
574.27	Klebsiella pneumoniae subsp. ozaenae strain FDA-CDC-AR_0051	imipenem	Resistant	Laboratory Method	Broth dilution	CLSI
573.24357	Klebsiella pneumoniae strain MUGSI_149	imipenem	Resistant	Laboratory Method	Broth dilution	CLSI
573.29875	Klebsiella pneumoniae strain Kpngiani7132570	imipenem	Resistant	Laboratory Method	Broth dilution	EUCAST
573.13235	Klebsiella pneumoniae KPN1256ec	imipenem	Resistant	Laboratory Method	Broth dilution	CLSI
573.13394	Klebsiella pneumoniae KPN1453ec	imipenem	Resistant	Laboratory Method	Broth dilution	CLSI
573.14419	Klebsiella pneumoniae KPN819ec	imipenem	Resistant	Laboratory Method	Broth dilution	CLSI
573.1448	Klebsiella pneumoniae KPN904ec	imipenem	Resistant	Laboratory Method	Broth dilution	CLSI
573.24375	Klebsiella pneumoniae strain MUGSI_194	imipenem	Resistant	Laboratory Method	Broth dilution	CLSI
573.5768	Klebsiella pneumoniae strain 15_GR_13	imipenem	Resistant	Laboratory Method	Broth dilution	CLSI
573.24399	Klebsiella pneumoniae strain MUGSI_317	imipenem	Resistant	Laboratory Method	Broth dilution	CLSI
573.1342	Klebsiella pneumoniae KPN1482ec	imipenem	Resistant	Laboratory Method	Broth dilution	CLSI
573.13861	Klebsiella pneumoniae KPN2035ec	imipenem	Resistant	Laboratory Method	Broth dilution	CLSI
573.1421	Klebsiella pneumoniae KPN524ec	imipenem	Resistant	Laboratory Method	Broth dilution	CLSI
573.24436	Klebsiella pneumoniae strain MUGSI_77	imipenem	Resistant	Laboratory Method	Broth dilution	CLSI
573.14236	Klebsiella pneumoniae KPN559ec	imipenem	Resistant	Laboratory Method	Broth dilution	CLSI
573.14052	Klebsiella pneumoniae KPN318ec	imipenem	Resistant	Laboratory Method	Broth dilution	CLSI
573.13947	Klebsiella pneumoniae KPN2155ec	imipenem	Resistant	Laboratory Method	Broth dilution	CLSI
573.14268	Klebsiella pneumoniae KPN597ec	imipenem	Resistant	Laboratory Method	Broth dilution	CLSI
573.62705	Klebsiella pneumoniae 20200622_MGL_64	imipenem	Resistant	Laboratory Method	Disk diffusion	
573.2437	Klebsiella pneumoniae strain MUGSI_181	imipenem	Resistant	Laboratory Method	Broth dilution	CLSI
573.62712	Klebsiella pneumoniae MGL_K_10	imipenem	Resistant	Laboratory Method	Disk diffusion	
573.14225	Klebsiella pneumoniae KPN544ec	imipenem	Resistant	Laboratory Method	Broth dilution	CLSI
573.29982	Klebsiella pneumoniae strain Kpngiani7132522	imipenem	Resistant	Laboratory Method	Broth dilution	EUCAST
573.23199	Klebsiella pneumoniae strain KP_121	imipenem	Resistant	Laboratory Method	Disk diffusion	CLSI
573.13169	Klebsiella pneumoniae KPN1176ec	imipenem	Resistant	Laboratory Method	Broth dilution	CLSI
573.29933	Klebsiella pneumoniae strain Kpngiani7132625	imipenem	Resistant	Laboratory Method	Broth dilution	EUCAST
573.1734	Klebsiella pneumoniae strain KpVA-16	imipenem	Resistant	Laboratory Method	Disk diffusion	EUCAST
573.5644	Klebsiella pneumoniae strain 5_GR_13	imipenem	Resistant	Laboratory Method	Broth dilution	CLSI
573.62692	Klebsiella pneumoniae MGL_103	imipenem	Resistant	Laboratory Method	Disk diffusion	
573.14023	Klebsiella pneumoniae KPN286ec	imipenem	Resistant	Laboratory Method	Broth dilution	CLSI
573.24397	Klebsiella pneumoniae strain MUGSI_314	imipenem	Resistant	Laboratory Method	Broth dilution	CLSI
573.1406	Klebsiella pneumoniae KPN327ec	imipenem	Resistant	Laboratory Method	Broth dilution	CLSI
573.13221	Klebsiella pneumoniae KPN1240ec	imipenem	Resistant	Laboratory Method	Broth dilution	CLSI
573.67376	Klebsiella pneumoniae 20200203_MGL_09	imipenem	Resistant	Laboratory Method	Disk diffusion	CLSI, EUCAST
573.13358	Klebsiella pneumoniae KPN1415ec	imipenem	Resistant	Laboratory Method	Broth dilution	CLSI
573.577	Klebsiella pneumoniae strain 8_GR_13	imipenem	Resistant	Laboratory Method	Broth dilution	CLSI
573.7032	Klebsiella pneumoniae strain AR_0041	imipenem	Resistant	Laboratory Method	Broth dilution	CLSI
573.5766	Klebsiella pneumoniae strain 1_GR_13	imipenem	Resistant	Laboratory Method	Broth dilution	CLSI
573.24345	Klebsiella pneumoniae strain MUGSI_128	imipenem	Resistant	Laboratory Method	Broth dilution	CLSI
573.24447	Klebsiella pneumoniae strain MUGSI_88	imipenem	Resistant	Laboratory Method	Broth dilution	CLSI
573.24365	Klebsiella pneumoniae strain MUGSI_161	imipenem	Resistant	Laboratory Method	Broth dilution	CLSI
573.1443	Klebsiella pneumoniae KPN835ec	imipenem	Resistant	Laboratory Method	Broth dilution	CLSI
72407.29	Klebsiella pneumoniae subsp. pneumoniae MRSN849888	imipenem	Resistant	Laboratory Method		
573.14457	Klebsiella pneumoniae KPN875ec	imipenem	Resistant	Laboratory Method	Broth dilution	CLSI
573.14168	Klebsiella pneumoniae KPN455ec	imipenem	Resistant	Laboratory Method	Broth dilution	CLSI
573.14053	Klebsiella pneumoniae KPN319ec	imipenem	Resistant	Laboratory Method	Broth dilution	CLSI
573.12948	Klebsiella pneumoniae 3291	imipenem	Resistant	Laboratory Method	Broth dilution	CLSI
573.67385	Klebsiella pneumoniae 20200622_MGL_64	imipenem	Resistant	Laboratory Method	Disk diffusion	CLSI, EUCAST
573.1321	Klebsiella pneumoniae KPN1220ec	imipenem	Resistant	Laboratory Method	Broth dilution	CLSI
1304922.3	Klebsiella pneumoniae 500_1420	imipenem	Resistant	Laboratory Method		
573.13213	Klebsiella pneumoniae KPN1224ec	imipenem	Resistant	Laboratory Method	Broth dilution	CLSI
573.13019	Klebsiella pneumoniae 3313	imipenem	Resistant	Laboratory Method	Broth dilution	CLSI
573.14442	Klebsiella pneumoniae KPN852ec	imipenem	Resistant	Laboratory Method	Broth dilution	CLSI
573.67402	Klebsiella pneumoniae 20200203_MGL_18	imipenem	Resistant	Laboratory Method	Disk diffusion	CLSI, EUCAST
573.62709	Klebsiella pneumoniae MGL_K_15	imipenem	Resistant	Laboratory Method	Disk diffusion	
573.1367	Klebsiella pneumoniae KPN1776ec	imipenem	Resistant	Laboratory Method	Broth dilution	CLSI
1438763.3	Klebsiella pneumoniae CHS 57	imipenem	Resistant	Laboratory Method	Broth dilution	
573.13958	Klebsiella pneumoniae KPN2169ec	imipenem	Resistant	Laboratory Method	Broth dilution	CLSI
72407.297	Klebsiella pneumoniae subsp. pneumoniae MRSN849862	imipenem	Resistant	Laboratory Method		
573.24425	Klebsiella pneumoniae strain MUGSI_63	imipenem	Resistant	Laboratory Method	Broth dilution	CLSI
573.29877	Klebsiella pneumoniae strain Kpngiani7132561	imipenem	Resistant	Laboratory Method	Broth dilution	EUCAST
573.13908	Klebsiella pneumoniae KPN2085ec	imipenem	Resistant	Laboratory Method	Broth dilution	CLSI
573.14523	Klebsiella pneumoniae KPN957ec	imipenem	Resistant	Laboratory Method	Broth dilution	CLSI
1284811.3	Klebsiella pneumoniae UHKPC01	imipenem	Resistant	Laboratory Method		
573.62691	Klebsiella pneumoniae MGL_104	imipenem	Resistant	Laboratory Method	Disk diffusion	
573.62728	Klebsiella pneumoniae 20200317_MGL_34	imipenem	Resistant	Laboratory Method	Disk diffusion	
573.24417	Klebsiella pneumoniae strain MUGSI_50	imipenem	Resistant	Laboratory Method	Broth dilution	CLSI
573.13522	Klebsiella pneumoniae KPN1598ec	imipenem	Resistant	Laboratory Method	Broth dilution	CLSI
573.29946	Klebsiella pneumoniae strain Kpngiani7132480	imipenem	Resistant	Laboratory Method	Broth dilution	EUCAST
573.14206	Klebsiella pneumoniae KPN520ec	imipenem	Resistant	Laboratory Method	Broth dilution	CLSI
573.1364	Klebsiella pneumoniae KPN1741ec	imipenem	Resistant	Laboratory Method	Broth dilution	CLSI
573.13108	Klebsiella pneumoniae KPN1104ec	imipenem	Resistant	Laboratory Method	Broth dilution	CLSI
573.24347	Klebsiella pneumoniae strain MUGSI_130	imipenem	Resistant	Laboratory Method	Broth dilution	CLSI
573.13769	Klebsiella pneumoniae KPN1914ec	imipenem	Resistant	Laboratory Method	Broth dilution	CLSI
573.1314	Klebsiella pneumoniae KPN1140ec	imipenem	Resistant	Laboratory Method	Broth dilution	CLSI
573.13692	Klebsiella pneumoniae KPN1827ec	imipenem	Resistant	Laboratory Method	Broth dilution	CLSI
1304924.3	Klebsiella pneumoniae 646_1568	imipenem	Resistant	Laboratory Method		
573.23225	Klebsiella pneumoniae strain KP_307	imipenem	Resistant	Laboratory Method	Disk diffusion	CLSI
573.29966	Klebsiella pneumoniae strain Kpngiani7132519	imipenem	Resistant	Laboratory Method	Broth dilution	EUCAST
573.29952	Klebsiella pneumoniae strain Kpngiani7132503	imipenem	Resistant	Laboratory Method	Broth dilution	EUCAST
573.13778	Klebsiella pneumoniae KPN1926ec	imipenem	Resistant	Laboratory Method	Broth dilution	CLSI
573.1724	Klebsiella pneumoniae strain KpVA-6	imipenem	Resistant	Laboratory Method	Disk diffusion	EUCAST
573.14158	Klebsiella pneumoniae KPN440ec	imipenem	Resistant	Laboratory Method	Broth dilution	CLSI
573.1399	Klebsiella pneumoniae KPN249ec	imipenem	Resistant	Laboratory Method	Broth dilution	CLSI
573.14252	Klebsiella pneumoniae KPN578ec	imipenem	Resistant	Laboratory Method	Broth dilution	CLSI
573.14362	Klebsiella pneumoniae KPN740ec	imipenem	Resistant	Laboratory Method	Broth dilution	CLSI
573.24297	Klebsiella pneumoniae strain 4	imipenem	Resistant	Laboratory Method	Broth dilution	CLSI
573.13068	Klebsiella pneumoniae KPN1046ec	imipenem	Resistant	Laboratory Method	Broth dilution	CLSI
573.29935	Klebsiella pneumoniae strain Kpngiani7132630	imipenem	Resistant	Laboratory Method	Broth dilution	EUCAST
573.13234	Klebsiella pneumoniae KPN1255ec	imipenem	Resistant	Laboratory Method	Broth dilution	CLSI
573.29905	Klebsiella pneumoniae strain Kpngiani7132606	imipenem	Resistant	Laboratory Method	Broth dilution	EUCAST
573.24363	Klebsiella pneumoniae strain MUGSI_16	imipenem	Resistant	Laboratory Method	Broth dilution	CLSI
573.13852	Klebsiella pneumoniae KPN2021ec	imipenem	Resistant	Laboratory Method	Broth dilution	CLSI
573.14175	Klebsiella pneumoniae KPN464ec	imipenem	Resistant	Laboratory Method	Broth dilution	CLSI
1438760.3	Klebsiella pneumoniae CHS 54	imipenem	Resistant	Laboratory Method	Broth dilution	
573.13975	Klebsiella pneumoniae KPN230ec	imipenem	Resistant	Laboratory Method	Broth dilution	CLSI
573.13954	Klebsiella pneumoniae KPN2163ec	imipenem	Resistant	Laboratory Method	Broth dilution	CLSI
573.24411	Klebsiella pneumoniae strain MUGSI_42	imipenem	Resistant	Laboratory Method	Broth dilution	CLSI
573.1426	Klebsiella pneumoniae KPN587ec	imipenem	Resistant	Laboratory Method	Broth dilution	CLSI
573.14178	Klebsiella pneumoniae KPN468ec	imipenem	Resistant	Laboratory Method	Broth dilution	CLSI
1284795.4	Klebsiella pneumoniae UHKPC96	imipenem	Resistant	Laboratory Method		
1328383.3	Klebsiella pneumoniae BWH 22	imipenem	Resistant	Laboratory Method	Broth dilution	
573.62688	Klebsiella pneumoniae MGL_88	imipenem	Resistant	Laboratory Method	Disk diffusion	
573.24367	Klebsiella pneumoniae strain MUGSI_166	imipenem	Resistant	Laboratory Method	Broth dilution	CLSI
573.29928	Klebsiella pneumoniae strain Kpngiani7132628	imipenem	Resistant	Laboratory Method	Broth dilution	EUCAST
573.29902	Klebsiella pneumoniae strain Kpngiani7132607	imipenem	Resistant	Laboratory Method	Broth dilution	EUCAST
573.13704	Klebsiella pneumoniae KPN1841ec	imipenem	Resistant	Laboratory Method	Broth dilution	CLSI
573.13034	Klebsiella pneumoniae KPN1004ec	imipenem	Resistant	Laboratory Method	Broth dilution	CLSI
573.20061	Klebsiella pneumoniae strain AR_0160	meropenem	Resistant	Laboratory Method	Broth dilution	CLSI
573.29891	Klebsiella pneumoniae strain Kpngiani7132583	imipenem	Resistant	Laboratory Method	Broth dilution	EUCAST
573.62716	Klebsiella pneumoniae MGL_124	imipenem	Resistant	Laboratory Method	Disk diffusion	
573.13525	Klebsiella pneumoniae KPN1604ec	imipenem	Resistant	Laboratory Method	Broth dilution	CLSI
573.14011	Klebsiella pneumoniae KPN273ec	imipenem	Resistant	Laboratory Method	Broth dilution	CLSI
573.1349	Klebsiella pneumoniae KPN1561ec	imipenem	Resistant	Laboratory Method	Broth dilution	CLSI
573.13973	Klebsiella pneumoniae KPN227ec	imipenem	Resistant	Laboratory Method	Broth dilution	CLSI
573.24353	Klebsiella pneumoniae strain MUGSI_141	imipenem	Resistant	Laboratory Method	Broth dilution	CLSI
573.9721	Klebsiella pneumoniae strain AR_0117	imipenem	Resistant	Laboratory Method	Broth dilution	CLSI
573.24322	Klebsiella pneumoniae strain MRSN14213	imipenem	Resistant	Laboratory Method	Broth dilution	CLSI
573.24323	Klebsiella pneumoniae strain MRSN19181	imipenem	Resistant	Laboratory Method	Broth dilution	CLSI
573.17915	Klebsiella pneumoniae strain AR_0361	imipenem	Resistant	Laboratory Method	Broth dilution	CLSI
573.29997	Klebsiella pneumoniae strain Kpngiani7132541	imipenem	Resistant	Laboratory Method	Broth dilution	EUCAST
573.67375	Klebsiella pneumoniae 20200203_MGL_10	imipenem	Resistant	Laboratory Method	Disk diffusion	CLSI, EUCAST
573.14097	Klebsiella pneumoniae KPN374ec	imipenem	Resistant	Laboratory Method	Broth dilution	CLSI
573.29988	Klebsiella pneumoniae strain Kpngiani7132512	imipenem	Resistant	Laboratory Method	Broth dilution	EUCAST
574.26	Klebsiella pneumoniae subsp. ozaenae strain 6	imipenem	Resistant	Laboratory Method	Broth dilution	CLSI
573.24416	Klebsiella pneumoniae strain MUGSI_5	imipenem	Resistant	Laboratory Method	Broth dilution	CLSI
573.14498	Klebsiella pneumoniae KPN926ec	imipenem	Resistant	Laboratory Method	Broth dilution	CLSI
1284828.3	Klebsiella pneumoniae VAKPC280	imipenem	Resistant	Laboratory Method		
573.24341	Klebsiella pneumoniae strain MUGSI_124	imipenem	Resistant	Laboratory Method	Broth dilution	CLSI
573.13175	Klebsiella pneumoniae KPN1183ec	imipenem	Resistant	Laboratory Method	Broth dilution	CLSI
573.62727	Klebsiella pneumoniae 20200317_MGL_39	imipenem	Resistant	Laboratory Method	Disk diffusion	
1438781.3	Klebsiella pneumoniae CHS 80	imipenem	Resistant	Laboratory Method	Broth dilution	
573.13417	Klebsiella pneumoniae KPN1479ec	imipenem	Resistant	Laboratory Method	Broth dilution	CLSI
573.24366	Klebsiella pneumoniae strain MUGSI_165	imipenem	Resistant	Laboratory Method	Broth dilution	CLSI
1438754.3	Klebsiella pneumoniae CHS 48	imipenem	Resistant	Laboratory Method	Broth dilution	
573.24364	Klebsiella pneumoniae strain MUGSI_160	imipenem	Resistant	Laboratory Method	Broth dilution	CLSI
573.13431	Klebsiella pneumoniae KPN1494ec	imipenem	Resistant	Laboratory Method	Broth dilution	CLSI
573.62736	Klebsiella pneumoniae MGL_128	imipenem	Resistant	Laboratory Method	Disk diffusion	
573.1288	Klebsiella pneumoniae 3365	imipenem	Resistant	Laboratory Method	Broth dilution	CLSI
573.14431	Klebsiella pneumoniae KPN836ec	imipenem	Resistant	Laboratory Method	Broth dilution	CLSI
573.14311	Klebsiella pneumoniae KPN680ec	imipenem	Resistant	Laboratory Method	Broth dilution	CLSI
573.14091	Klebsiella pneumoniae KPN368ec	imipenem	Resistant	Laboratory Method	Broth dilution	CLSI
573.29912	Klebsiella pneumoniae strain Kpngiani7132603	imipenem	Resistant	Laboratory Method	Broth dilution	EUCAST
573.24276	Klebsiella pneumoniae strain 29	imipenem	Resistant	Laboratory Method	Broth dilution	CLSI
573.1719	Klebsiella pneumoniae strain KpVA-1	imipenem	Resistant	Laboratory Method	Disk diffusion	EUCAST
1284826.3	Klebsiella pneumoniae VAKPC269	imipenem	Resistant	Laboratory Method		
573.67419	Klebsiella pneumoniae MGL_134	imipenem	Resistant	Laboratory Method	Disk diffusion	CLSI, EUCAST
573.24426	Klebsiella pneumoniae strain MUGSI_64	imipenem	Resistant	Laboratory Method	Broth dilution	CLSI
573.29903	Klebsiella pneumoniae strain Kpngiani7132604	imipenem	Resistant	Laboratory Method	Broth dilution	EUCAST
573.29984	Klebsiella pneumoniae strain Kpngiani7132524	imipenem	Resistant	Laboratory Method	Broth dilution	EUCAST
573.13989	Klebsiella pneumoniae KPN248ec	imipenem	Resistant	Laboratory Method	Broth dilution	CLSI
72407.2894	Klebsiella pneumoniae subsp. pneumoniae MRSN752795	imipenem	Resistant	Laboratory Method		
1438771.3	Klebsiella pneumoniae CHS 65	imipenem	Resistant	Laboratory Method	Broth dilution	
573.13566	Klebsiella pneumoniae KPN1659ec	imipenem	Resistant	Laboratory Method	Broth dilution	CLSI
573.14352	Klebsiella pneumoniae KPN727ec	imipenem	Resistant	Laboratory Method	Broth dilution	CLSI
573.24421	Klebsiella pneumoniae strain MUGSI_57	imipenem	Resistant	Laboratory Method	Broth dilution	CLSI
573.13788	Klebsiella pneumoniae KPN1937ec	imipenem	Resistant	Laboratory Method	Broth dilution	CLSI
573.14422	Klebsiella pneumoniae KPN823ec	imipenem	Resistant	Laboratory Method	Broth dilution	CLSI
573.13616	Klebsiella pneumoniae KPN1713ec	imipenem	Resistant	Laboratory Method	Broth dilution	CLSI
573.13955	Klebsiella pneumoniae KPN2166ec	imipenem	Resistant	Laboratory Method	Broth dilution	CLSI
573.67404	Klebsiella pneumoniae MGL_171	imipenem	Resistant	Laboratory Method	Disk diffusion	CLSI, EUCAST
573.1721	Klebsiella pneumoniae strain KpVA-3	imipenem	Resistant	Laboratory Method	Disk diffusion	EUCAST
573.67395	Klebsiella pneumoniae MGL_K_10	imipenem	Resistant	Laboratory Method	Disk diffusion	CLSI, EUCAST
573.14475	Klebsiella pneumoniae KPN896ec	imipenem	Resistant	Laboratory Method	Broth dilution	CLSI
573.6272	Klebsiella pneumoniae MGL_173	imipenem	Resistant	Laboratory Method	Disk diffusion	
573.30014	Klebsiella pneumoniae strain Kpngiani7132530	imipenem	Resistant	Laboratory Method	Broth dilution	EUCAST
573.62717	Klebsiella pneumoniae MGL_178	imipenem	Resistant	Laboratory Method	Disk diffusion	
573.15448	Klebsiella pneumoniae strain 10315_6#3	imipenem	Resistant	Laboratory Method	Disk diffusion	CLSI
573.12783	Klebsiella pneumoniae strain AR_0107	imipenem	Resistant	Laboratory Method	Broth dilution	CLSI
573.13781	Klebsiella pneumoniae KPN1929ec	imipenem	Resistant	Laboratory Method	Broth dilution	CLSI
573.13224	Klebsiella pneumoniae KPN1243ec	imipenem	Resistant	Laboratory Method	Broth dilution	CLSI
573.14388	Klebsiella pneumoniae KPN773ec	imipenem	Resistant	Laboratory Method	Broth dilution	CLSI
573.24396	Klebsiella pneumoniae strain MUGSI_312	imipenem	Resistant	Laboratory Method	Broth dilution	CLSI
573.1384	Klebsiella pneumoniae KPN200ec	imipenem	Resistant	Laboratory Method	Broth dilution	CLSI
573.14115	Klebsiella pneumoniae KPN393ec	imipenem	Resistant	Laboratory Method	Broth dilution	CLSI
573.1409	Klebsiella pneumoniae KPN367ec	imipenem	Resistant	Laboratory Method	Broth dilution	CLSI
1328386.3	Klebsiella pneumoniae BWH 36	imipenem	Resistant	Laboratory Method	Broth dilution	
1438708.3	Klebsiella pneumoniae CHS 02	imipenem	Resistant	Laboratory Method	Broth dilution	
573.29969	Klebsiella pneumoniae strain Kpngiani7132492	imipenem	Resistant	Laboratory Method	Broth dilution	EUCAST
574.2	Klebsiella pneumoniae subsp. ozaenae strain AR_0096	imipenem	Resistant	Laboratory Method	Broth dilution	CLSI
573.13195	Klebsiella pneumoniae KPN1204ec	imipenem	Resistant	Laboratory Method	Broth dilution	CLSI
573.14357	Klebsiella pneumoniae KPN734ec	imipenem	Resistant	Laboratory Method	Broth dilution	CLSI
573.30003	Klebsiella pneumoniae strain Kpngiani7132536	imipenem	Resistant	Laboratory Method	Broth dilution	EUCAST
573.29917	Klebsiella pneumoniae strain Kpngiani7132613	imipenem	Resistant	Laboratory Method	Broth dilution	EUCAST
573.29883	Klebsiella pneumoniae strain Kpngiani7132580	imipenem	Resistant	Laboratory Method	Broth dilution	EUCAST
573.13916	Klebsiella pneumoniae KPN2093ec	imipenem	Resistant	Laboratory Method	Broth dilution	CLSI
573.13182	Klebsiella pneumoniae KPN1190ec	imipenem	Resistant	Laboratory Method	Broth dilution	CLSI
573.14105	Klebsiella pneumoniae KPN382ec	imipenem	Resistant	Laboratory Method	Broth dilution	CLSI
573.62689	Klebsiella pneumoniae MGL_89	imipenem	Resistant	Laboratory Method	Disk diffusion	
573.13564	Klebsiella pneumoniae KPN1655ec	imipenem	Resistant	Laboratory Method	Broth dilution	CLSI
573.29895	Klebsiella pneumoniae strain Kpngiani7132574	imipenem	Resistant	Laboratory Method	Broth dilution	EUCAST
573.5781	Klebsiella pneumoniae strain 10_GR_13	imipenem	Resistant	Laboratory Method	Broth dilution	CLSI
573.13288	Klebsiella pneumoniae KPN1328ec	imipenem	Resistant	Laboratory Method	Broth dilution	CLSI
573.29863	Klebsiella pneumoniae strain Kpngiani7132562	imipenem	Resistant	Laboratory Method	Broth dilution	EUCAST
573.67416	Klebsiella pneumoniae MGL_K_1	imipenem	Resistant	Laboratory Method	Disk diffusion	CLSI, EUCAST
573.14061	Klebsiella pneumoniae KPN329ec	imipenem	Resistant	Laboratory Method	Broth dilution	CLSI
573.14342	Klebsiella pneumoniae KPN716ec	imipenem	Resistant	Laboratory Method	Broth dilution	CLSI
573.14243	Klebsiella pneumoniae KPN568ec	imipenem	Resistant	Laboratory Method	Broth dilution	CLSI
573.24371	Klebsiella pneumoniae strain MUGSI_184	imipenem	Resistant	Laboratory Method	Broth dilution	CLSI
573.5636	Klebsiella pneumoniae strain 16_GR_13	imipenem	Resistant	Laboratory Method	Broth dilution	CLSI
573.14472	Klebsiella pneumoniae KPN893ec	imipenem	Resistant	Laboratory Method	Broth dilution	CLSI
573.14455	Klebsiella pneumoniae KPN870ec	imipenem	Resistant	Laboratory Method	Broth dilution	CLSI
573.14371	Klebsiella pneumoniae KPN752ec	imipenem	Resistant	Laboratory Method	Broth dilution	CLSI
573.24342	Klebsiella pneumoniae strain MUGSI_125	imipenem	Resistant	Laboratory Method	Broth dilution	CLSI
573.13689	Klebsiella pneumoniae KPN1821ec	imipenem	Resistant	Laboratory Method	Broth dilution	CLSI
573.14314	Klebsiella pneumoniae KPN683ec	imipenem	Resistant	Laboratory Method	Broth dilution	CLSI
573.5623	Klebsiella pneumoniae strain 18_GR_14	imipenem	Resistant	Laboratory Method	Broth dilution	CLSI
1438758.3	Klebsiella pneumoniae CHS 52	imipenem	Resistant	Laboratory Method	Broth dilution	
573.13797	Klebsiella pneumoniae KPN194ec	imipenem	Resistant	Laboratory Method	Broth dilution	CLSI
573.24376	Klebsiella pneumoniae strain MUGSI_2	imipenem	Resistant	Laboratory Method	Broth dilution	CLSI
573.24269	Klebsiella pneumoniae strain 25	imipenem	Resistant	Laboratory Method	Broth dilution	CLSI
573.29938	Klebsiella pneumoniae strain Kpngiani7132501	imipenem	Resistant	Laboratory Method	Broth dilution	EUCAST
573.13432	Klebsiella pneumoniae KPN1495ec	imipenem	Resistant	Laboratory Method	Broth dilution	CLSI
573.13957	Klebsiella pneumoniae KPN2168ec	imipenem	Resistant	Laboratory Method	Broth dilution	CLSI
1438736.3	Klebsiella pneumoniae CHS 30	imipenem	Resistant	Laboratory Method	Broth dilution	
573.14281	Klebsiella pneumoniae KPN614ec	imipenem	Resistant	Laboratory Method	Broth dilution	CLSI
573.29951	Klebsiella pneumoniae strain Kpngiani7132505	imipenem	Resistant	Laboratory Method	Broth dilution	EUCAST
573.14401	Klebsiella pneumoniae KPN793ec	imipenem	Resistant	Laboratory Method	Broth dilution	CLSI
573.29899	Klebsiella pneumoniae strain Kpngiani7132602	imipenem	Resistant	Laboratory Method	Broth dilution	EUCAST
573.29864	Klebsiella pneumoniae strain Kpngiani7132571	imipenem	Resistant	Laboratory Method	Broth dilution	EUCAST
573.14542	Klebsiella pneumoniae KPN984ec	imipenem	Resistant	Laboratory Method	Broth dilution	CLSI
573.23206	Klebsiella pneumoniae strain KP_241	imipenem	Resistant	Laboratory Method	Disk diffusion	CLSI
573.29889	Klebsiella pneumoniae strain Kpngiani7132573	imipenem	Resistant	Laboratory Method	Broth dilution	EUCAST
573.13307	Klebsiella pneumoniae KPN1347ec	imipenem	Resistant	Laboratory Method	Broth dilution	CLSI
1438730.3	Klebsiella pneumoniae CHS 24	imipenem	Resistant	Laboratory Method	Broth dilution	
573.30004	Klebsiella pneumoniae strain Kpngiani7132546	imipenem	Resistant	Laboratory Method	Broth dilution	EUCAST
573.24368	Klebsiella pneumoniae strain MUGSI_173	imipenem	Resistant	Laboratory Method	Broth dilution	CLSI
573.12936	Klebsiella pneumoniae 3323	imipenem	Resistant	Laboratory Method	Broth dilution	CLSI
573.14109	Klebsiella pneumoniae KPN386ec	imipenem	Resistant	Laboratory Method	Broth dilution	CLSI
573.14435	Klebsiella pneumoniae KPN840ec	imipenem	Resistant	Laboratory Method	Broth dilution	CLSI
573.13543	Klebsiella pneumoniae KPN1626ec	imipenem	Resistant	Laboratory Method	Broth dilution	CLSI
573.14526	Klebsiella pneumoniae KPN960ec	imipenem	Resistant	Laboratory Method	Broth dilution	CLSI
1284827.3	Klebsiella pneumoniae VAKPC278	imipenem	Resistant	Laboratory Method		
1284800.4	Klebsiella pneumoniae UHKPC61	imipenem	Resistant	Laboratory Method		
573.29888	Klebsiella pneumoniae strain Kpngiani7132585	imipenem	Resistant	Laboratory Method	Broth dilution	EUCAST
573.13178	Klebsiella pneumoniae KPN1186ec	imipenem	Resistant	Laboratory Method	Broth dilution	CLSI
573.24387	Klebsiella pneumoniae strain MUGSI_28	imipenem	Resistant	Laboratory Method	Broth dilution	CLSI
573.24405	Klebsiella pneumoniae strain MUGSI_35	imipenem	Resistant	Laboratory Method	Broth dilution	CLSI
573.1301	Klebsiella pneumoniae 3224	imipenem	Resistant	Laboratory Method	Broth dilution	CLSI
573.14528	Klebsiella pneumoniae KPN963ec	imipenem	Resistant	Laboratory Method	Broth dilution	CLSI
573.24428	Klebsiella pneumoniae strain MUGSI_66	imipenem	Resistant	Laboratory Method	Broth dilution	CLSI
573.13592	Klebsiella pneumoniae KPN1689ec	imipenem	Resistant	Laboratory Method	Broth dilution	CLSI
573.13251	Klebsiella pneumoniae KPN1272ec	imipenem	Resistant	Laboratory Method	Broth dilution	CLSI
573.24338	Klebsiella pneumoniae strain MUGSI_120	imipenem	Resistant	Laboratory Method	Broth dilution	CLSI
573.23196	Klebsiella pneumoniae strain KP_317	imipenem	Resistant	Laboratory Method	Disk diffusion	CLSI
573.13478	Klebsiella pneumoniae KPN1549ec	imipenem	Resistant	Laboratory Method	Broth dilution	CLSI
573.1422	Klebsiella pneumoniae KPN536ec	imipenem	Resistant	Laboratory Method	Broth dilution	CLSI
1284809.4	Klebsiella pneumoniae UHKPC02	imipenem	Resistant	Laboratory Method		
573.12782	Klebsiella pneumoniae strain AR_0148	imipenem	Resistant	Laboratory Method	Broth dilution	CLSI
573.13573	Klebsiella pneumoniae KPN1667ec	imipenem	Resistant	Laboratory Method	Broth dilution	CLSI
573.67407	Klebsiella pneumoniae MGL_173	imipenem	Resistant	Laboratory Method	Disk diffusion	CLSI, EUCAST
573.14329	Klebsiella pneumoniae KPN701ec	imipenem	Resistant	Laboratory Method	Broth dilution	CLSI
573.13685	Klebsiella pneumoniae KPN1817ec	imipenem	Resistant	Laboratory Method	Broth dilution	CLSI
573.13063	Klebsiella pneumoniae KPN1041ec	imipenem	Resistant	Laboratory Method	Broth dilution	CLSI
573.15217	Klebsiella pneumoniae strain AR_0112	imipenem	Resistant	Laboratory Method	Broth dilution	CLSI
573.67244	Klebsiella pneumoniae ERR7221231	meropenem	Resistant	Laboratory Method	Broth dilution	EUCAST
573.46851	Klebsiella pneumoniae KP-23PA	meropenem	Resistant	Laboratory Method	Broth dilution	EUCAST
573.66348	Klebsiella pneumoniae 26994_6#168	meropenem	Resistant	Laboratory Method	MIC	
573.67268	Klebsiella pneumoniae ERR7221260	meropenem	Resistant	Laboratory Method	Broth dilution	EUCAST
573.66425	Klebsiella pneumoniae 27097_7#7	meropenem	Resistant	Laboratory Method	MIC	
573.24249	Klebsiella pneumoniae strain 132	meropenem	Resistant	Laboratory Method	Broth dilution	CLSI
573.66377	Klebsiella pneumoniae 26994_7#155	meropenem	Resistant	Laboratory Method	MIC	
573.66475	Klebsiella pneumoniae 27261_8#97	meropenem	Resistant	Laboratory Method	MIC	
573.66405	Klebsiella pneumoniae 26994_8#154	meropenem	Resistant	Laboratory Method	MIC	
573.66223	Klebsiella pneumoniae 26968_5#66	meropenem	Resistant	Laboratory Method	MIC	
573.66356	Klebsiella pneumoniae 26994_7#52	meropenem	Resistant	Laboratory Method	MIC	
1328401.3	Klebsiella pneumoniae BIDMC 5	meropenem	Resistant	Laboratory Method	Broth dilution	
573.6648	Klebsiella pneumoniae 27261_8#87	meropenem	Resistant	Laboratory Method	MIC	
573.14308	Klebsiella pneumoniae KPN677ec	meropenem	Resistant	Laboratory Method	Broth dilution	CLSI
573.66387	Klebsiella pneumoniae 26994_8#22	meropenem	Resistant	Laboratory Method	MIC	
573.6651	Klebsiella pneumoniae 27322_4#59	meropenem	Resistant	Laboratory Method	MIC	
573.46856	Klebsiella pneumoniae KP-26PI	meropenem	Resistant	Laboratory Method	Broth dilution	EUCAST
573.67673	Klebsiella pneumoniae 26994_6#100	meropenem	Resistant	Laboratory Method	MIC	
573.66421	Klebsiella pneumoniae 27097_7#1	meropenem	Resistant	Laboratory Method	MIC	
573.67255	Klebsiella pneumoniae ERR7221245	meropenem	Resistant	Laboratory Method	Broth dilution	EUCAST
573.66557	Klebsiella pneumoniae 29105_1#128	meropenem	Resistant	Laboratory Method	MIC	
573.67285	Klebsiella pneumoniae ERR7221281	meropenem	Resistant	Laboratory Method	Broth dilution	EUCAST
573.66441	Klebsiella pneumoniae 27261_7#51	meropenem	Resistant	Laboratory Method	MIC	
573.66502	Klebsiella pneumoniae 27261_8#161	meropenem	Resistant	Laboratory Method	MIC	
573.46075	Klebsiella pneumoniae KSB2_5A	meropenem	Resistant	Laboratory Method	Broth dilution	CLSI
72407.513	Klebsiella pneumoniae subsp. pneumoniae strain 3189STDY5864853	meropenem	Resistant	Laboratory Method	Broth dilution	CLSI
573.66381	Klebsiella pneumoniae 26994_7#168	meropenem	Resistant	Laboratory Method	MIC	
573.66487	Klebsiella pneumoniae 27261_8#106	meropenem	Resistant	Laboratory Method	MIC	
573.24306	Klebsiella pneumoniae strain 459	meropenem	Resistant	Laboratory Method	Broth dilution	CLSI
573.66453	Klebsiella pneumoniae 27261_7#68	meropenem	Resistant	Laboratory Method	MIC	
573.66491	Klebsiella pneumoniae 27261_8#111	meropenem	Resistant	Laboratory Method	MIC	
573.664	Klebsiella pneumoniae 26994_8#77	meropenem	Resistant	Laboratory Method	MIC	
573.4687	Klebsiella pneumoniae KP-82LU	meropenem	Resistant	Laboratory Method	Broth dilution	EUCAST
72407.574	Klebsiella pneumoniae subsp. pneumoniae strain 3189STDY5864794	meropenem	Resistant	Laboratory Method	Broth dilution	CLSI
573.66555	Klebsiella pneumoniae 29105_1#376	meropenem	Resistant	Laboratory Method	MIC	
573.66238	Klebsiella pneumoniae 26968_5#151	meropenem	Resistant	Laboratory Method	MIC	
573.66338	Klebsiella pneumoniae 26994_6#123	meropenem	Resistant	Laboratory Method	MIC	
573.66511	Klebsiella pneumoniae 27322_4#56	meropenem	Resistant	Laboratory Method	MIC	
573.66319	Klebsiella pneumoniae 26994_6#72	meropenem	Resistant	Laboratory Method	MIC	
573.6641	Klebsiella pneumoniae 26994_8#157	meropenem	Resistant	Laboratory Method	MIC	
573.66267	Klebsiella pneumoniae 26968_6#130	meropenem	Resistant	Laboratory Method	MIC	
573.46868	Klebsiella pneumoniae KP-74LU	meropenem	Resistant	Laboratory Method	Broth dilution	EUCAST
573.66417	Klebsiella pneumoniae 26994_8#175	meropenem	Resistant	Laboratory Method	MIC	
573.66451	Klebsiella pneumoniae 27261_7#70	meropenem	Resistant	Laboratory Method	MIC	
573.33412	Klebsiella pneumoniae strain PMK25	meropenem	Resistant	Laboratory Method	Broth dilution	EUCAST
72407.511	Klebsiella pneumoniae subsp. pneumoniae strain 3189STDY5864752	meropenem	Resistant	Laboratory Method	Broth dilution	CLSI
573.66412	Klebsiella pneumoniae 26994_8#140	meropenem	Resistant	Laboratory Method	MIC	
573.66368	Klebsiella pneumoniae 26994_7#117	meropenem	Resistant	Laboratory Method	MIC	
573.2428	Klebsiella pneumoniae strain 31	meropenem	Resistant	Laboratory Method	Broth dilution	CLSI
573.46875	Klebsiella pneumoniae KP-91LU	meropenem	Resistant	Laboratory Method	Broth dilution	EUCAST
573.15329	Klebsiella pneumoniae strain KSB1_5D	meropenem	Resistant	Laboratory Method	Broth dilution	CLSI
573.6729	Klebsiella pneumoniae ERR7221287	meropenem	Resistant	Laboratory Method	Broth dilution	EUCAST
573.24244	Klebsiella pneumoniae strain 101	meropenem	Resistant	Laboratory Method	Broth dilution	CLSI
573.66512	Klebsiella pneumoniae 27322_4#55	meropenem	Resistant	Laboratory Method	MIC	
573.46829	Klebsiella pneumoniae KP-101LU	meropenem	Resistant	Laboratory Method	Broth dilution	EUCAST
573.67233	Klebsiella pneumoniae ERR7221216	meropenem	Resistant	Laboratory Method	Broth dilution	EUCAST
573.66563	Klebsiella pneumoniae 29135_1#109	meropenem	Resistant	Laboratory Method	MIC	
573.1537	Klebsiella pneumoniae strain INF157	meropenem	Resistant	Laboratory Method	Broth dilution	CLSI
573.66541	Klebsiella pneumoniae 27322_4#179	meropenem	Resistant	Laboratory Method	MIC	
573.46859	Klebsiella pneumoniae KP-28P	meropenem	Resistant	Laboratory Method	Broth dilution	EUCAST
573.67335	Klebsiella pneumoniae ERR7221345	meropenem	Resistant	Laboratory Method	Broth dilution	EUCAST
573.67302	Klebsiella pneumoniae ERR7221301	meropenem	Resistant	Laboratory Method	Broth dilution	EUCAST
573.66308	Klebsiella pneumoniae 26975_5#137	meropenem	Resistant	Laboratory Method	MIC	
573.4686	Klebsiella pneumoniae KP-2SI	meropenem	Resistant	Laboratory Method	Broth dilution	EUCAST
573.15496	Klebsiella pneumoniae strain 10315_6#9	meropenem	Resistant	Laboratory Method	Disk diffusion	CLSI
573.66532	Klebsiella pneumoniae 27322_4#113	meropenem	Resistant	Laboratory Method	MIC	
573.66437	Klebsiella pneumoniae 27261_7#14	meropenem	Resistant	Laboratory Method	MIC	
573.66362	Klebsiella pneumoniae 26994_7#89	meropenem	Resistant	Laboratory Method	MIC	
573.67301	Klebsiella pneumoniae ERR7221304	meropenem	Resistant	Laboratory Method	Broth dilution	EUCAST
573.1316	Klebsiella pneumoniae KPN1165ec	meropenem	Resistant	Laboratory Method	Broth dilution	CLSI
1328404.3	Klebsiella pneumoniae BIDMC 10	meropenem	Resistant	Laboratory Method	Broth dilution	
573.66164	Klebsiella pneumoniae ERR2118034	meropenem	Resistant	Laboratory Method	Broth dilution	EUCAST
573.1809	Klebsiella pneumoniae strain AR_0141	meropenem	Resistant	Laboratory Method	Broth dilution	CLSI
573.66524	Klebsiella pneumoniae 27322_4#71	meropenem	Resistant	Laboratory Method	MIC	
573.67242	Klebsiella pneumoniae ERR7221236	meropenem	Resistant	Laboratory Method	Broth dilution	EUCAST
573.46864	Klebsiella pneumoniae KP-42LI	meropenem	Resistant	Laboratory Method	Broth dilution	EUCAST
573.6644	Klebsiella pneumoniae 27261_7#56	meropenem	Resistant	Laboratory Method	MIC	
573.66285	Klebsiella pneumoniae 26975_5#10	meropenem	Resistant	Laboratory Method	MIC	
573.15369	Klebsiella pneumoniae strain INF158	meropenem	Resistant	Laboratory Method	Broth dilution	CLSI
573.14128	Klebsiella pneumoniae KPN407ec	meropenem	Resistant	Laboratory Method	Broth dilution	CLSI
573.33416	Klebsiella pneumoniae strain PMK5a	meropenem	Resistant	Laboratory Method	Broth dilution	EUCAST
573.66279	Klebsiella pneumoniae 26975_4#30	meropenem	Resistant	Laboratory Method	MIC	
573.66383	Klebsiella pneumoniae 26994_7#161	meropenem	Resistant	Laboratory Method	MIC	
573.67239	Klebsiella pneumoniae ERR7221220	meropenem	Resistant	Laboratory Method	Broth dilution	EUCAST
573.67246	Klebsiella pneumoniae ERR7221226	meropenem	Resistant	Laboratory Method	Broth dilution	EUCAST
573.66325	Klebsiella pneumoniae 26994_6#93	meropenem	Resistant	Laboratory Method	MIC	
573.13236	Klebsiella pneumoniae KPN1257ec	meropenem	Resistant	Laboratory Method	Broth dilution	CLSI
573.67259	Klebsiella pneumoniae ERR7221251	meropenem	Resistant	Laboratory Method	Broth dilution	EUCAST
573.66273	Klebsiella pneumoniae 26975_4#26	meropenem	Resistant	Laboratory Method	MIC	
573.66242	Klebsiella pneumoniae 26968_6#1	meropenem	Resistant	Laboratory Method	MIC	
573.66335	Klebsiella pneumoniae 26994_6#120	meropenem	Resistant	Laboratory Method	MIC	
573.67202	Klebsiella pneumoniae ERR7221180	meropenem	Resistant	Laboratory Method	Broth dilution	EUCAST
573.67236	Klebsiella pneumoniae ERR7221222	meropenem	Resistant	Laboratory Method	Broth dilution	EUCAST
573.66323	Klebsiella pneumoniae 26994_6#77	meropenem	Resistant	Laboratory Method	MIC	
72407.569	Klebsiella pneumoniae subsp. pneumoniae strain 3189STDY5864793	meropenem	Resistant	Laboratory Method	Broth dilution	CLSI
573.14217	Klebsiella pneumoniae KPN533ec	meropenem	Resistant	Laboratory Method	Broth dilution	CLSI
573.66166	Klebsiella pneumoniae ERR2118036	meropenem	Resistant	Laboratory Method	Broth dilution	EUCAST
573.66115	Klebsiella pneumoniae ERR1815068	meropenem	Resistant	Laboratory Method	Broth dilution	EUCAST
573.67318	Klebsiella pneumoniae ERR7221324	meropenem	Resistant	Laboratory Method	Broth dilution	EUCAST
573.6643	Klebsiella pneumoniae 27097_7#75	meropenem	Resistant	Laboratory Method	MIC	
573.13222	Klebsiella pneumoniae KPN1241ec	meropenem	Resistant	Laboratory Method	Broth dilution	CLSI
573.66367	Klebsiella pneumoniae 26994_7#90	meropenem	Resistant	Laboratory Method	MIC	
573.6634	Klebsiella pneumoniae 26994_6#165	meropenem	Resistant	Laboratory Method	MIC	
573.66463	Klebsiella pneumoniae 27261_8#22	meropenem	Resistant	Laboratory Method	MIC	
573.67225	Klebsiella pneumoniae ERR7221211	meropenem	Resistant	Laboratory Method	Broth dilution	EUCAST
573.67314	Klebsiella pneumoniae ERR7221316	meropenem	Resistant	Laboratory Method	Broth dilution	EUCAST
573.67221	Klebsiella pneumoniae ERR7221201	meropenem	Resistant	Laboratory Method	Broth dilution	EUCAST
573.6639	Klebsiella pneumoniae 26994_8#37	meropenem	Resistant	Laboratory Method	MIC	
573.46867	Klebsiella pneumoniae KP-51LI	meropenem	Resistant	Laboratory Method	Broth dilution	EUCAST
573.66108	Klebsiella pneumoniae ERR1813604	meropenem	Resistant	Laboratory Method	Broth dilution	EUCAST
573.33395	Klebsiella pneumoniae strain PMK14	meropenem	Resistant	Laboratory Method	Broth dilution	EUCAST
573.15613	Klebsiella pneumoniae strain KSB2_8B	meropenem	Resistant	Laboratory Method	Broth dilution	CLSI
573.6624	Klebsiella pneumoniae 26968_5#174	meropenem	Resistant	Laboratory Method	MIC	
573.66215	Klebsiella pneumoniae 26968_5#4	meropenem	Resistant	Laboratory Method	MIC	
573.66247	Klebsiella pneumoniae 26968_6#8	meropenem	Resistant	Laboratory Method	MIC	
573.66314	Klebsiella pneumoniae 26975_5#155	meropenem	Resistant	Laboratory Method	MIC	
573.66464	Klebsiella pneumoniae 27261_8#32	meropenem	Resistant	Laboratory Method	MIC	
573.66243	Klebsiella pneumoniae 26968_5#192	meropenem	Resistant	Laboratory Method	MIC	
573.15614	Klebsiella pneumoniae strain KSB2_2B	meropenem	Resistant	Laboratory Method	Broth dilution	CLSI
72407.591	Klebsiella pneumoniae subsp. pneumoniae strain 3189STDY5864820	meropenem	Resistant	Laboratory Method	Broth dilution	CLSI
573.66472	Klebsiella pneumoniae 27261_8#46	meropenem	Resistant	Laboratory Method	MIC	
72407.486	Klebsiella pneumoniae subsp. pneumoniae strain 3189STDY5864851	meropenem	Resistant	Laboratory Method	Broth dilution	CLSI
573.67271	Klebsiella pneumoniae ERR7221266	meropenem	Resistant	Laboratory Method	Broth dilution	EUCAST
573.31072	Klebsiella pneumoniae strain PH44	meropenem	Resistant	Laboratory Method	Disk diffusion	CLSI
573.12779	Klebsiella pneumoniae strain AR_0139	meropenem	Resistant	Laboratory Method	Broth dilution	CLSI
573.66584	Klebsiella pneumoniae 27322_4#35	meropenem	Resistant	Laboratory Method	MIC	
573.66342	Klebsiella pneumoniae 26994_6#164	meropenem	Resistant	Laboratory Method	MIC	
573.67217	Klebsiella pneumoniae ERR7221196	meropenem	Resistant	Laboratory Method	Broth dilution	EUCAST
573.66275	Klebsiella pneumoniae 26968_6#191	meropenem	Resistant	Laboratory Method	MIC	
573.15618	Klebsiella pneumoniae strain KSB2_5A	meropenem	Resistant	Laboratory Method	Broth dilution	CLSI
573.66364	Klebsiella pneumoniae 26994_7#99	meropenem	Resistant	Laboratory Method	MIC	
573.66371	Klebsiella pneumoniae 26994_7#120	meropenem	Resistant	Laboratory Method	MIC	
573.66384	Klebsiella pneumoniae 26994_8#19	meropenem	Resistant	Laboratory Method	MIC	
573.66143	Klebsiella pneumoniae ERR1840998	meropenem	Resistant	Laboratory Method	Broth dilution	EUCAST
573.6656	Klebsiella pneumoniae 29109_2#379	meropenem	Resistant	Laboratory Method	MIC	
573.6722	Klebsiella pneumoniae ERR7221200	meropenem	Resistant	Laboratory Method	Broth dilution	EUCAST
573.67276	Klebsiella pneumoniae ERR7221273	meropenem	Resistant	Laboratory Method	Broth dilution	EUCAST
573.66509	Klebsiella pneumoniae 27322_4#60	meropenem	Resistant	Laboratory Method	MIC	
573.67313	Klebsiella pneumoniae ERR7221320	meropenem	Resistant	Laboratory Method	Broth dilution	EUCAST
573.66444	Klebsiella pneumoniae 27261_7#64	meropenem	Resistant	Laboratory Method	MIC	
573.66426	Klebsiella pneumoniae 27097_7#44	meropenem	Resistant	Laboratory Method	MIC	
573.66341	Klebsiella pneumoniae 26994_6#159	meropenem	Resistant	Laboratory Method	MIC	
573.66442	Klebsiella pneumoniae 27261_7#24	meropenem	Resistant	Laboratory Method	MIC	
573.66385	Klebsiella pneumoniae 26994_8#21	meropenem	Resistant	Laboratory Method	MIC	
573.66399	Klebsiella pneumoniae 26994_8#114	meropenem	Resistant	Laboratory Method	MIC	
573.66521	Klebsiella pneumoniae 27322_4#36	meropenem	Resistant	Laboratory Method	MIC	
573.66316	Klebsiella pneumoniae 26994_6#75	meropenem	Resistant	Laboratory Method	MIC	
573.66311	Klebsiella pneumoniae 26975_5#169	meropenem	Resistant	Laboratory Method	MIC	
573.66551	Klebsiella pneumoniae 29105_1#255	meropenem	Resistant	Laboratory Method	MIC	
573.67305	Klebsiella pneumoniae ERR7221311	meropenem	Resistant	Laboratory Method	Broth dilution	EUCAST
573.14186	Klebsiella pneumoniae KPN479ec	meropenem	Resistant	Laboratory Method	Broth dilution	CLSI
1328409.3	Klebsiella pneumoniae BIDMC 13	meropenem	Resistant	Laboratory Method	Broth dilution	
573.67229	Klebsiella pneumoniae ERR7221213	meropenem	Resistant	Laboratory Method	Broth dilution	EUCAST
573.66293	Klebsiella pneumoniae 26975_4#124	meropenem	Resistant	Laboratory Method	MIC	
573.66518	Klebsiella pneumoniae 27322_4#37	meropenem	Resistant	Laboratory Method	MIC	
573.67324	Klebsiella pneumoniae ERR7221335	meropenem	Resistant	Laboratory Method	Broth dilution	EUCAST
573.13451	Klebsiella pneumoniae KPN1518ec	meropenem	Resistant	Laboratory Method	Broth dilution	CLSI
573.33398	Klebsiella pneumoniae strain PMK13a	meropenem	Resistant	Laboratory Method	Broth dilution	EUCAST
573.66217	Klebsiella pneumoniae 26968_5#10	meropenem	Resistant	Laboratory Method	MIC	
573.66265	Klebsiella pneumoniae 26968_6#115	meropenem	Resistant	Laboratory Method	MIC	
573.66334	Klebsiella pneumoniae 26994_6#117	meropenem	Resistant	Laboratory Method	MIC	
573.66545	Klebsiella pneumoniae 29105_1#120	meropenem	Resistant	Laboratory Method	MIC	
573.66452	Klebsiella pneumoniae 27261_7#85	meropenem	Resistant	Laboratory Method	MIC	
573.66369	Klebsiella pneumoniae 26994_7#115	meropenem	Resistant	Laboratory Method	MIC	
573.66565	Klebsiella pneumoniae 29339_1#55	meropenem	Resistant	Laboratory Method	MIC	
573.66271	Klebsiella pneumoniae 26968_6#186	meropenem	Resistant	Laboratory Method	MIC	
573.4685	Klebsiella pneumoniae KP-22PI	meropenem	Resistant	Laboratory Method	Broth dilution	EUCAST
573.66416	Klebsiella pneumoniae 26994_8#174	meropenem	Resistant	Laboratory Method	MIC	
573.66386	Klebsiella pneumoniae 26994_8#18	meropenem	Resistant	Laboratory Method	MIC	
573.66236	Klebsiella pneumoniae 26968_5#128	meropenem	Resistant	Laboratory Method	MIC	
573.67297	Klebsiella pneumoniae ERR7221298	meropenem	Resistant	Laboratory Method	Broth dilution	EUCAST
573.15435	Klebsiella pneumoniae strain 10315_6#17	meropenem	Resistant	Laboratory Method	Disk diffusion	CLSI
573.6733	Klebsiella pneumoniae ERR7221342	meropenem	Resistant	Laboratory Method	Broth dilution	EUCAST
573.66411	Klebsiella pneumoniae 26994_8#142	meropenem	Resistant	Laboratory Method	MIC	
573.66148	Klebsiella pneumoniae ERR2106615	meropenem	Resistant	Laboratory Method	Broth dilution	EUCAST
573.66394	Klebsiella pneumoniae 26994_8#69	meropenem	Resistant	Laboratory Method	MIC	
573.66396	Klebsiella pneumoniae 26994_8#79	meropenem	Resistant	Laboratory Method	MIC	
573.12959	Klebsiella pneumoniae 3283	meropenem	Resistant	Laboratory Method	Broth dilution	CLSI
573.66283	Klebsiella pneumoniae 26975_5#2	meropenem	Resistant	Laboratory Method	MIC	
573.66542	Klebsiella pneumoniae 29105_1#112	meropenem	Resistant	Laboratory Method	MIC	
573.26278	Klebsiella pneumoniae strain 5012STDY7626397	meropenem	Resistant	Laboratory Method	Broth dilution	
573.46853	Klebsiella pneumoniae KP-24PI	meropenem	Resistant	Laboratory Method	Broth dilution	EUCAST
573.46855	Klebsiella pneumoniae KP-25PI	meropenem	Resistant	Laboratory Method	Broth dilution	EUCAST
573.66499	Klebsiella pneumoniae 27261_8#156	meropenem	Resistant	Laboratory Method	MIC	
72407.521	Klebsiella pneumoniae subsp. pneumoniae strain 3189STDY5864855	meropenem	Resistant	Laboratory Method	Broth dilution	CLSI
573.67185	Klebsiella pneumoniae ERR7221161	meropenem	Resistant	Laboratory Method	Broth dilution	EUCAST
573.46831	Klebsiella pneumoniae KP-106LU	meropenem	Resistant	Laboratory Method	Broth dilution	EUCAST
573.66351	Klebsiella pneumoniae 26994_7#32	meropenem	Resistant	Laboratory Method	MIC	
573.24288	Klebsiella pneumoniae strain 350	meropenem	Resistant	Laboratory Method	Broth dilution	CLSI
573.6622	Klebsiella pneumoniae 26968_5#50	meropenem	Resistant	Laboratory Method	MIC	
72407.541	Klebsiella pneumoniae subsp. pneumoniae strain 3189STDY5864770	meropenem	Resistant	Laboratory Method	Broth dilution	CLSI
573.66413	Klebsiella pneumoniae 26994_8#143	meropenem	Resistant	Laboratory Method	MIC	
573.24308	Klebsiella pneumoniae strain 463	meropenem	Resistant	Laboratory Method	Broth dilution	CLSI
573.66427	Klebsiella pneumoniae 27097_7#10	meropenem	Resistant	Laboratory Method	MIC	
573.1353	Klebsiella pneumoniae KPN160ec	meropenem	Resistant	Laboratory Method	Broth dilution	CLSI
573.66233	Klebsiella pneumoniae 26968_5#139	meropenem	Resistant	Laboratory Method	MIC	
573.66229	Klebsiella pneumoniae 26968_5#80	meropenem	Resistant	Laboratory Method	MIC	
573.6725	Klebsiella pneumoniae ERR7221224	meropenem	Resistant	Laboratory Method	Broth dilution	EUCAST
573.66124	Klebsiella pneumoniae ERR1829914	meropenem	Resistant	Laboratory Method	Broth dilution	EUCAST
573.66235	Klebsiella pneumoniae 26968_5#137	meropenem	Resistant	Laboratory Method	MIC	
573.66305	Klebsiella pneumoniae 26975_5#59	meropenem	Resistant	Laboratory Method	MIC	
573.66527	Klebsiella pneumoniae 27322_4#74	meropenem	Resistant	Laboratory Method	MIC	
573.13866	Klebsiella pneumoniae KPN2040ec	meropenem	Resistant	Laboratory Method	Broth dilution	CLSI
573.66142	Klebsiella pneumoniae ERR1841001	meropenem	Resistant	Laboratory Method	Broth dilution	EUCAST
573.66303	Klebsiella pneumoniae 26975_5#64	meropenem	Resistant	Laboratory Method	MIC	
573.66298	Klebsiella pneumoniae 26975_5#27	meropenem	Resistant	Laboratory Method	MIC	
573.67336	Klebsiella pneumoniae ERR7221348	meropenem	Resistant	Laboratory Method	Broth dilution	EUCAST
573.5811	Klebsiella pneumoniae strain PB509	meropenem	Resistant	Laboratory Method	Broth dilution	EUCAST
573.67329	Klebsiella pneumoniae ERR7221340	meropenem	Resistant	Laboratory Method	Broth dilution	EUCAST
573.66424	Klebsiella pneumoniae 27097_7#8	meropenem	Resistant	Laboratory Method	MIC	
573.66488	Klebsiella pneumoniae 27261_8#103	meropenem	Resistant	Laboratory Method	MIC	
573.66506	Klebsiella pneumoniae 27261_8#179	meropenem	Resistant	Laboratory Method	MIC	
573.67269	Klebsiella pneumoniae ERR7221258	meropenem	Resistant	Laboratory Method	Broth dilution	EUCAST
573.66299	Klebsiella pneumoniae 26975_5#20	meropenem	Resistant	Laboratory Method	MIC	
573.66287	Klebsiella pneumoniae 26975_4#130	meropenem	Resistant	Laboratory Method	MIC	
573.6612	Klebsiella pneumoniae ERR1829917	meropenem	Resistant	Laboratory Method	Broth dilution	EUCAST
573.14286	Klebsiella pneumoniae KPN619ec	meropenem	Resistant	Laboratory Method	Broth dilution	CLSI
573.66486	Klebsiella pneumoniae 27261_8#107	meropenem	Resistant	Laboratory Method	MIC	
573.67226	Klebsiella pneumoniae ERR7221209	meropenem	Resistant	Laboratory Method	Broth dilution	EUCAST
573.14212	Klebsiella pneumoniae KPN526ec	meropenem	Resistant	Laboratory Method	Broth dilution	CLSI
573.4684	Klebsiella pneumoniae KP-14PI	meropenem	Resistant	Laboratory Method	Broth dilution	EUCAST
573.6645	Klebsiella pneumoniae 27261_7#135	meropenem	Resistant	Laboratory Method	MIC	
573.66352	Klebsiella pneumoniae 26994_7#26	meropenem	Resistant	Laboratory Method	MIC	
573.66307	Klebsiella pneumoniae 26975_5#153	meropenem	Resistant	Laboratory Method	MIC	
573.67222	Klebsiella pneumoniae ERR7221204	meropenem	Resistant	Laboratory Method	Broth dilution	EUCAST
573.66391	Klebsiella pneumoniae 26994_8#38	meropenem	Resistant	Laboratory Method	MIC	
573.33402	Klebsiella pneumoniae strain PMK19	meropenem	Resistant	Laboratory Method	Broth dilution	EUCAST
573.66448	Klebsiella pneumoniae 27261_7#145	meropenem	Resistant	Laboratory Method	MIC	
573.66556	Klebsiella pneumoniae 29109_2#143	meropenem	Resistant	Laboratory Method	MIC	
573.66291	Klebsiella pneumoniae 26975_4#152	meropenem	Resistant	Laboratory Method	MIC	
573.15044	Klebsiella pneumoniae strain AR_0047	meropenem	Resistant	Laboratory Method	Broth dilution	CLSI
573.66529	Klebsiella pneumoniae 27322_4#104	meropenem	Resistant	Laboratory Method	MIC	
573.67277	Klebsiella pneumoniae ERR7221276	meropenem	Resistant	Laboratory Method	Broth dilution	EUCAST
573.66375	Klebsiella pneumoniae 26994_7#126	meropenem	Resistant	Laboratory Method	MIC	
573.66361	Klebsiella pneumoniae 26994_7#87	meropenem	Resistant	Laboratory Method	MIC	
72407.504	Klebsiella pneumoniae subsp. pneumoniae strain 3189STDY5864834	meropenem	Resistant	Laboratory Method	Broth dilution	CLSI
573.14	Klebsiella pneumoniae KPN261ec	meropenem	Resistant	Laboratory Method	Broth dilution	CLSI
573.66408	Klebsiella pneumoniae 26994_8#159	meropenem	Resistant	Laboratory Method	MIC	
573.6731	Klebsiella pneumoniae ERR7221309	meropenem	Resistant	Laboratory Method	Broth dilution	EUCAST
573.66231	Klebsiella pneumoniae 26968_5#76	meropenem	Resistant	Laboratory Method	MIC	
573.2426	Klebsiella pneumoniae strain 2	meropenem	Resistant	Laboratory Method	Broth dilution	CLSI
573.66139	Klebsiella pneumoniae ERR1840996	meropenem	Resistant	Laboratory Method	Broth dilution	EUCAST
573.67256	Klebsiella pneumoniae ERR7221246	meropenem	Resistant	Laboratory Method	Broth dilution	EUCAST
573.66239	Klebsiella pneumoniae 26968_5#154	meropenem	Resistant	Laboratory Method	MIC	
573.66393	Klebsiella pneumoniae 26994_8#41	meropenem	Resistant	Laboratory Method	MIC	
573.66269	Klebsiella pneumoniae 26968_6#125	meropenem	Resistant	Laboratory Method	MIC	
573.66276	Klebsiella pneumoniae 26975_4#91	meropenem	Resistant	Laboratory Method	MIC	
573.66286	Klebsiella pneumoniae 26975_4#128	meropenem	Resistant	Laboratory Method	MIC	
573.67247	Klebsiella pneumoniae ERR7221225	meropenem	Resistant	Laboratory Method	Broth dilution	EUCAST
573.31074	Klebsiella pneumoniae strain WU12	meropenem	Resistant	Laboratory Method	Disk diffusion	CLSI
573.66374	Klebsiella pneumoniae 26994_7#122	meropenem	Resistant	Laboratory Method	MIC	
573.66322	Klebsiella pneumoniae 26994_6#59	meropenem	Resistant	Laboratory Method	MIC	
573.66553	Klebsiella pneumoniae 29109_2#184	meropenem	Resistant	Laboratory Method	MIC	
573.66363	Klebsiella pneumoniae 26994_7#101	meropenem	Resistant	Laboratory Method	MIC	
573.46849	Klebsiella pneumoniae KP-21POB	meropenem	Resistant	Laboratory Method	Broth dilution	EUCAST
573.66346	Klebsiella pneumoniae 26994_7#20	meropenem	Resistant	Laboratory Method	MIC	
573.46877	Klebsiella pneumoniae KP-9PI	meropenem	Resistant	Laboratory Method	Broth dilution	EUCAST
573.66357	Klebsiella pneumoniae 26994_7#74	meropenem	Resistant	Laboratory Method	MIC	
573.66116	Klebsiella pneumoniae ERR1815069	meropenem	Resistant	Laboratory Method	Broth dilution	EUCAST
573.66225	Klebsiella pneumoniae 26968_5#106	meropenem	Resistant	Laboratory Method	MIC	
573.67678	Klebsiella pneumoniae ERR1811837	meropenem	Resistant	Laboratory Method	Broth dilution	EUCAST
573.66168	Klebsiella pneumoniae ERR2118038	meropenem	Resistant	Laboratory Method	Broth dilution	EUCAST
573.66508	Klebsiella pneumoniae 27261_8#183	meropenem	Resistant	Laboratory Method	MIC	
573.67312	Klebsiella pneumoniae ERR7221322	meropenem	Resistant	Laboratory Method	Broth dilution	EUCAST
573.66221	Klebsiella pneumoniae 26968_5#43	meropenem	Resistant	Laboratory Method	MIC	
573.66365	Klebsiella pneumoniae 26994_7#93	meropenem	Resistant	Laboratory Method	MIC	
573.6631	Klebsiella pneumoniae 26975_5#138	meropenem	Resistant	Laboratory Method	MIC	
573.6635	Klebsiella pneumoniae 26994_7#50	meropenem	Resistant	Laboratory Method	MIC	
573.13364	Klebsiella pneumoniae KPN1423ec	meropenem	Resistant	Laboratory Method	Broth dilution	CLSI
573.1549	Klebsiella pneumoniae strain 10315_6#80	meropenem	Resistant	Laboratory Method	Disk diffusion	CLSI
573.66248	Klebsiella pneumoniae 26968_6#25	meropenem	Resistant	Laboratory Method	MIC	
573.67272	Klebsiella pneumoniae ERR7221267	meropenem	Resistant	Laboratory Method	Broth dilution	EUCAST
573.67156	Klebsiella pneumoniae KP_NORM_URN_2014_96612	meropenem	Resistant	Laboratory Method		EUCAST
573.67215	Klebsiella pneumoniae ERR7221198	meropenem	Resistant	Laboratory Method	Broth dilution	EUCAST
573.31067	Klebsiella pneumoniae strain PH12	meropenem	Resistant	Laboratory Method	Disk diffusion	CLSI
573.66258	Klebsiella pneumoniae 26968_6#72	meropenem	Resistant	Laboratory Method	MIC	
573.66318	Klebsiella pneumoniae 26994_6#57	meropenem	Resistant	Laboratory Method	MIC	
573.67306	Klebsiella pneumoniae ERR7221318	meropenem	Resistant	Laboratory Method	Broth dilution	EUCAST
573.66268	Klebsiella pneumoniae 26968_6#180	meropenem	Resistant	Laboratory Method	MIC	
573.66484	Klebsiella pneumoniae 27261_8#99	meropenem	Resistant	Laboratory Method	MIC	
573.6613	Klebsiella pneumoniae ERR1830483	meropenem	Resistant	Laboratory Method	Broth dilution	EUCAST
573.46861	Klebsiella pneumoniae KP-37LI	meropenem	Resistant	Laboratory Method	Broth dilution	EUCAST
573.1553	Klebsiella pneumoniae strain INF305	meropenem	Resistant	Laboratory Method	Broth dilution	CLSI
573.67241	Klebsiella pneumoniae ERR7221234	meropenem	Resistant	Laboratory Method	Broth dilution	EUCAST
573.46854	Klebsiella pneumoniae KP-25PA	meropenem	Resistant	Laboratory Method	Broth dilution	EUCAST
573.66469	Klebsiella pneumoniae 27261_8#39	meropenem	Resistant	Laboratory Method	MIC	
573.67294	Klebsiella pneumoniae ERR7221297	meropenem	Resistant	Laboratory Method	Broth dilution	EUCAST
573.46846	Klebsiella pneumoniae KP-1PI	meropenem	Resistant	Laboratory Method	Broth dilution	EUCAST
573.67267	Klebsiella pneumoniae ERR7221257	meropenem	Resistant	Laboratory Method	Broth dilution	EUCAST
573.66531	Klebsiella pneumoniae 27322_4#137	meropenem	Resistant	Laboratory Method	MIC	
573.66401	Klebsiella pneumoniae 26994_8#70	meropenem	Resistant	Laboratory Method	MIC	
573.67187	Klebsiella pneumoniae ERR7221157	meropenem	Resistant	Laboratory Method	Broth dilution	EUCAST
573.66552	Klebsiella pneumoniae 29109_2#205	meropenem	Resistant	Laboratory Method	MIC	
1328413.3	Klebsiella pneumoniae BIDMC 18B	meropenem	Resistant	Laboratory Method	Broth dilution	
573.6638	Klebsiella pneumoniae 26994_8#5	meropenem	Resistant	Laboratory Method	MIC	
573.46839	Klebsiella pneumoniae KP-14442FI	meropenem	Resistant	Laboratory Method	Broth dilution	EUCAST
573.6616	Klebsiella pneumoniae ERR2118028	meropenem	Resistant	Laboratory Method	Broth dilution	EUCAST
573.66234	Klebsiella pneumoniae 26968_5#67	meropenem	Resistant	Laboratory Method	MIC	
573.66388	Klebsiella pneumoniae 26994_8#33	meropenem	Resistant	Laboratory Method	MIC	
573.14081	Klebsiella pneumoniae KPN356ec	meropenem	Resistant	Laboratory Method	Broth dilution	CLSI
573.24309	Klebsiella pneumoniae strain 469	meropenem	Resistant	Laboratory Method	Broth dilution	CLSI
573.66376	Klebsiella pneumoniae 26994_7#124	meropenem	Resistant	Laboratory Method	MIC	
573.66414	Klebsiella pneumoniae 26994_8#183	meropenem	Resistant	Laboratory Method	MIC	
573.66477	Klebsiella pneumoniae 27261_8#96	meropenem	Resistant	Laboratory Method	MIC	
573.66435	Klebsiella pneumoniae 27097_7#77	meropenem	Resistant	Laboratory Method	MIC	
573.66114	Klebsiella pneumoniae ERR1815065	meropenem	Resistant	Laboratory Method	Broth dilution	EUCAST
573.66536	Klebsiella pneumoniae 27322_4#155	meropenem	Resistant	Laboratory Method	MIC	
573.6734	Klebsiella pneumoniae ERR7221437	meropenem	Resistant	Laboratory Method	Broth dilution	EUCAST
573.14066	Klebsiella pneumoniae KPN335ec	meropenem	Resistant	Laboratory Method	Broth dilution	CLSI
573.13544	Klebsiella pneumoniae KPN1627ec	meropenem	Resistant	Laboratory Method	Broth dilution	CLSI
573.46872	Klebsiella pneumoniae KP-84LU	meropenem	Resistant	Laboratory Method	Broth dilution	EUCAST
573.46072	Klebsiella pneumoniae KSB2_2B	meropenem	Resistant	Laboratory Method	Broth dilution	CLSI
573.66337	Klebsiella pneumoniae 26994_6#122	meropenem	Resistant	Laboratory Method	MIC	
573.66537	Klebsiella pneumoniae 27098_8#1	meropenem	Resistant	Laboratory Method	MIC	
573.66496	Klebsiella pneumoniae 27261_8#141	meropenem	Resistant	Laboratory Method	MIC	
573.20064	Klebsiella pneumoniae strain AR_0109	meropenem	Resistant	Laboratory Method	Broth dilution	CLSI
573.66251	Klebsiella pneumoniae 26968_6#28	meropenem	Resistant	Laboratory Method	MIC	
573.66218	Klebsiella pneumoniae 26968_5#8	meropenem	Resistant	Laboratory Method	MIC	
573.46838	Klebsiella pneumoniae KP-13LU	meropenem	Resistant	Laboratory Method	Broth dilution	EUCAST
573.6632	Klebsiella pneumoniae 26994_6#71	meropenem	Resistant	Laboratory Method	MIC	
573.66482	Klebsiella pneumoniae 27261_8#79	meropenem	Resistant	Laboratory Method	MIC	
573.15439	Klebsiella pneumoniae strain 10315_6#18	meropenem	Resistant	Laboratory Method	Disk diffusion	CLSI
573.66538	Klebsiella pneumoniae 29105_1#108	meropenem	Resistant	Laboratory Method	MIC	
573.66226	Klebsiella pneumoniae 26968_5#117	meropenem	Resistant	Laboratory Method	MIC	
573.66549	Klebsiella pneumoniae 29105_1#149	meropenem	Resistant	Laboratory Method	MIC	
573.66159	Klebsiella pneumoniae ERR2118026	meropenem	Resistant	Laboratory Method	Broth dilution	EUCAST
573.66507	Klebsiella pneumoniae 27261_8#165	meropenem	Resistant	Laboratory Method	MIC	
573.66214	Klebsiella pneumoniae 26968_5#5	meropenem	Resistant	Laboratory Method	MIC	
573.67332	Klebsiella pneumoniae ERR7221346	meropenem	Resistant	Laboratory Method	Broth dilution	EUCAST
573.6633	Klebsiella pneumoniae 26994_6#76	meropenem	Resistant	Laboratory Method	MIC	
573.66528	Klebsiella pneumoniae 27322_4#110	meropenem	Resistant	Laboratory Method	MIC	
573.66465	Klebsiella pneumoniae 27261_8#35	meropenem	Resistant	Laboratory Method	MIC	
573.13477	Klebsiella pneumoniae KPN1548ec	meropenem	Resistant	Laboratory Method	Broth dilution	CLSI
573.66446	Klebsiella pneumoniae 27261_7#97	meropenem	Resistant	Laboratory Method	MIC	
573.66296	Klebsiella pneumoniae 26975_5#31	meropenem	Resistant	Laboratory Method	MIC	
573.13183	Klebsiella pneumoniae KPN1191ec	meropenem	Resistant	Laboratory Method	Broth dilution	CLSI
573.67253	Klebsiella pneumoniae ERR7221239	meropenem	Resistant	Laboratory Method	Broth dilution	EUCAST
573.46852	Klebsiella pneumoniae KP-23PI	meropenem	Resistant	Laboratory Method	Broth dilution	EUCAST
573.66332	Klebsiella pneumoniae 26994_6#104	meropenem	Resistant	Laboratory Method	MIC	
573.66558	Klebsiella pneumoniae 29109_2#172	meropenem	Resistant	Laboratory Method	MIC	
573.46837	Klebsiella pneumoniae KP-135LU	meropenem	Resistant	Laboratory Method	Broth dilution	EUCAST
573.66454	Klebsiella pneumoniae 27261_7#59	meropenem	Resistant	Laboratory Method	MIC	
573.6654	Klebsiella pneumoniae 27322_4#178	meropenem	Resistant	Laboratory Method	MIC	
573.66564	Klebsiella pneumoniae 29339_1#51	meropenem	Resistant	Laboratory Method	MIC	
573.67186	Klebsiella pneumoniae ERR7221153	meropenem	Resistant	Laboratory Method	Broth dilution	EUCAST
573.33392	Klebsiella pneumoniae strain PMK1	meropenem	Resistant	Laboratory Method	Broth dilution	EUCAST
573.66422	Klebsiella pneumoniae 27097_7#3	meropenem	Resistant	Laboratory Method	MIC	
573.66216	Klebsiella pneumoniae 26968_5#13	meropenem	Resistant	Laboratory Method	MIC	
573.66461	Klebsiella pneumoniae 27261_8#18	meropenem	Resistant	Laboratory Method	MIC	
573.46866	Klebsiella pneumoniae KP-50LI	meropenem	Resistant	Laboratory Method	Broth dilution	EUCAST
573.66301	Klebsiella pneumoniae 26975_5#105	meropenem	Resistant	Laboratory Method	MIC	
573.66358	Klebsiella pneumoniae 26994_7#73	meropenem	Resistant	Laboratory Method	MIC	
72407.524	Klebsiella pneumoniae subsp. pneumoniae strain 3189STDY5864859	meropenem	Resistant	Laboratory Method	Broth dilution	CLSI
573.66169	Klebsiella pneumoniae ERR2118040	meropenem	Resistant	Laboratory Method	Broth dilution	EUCAST
573.66372	Klebsiella pneumoniae 26994_7#121	meropenem	Resistant	Laboratory Method	MIC	
573.66212	Klebsiella pneumoniae 26968_5#1	meropenem	Resistant	Laboratory Method	MIC	
573.66306	Klebsiella pneumoniae 26975_5#62	meropenem	Resistant	Laboratory Method	MIC	
573.66289	Klebsiella pneumoniae 26975_4#133	meropenem	Resistant	Laboratory Method	MIC	
573.15602	Klebsiella pneumoniae strain INF277	meropenem	Resistant	Laboratory Method	Broth dilution	CLSI
573.66525	Klebsiella pneumoniae 27322_4#82	meropenem	Resistant	Laboratory Method	MIC	
573.67257	Klebsiella pneumoniae ERR7221247	meropenem	Resistant	Laboratory Method	Broth dilution	EUCAST
573.46862	Klebsiella pneumoniae KP-38LI	meropenem	Resistant	Laboratory Method	Broth dilution	EUCAST
573.66245	Klebsiella pneumoniae 26968_6#3	meropenem	Resistant	Laboratory Method	MIC	
573.66315	Klebsiella pneumoniae 26975_5#179	meropenem	Resistant	Laboratory Method	MIC	
573.66331	Klebsiella pneumoniae 26994_6#102	meropenem	Resistant	Laboratory Method	MIC	
573.66543	Klebsiella pneumoniae 27261_8#89	meropenem	Resistant	Laboratory Method	MIC	
573.13447	Klebsiella pneumoniae KPN1514ec	meropenem	Resistant	Laboratory Method	Broth dilution	CLSI
573.66522	Klebsiella pneumoniae 27261_8#185	meropenem	Resistant	Laboratory Method	MIC	
573.66294	Klebsiella pneumoniae 26975_4#126	meropenem	Resistant	Laboratory Method	MIC	
573.66277	Klebsiella pneumoniae 26975_4#28	meropenem	Resistant	Laboratory Method	MIC	
573.66255	Klebsiella pneumoniae 26968_6#39	meropenem	Resistant	Laboratory Method	MIC	
1328411.3	Klebsiella pneumoniae BIDMC 16	meropenem	Resistant	Laboratory Method	Broth dilution	
573.66382	Klebsiella pneumoniae 26994_7#171	meropenem	Resistant	Laboratory Method	MIC	
573.67275	Klebsiella pneumoniae ERR7221274	meropenem	Resistant	Laboratory Method	Broth dilution	EUCAST
573.66403	Klebsiella pneumoniae 26994_8#138	meropenem	Resistant	Laboratory Method	MIC	
573.66466	Klebsiella pneumoniae 27261_8#37	meropenem	Resistant	Laboratory Method	MIC	
573.66478	Klebsiella pneumoniae 27261_8#70	meropenem	Resistant	Laboratory Method	MIC	
573.66171	Klebsiella pneumoniae ERR2130428	meropenem	Resistant	Laboratory Method	Broth dilution	EUCAST
573.66272	Klebsiella pneumoniae 26968_6#187	meropenem	Resistant	Laboratory Method	MIC	
573.66261	Klebsiella pneumoniae 26968_6#98	meropenem	Resistant	Laboratory Method	MIC	
573.66456	Klebsiella pneumoniae 27261_8#14	meropenem	Resistant	Laboratory Method	MIC	
573.14002	Klebsiella pneumoniae KPN263ec	meropenem	Resistant	Laboratory Method	Broth dilution	CLSI
573.66523	Klebsiella pneumoniae 27322_4#70	meropenem	Resistant	Laboratory Method	MIC	
573.66313	Klebsiella pneumoniae 26975_5#166	meropenem	Resistant	Laboratory Method	MIC	
573.673	Klebsiella pneumoniae ERR7221303	meropenem	Resistant	Laboratory Method	Broth dilution	EUCAST
573.66237	Klebsiella pneumoniae 26968_5#165	meropenem	Resistant	Laboratory Method	MIC	
573.24303	Klebsiella pneumoniae strain 417	meropenem	Resistant	Laboratory Method	Broth dilution	CLSI
573.66468	Klebsiella pneumoniae 27261_8#40	meropenem	Resistant	Laboratory Method	MIC	
573.6652	Klebsiella pneumoniae 27322_4#21	meropenem	Resistant	Laboratory Method	MIC	
573.66262	Klebsiella pneumoniae 26968_6#112	meropenem	Resistant	Laboratory Method	MIC	
573.67234	Klebsiella pneumoniae ERR7221228	meropenem	Resistant	Laboratory Method	Broth dilution	EUCAST
573.67252	Klebsiella pneumoniae ERR7221240	meropenem	Resistant	Laboratory Method	Broth dilution	EUCAST
573.66254	Klebsiella pneumoniae 26968_6#62	meropenem	Resistant	Laboratory Method	MIC	
573.66304	Klebsiella pneumoniae 26975_5#39	meropenem	Resistant	Laboratory Method	MIC	
573.13741	Klebsiella pneumoniae KPN1878ec	meropenem	Resistant	Laboratory Method	Broth dilution	CLSI
573.66163	Klebsiella pneumoniae ERR2118032	meropenem	Resistant	Laboratory Method	Broth dilution	EUCAST
573.66485	Klebsiella pneumoniae 27261_8#102	meropenem	Resistant	Laboratory Method	MIC	
573.66474	Klebsiella pneumoniae 27261_8#98	meropenem	Resistant	Laboratory Method	MIC	
1328407.3	Klebsiella pneumoniae BIDMC 12B	meropenem	Resistant	Laboratory Method	Broth dilution	
573.66407	Klebsiella pneumoniae 26994_8#160	meropenem	Resistant	Laboratory Method	MIC	
573.46845	Klebsiella pneumoniae KP-19PI	meropenem	Resistant	Laboratory Method	Broth dilution	EUCAST
573.66415	Klebsiella pneumoniae 26994_8#181	meropenem	Resistant	Laboratory Method	MIC	
573.66431	Klebsiella pneumoniae 27097_7#63	meropenem	Resistant	Laboratory Method	MIC	
573.66302	Klebsiella pneumoniae 26975_5#96	meropenem	Resistant	Laboratory Method	MIC	
573.66246	Klebsiella pneumoniae 26968_6#6	meropenem	Resistant	Laboratory Method	MIC	
573.66317	Klebsiella pneumoniae 26994_6#54	meropenem	Resistant	Laboratory Method	MIC	
573.6649	Klebsiella pneumoniae 27261_8#115	meropenem	Resistant	Laboratory Method	MIC	
573.6617	Klebsiella pneumoniae ERR2118039	meropenem	Resistant	Laboratory Method	Broth dilution	EUCAST
573.66336	Klebsiella pneumoniae 26994_6#118	meropenem	Resistant	Laboratory Method	MIC	
573.24254	Klebsiella pneumoniae strain 17	meropenem	Resistant	Laboratory Method	Broth dilution	CLSI
573.66327	Klebsiella pneumoniae 26994_6#87	meropenem	Resistant	Laboratory Method	MIC	
573.24307	Klebsiella pneumoniae strain 460	meropenem	Resistant	Laboratory Method	Broth dilution	CLSI
573.67235	Klebsiella pneumoniae ERR7221229	meropenem	Resistant	Laboratory Method	Broth dilution	EUCAST
573.66389	Klebsiella pneumoniae 26994_8#28	meropenem	Resistant	Laboratory Method	MIC	
573.66546	Klebsiella pneumoniae 29105_1#132	meropenem	Resistant	Laboratory Method	MIC	
573.14179	Klebsiella pneumoniae KPN469ec	meropenem	Resistant	Laboratory Method	Broth dilution	CLSI
573.66292	Klebsiella pneumoniae 26975_4#127	meropenem	Resistant	Laboratory Method	MIC	
573.67224	Klebsiella pneumoniae ERR7221205	meropenem	Resistant	Laboratory Method	Broth dilution	EUCAST
72407.509	Klebsiella pneumoniae subsp. pneumoniae strain 3189STDY5864739	meropenem	Resistant	Laboratory Method	Broth dilution	CLSI
573.3342	Klebsiella pneumoniae strain PMK9	meropenem	Resistant	Laboratory Method	Broth dilution	EUCAST
573.66227	Klebsiella pneumoniae 26968_5#119	meropenem	Resistant	Laboratory Method	MIC	
573.66123	Klebsiella pneumoniae ERR1829912	meropenem	Resistant	Laboratory Method	Broth dilution	EUCAST
573.66274	Klebsiella pneumoniae 26975_4#25	meropenem	Resistant	Laboratory Method	MIC	
573.13441	Klebsiella pneumoniae KPN1507ec	meropenem	Resistant	Laboratory Method	Broth dilution	CLSI
573.66146	Klebsiella pneumoniae ERR1981103	meropenem	Resistant	Laboratory Method	Broth dilution	EUCAST
573.66125	Klebsiella pneumoniae ERR1829916	meropenem	Resistant	Laboratory Method	Broth dilution	EUCAST
573.66111	Klebsiella pneumoniae ERR1813607	meropenem	Resistant	Laboratory Method	Broth dilution	EUCAST
573.24264	Klebsiella pneumoniae strain 212	meropenem	Resistant	Laboratory Method	Broth dilution	CLSI
573.66344	Klebsiella pneumoniae 26994_7#22	meropenem	Resistant	Laboratory Method	MIC	
573.66504	Klebsiella pneumoniae 27261_8#173	meropenem	Resistant	Laboratory Method	MIC	
573.15375	Klebsiella pneumoniae strain INF164	meropenem	Resistant	Laboratory Method	Broth dilution	CLSI
573.14477	Klebsiella pneumoniae KPN900ec	meropenem	Resistant	Laboratory Method	Broth dilution	CLSI
573.67197	Klebsiella pneumoniae ERR7221169	meropenem	Resistant	Laboratory Method	Broth dilution	EUCAST
573.66347	Klebsiella pneumoniae 26994_6#181	meropenem	Resistant	Laboratory Method	MIC	
573.66423	Klebsiella pneumoniae 27097_7#5	meropenem	Resistant	Laboratory Method	MIC	
573.66483	Klebsiella pneumoniae 27261_8#62	meropenem	Resistant	Laboratory Method	MIC	
573.66434	Klebsiella pneumoniae 27097_7#78	meropenem	Resistant	Laboratory Method	MIC	
573.66554	Klebsiella pneumoniae 29109_2#213	meropenem	Resistant	Laboratory Method	MIC	
573.66535	Klebsiella pneumoniae 27322_4#117	meropenem	Resistant	Laboratory Method	MIC	
573.66515	Klebsiella pneumoniae 27261_8#191	meropenem	Resistant	Laboratory Method	MIC	
573.66329	Klebsiella pneumoniae 26994_6#98	meropenem	Resistant	Laboratory Method	MIC	
573.66432	Klebsiella pneumoniae 27097_7#62	meropenem	Resistant	Laboratory Method	MIC	
573.24305	Klebsiella pneumoniae strain 457	meropenem	Resistant	Laboratory Method	Broth dilution	CLSI
573.66449	Klebsiella pneumoniae 27261_7#156	meropenem	Resistant	Laboratory Method	MIC	
573.67315	Klebsiella pneumoniae ERR7221323	meropenem	Resistant	Laboratory Method	Broth dilution	EUCAST
573.66498	Klebsiella pneumoniae 27261_8#154	meropenem	Resistant	Laboratory Method	MIC	
573.15489	Klebsiella pneumoniae strain 10315_6#8	meropenem	Resistant	Laboratory Method	Disk diffusion	CLSI
573.67298	Klebsiella pneumoniae ERR7221300	meropenem	Resistant	Laboratory Method	Broth dilution	EUCAST
573.66219	Klebsiella pneumoniae 26968_5#52	meropenem	Resistant	Laboratory Method	MIC	
72407.491	Klebsiella pneumoniae subsp. pneumoniae strain 3189STDY5864749	meropenem	Resistant	Laboratory Method	Broth dilution	CLSI
573.14076	Klebsiella pneumoniae KPN348ec	meropenem	Resistant	Laboratory Method	Broth dilution	CLSI
573.67287	Klebsiella pneumoniae ERR7221292	meropenem	Resistant	Laboratory Method	Broth dilution	EUCAST
573.67243	Klebsiella pneumoniae ERR7221232	meropenem	Resistant	Laboratory Method	Broth dilution	EUCAST
573.66312	Klebsiella pneumoniae 26975_5#156	meropenem	Resistant	Laboratory Method	MIC	
573.14434	Klebsiella pneumoniae KPN839ec	meropenem	Resistant	Laboratory Method	Broth dilution	CLSI
573.13202	Klebsiella pneumoniae KPN1211ec	meropenem	Resistant	Laboratory Method	Broth dilution	CLSI
573.66354	Klebsiella pneumoniae 26994_7#36	meropenem	Resistant	Laboratory Method	MIC	
573.66266	Klebsiella pneumoniae 26968_6#121	meropenem	Resistant	Laboratory Method	MIC	
72407.572	Klebsiella pneumoniae subsp. pneumoniae strain 3189STDY5864795	meropenem	Resistant	Laboratory Method	Broth dilution	CLSI
573.66153	Klebsiella pneumoniae ERR2109183	meropenem	Resistant	Laboratory Method	Broth dilution	EUCAST
573.66561	Klebsiella pneumoniae 29109_2#265	meropenem	Resistant	Laboratory Method	MIC	
573.66445	Klebsiella pneumoniae 27261_7#140	meropenem	Resistant	Laboratory Method	MIC	
573.67178	Klebsiella pneumoniae ERR7221152	meropenem	Resistant	Laboratory Method	Broth dilution	EUCAST
573.66328	Klebsiella pneumoniae 26994_6#95	meropenem	Resistant	Laboratory Method	MIC	
573.66514	Klebsiella pneumoniae 27261_8#187	meropenem	Resistant	Laboratory Method	MIC	
573.6627	Klebsiella pneumoniae 26968_6#183	meropenem	Resistant	Laboratory Method	MIC	
573.6642	Klebsiella pneumoniae 26994_8#177	meropenem	Resistant	Laboratory Method	MIC	
72407.576	Klebsiella pneumoniae subsp. pneumoniae strain 3189STDY5864799	meropenem	Resistant	Laboratory Method	Broth dilution	CLSI
72407.514	Klebsiella pneumoniae subsp. pneumoniae strain 3189STDY5864754	meropenem	Resistant	Laboratory Method	Broth dilution	CLSI
573.66505	Klebsiella pneumoniae 27261_8#172	meropenem	Resistant	Laboratory Method	MIC	
573.66443	Klebsiella pneumoniae 27261_7#26	meropenem	Resistant	Laboratory Method	MIC	
573.66467	Klebsiella pneumoniae 27261_8#53	meropenem	Resistant	Laboratory Method	MIC	
573.15629	Klebsiella pneumoniae strain INF158	meropenem	Resistant	Laboratory Method	Broth dilution	CLSI
573.66547	Klebsiella pneumoniae 29105_1#141	meropenem	Resistant	Laboratory Method	MIC	
573.26196	Klebsiella pneumoniae strain 5012STDY7312660	meropenem	Resistant	Laboratory Method	Broth dilution	
573.66489	Klebsiella pneumoniae 27261_8#101	meropenem	Resistant	Laboratory Method	MIC	
573.66295	Klebsiella pneumoniae 26975_5#29	meropenem	Resistant	Laboratory Method	MIC	
573.67245	Klebsiella pneumoniae ERR7221237	meropenem	Resistant	Laboratory Method	Broth dilution	EUCAST
573.18543	Klebsiella pneumoniae strain AR_0140	meropenem	Resistant	Laboratory Method	Broth dilution	CLSI
573.46842	Klebsiella pneumoniae KP-16PI	meropenem	Resistant	Laboratory Method	Broth dilution	EUCAST
573.5698	Klebsiella pneumoniae strain PB463	meropenem	Resistant	Laboratory Method	Broth dilution	EUCAST
573.66479	Klebsiella pneumoniae 27261_8#77	meropenem	Resistant	Laboratory Method	MIC	
573.1345	Klebsiella pneumoniae KPN1517ec	meropenem	Resistant	Laboratory Method	Broth dilution	CLSI
573.67299	Klebsiella pneumoniae ERR7221302	meropenem	Resistant	Laboratory Method	Broth dilution	EUCAST
573.13206	Klebsiella pneumoniae KPN1216ec	meropenem	Resistant	Laboratory Method	Broth dilution	CLSI
573.24289	Klebsiella pneumoniae strain 351	meropenem	Resistant	Laboratory Method	Broth dilution	CLSI
72407.492	Klebsiella pneumoniae subsp. pneumoniae strain 3189STDY5864740	meropenem	Resistant	Laboratory Method	Broth dilution	CLSI
573.66232	Klebsiella pneumoniae 26968_5#140	meropenem	Resistant	Laboratory Method	MIC	
573.6647	Klebsiella pneumoniae 27261_8#48	meropenem	Resistant	Laboratory Method	MIC	
573.29973	Klebsiella pneumoniae strain Kpngiani7132502	meropenem	Resistant	Laboratory Method	Broth dilution	EUCAST
573.33394	Klebsiella pneumoniae strain PMK11	meropenem	Resistant	Laboratory Method	Broth dilution	EUCAST
573.66392	Klebsiella pneumoniae 26994_8#49	meropenem	Resistant	Laboratory Method	MIC	
573.67261	Klebsiella pneumoniae ERR7221252	meropenem	Resistant	Laboratory Method	Broth dilution	EUCAST
573.67288	Klebsiella pneumoniae ERR7221294	meropenem	Resistant	Laboratory Method	Broth dilution	EUCAST
573.66404	Klebsiella pneumoniae 26994_8#124	meropenem	Resistant	Laboratory Method	MIC	
573.66517	Klebsiella pneumoniae 27322_4#39	meropenem	Resistant	Laboratory Method	MIC	
573.66359	Klebsiella pneumoniae 26994_7#55	meropenem	Resistant	Laboratory Method	MIC	
573.66419	Klebsiella pneumoniae 26994_8#164	meropenem	Resistant	Laboratory Method	MIC	
573.15364	Klebsiella pneumoniae strain INF278	meropenem	Resistant	Laboratory Method	Broth dilution	CLSI
573.14037	Klebsiella pneumoniae KPN302ec	imipenem	Susceptible	Laboratory Method	Broth dilution	CLSI
573.703	Klebsiella pneumoniae strain AR_0034	imipenem	Susceptible	Laboratory Method	Broth dilution	CLSI
573.14451	Klebsiella pneumoniae KPN866ec	imipenem	Susceptible	Laboratory Method	Broth dilution	CLSI
573.14209	Klebsiella pneumoniae KPN523ec	imipenem	Susceptible	Laboratory Method	Broth dilution	CLSI
573.12881	Klebsiella pneumoniae 108	imipenem	Susceptible	Laboratory Method	Broth dilution	CLSI
573.14111	Klebsiella pneumoniae KPN388ec	imipenem	Susceptible	Laboratory Method	Broth dilution	CLSI
573.14017	Klebsiella pneumoniae KPN279ec	imipenem	Susceptible	Laboratory Method	Broth dilution	CLSI
573.13897	Klebsiella pneumoniae KPN2075ec	imipenem	Susceptible	Laboratory Method	Broth dilution	CLSI
573.13747	Klebsiella pneumoniae KPN1883ec	imipenem	Susceptible	Laboratory Method	Broth dilution	CLSI
573.13266	Klebsiella pneumoniae KPN128ec	imipenem	Susceptible	Laboratory Method	Broth dilution	CLSI
573.13006	Klebsiella pneumoniae 30	imipenem	Susceptible	Laboratory Method	Broth dilution	CLSI
573.15493	Klebsiella pneumoniae strain 10315_6#87	imipenem	Susceptible	Laboratory Method	Disk diffusion	CLSI
573.13099	Klebsiella pneumoniae KPN1093ec	imipenem	Susceptible	Laboratory Method	Broth dilution	CLSI
573.1295	Klebsiella pneumoniae 75	imipenem	Susceptible	Laboratory Method	Broth dilution	CLSI
573.14107	Klebsiella pneumoniae KPN384ec	imipenem	Susceptible	Laboratory Method	Broth dilution	CLSI
573.14073	Klebsiella pneumoniae KPN343ec	imipenem	Susceptible	Laboratory Method	Broth dilution	CLSI
573.14376	Klebsiella pneumoniae KPN758ec	imipenem	Susceptible	Laboratory Method	Broth dilution	CLSI
573.14333	Klebsiella pneumoniae KPN705ec	imipenem	Susceptible	Laboratory Method	Broth dilution	CLSI
573.15452	Klebsiella pneumoniae strain 10315_6#38	imipenem	Susceptible	Laboratory Method	Disk diffusion	CLSI
573.1296	Klebsiella pneumoniae 123	imipenem	Susceptible	Laboratory Method	Broth dilution	CLSI
573.13779	Klebsiella pneumoniae KPN1927ec	imipenem	Susceptible	Laboratory Method	Broth dilution	CLSI
573.13615	Klebsiella pneumoniae KPN1712ec	imipenem	Susceptible	Laboratory Method	Broth dilution	CLSI
573.13424	Klebsiella pneumoniae KPN1484ec	imipenem	Susceptible	Laboratory Method	Broth dilution	CLSI
573.13377	Klebsiella pneumoniae KPN1435ec	imipenem	Susceptible	Laboratory Method	Broth dilution	CLSI
573.13996	Klebsiella pneumoniae KPN257ec	imipenem	Susceptible	Laboratory Method	Broth dilution	CLSI
573.13511	Klebsiella pneumoniae KPN1586ec	imipenem	Susceptible	Laboratory Method	Broth dilution	CLSI
573.13792	Klebsiella pneumoniae KPN1942ec	imipenem	Susceptible	Laboratory Method	Broth dilution	CLSI
573.13903	Klebsiella pneumoniae KPN2080ec	imipenem	Susceptible	Laboratory Method	Broth dilution	CLSI
573.13242	Klebsiella pneumoniae KPN1263ec	imipenem	Susceptible	Laboratory Method	Broth dilution	CLSI
573.12899	Klebsiella pneumoniae 3368	imipenem	Susceptible	Laboratory Method	Broth dilution	CLSI
573.24386	Klebsiella pneumoniae strain MUGSI_272	imipenem	Susceptible	Laboratory Method	Broth dilution	CLSI
573.13082	Klebsiella pneumoniae KPN1067ec	imipenem	Susceptible	Laboratory Method	Broth dilution	CLSI
573.12892	Klebsiella pneumoniae 3371	imipenem	Susceptible	Laboratory Method	Broth dilution	CLSI
573.14444	Klebsiella pneumoniae KPN854ec	imipenem	Susceptible	Laboratory Method	Broth dilution	CLSI
573.13001	Klebsiella pneumoniae 3290	imipenem	Susceptible	Laboratory Method	Broth dilution	CLSI
573.14302	Klebsiella pneumoniae KPN660ec	imipenem	Susceptible	Laboratory Method	Broth dilution	CLSI
573.18086	Klebsiella pneumoniae strain AR376	imipenem	Susceptible	Laboratory Method	Broth dilution	CLSI
573.67103	Klebsiella pneumoniae KP_NORM_BLD_63371	meropenem	Susceptible	Laboratory Method		EUCAST
573.66701	Klebsiella pneumoniae KP_NORM_BLD_116247	meropenem	Susceptible	Laboratory Method		EUCAST
573.13311	Klebsiella pneumoniae KPN1350ec	meropenem	Susceptible	Laboratory Method	Broth dilution	CLSI
573.26174	Klebsiella pneumoniae strain 5012STDY7312609	meropenem	Susceptible	Laboratory Method	Broth dilution	
573.67165	Klebsiella pneumoniae KP_NORM_URN_2015_107962	meropenem	Susceptible	Laboratory Method		EUCAST
573.1561	Klebsiella pneumoniae strain INF333	meropenem	Susceptible	Laboratory Method	Broth dilution	CLSI
573.14346	Klebsiella pneumoniae KPN720ec	meropenem	Susceptible	Laboratory Method	Broth dilution	CLSI
573.13301	Klebsiella pneumoniae KPN1340ec	meropenem	Susceptible	Laboratory Method	Broth dilution	CLSI
573.26185	Klebsiella pneumoniae strain 5012STDY7312620	meropenem	Susceptible	Laboratory Method	Broth dilution	
573.67278	Klebsiella pneumoniae ERR7221278	meropenem	Susceptible	Laboratory Method	Broth dilution	EUCAST
573.66458	Klebsiella pneumoniae 27261_7#187	meropenem	Susceptible	Laboratory Method	MIC	
573.13853	Klebsiella pneumoniae KPN2024ec	meropenem	Susceptible	Laboratory Method	Broth dilution	CLSI
573.26123	Klebsiella pneumoniae strain 5012STDY7312742	meropenem	Susceptible	Laboratory Method	Broth dilution	
573.12952	Klebsiella pneumoniae 3324	meropenem	Susceptible	Laboratory Method	Broth dilution	CLSI
573.12928	Klebsiella pneumoniae 96	meropenem	Susceptible	Laboratory Method	Broth dilution	CLSI
573.26121	Klebsiella pneumoniae strain 5012STDY7312736	meropenem	Susceptible	Laboratory Method	Broth dilution	
573.14389	Klebsiella pneumoniae KPN775ec	meropenem	Susceptible	Laboratory Method	Broth dilution	CLSI
573.14124	Klebsiella pneumoniae KPN403ec	meropenem	Susceptible	Laboratory Method	Broth dilution	CLSI
573.13404	Klebsiella pneumoniae KPN1465ec	meropenem	Susceptible	Laboratory Method	Broth dilution	CLSI
573.26259	Klebsiella pneumoniae strain 5012STDY7626381	meropenem	Susceptible	Laboratory Method	Broth dilution	
573.22561	Klebsiella pneumoniae strain SU4	meropenem	Susceptible	Laboratory Method		EUCAST
573.13319	Klebsiella pneumoniae KPN1361ec	meropenem	Susceptible	Laboratory Method	Broth dilution	CLSI
573.26095	Klebsiella pneumoniae strain 5012STDY7312696	meropenem	Susceptible	Laboratory Method	Broth dilution	
573.23208	Klebsiella pneumoniae strain KP_195	meropenem	Susceptible	Laboratory Method	Disk diffusion	CLSI
573.13945	Klebsiella pneumoniae KPN2152ec	meropenem	Susceptible	Laboratory Method	Broth dilution	CLSI
573.13119	Klebsiella pneumoniae KPN1117ec	meropenem	Susceptible	Laboratory Method	Broth dilution	CLSI
573.13673	Klebsiella pneumoniae KPN177ec	meropenem	Susceptible	Laboratory Method	Broth dilution	CLSI
573.1447	Klebsiella pneumoniae KPN891ec	meropenem	Susceptible	Laboratory Method	Broth dilution	CLSI
573.13457	Klebsiella pneumoniae KPN1525ec	meropenem	Susceptible	Laboratory Method	Broth dilution	CLSI
573.14522	Klebsiella pneumoniae KPN956ec	meropenem	Susceptible	Laboratory Method	Broth dilution	CLSI
573.13495	Klebsiella pneumoniae KPN1567ec	meropenem	Susceptible	Laboratory Method	Broth dilution	CLSI
573.1423	Klebsiella pneumoniae KPN552ec	meropenem	Susceptible	Laboratory Method	Broth dilution	CLSI
573.156	Klebsiella pneumoniae strain KSB2_4C	meropenem	Susceptible	Laboratory Method	Broth dilution	CLSI
573.67149	Klebsiella pneumoniae KP_NORM_URN_2013_95870	meropenem	Susceptible	Laboratory Method		EUCAST
573.67254	Klebsiella pneumoniae ERR7221242	meropenem	Susceptible	Laboratory Method	Broth dilution	EUCAST
573.15509	Klebsiella pneumoniae strain 10356_5#86	meropenem	Susceptible	Laboratory Method	Disk diffusion	CLSI
573.5677	Klebsiella pneumoniae strain PB395	meropenem	Susceptible	Laboratory Method	Broth dilution	EUCAST
573.6675	Klebsiella pneumoniae KP_NORM_BLD_12851	meropenem	Susceptible	Laboratory Method		EUCAST
573.13115	Klebsiella pneumoniae KPN1111ec	meropenem	Susceptible	Laboratory Method	Broth dilution	CLSI
573.1389	Klebsiella pneumoniae KPN2066ec	meropenem	Susceptible	Laboratory Method	Broth dilution	CLSI
573.26152	Klebsiella pneumoniae strain 5012STDY7312585	meropenem	Susceptible	Laboratory Method	Broth dilution	
573.14304	Klebsiella pneumoniae KPN670ec	meropenem	Susceptible	Laboratory Method	Broth dilution	CLSI
573.26225	Klebsiella pneumoniae strain 5012STDY7312692	meropenem	Susceptible	Laboratory Method	Broth dilution	
573.66764	Klebsiella pneumoniae KP_NORM_BLD_12945	meropenem	Susceptible	Laboratory Method		EUCAST
573.13415	Klebsiella pneumoniae KPN1478ec	meropenem	Susceptible	Laboratory Method	Broth dilution	CLSI
573.1556	Klebsiella pneumoniae strain KSB1_1G	meropenem	Susceptible	Laboratory Method	Broth dilution	CLSI
573.26283	Klebsiella pneumoniae strain 5012STDY7626402	meropenem	Susceptible	Laboratory Method	Broth dilution	
573.66715	Klebsiella pneumoniae KP_NORM_BLD_116386	meropenem	Susceptible	Laboratory Method		EUCAST
573.13499	Klebsiella pneumoniae KPN1571ec	meropenem	Susceptible	Laboratory Method	Broth dilution	CLSI
573.26135	Klebsiella pneumoniae strain 5012STDY7312751	meropenem	Susceptible	Laboratory Method	Broth dilution	
573.13632	Klebsiella pneumoniae KPN172ec	meropenem	Susceptible	Laboratory Method	Broth dilution	CLSI
72407.59	Klebsiella pneumoniae subsp. pneumoniae strain 3189STDY5864819	meropenem	Susceptible	Laboratory Method	Broth dilution	CLSI
573.15516	Klebsiella pneumoniae strain INF070	meropenem	Susceptible	Laboratory Method	Broth dilution	CLSI
573.26147	Klebsiella pneumoniae strain 5012STDY7312594	meropenem	Susceptible	Laboratory Method	Broth dilution	
573.13995	Klebsiella pneumoniae KPN256ec	meropenem	Susceptible	Laboratory Method	Broth dilution	CLSI
573.15594	Klebsiella pneumoniae strain INF293	meropenem	Susceptible	Laboratory Method	Broth dilution	CLSI
573.14055	Klebsiella pneumoniae KPN321ec	meropenem	Susceptible	Laboratory Method	Broth dilution	CLSI
573.12978	Klebsiella pneumoniae 82	meropenem	Susceptible	Laboratory Method	Broth dilution	CLSI
573.12901	Klebsiella pneumoniae 39	meropenem	Susceptible	Laboratory Method	Broth dilution	CLSI
573.6728	Klebsiella pneumoniae ERR7221271	meropenem	Susceptible	Laboratory Method	Broth dilution	EUCAST
573.14199	Klebsiella pneumoniae KPN510ec	meropenem	Susceptible	Laboratory Method	Broth dilution	CLSI
573.13283	Klebsiella pneumoniae KPN1322ec	meropenem	Susceptible	Laboratory Method	Broth dilution	CLSI
573.5702	Klebsiella pneumoniae strain PB242	meropenem	Susceptible	Laboratory Method	Broth dilution	EUCAST
573.1412	Klebsiella pneumoniae KPN399ec	meropenem	Susceptible	Laboratory Method	Broth dilution	CLSI
573.66874	Klebsiella pneumoniae KP_NORM_BLD_2010_72019	meropenem	Susceptible	Laboratory Method		EUCAST
573.66326	Klebsiella pneumoniae 26994_6#91	meropenem	Susceptible	Laboratory Method	MIC	
573.26217	Klebsiella pneumoniae strain 5012STDY7312681	meropenem	Susceptible	Laboratory Method	Broth dilution	
72407.482	Klebsiella pneumoniae subsp. pneumoniae strain 3189STDY5864737	meropenem	Susceptible	Laboratory Method	Broth dilution	CLSI
573.34297	Klebsiella pneumoniae strain INF065-sc-2279980	meropenem	Susceptible	Laboratory Method	Broth dilution	CLSI
72407.526	Klebsiella pneumoniae subsp. pneumoniae strain 3189STDY5864761	meropenem	Susceptible	Laboratory Method	Broth dilution	CLSI
573.66783	Klebsiella pneumoniae KP_NORM_BLD_13383	meropenem	Susceptible	Laboratory Method		EUCAST
573.14363	Klebsiella pneumoniae KPN741ec	meropenem	Susceptible	Laboratory Method	Broth dilution	CLSI
573.13353	Klebsiella pneumoniae KPN140ec	meropenem	Susceptible	Laboratory Method	Broth dilution	CLSI
573.12908	Klebsiella pneumoniae 74	meropenem	Susceptible	Laboratory Method	Broth dilution	CLSI
573.66717	Klebsiella pneumoniae KP_NORM_BLD_116389	meropenem	Susceptible	Laboratory Method		EUCAST
573.26168	Klebsiella pneumoniae strain 5012STDY7312604	meropenem	Susceptible	Laboratory Method	Broth dilution	
573.13002	Klebsiella pneumoniae 102	meropenem	Susceptible	Laboratory Method	Broth dilution	CLSI
573.66993	Klebsiella pneumoniae KP_NORM_BLD_60435	meropenem	Susceptible	Laboratory Method		EUCAST
573.66882	Klebsiella pneumoniae KP_NORM_BLD_2011_73881	meropenem	Susceptible	Laboratory Method		EUCAST
573.14088	Klebsiella pneumoniae KPN364ec	meropenem	Susceptible	Laboratory Method	Broth dilution	CLSI
72407.485	Klebsiella pneumoniae subsp. pneumoniae strain 3189STDY5864748	meropenem	Susceptible	Laboratory Method	Broth dilution	CLSI
72407.5	Klebsiella pneumoniae subsp. pneumoniae strain 3189STDY5864738	meropenem	Susceptible	Laboratory Method	Broth dilution	CLSI
573.13612	Klebsiella pneumoniae KPN1709ec	meropenem	Susceptible	Laboratory Method	Broth dilution	CLSI
573.66725	Klebsiella pneumoniae KP_NORM_BLD_116554	meropenem	Susceptible	Laboratory Method		EUCAST
573.14402	Klebsiella pneumoniae KPN795ec	meropenem	Susceptible	Laboratory Method	Broth dilution	CLSI
573.13875	Klebsiella pneumoniae KPN204ec	meropenem	Susceptible	Laboratory Method	Broth dilution	CLSI
573.66805	Klebsiella pneumoniae KP_NORM_BLD_13889	meropenem	Susceptible	Laboratory Method		EUCAST
573.129	Klebsiella pneumoniae 1	meropenem	Susceptible	Laboratory Method	Broth dilution	CLSI
573.5658	Klebsiella pneumoniae strain PB495	meropenem	Susceptible	Laboratory Method	Broth dilution	EUCAST
573.26136	Klebsiella pneumoniae strain 5012STDY7312752	meropenem	Susceptible	Laboratory Method	Broth dilution	
573.6713	Klebsiella pneumoniae KP_NORM_URN_2012_81995	meropenem	Susceptible	Laboratory Method		EUCAST
573.66755	Klebsiella pneumoniae KP_NORM_BLD_12936	meropenem	Susceptible	Laboratory Method		EUCAST
573.66705	Klebsiella pneumoniae KP_NORM_BLD_116236	meropenem	Susceptible	Laboratory Method		EUCAST
573.14101	Klebsiella pneumoniae KPN378ec	meropenem	Susceptible	Laboratory Method	Broth dilution	CLSI
573.15466	Klebsiella pneumoniae strain 10315_6#57	meropenem	Susceptible	Laboratory Method	Disk diffusion	CLSI
573.66471	Klebsiella pneumoniae 27261_8#59	meropenem	Susceptible	Laboratory Method	MIC	
573.26194	Klebsiella pneumoniae strain 5012STDY7312663	meropenem	Susceptible	Laboratory Method	Broth dilution	
573.26307	Klebsiella pneumoniae strain 5012STDY7626429	meropenem	Susceptible	Laboratory Method	Broth dilution	
573.26232	Klebsiella pneumoniae strain 5012STDY7312694	meropenem	Susceptible	Laboratory Method	Broth dilution	
573.13873	Klebsiella pneumoniae KPN2047ec	meropenem	Susceptible	Laboratory Method	Broth dilution	CLSI
573.67093	Klebsiella pneumoniae KP_NORM_BLD_62937	meropenem	Susceptible	Laboratory Method		EUCAST
573.13537	Klebsiella pneumoniae KPN1618ec	meropenem	Susceptible	Laboratory Method	Broth dilution	CLSI
573.66603	Klebsiella pneumoniae KP_NORM_BLD_112904	meropenem	Susceptible	Laboratory Method		EUCAST
573.14064	Klebsiella pneumoniae KPN332ec	meropenem	Susceptible	Laboratory Method	Broth dilution	CLSI
573.15622	Klebsiella pneumoniae strain KSB1_4I	meropenem	Susceptible	Laboratory Method	Broth dilution	CLSI
573.12995	Klebsiella pneumoniae 5	meropenem	Susceptible	Laboratory Method	Broth dilution	CLSI
573.66691	Klebsiella pneumoniae KP_NORM_BLD_115987	meropenem	Susceptible	Laboratory Method		EUCAST
573.31079	Klebsiella pneumoniae strain WU3	meropenem	Susceptible	Laboratory Method	Disk diffusion	CLSI
573.26214	Klebsiella pneumoniae strain 5012STDY7312680	meropenem	Susceptible	Laboratory Method	Broth dilution	
573.13277	Klebsiella pneumoniae KPN1314ec	meropenem	Susceptible	Laboratory Method	Broth dilution	CLSI
573.13694	Klebsiella pneumoniae KPN182ec	meropenem	Susceptible	Laboratory Method	Broth dilution	CLSI
573.12906	Klebsiella pneumoniae 98	meropenem	Susceptible	Laboratory Method	Broth dilution	CLSI
573.14019	Klebsiella pneumoniae KPN281ec	meropenem	Susceptible	Laboratory Method	Broth dilution	CLSI
573.26208	Klebsiella pneumoniae strain 5012STDY7312665	meropenem	Susceptible	Laboratory Method	Broth dilution	
573.13654	Klebsiella pneumoniae KPN1758ec	meropenem	Susceptible	Laboratory Method	Broth dilution	CLSI
573.22564	Klebsiella pneumoniae strain SU1	meropenem	Susceptible	Laboratory Method		EUCAST
573.67107	Klebsiella pneumoniae KP_NORM_BLD_63799	meropenem	Susceptible	Laboratory Method		EUCAST
573.66898	Klebsiella pneumoniae KP_NORM_BLD_2012_85426	meropenem	Susceptible	Laboratory Method		EUCAST
573.5817	Klebsiella pneumoniae strain PB525	meropenem	Susceptible	Laboratory Method	Broth dilution	EUCAST
573.67174	Klebsiella pneumoniae KP_NORM_URN_2015_111489	meropenem	Susceptible	Laboratory Method		EUCAST
573.15472	Klebsiella pneumoniae strain 10315_6#62	meropenem	Susceptible	Laboratory Method	Disk diffusion	CLSI
573.22568	Klebsiella pneumoniae strain SU9	imipenem	Susceptible	Laboratory Method		EUCAST
573.13757	Klebsiella pneumoniae KPN1897ec	imipenem	Susceptible	Laboratory Method	Broth dilution	CLSI
573.13091	Klebsiella pneumoniae KPN1079ec	imipenem	Susceptible	Laboratory Method	Broth dilution	CLSI
573.13567	Klebsiella pneumoniae KPN1660ec	imipenem	Susceptible	Laboratory Method	Broth dilution	CLSI
573.13664	Klebsiella pneumoniae KPN176ec	imipenem	Susceptible	Laboratory Method	Broth dilution	CLSI
573.1294	Klebsiella pneumoniae 87	imipenem	Susceptible	Laboratory Method	Broth dilution	CLSI
573.13529	Klebsiella pneumoniae KPN1609ec	imipenem	Susceptible	Laboratory Method	Broth dilution	CLSI
573.1333	Klebsiella pneumoniae KPN1380ec	imipenem	Susceptible	Laboratory Method	Broth dilution	CLSI
573.1315	Klebsiella pneumoniae KPN1152ec	imipenem	Susceptible	Laboratory Method	Broth dilution	CLSI
573.13122	Klebsiella pneumoniae KPN1120ec	imipenem	Susceptible	Laboratory Method	Broth dilution	CLSI
573.13921	Klebsiella pneumoniae KPN2100ec	imipenem	Susceptible	Laboratory Method	Broth dilution	CLSI
573.13305	Klebsiella pneumoniae KPN1345ec	imipenem	Susceptible	Laboratory Method	Broth dilution	CLSI
573.14102	Klebsiella pneumoniae KPN379ec	imipenem	Susceptible	Laboratory Method	Broth dilution	CLSI
573.13598	Klebsiella pneumoniae KPN1695ec	imipenem	Susceptible	Laboratory Method	Broth dilution	CLSI
573.13291	Klebsiella pneumoniae KPN1330ec	imipenem	Susceptible	Laboratory Method	Broth dilution	CLSI
573.1376	Klebsiella pneumoniae KPN1901ec	imipenem	Susceptible	Laboratory Method	Broth dilution	CLSI
573.12873	Klebsiella pneumoniae 106	imipenem	Susceptible	Laboratory Method	Broth dilution	CLSI
573.14538	Klebsiella pneumoniae KPN980ec	imipenem	Susceptible	Laboratory Method	Broth dilution	CLSI
573.62696	Klebsiella pneumoniae MGL_83	imipenem	Susceptible	Laboratory Method	Disk diffusion	
573.13579	Klebsiella pneumoniae KPN1675ec	imipenem	Susceptible	Laboratory Method	Broth dilution	CLSI
573.18542	Klebsiella pneumoniae strain AR_0087	imipenem	Susceptible	Laboratory Method	Broth dilution	CLSI
573.14478	Klebsiella pneumoniae KPN902ec	imipenem	Susceptible	Laboratory Method	Broth dilution	CLSI
573.14396	Klebsiella pneumoniae KPN785ec	imipenem	Susceptible	Laboratory Method	Broth dilution	CLSI
573.13735	Klebsiella pneumoniae KPN1871ec	imipenem	Susceptible	Laboratory Method	Broth dilution	CLSI
573.13521	Klebsiella pneumoniae KPN1597ec	imipenem	Susceptible	Laboratory Method	Broth dilution	CLSI
573.1451	Klebsiella pneumoniae KPN942ec	imipenem	Susceptible	Laboratory Method	Broth dilution	CLSI
573.13821	Klebsiella pneumoniae KPN1988ec	imipenem	Susceptible	Laboratory Method	Broth dilution	CLSI
573.14334	Klebsiella pneumoniae KPN707ec	imipenem	Susceptible	Laboratory Method	Broth dilution	CLSI
573.13501	Klebsiella pneumoniae KPN1573ec	imipenem	Susceptible	Laboratory Method	Broth dilution	CLSI
573.13468	Klebsiella pneumoniae KPN1537ec	imipenem	Susceptible	Laboratory Method	Broth dilution	CLSI
573.12893	Klebsiella pneumoniae 3238	imipenem	Susceptible	Laboratory Method	Broth dilution	CLSI
573.14176	Klebsiella pneumoniae KPN465ec	imipenem	Susceptible	Laboratory Method	Broth dilution	CLSI
573.12921	Klebsiella pneumoniae 73	imipenem	Susceptible	Laboratory Method	Broth dilution	CLSI
573.133	Klebsiella pneumoniae KPN133ec	imipenem	Susceptible	Laboratory Method	Broth dilution	CLSI
573.13532	Klebsiella pneumoniae KPN1611ec	imipenem	Susceptible	Laboratory Method	Broth dilution	CLSI
573.14003	Klebsiella pneumoniae KPN264ec	imipenem	Susceptible	Laboratory Method	Broth dilution	CLSI
573.22563	Klebsiella pneumoniae strain SU2	imipenem	Susceptible	Laboratory Method		EUCAST
573.14125	Klebsiella pneumoniae KPN404ec	imipenem	Susceptible	Laboratory Method	Broth dilution	CLSI
573.1434	Klebsiella pneumoniae KPN714ec	imipenem	Susceptible	Laboratory Method	Broth dilution	CLSI
573.14131	Klebsiella pneumoniae KPN411ec	imipenem	Susceptible	Laboratory Method	Broth dilution	CLSI
573.14319	Klebsiella pneumoniae KPN688ec	imipenem	Susceptible	Laboratory Method	Broth dilution	CLSI
573.13084	Klebsiella pneumoniae KPN1070ec	imipenem	Susceptible	Laboratory Method	Broth dilution	CLSI
573.13993	Klebsiella pneumoniae KPN252ec	imipenem	Susceptible	Laboratory Method	Broth dilution	CLSI
573.14077	Klebsiella pneumoniae KPN350ec	imipenem	Susceptible	Laboratory Method	Broth dilution	CLSI
573.12879	Klebsiella pneumoniae 3289	imipenem	Susceptible	Laboratory Method	Broth dilution	CLSI
573.13396	Klebsiella pneumoniae KPN1455ec	imipenem	Susceptible	Laboratory Method	Broth dilution	CLSI
573.14273	Klebsiella pneumoniae KPN604ec	imipenem	Susceptible	Laboratory Method	Broth dilution	CLSI
573.14505	Klebsiella pneumoniae KPN934ec	imipenem	Susceptible	Laboratory Method	Broth dilution	CLSI
573.13974	Klebsiella pneumoniae KPN228ec	imipenem	Susceptible	Laboratory Method	Broth dilution	CLSI
573.13104	Klebsiella pneumoniae KPN1099ec	imipenem	Susceptible	Laboratory Method	Broth dilution	CLSI
573.14409	Klebsiella pneumoniae KPN803ec	imipenem	Susceptible	Laboratory Method	Broth dilution	CLSI
573.6271	Klebsiella pneumoniae MGL_K_9	imipenem	Susceptible	Laboratory Method	Disk diffusion	
573.13665	Klebsiella pneumoniae KPN1770ec	imipenem	Susceptible	Laboratory Method	Broth dilution	CLSI
573.15432	Klebsiella pneumoniae strain 10315_6#1	imipenem	Susceptible	Laboratory Method	Disk diffusion	CLSI
573.1308	Klebsiella pneumoniae KPN1065ec	imipenem	Susceptible	Laboratory Method	Broth dilution	CLSI
573.14473	Klebsiella pneumoniae KPN894ec	imipenem	Susceptible	Laboratory Method	Broth dilution	CLSI
573.13318	Klebsiella pneumoniae KPN1360ec	imipenem	Susceptible	Laboratory Method	Broth dilution	CLSI
573.14289	Klebsiella pneumoniae KPN622ec	imipenem	Susceptible	Laboratory Method	Broth dilution	CLSI
573.14349	Klebsiella pneumoniae KPN723ec	imipenem	Susceptible	Laboratory Method	Broth dilution	CLSI
573.13187	Klebsiella pneumoniae KPN1195ec	imipenem	Susceptible	Laboratory Method	Broth dilution	CLSI
573.14108	Klebsiella pneumoniae KPN385ec	imipenem	Susceptible	Laboratory Method	Broth dilution	CLSI
573.26249	Klebsiella pneumoniae strain 5012STDY7626369	meropenem	Susceptible	Laboratory Method	Broth dilution	
573.1293	Klebsiella pneumoniae 58	imipenem	Susceptible	Laboratory Method	Broth dilution	CLSI
573.29956	Klebsiella pneumoniae strain Kpngiani7132487	imipenem	Susceptible	Laboratory Method	Broth dilution	EUCAST
573.12927	Klebsiella pneumoniae 116	imipenem	Susceptible	Laboratory Method	Broth dilution	CLSI
573.13706	Klebsiella pneumoniae KPN1843ec	imipenem	Susceptible	Laboratory Method	Broth dilution	CLSI
573.14331	Klebsiella pneumoniae KPN703ec	imipenem	Susceptible	Laboratory Method	Broth dilution	CLSI
573.13883	Klebsiella pneumoniae KPN2060ec	imipenem	Susceptible	Laboratory Method	Broth dilution	CLSI
573.14366	Klebsiella pneumoniae KPN745ec	imipenem	Susceptible	Laboratory Method	Broth dilution	CLSI
573.1366	Klebsiella pneumoniae KPN1766ec	imipenem	Susceptible	Laboratory Method	Broth dilution	CLSI
573.13244	Klebsiella pneumoniae KPN1265ec	imipenem	Susceptible	Laboratory Method	Broth dilution	CLSI
573.13576	Klebsiella pneumoniae KPN166ec	imipenem	Susceptible	Laboratory Method	Broth dilution	CLSI
573.13232	Klebsiella pneumoniae KPN1252ec	imipenem	Susceptible	Laboratory Method	Broth dilution	CLSI
573.14207	Klebsiella pneumoniae KPN521ec	imipenem	Susceptible	Laboratory Method	Broth dilution	CLSI
573.13344	Klebsiella pneumoniae KPN1398ec	imipenem	Susceptible	Laboratory Method	Broth dilution	CLSI
573.12933	Klebsiella pneumoniae 76	imipenem	Susceptible	Laboratory Method	Broth dilution	CLSI
573.13549	Klebsiella pneumoniae KPN1639ec	imipenem	Susceptible	Laboratory Method	Broth dilution	CLSI
573.1547	Klebsiella pneumoniae strain 10315_6#61	imipenem	Susceptible	Laboratory Method	Disk diffusion	CLSI
573.14065	Klebsiella pneumoniae KPN333ec	imipenem	Susceptible	Laboratory Method	Broth dilution	CLSI
573.22567	Klebsiella pneumoniae strain SU10	imipenem	Susceptible	Laboratory Method		EUCAST
573.12968	Klebsiella pneumoniae 114	imipenem	Susceptible	Laboratory Method	Broth dilution	CLSI
573.13152	Klebsiella pneumoniae KPN1154ec	imipenem	Susceptible	Laboratory Method	Broth dilution	CLSI
573.13456	Klebsiella pneumoniae KPN1523ec	imipenem	Susceptible	Laboratory Method	Broth dilution	CLSI
573.14529	Klebsiella pneumoniae KPN965ec	imipenem	Susceptible	Laboratory Method	Broth dilution	CLSI
573.14173	Klebsiella pneumoniae KPN462ec	imipenem	Susceptible	Laboratory Method	Broth dilution	CLSI
573.13388	Klebsiella pneumoniae KPN1447ec	imipenem	Susceptible	Laboratory Method	Broth dilution	CLSI
573.13467	Klebsiella pneumoniae KPN1536ec	imipenem	Susceptible	Laboratory Method	Broth dilution	CLSI
573.13083	Klebsiella pneumoniae KPN1068ec	imipenem	Susceptible	Laboratory Method	Broth dilution	CLSI
573.13484	Klebsiella pneumoniae KPN1556ec	imipenem	Susceptible	Laboratory Method	Broth dilution	CLSI
573.13298	Klebsiella pneumoniae KPN1337ec	imipenem	Susceptible	Laboratory Method	Broth dilution	CLSI
573.1401	Klebsiella pneumoniae KPN272ec	imipenem	Susceptible	Laboratory Method	Broth dilution	CLSI
573.14205	Klebsiella pneumoniae KPN516ec	imipenem	Susceptible	Laboratory Method	Broth dilution	CLSI
573.13575	Klebsiella pneumoniae KPN1669ec	imipenem	Susceptible	Laboratory Method	Broth dilution	CLSI
573.14038	Klebsiella pneumoniae KPN303ec	imipenem	Susceptible	Laboratory Method	Broth dilution	CLSI
573.13922	Klebsiella pneumoniae KPN2101ec	imipenem	Susceptible	Laboratory Method	Broth dilution	CLSI
72407.2898	Klebsiella pneumoniae subsp. pneumoniae MRSN752001	imipenem	Susceptible	Laboratory Method		
573.13185	Klebsiella pneumoniae KPN1193ec	imipenem	Susceptible	Laboratory Method	Broth dilution	CLSI
573.13927	Klebsiella pneumoniae KPN2109ec	imipenem	Susceptible	Laboratory Method	Broth dilution	CLSI
573.14518	Klebsiella pneumoniae KPN952ec	imipenem	Susceptible	Laboratory Method	Broth dilution	CLSI
573.13284	Klebsiella pneumoniae KPN1323ec	imipenem	Susceptible	Laboratory Method	Broth dilution	CLSI
573.13226	Klebsiella pneumoniae KPN1245ec	imipenem	Susceptible	Laboratory Method	Broth dilution	CLSI
573.13028	Klebsiella pneumoniae 3254	imipenem	Susceptible	Laboratory Method	Broth dilution	CLSI
573.13092	Klebsiella pneumoniae KPN1080ec	imipenem	Susceptible	Laboratory Method	Broth dilution	CLSI
573.14291	Klebsiella pneumoniae KPN626ec	imipenem	Susceptible	Laboratory Method	Broth dilution	CLSI
573.155	Klebsiella pneumoniae strain 10315_6#96	imipenem	Susceptible	Laboratory Method	Disk diffusion	CLSI
573.13177	Klebsiella pneumoniae KPN1185ec	imipenem	Susceptible	Laboratory Method	Broth dilution	CLSI
573.12989	Klebsiella pneumoniae 46	imipenem	Susceptible	Laboratory Method	Broth dilution	CLSI
573.13613	Klebsiella pneumoniae KPN1710ec	imipenem	Susceptible	Laboratory Method	Broth dilution	CLSI
573.13641	Klebsiella pneumoniae KPN1743ec	imipenem	Susceptible	Laboratory Method	Broth dilution	CLSI
573.1419	Klebsiella pneumoniae KPN483ec	imipenem	Susceptible	Laboratory Method	Broth dilution	CLSI
573.13372	Klebsiella pneumoniae KPN1430ec	imipenem	Susceptible	Laboratory Method	Broth dilution	CLSI
573.13442	Klebsiella pneumoniae KPN1508ec	imipenem	Susceptible	Laboratory Method	Broth dilution	CLSI
573.14072	Klebsiella pneumoniae KPN342ec	imipenem	Susceptible	Laboratory Method	Broth dilution	CLSI
573.13409	Klebsiella pneumoniae KPN1471ec	imipenem	Susceptible	Laboratory Method	Broth dilution	CLSI
573.14016	Klebsiella pneumoniae KPN278ec	imipenem	Susceptible	Laboratory Method	Broth dilution	CLSI
573.13243	Klebsiella pneumoniae KPN1264ec	imipenem	Susceptible	Laboratory Method	Broth dilution	CLSI
573.67396	Klebsiella pneumoniae MGL_K_7	imipenem	Susceptible	Laboratory Method	Disk diffusion	CLSI, EUCAST
573.14361	Klebsiella pneumoniae KPN738ec	imipenem	Susceptible	Laboratory Method	Broth dilution	CLSI
573.14047	Klebsiella pneumoniae KPN313ec	imipenem	Susceptible	Laboratory Method	Broth dilution	CLSI
573.12924	Klebsiella pneumoniae 3230	imipenem	Susceptible	Laboratory Method	Broth dilution	CLSI
573.14094	Klebsiella pneumoniae KPN371ec	imipenem	Susceptible	Laboratory Method	Broth dilution	CLSI
1284818.4	Klebsiella pneumoniae UHKPC179	imipenem	Susceptible	Laboratory Method		
573.13742	Klebsiella pneumoniae KPN1879ec	imipenem	Susceptible	Laboratory Method	Broth dilution	CLSI
573.15474	Klebsiella pneumoniae strain 10315_6#66	imipenem	Susceptible	Laboratory Method	Disk diffusion	CLSI
573.15478	Klebsiella pneumoniae strain 10315_6#7	imipenem	Susceptible	Laboratory Method	Disk diffusion	CLSI
573.13476	Klebsiella pneumoniae KPN1547ec	imipenem	Susceptible	Laboratory Method	Broth dilution	CLSI
573.1417	Klebsiella pneumoniae KPN458ec	imipenem	Susceptible	Laboratory Method	Broth dilution	CLSI
573.1407	Klebsiella pneumoniae KPN339ec	imipenem	Susceptible	Laboratory Method	Broth dilution	CLSI
573.13334	Klebsiella pneumoniae KPN1384ec	imipenem	Susceptible	Laboratory Method	Broth dilution	CLSI
573.1298	Klebsiella pneumoniae 101	imipenem	Susceptible	Laboratory Method	Broth dilution	CLSI
573.13586	Klebsiella pneumoniae KPN1682ec	imipenem	Susceptible	Laboratory Method	Broth dilution	CLSI
573.14405	Klebsiella pneumoniae KPN801ec	imipenem	Susceptible	Laboratory Method	Broth dilution	CLSI
573.13782	Klebsiella pneumoniae KPN1930ec	imipenem	Susceptible	Laboratory Method	Broth dilution	CLSI
573.15465	Klebsiella pneumoniae strain 10315_6#54	imipenem	Susceptible	Laboratory Method	Disk diffusion	CLSI
573.1432	Klebsiella pneumoniae KPN690ec	imipenem	Susceptible	Laboratory Method	Broth dilution	CLSI
573.14007	Klebsiella pneumoniae KPN269ec	imipenem	Susceptible	Laboratory Method	Broth dilution	CLSI
573.67415	Klebsiella pneumoniae MGL_K_3	imipenem	Susceptible	Laboratory Method	Disk diffusion	CLSI, EUCAST
573.22557	Klebsiella pneumoniae strain SU13	imipenem	Susceptible	Laboratory Method		EUCAST
573.1427	Klebsiella pneumoniae KPN599ec	imipenem	Susceptible	Laboratory Method	Broth dilution	CLSI
573.13534	Klebsiella pneumoniae KPN1613ec	imipenem	Susceptible	Laboratory Method	Broth dilution	CLSI
573.1416	Klebsiella pneumoniae KPN443ec	imipenem	Susceptible	Laboratory Method	Broth dilution	CLSI
573.14221	Klebsiella pneumoniae KPN538ec	imipenem	Susceptible	Laboratory Method	Broth dilution	CLSI
573.12981	Klebsiella pneumoniae 3332	imipenem	Susceptible	Laboratory Method	Broth dilution	CLSI
573.13571	Klebsiella pneumoniae KPN1665ec	imipenem	Susceptible	Laboratory Method	Broth dilution	CLSI
573.14253	Klebsiella pneumoniae KPN579ec	imipenem	Susceptible	Laboratory Method	Broth dilution	CLSI
573.14046	Klebsiella pneumoniae KPN312ec	imipenem	Susceptible	Laboratory Method	Broth dilution	CLSI
573.13324	Klebsiella pneumoniae KPN1369ec	imipenem	Susceptible	Laboratory Method	Broth dilution	CLSI
573.13463	Klebsiella pneumoniae KPN1532ec	imipenem	Susceptible	Laboratory Method	Broth dilution	CLSI
573.13679	Klebsiella pneumoniae KPN1786ec	imipenem	Susceptible	Laboratory Method	Broth dilution	CLSI
573.13013	Klebsiella pneumoniae 125	imipenem	Susceptible	Laboratory Method	Broth dilution	CLSI
573.14006	Klebsiella pneumoniae KPN268ec	imipenem	Susceptible	Laboratory Method	Broth dilution	CLSI
573.14515	Klebsiella pneumoniae KPN947ec	imipenem	Susceptible	Laboratory Method	Broth dilution	CLSI
573.14343	Klebsiella pneumoniae KPN717ec	imipenem	Susceptible	Laboratory Method	Broth dilution	CLSI
573.67408	Klebsiella pneumoniae MGL_177	imipenem	Susceptible	Laboratory Method	Disk diffusion	CLSI, EUCAST
573.13159	Klebsiella pneumoniae KPN1164ec	imipenem	Susceptible	Laboratory Method	Broth dilution	CLSI
573.13428	Klebsiella pneumoniae KPN1490ec	imipenem	Susceptible	Laboratory Method	Broth dilution	CLSI
573.14036	Klebsiella pneumoniae KPN301ec	imipenem	Susceptible	Laboratory Method	Broth dilution	CLSI
573.15488	Klebsiella pneumoniae strain 10315_6#79	imipenem	Susceptible	Laboratory Method	Disk diffusion	CLSI
573.13004	Klebsiella pneumoniae 95	imipenem	Susceptible	Laboratory Method	Broth dilution	CLSI
573.12887	Klebsiella pneumoniae 3314	imipenem	Susceptible	Laboratory Method	Broth dilution	CLSI
573.15463	Klebsiella pneumoniae strain 10315_6#52	imipenem	Susceptible	Laboratory Method	Disk diffusion	CLSI
573.13308	Klebsiella pneumoniae KPN1348ec	imipenem	Susceptible	Laboratory Method	Broth dilution	CLSI
573.14082	Klebsiella pneumoniae KPN357ec	imipenem	Susceptible	Laboratory Method	Broth dilution	CLSI
573.13494	Klebsiella pneumoniae KPN1566ec	imipenem	Susceptible	Laboratory Method	Broth dilution	CLSI
573.14307	Klebsiella pneumoniae KPN676ec	imipenem	Susceptible	Laboratory Method	Broth dilution	CLSI
573.13436	Klebsiella pneumoniae KPN1499ec	imipenem	Susceptible	Laboratory Method	Broth dilution	CLSI
573.12861	Klebsiella pneumoniae 35	imipenem	Susceptible	Laboratory Method	Broth dilution	CLSI
573.13218	Klebsiella pneumoniae KPN1237ec	imipenem	Susceptible	Laboratory Method	Broth dilution	CLSI
573.13267	Klebsiella pneumoniae KPN129ec	imipenem	Susceptible	Laboratory Method	Broth dilution	CLSI
573.14031	Klebsiella pneumoniae KPN294ec	imipenem	Susceptible	Laboratory Method	Broth dilution	CLSI
573.12983	Klebsiella pneumoniae 44	imipenem	Susceptible	Laboratory Method	Broth dilution	CLSI
573.13149	Klebsiella pneumoniae KPN1151ec	imipenem	Susceptible	Laboratory Method	Broth dilution	CLSI
573.13239	Klebsiella pneumoniae KPN1260ec	imipenem	Susceptible	Laboratory Method	Broth dilution	CLSI
573.12946	Klebsiella pneumoniae 45	imipenem	Susceptible	Laboratory Method	Broth dilution	CLSI
573.13276	Klebsiella pneumoniae KPN1312ec	imipenem	Susceptible	Laboratory Method	Broth dilution	CLSI
573.15445	Klebsiella pneumoniae strain 10315_6#27	imipenem	Susceptible	Laboratory Method	Disk diffusion	CLSI
573.14074	Klebsiella pneumoniae KPN345ec	imipenem	Susceptible	Laboratory Method	Broth dilution	CLSI
573.14379	Klebsiella pneumoniae KPN762ec	imipenem	Susceptible	Laboratory Method	Broth dilution	CLSI
573.131	Klebsiella pneumoniae KPN1094ec	imipenem	Susceptible	Laboratory Method	Broth dilution	CLSI
573.13698	Klebsiella pneumoniae KPN1834ec	imipenem	Susceptible	Laboratory Method	Broth dilution	CLSI
573.13775	Klebsiella pneumoniae KPN1921ec	imipenem	Susceptible	Laboratory Method	Broth dilution	CLSI
573.14356	Klebsiella pneumoniae KPN733ec	imipenem	Susceptible	Laboratory Method	Broth dilution	CLSI
573.13023	Klebsiella pneumoniae 3235	imipenem	Susceptible	Laboratory Method	Broth dilution	CLSI
573.13418	Klebsiella pneumoniae KPN147ec	imipenem	Susceptible	Laboratory Method	Broth dilution	CLSI
573.13678	Klebsiella pneumoniae KPN1785ec	imipenem	Susceptible	Laboratory Method	Broth dilution	CLSI
573.13857	Klebsiella pneumoniae KPN202ec	imipenem	Susceptible	Laboratory Method	Broth dilution	CLSI
573.13335	Klebsiella pneumoniae KPN1385ec	imipenem	Susceptible	Laboratory Method	Broth dilution	CLSI
573.13763	Klebsiella pneumoniae KPN1904ec	imipenem	Susceptible	Laboratory Method	Broth dilution	CLSI
573.14297	Klebsiella pneumoniae KPN639ec	imipenem	Susceptible	Laboratory Method	Broth dilution	CLSI
573.14495	Klebsiella pneumoniae KPN923ec	imipenem	Susceptible	Laboratory Method	Broth dilution	CLSI
573.13452	Klebsiella pneumoniae KPN151ec	imipenem	Susceptible	Laboratory Method	Broth dilution	CLSI
573.14397	Klebsiella pneumoniae KPN786ec	imipenem	Susceptible	Laboratory Method	Broth dilution	CLSI
573.14215	Klebsiella pneumoniae KPN530ec	imipenem	Susceptible	Laboratory Method	Broth dilution	CLSI
573.14511	Klebsiella pneumoniae KPN943ec	imipenem	Susceptible	Laboratory Method	Broth dilution	CLSI
573.15436	Klebsiella pneumoniae strain 10315_6#13	imipenem	Susceptible	Laboratory Method	Disk diffusion	CLSI
573.1441	Klebsiella pneumoniae KPN807ec	imipenem	Susceptible	Laboratory Method	Broth dilution	CLSI
573.13739	Klebsiella pneumoniae KPN1876ec	imipenem	Susceptible	Laboratory Method	Broth dilution	CLSI
573.13374	Klebsiella pneumoniae KPN1432ec	imipenem	Susceptible	Laboratory Method	Broth dilution	CLSI
573.13558	Klebsiella pneumoniae KPN164ec	imipenem	Susceptible	Laboratory Method	Broth dilution	CLSI
573.14219	Klebsiella pneumoniae KPN535ec	imipenem	Susceptible	Laboratory Method	Broth dilution	CLSI
573.13643	Klebsiella pneumoniae KPN1746ec	imipenem	Susceptible	Laboratory Method	Broth dilution	CLSI
573.14453	Klebsiella pneumoniae KPN868ec	imipenem	Susceptible	Laboratory Method	Broth dilution	CLSI
573.13656	Klebsiella pneumoniae KPN1760ec	imipenem	Susceptible	Laboratory Method	Broth dilution	CLSI
573.13462	Klebsiella pneumoniae KPN1531ec	imipenem	Susceptible	Laboratory Method	Broth dilution	CLSI
573.14041	Klebsiella pneumoniae KPN306ec	imipenem	Susceptible	Laboratory Method	Broth dilution	CLSI
573.13321	Klebsiella pneumoniae KPN1363ec	imipenem	Susceptible	Laboratory Method	Broth dilution	CLSI
573.15491	Klebsiella pneumoniae strain 10315_6#82	imipenem	Susceptible	Laboratory Method	Disk diffusion	CLSI
573.14535	Klebsiella pneumoniae KPN975ec	imipenem	Susceptible	Laboratory Method	Broth dilution	CLSI
573.13754	Klebsiella pneumoniae KPN1893ec	imipenem	Susceptible	Laboratory Method	Broth dilution	CLSI
573.1306	Klebsiella pneumoniae KPN1038ec	imipenem	Susceptible	Laboratory Method	Broth dilution	CLSI
573.14099	Klebsiella pneumoniae KPN376ec	imipenem	Susceptible	Laboratory Method	Broth dilution	CLSI
573.13117	Klebsiella pneumoniae KPN1115ec	imipenem	Susceptible	Laboratory Method	Broth dilution	CLSI
573.14161	Klebsiella pneumoniae KPN444ec	imipenem	Susceptible	Laboratory Method	Broth dilution	CLSI
573.14132	Klebsiella pneumoniae KPN412ec	imipenem	Susceptible	Laboratory Method	Broth dilution	CLSI
573.13125	Klebsiella pneumoniae KPN1123ec	imipenem	Susceptible	Laboratory Method	Broth dilution	CLSI
573.13748	Klebsiella pneumoniae KPN1884ec	imipenem	Susceptible	Laboratory Method	Broth dilution	CLSI
573.13371	Klebsiella pneumoniae KPN142ec	imipenem	Susceptible	Laboratory Method	Broth dilution	CLSI
573.12932	Klebsiella pneumoniae 3393	imipenem	Susceptible	Laboratory Method	Broth dilution	CLSI
573.12949	Klebsiella pneumoniae 3281	imipenem	Susceptible	Laboratory Method	Broth dilution	CLSI
573.13386	Klebsiella pneumoniae KPN1445ec	imipenem	Susceptible	Laboratory Method	Broth dilution	CLSI
573.13051	Klebsiella pneumoniae KPN1026ec	imipenem	Susceptible	Laboratory Method	Broth dilution	CLSI
573.13772	Klebsiella pneumoniae KPN1918ec	imipenem	Susceptible	Laboratory Method	Broth dilution	CLSI
573.13264	Klebsiella pneumoniae KPN1285ec	imipenem	Susceptible	Laboratory Method	Broth dilution	CLSI
573.12907	Klebsiella pneumoniae 89	imipenem	Susceptible	Laboratory Method	Broth dilution	CLSI
573.13737	Klebsiella pneumoniae KPN1873ec	imipenem	Susceptible	Laboratory Method	Broth dilution	CLSI
573.13984	Klebsiella pneumoniae KPN240ec	imipenem	Susceptible	Laboratory Method	Broth dilution	CLSI
573.14288	Klebsiella pneumoniae KPN621ec	imipenem	Susceptible	Laboratory Method	Broth dilution	CLSI
573.13898	Klebsiella pneumoniae KPN2076ec	imipenem	Susceptible	Laboratory Method	Broth dilution	CLSI
573.141	Klebsiella pneumoniae KPN377ec	imipenem	Susceptible	Laboratory Method	Broth dilution	CLSI
573.12883	Klebsiella pneumoniae 48	imipenem	Susceptible	Laboratory Method	Broth dilution	CLSI
573.13582	Klebsiella pneumoniae KPN1678ec	imipenem	Susceptible	Laboratory Method	Broth dilution	CLSI
573.13165	Klebsiella pneumoniae KPN1170ec	imipenem	Susceptible	Laboratory Method	Broth dilution	CLSI
573.13766	Klebsiella pneumoniae KPN190ec	imipenem	Susceptible	Laboratory Method	Broth dilution	CLSI
573.1391	Klebsiella pneumoniae KPN2087ec	imipenem	Susceptible	Laboratory Method	Broth dilution	CLSI
573.23197	Klebsiella pneumoniae strain KP_280	imipenem	Susceptible	Laboratory Method	Disk diffusion	CLSI
573.13878	Klebsiella pneumoniae KPN2053ec	imipenem	Susceptible	Laboratory Method	Broth dilution	CLSI
573.1307	Klebsiella pneumoniae KPN1049ec	imipenem	Susceptible	Laboratory Method	Broth dilution	CLSI
573.13435	Klebsiella pneumoniae KPN1498ec	imipenem	Susceptible	Laboratory Method	Broth dilution	CLSI
573.13357	Klebsiella pneumoniae KPN1414ec	imipenem	Susceptible	Laboratory Method	Broth dilution	CLSI
573.2322	Klebsiella pneumoniae strain KP_046	imipenem	Susceptible	Laboratory Method	Disk diffusion	CLSI
573.13618	Klebsiella pneumoniae KPN1715ec	imipenem	Susceptible	Laboratory Method	Broth dilution	CLSI
573.1414	Klebsiella pneumoniae KPN420ec	imipenem	Susceptible	Laboratory Method	Broth dilution	CLSI
573.7024	Klebsiella pneumoniae strain AR_0012	imipenem	Susceptible	Laboratory Method	Broth dilution	CLSI
573.13884	Klebsiella pneumoniae KPN205ec	imipenem	Susceptible	Laboratory Method	Broth dilution	CLSI
573.13545	Klebsiella pneumoniae KPN1629ec	imipenem	Susceptible	Laboratory Method	Broth dilution	CLSI
573.14326	Klebsiella pneumoniae KPN697ec	imipenem	Susceptible	Laboratory Method	Broth dilution	CLSI
573.12992	Klebsiella pneumoniae 3307	imipenem	Susceptible	Laboratory Method	Broth dilution	CLSI
573.22558	Klebsiella pneumoniae strain SU6	imipenem	Susceptible	Laboratory Method		EUCAST
573.23198	Klebsiella pneumoniae strain KP_208	imipenem	Susceptible	Laboratory Method	Disk diffusion	CLSI
573.14351	Klebsiella pneumoniae KPN725ec	imipenem	Susceptible	Laboratory Method	Broth dilution	CLSI
573.24381	Klebsiella pneumoniae strain MUGSI_227	imipenem	Susceptible	Laboratory Method	Broth dilution	CLSI
573.13649	Klebsiella pneumoniae KPN1753ec	imipenem	Susceptible	Laboratory Method	Broth dilution	CLSI
573.13135	Klebsiella pneumoniae KPN1134ec	imipenem	Susceptible	Laboratory Method	Broth dilution	CLSI
573.14484	Klebsiella pneumoniae KPN911ec	imipenem	Susceptible	Laboratory Method	Broth dilution	CLSI
573.13472	Klebsiella pneumoniae KPN1543ec	imipenem	Susceptible	Laboratory Method	Broth dilution	CLSI
573.13094	Klebsiella pneumoniae KPN1086ec	imipenem	Susceptible	Laboratory Method	Broth dilution	CLSI
573.14174	Klebsiella pneumoniae KPN463ec	imipenem	Susceptible	Laboratory Method	Broth dilution	CLSI
573.14479	Klebsiella pneumoniae KPN903ec	imipenem	Susceptible	Laboratory Method	Broth dilution	CLSI
573.14261	Klebsiella pneumoniae KPN588ec	imipenem	Susceptible	Laboratory Method	Broth dilution	CLSI
573.13317	Klebsiella pneumoniae KPN1358ec	imipenem	Susceptible	Laboratory Method	Broth dilution	CLSI
573.13668	Klebsiella pneumoniae KPN1774ec	imipenem	Susceptible	Laboratory Method	Broth dilution	CLSI
573.13304	Klebsiella pneumoniae KPN1344ec	imipenem	Susceptible	Laboratory Method	Broth dilution	CLSI
573.14274	Klebsiella pneumoniae KPN605ec	imipenem	Susceptible	Laboratory Method	Broth dilution	CLSI
573.14068	Klebsiella pneumoniae KPN337ec	imipenem	Susceptible	Laboratory Method	Broth dilution	CLSI
573.12951	Klebsiella pneumoniae 97	imipenem	Susceptible	Laboratory Method	Broth dilution	CLSI
573.67397	Klebsiella pneumoniae MGL_K_9	imipenem	Susceptible	Laboratory Method	Disk diffusion	CLSI, EUCAST
573.13018	Klebsiella pneumoniae 3319	imipenem	Susceptible	Laboratory Method	Broth dilution	CLSI
573.13557	Klebsiella pneumoniae KPN1649ec	imipenem	Susceptible	Laboratory Method	Broth dilution	CLSI
573.13949	Klebsiella pneumoniae KPN2157ec	imipenem	Susceptible	Laboratory Method	Broth dilution	CLSI
573.13256	Klebsiella pneumoniae KPN1277ec	imipenem	Susceptible	Laboratory Method	Broth dilution	CLSI
573.12872	Klebsiella pneumoniae 15	imipenem	Susceptible	Laboratory Method	Broth dilution	CLSI
573.13272	Klebsiella pneumoniae KPN1307ec	imipenem	Susceptible	Laboratory Method	Broth dilution	CLSI
573.14531	Klebsiella pneumoniae KPN967ec	imipenem	Susceptible	Laboratory Method	Broth dilution	CLSI
573.12896	Klebsiella pneumoniae 3300	imipenem	Susceptible	Laboratory Method	Broth dilution	CLSI
573.13838	Klebsiella pneumoniae KPN2008ec	imipenem	Susceptible	Laboratory Method	Broth dilution	CLSI
573.13925	Klebsiella pneumoniae KPN2106ec	imipenem	Susceptible	Laboratory Method	Broth dilution	CLSI
573.13286	Klebsiella pneumoniae KPN1326ec	imipenem	Susceptible	Laboratory Method	Broth dilution	CLSI
573.13718	Klebsiella pneumoniae KPN1855ec	imipenem	Susceptible	Laboratory Method	Broth dilution	CLSI
573.14271	Klebsiella pneumoniae KPN600ec	imipenem	Susceptible	Laboratory Method	Broth dilution	CLSI
573.13275	Klebsiella pneumoniae KPN1311ec	imipenem	Susceptible	Laboratory Method	Broth dilution	CLSI
573.12886	Klebsiella pneumoniae 53	imipenem	Susceptible	Laboratory Method	Broth dilution	CLSI
573.22566	Klebsiella pneumoniae strain SU7	imipenem	Susceptible	Laboratory Method		EUCAST
573.14365	Klebsiella pneumoniae KPN744ec	imipenem	Susceptible	Laboratory Method	Broth dilution	CLSI
573.13785	Klebsiella pneumoniae KPN1933ec	imipenem	Susceptible	Laboratory Method	Broth dilution	CLSI
573.13509	Klebsiella pneumoniae KPN1584ec	imipenem	Susceptible	Laboratory Method	Broth dilution	CLSI
573.14233	Klebsiella pneumoniae KPN555ec	imipenem	Susceptible	Laboratory Method	Broth dilution	CLSI
573.12874	Klebsiella pneumoniae 3294	imipenem	Susceptible	Laboratory Method	Broth dilution	CLSI
573.13979	Klebsiella pneumoniae KPN234ec	imipenem	Susceptible	Laboratory Method	Broth dilution	CLSI
573.14149	Klebsiella pneumoniae KPN430ec	imipenem	Susceptible	Laboratory Method	Broth dilution	CLSI
573.13633	Klebsiella pneumoniae KPN1730ec	imipenem	Susceptible	Laboratory Method	Broth dilution	CLSI
573.62701	Klebsiella pneumoniae 20200622_MGL_73	imipenem	Susceptible	Laboratory Method	Disk diffusion	
573.13886	Klebsiella pneumoniae KPN2062ec	imipenem	Susceptible	Laboratory Method	Broth dilution	CLSI
573.14424	Klebsiella pneumoniae KPN825ec	imipenem	Susceptible	Laboratory Method	Broth dilution	CLSI
573.14332	Klebsiella pneumoniae KPN704ec	imipenem	Susceptible	Laboratory Method	Broth dilution	CLSI
573.13249	Klebsiella pneumoniae KPN1270ec	imipenem	Susceptible	Laboratory Method	Broth dilution	CLSI
573.14335	Klebsiella pneumoniae KPN708ec	imipenem	Susceptible	Laboratory Method	Broth dilution	CLSI
573.13031	Klebsiella pneumoniae KPN1000ec	imipenem	Susceptible	Laboratory Method	Broth dilution	CLSI
573.24383	Klebsiella pneumoniae strain MUGSI_237	imipenem	Susceptible	Laboratory Method	Broth dilution	CLSI
573.13845	Klebsiella pneumoniae KPN2015ec	imipenem	Susceptible	Laboratory Method	Broth dilution	CLSI
573.13588	Klebsiella pneumoniae KPN1685ec	imipenem	Susceptible	Laboratory Method	Broth dilution	CLSI
573.13043	Klebsiella pneumoniae KPN1017ec	imipenem	Susceptible	Laboratory Method	Broth dilution	CLSI
573.14156	Klebsiella pneumoniae KPN438ec	imipenem	Susceptible	Laboratory Method	Broth dilution	CLSI
573.13559	Klebsiella pneumoniae KPN1650ec	imipenem	Susceptible	Laboratory Method	Broth dilution	CLSI
573.12898	Klebsiella pneumoniae 3216	imipenem	Susceptible	Laboratory Method	Broth dilution	CLSI
573.13338	Klebsiella pneumoniae KPN1388ec	imipenem	Susceptible	Laboratory Method	Broth dilution	CLSI
573.1373	Klebsiella pneumoniae KPN1867ec	imipenem	Susceptible	Laboratory Method	Broth dilution	CLSI
573.14218	Klebsiella pneumoniae KPN534ec	imipenem	Susceptible	Laboratory Method	Broth dilution	CLSI
573.13147	Klebsiella pneumoniae KPN1149ec	imipenem	Susceptible	Laboratory Method	Broth dilution	CLSI
573.15467	Klebsiella pneumoniae strain 10315_6#6	imipenem	Susceptible	Laboratory Method	Disk diffusion	CLSI
573.13985	Klebsiella pneumoniae KPN244ec	imipenem	Susceptible	Laboratory Method	Broth dilution	CLSI
573.14429	Klebsiella pneumoniae KPN832ec	imipenem	Susceptible	Laboratory Method	Broth dilution	CLSI
573.14324	Klebsiella pneumoniae KPN695ec	imipenem	Susceptible	Laboratory Method	Broth dilution	CLSI
573.14499	Klebsiella pneumoniae KPN927ec	imipenem	Susceptible	Laboratory Method	Broth dilution	CLSI
573.23219	Klebsiella pneumoniae strain KP_320	imipenem	Susceptible	Laboratory Method	Disk diffusion	CLSI
573.14012	Klebsiella pneumoniae KPN274ec	imipenem	Susceptible	Laboratory Method	Broth dilution	CLSI
573.13829	Klebsiella pneumoniae KPN1998ec	imipenem	Susceptible	Laboratory Method	Broth dilution	CLSI
573.15495	Klebsiella pneumoniae strain 10315_6#89	imipenem	Susceptible	Laboratory Method	Disk diffusion	CLSI
573.13893	Klebsiella pneumoniae KPN206ec	imipenem	Susceptible	Laboratory Method	Broth dilution	CLSI
573.12984	Klebsiella pneumoniae 63	imipenem	Susceptible	Laboratory Method	Broth dilution	CLSI
573.1361	Klebsiella pneumoniae KPN1707ec	imipenem	Susceptible	Laboratory Method	Broth dilution	CLSI
573.13102	Klebsiella pneumoniae KPN1096ec	imipenem	Susceptible	Laboratory Method	Broth dilution	CLSI
573.14188	Klebsiella pneumoniae KPN481ec	imipenem	Susceptible	Laboratory Method	Broth dilution	CLSI
573.13151	Klebsiella pneumoniae KPN1153ec	imipenem	Susceptible	Laboratory Method	Broth dilution	CLSI
573.14244	Klebsiella pneumoniae KPN569ec	imipenem	Susceptible	Laboratory Method	Broth dilution	CLSI
573.13758	Klebsiella pneumoniae KPN1898ec	imipenem	Susceptible	Laboratory Method	Broth dilution	CLSI
573.13464	Klebsiella pneumoniae KPN1533ec	imipenem	Susceptible	Laboratory Method	Broth dilution	CLSI
573.13474	Klebsiella pneumoniae KPN1545ec	imipenem	Susceptible	Laboratory Method	Broth dilution	CLSI
573.13459	Klebsiella pneumoniae KPN1527ec	imipenem	Susceptible	Laboratory Method	Broth dilution	CLSI
573.12947	Klebsiella pneumoniae 3362	imipenem	Susceptible	Laboratory Method	Broth dilution	CLSI
573.13168	Klebsiella pneumoniae KPN1174ec	imipenem	Susceptible	Laboratory Method	Broth dilution	CLSI
573.13036	Klebsiella pneumoniae KPN1007ec	imipenem	Susceptible	Laboratory Method	Broth dilution	CLSI
573.13977	Klebsiella pneumoniae KPN232ec	imipenem	Susceptible	Laboratory Method	Broth dilution	CLSI
573.13822	Klebsiella pneumoniae KPN1989ec	imipenem	Susceptible	Laboratory Method	Broth dilution	CLSI
573.14116	Klebsiella pneumoniae KPN394ec	imipenem	Susceptible	Laboratory Method	Broth dilution	CLSI
573.1286	Klebsiella pneumoniae 3316	imipenem	Susceptible	Laboratory Method	Broth dilution	CLSI
573.14103	Klebsiella pneumoniae KPN380ec	imipenem	Susceptible	Laboratory Method	Broth dilution	CLSI
573.13294	Klebsiella pneumoniae KPN1333ec	imipenem	Susceptible	Laboratory Method	Broth dilution	CLSI
573.13675	Klebsiella pneumoniae KPN1782ec	imipenem	Susceptible	Laboratory Method	Broth dilution	CLSI
573.12895	Klebsiella pneumoniae 3209	imipenem	Susceptible	Laboratory Method	Broth dilution	CLSI
573.13296	Klebsiella pneumoniae KPN1335ec	imipenem	Susceptible	Laboratory Method	Broth dilution	CLSI
573.13791	Klebsiella pneumoniae KPN1941ec	imipenem	Susceptible	Laboratory Method	Broth dilution	CLSI
573.13761	Klebsiella pneumoniae KPN1902ec	imipenem	Susceptible	Laboratory Method	Broth dilution	CLSI
573.13669	Klebsiella pneumoniae KPN1775ec	imipenem	Susceptible	Laboratory Method	Broth dilution	CLSI
573.15501	Klebsiella pneumoniae strain 10356_5#76	imipenem	Susceptible	Laboratory Method	Disk diffusion	CLSI
573.13482	Klebsiella pneumoniae KPN1552ec	imipenem	Susceptible	Laboratory Method	Broth dilution	CLSI
573.13003	Klebsiella pneumoniae 127	imipenem	Susceptible	Laboratory Method	Broth dilution	CLSI
573.12994	Klebsiella pneumoniae 3215	imipenem	Susceptible	Laboratory Method	Broth dilution	CLSI
573.13594	Klebsiella pneumoniae KPN1691ec	imipenem	Susceptible	Laboratory Method	Broth dilution	CLSI
573.15458	Klebsiella pneumoniae strain 10315_6#49	imipenem	Susceptible	Laboratory Method	Disk diffusion	CLSI
573.12957	Klebsiella pneumoniae 3252	imipenem	Susceptible	Laboratory Method	Broth dilution	CLSI
573.13021	Klebsiella pneumoniae 3253	imipenem	Susceptible	Laboratory Method	Broth dilution	CLSI
573.13347	Klebsiella pneumoniae KPN1403ec	imipenem	Susceptible	Laboratory Method	Broth dilution	CLSI
573.13489	Klebsiella pneumoniae KPN1560ec	imipenem	Susceptible	Laboratory Method	Broth dilution	CLSI
573.13173	Klebsiella pneumoniae KPN1181ec	imipenem	Susceptible	Laboratory Method	Broth dilution	CLSI
573.14337	Klebsiella pneumoniae KPN711ec	imipenem	Susceptible	Laboratory Method	Broth dilution	CLSI
573.13904	Klebsiella pneumoniae KPN2081ec	imipenem	Susceptible	Laboratory Method	Broth dilution	CLSI
573.1351	Klebsiella pneumoniae KPN1585ec	imipenem	Susceptible	Laboratory Method	Broth dilution	CLSI
573.13848	Klebsiella pneumoniae KPN2019ec	imipenem	Susceptible	Laboratory Method	Broth dilution	CLSI
573.12967	Klebsiella pneumoniae 18	imipenem	Susceptible	Laboratory Method	Broth dilution	CLSI
573.13263	Klebsiella pneumoniae KPN1284ec	imipenem	Susceptible	Laboratory Method	Broth dilution	CLSI
573.14213	Klebsiella pneumoniae KPN527ec	imipenem	Susceptible	Laboratory Method	Broth dilution	CLSI
573.14386	Klebsiella pneumoniae KPN772ec	imipenem	Susceptible	Laboratory Method	Broth dilution	CLSI
573.1386	Klebsiella pneumoniae KPN2034ec	imipenem	Susceptible	Laboratory Method	Broth dilution	CLSI
573.13505	Klebsiella pneumoniae KPN157ec	imipenem	Susceptible	Laboratory Method	Broth dilution	CLSI
573.14423	Klebsiella pneumoniae KPN824ec	imipenem	Susceptible	Laboratory Method	Broth dilution	CLSI
573.13863	Klebsiella pneumoniae KPN2037ec	imipenem	Susceptible	Laboratory Method	Broth dilution	CLSI
573.14071	Klebsiella pneumoniae KPN340ec	imipenem	Susceptible	Laboratory Method	Broth dilution	CLSI
573.13343	Klebsiella pneumoniae KPN1394ec	imipenem	Susceptible	Laboratory Method	Broth dilution	CLSI
573.14373	Klebsiella pneumoniae KPN754ec	imipenem	Susceptible	Laboratory Method	Broth dilution	CLSI
573.1438	Klebsiella pneumoniae KPN763ec	imipenem	Susceptible	Laboratory Method	Broth dilution	CLSI
573.13889	Klebsiella pneumoniae KPN2065ec	imipenem	Susceptible	Laboratory Method	Broth dilution	CLSI
573.13488	Klebsiella pneumoniae KPN155ec	imipenem	Susceptible	Laboratory Method	Broth dilution	CLSI
573.13569	Klebsiella pneumoniae KPN1663ec	imipenem	Susceptible	Laboratory Method	Broth dilution	CLSI
573.15455	Klebsiella pneumoniae strain 10315_6#41	imipenem	Susceptible	Laboratory Method	Disk diffusion	CLSI
573.15481	Klebsiella pneumoniae strain 10315_6#72	imipenem	Susceptible	Laboratory Method	Disk diffusion	CLSI
573.13972	Klebsiella pneumoniae KPN226ec	imipenem	Susceptible	Laboratory Method	Broth dilution	CLSI
573.13555	Klebsiella pneumoniae KPN1647ec	imipenem	Susceptible	Laboratory Method	Broth dilution	CLSI
573.14285	Klebsiella pneumoniae KPN618ec	imipenem	Susceptible	Laboratory Method	Broth dilution	CLSI
573.14248	Klebsiella pneumoniae KPN574ec	imipenem	Susceptible	Laboratory Method	Broth dilution	CLSI
573.13209	Klebsiella pneumoniae KPN1219ec	imipenem	Susceptible	Laboratory Method	Broth dilution	CLSI
573.13987	Klebsiella pneumoniae KPN246ec	imipenem	Susceptible	Laboratory Method	Broth dilution	CLSI
573.23212	Klebsiella pneumoniae strain KP_135	imipenem	Susceptible	Laboratory Method	Disk diffusion	CLSI
1328384.3	Klebsiella pneumoniae BWH 28	imipenem	Susceptible	Laboratory Method	Broth dilution	
573.12902	Klebsiella pneumoniae 119	imipenem	Susceptible	Laboratory Method	Broth dilution	CLSI
573.13969	Klebsiella pneumoniae KPN222ec	imipenem	Susceptible	Laboratory Method	Broth dilution	CLSI
573.13229	Klebsiella pneumoniae KPN1249ec	imipenem	Susceptible	Laboratory Method	Broth dilution	CLSI
573.14421	Klebsiella pneumoniae KPN822ec	imipenem	Susceptible	Laboratory Method	Broth dilution	CLSI
573.13328	Klebsiella pneumoniae KPN1377ec	imipenem	Susceptible	Laboratory Method	Broth dilution	CLSI
573.62714	Klebsiella pneumoniae MGL_K_7	imipenem	Susceptible	Laboratory Method	Disk diffusion	
573.13674	Klebsiella pneumoniae KPN1781ec	imipenem	Susceptible	Laboratory Method	Broth dilution	CLSI
573.1357	Klebsiella pneumoniae KPN1664ec	imipenem	Susceptible	Laboratory Method	Broth dilution	CLSI
573.13465	Klebsiella pneumoniae KPN1534ec	imipenem	Susceptible	Laboratory Method	Broth dilution	CLSI
573.13515	Klebsiella pneumoniae KPN1591ec	imipenem	Susceptible	Laboratory Method	Broth dilution	CLSI
573.12999	Klebsiella pneumoniae 3234	imipenem	Susceptible	Laboratory Method	Broth dilution	CLSI
573.14259	Klebsiella pneumoniae KPN585ec	imipenem	Susceptible	Laboratory Method	Broth dilution	CLSI
573.13874	Klebsiella pneumoniae KPN2048ec	imipenem	Susceptible	Laboratory Method	Broth dilution	CLSI
573.13834	Klebsiella pneumoniae KPN2004ec	imipenem	Susceptible	Laboratory Method	Broth dilution	CLSI
573.13269	Klebsiella pneumoniae KPN1302ec	imipenem	Susceptible	Laboratory Method	Broth dilution	CLSI
573.13726	Klebsiella pneumoniae KPN1863ec	imipenem	Susceptible	Laboratory Method	Broth dilution	CLSI
573.14224	Klebsiella pneumoniae KPN542ec	imipenem	Susceptible	Laboratory Method	Broth dilution	CLSI
573.13497	Klebsiella pneumoniae KPN1569ec	imipenem	Susceptible	Laboratory Method	Broth dilution	CLSI
573.13828	Klebsiella pneumoniae KPN1997ec	imipenem	Susceptible	Laboratory Method	Broth dilution	CLSI
573.14439	Klebsiella pneumoniae KPN849ec	imipenem	Susceptible	Laboratory Method	Broth dilution	CLSI
573.14044	Klebsiella pneumoniae KPN309ec	imipenem	Susceptible	Laboratory Method	Broth dilution	CLSI
573.13876	Klebsiella pneumoniae KPN2050ec	imipenem	Susceptible	Laboratory Method	Broth dilution	CLSI
573.1302	Klebsiella pneumoniae 41	imipenem	Susceptible	Laboratory Method	Broth dilution	CLSI
573.13614	Klebsiella pneumoniae KPN1711ec	imipenem	Susceptible	Laboratory Method	Broth dilution	CLSI
573.14534	Klebsiella pneumoniae KPN974ec	imipenem	Susceptible	Laboratory Method	Broth dilution	CLSI
573.1359	Klebsiella pneumoniae KPN1687ec	imipenem	Susceptible	Laboratory Method	Broth dilution	CLSI
573.15482	Klebsiella pneumoniae strain 10315_6#73	imipenem	Susceptible	Laboratory Method	Disk diffusion	CLSI
573.1388	Klebsiella pneumoniae KPN2055ec	imipenem	Susceptible	Laboratory Method	Broth dilution	CLSI
573.14162	Klebsiella pneumoniae KPN446ec	imipenem	Susceptible	Laboratory Method	Broth dilution	CLSI
573.1371	Klebsiella pneumoniae KPN1848ec	imipenem	Susceptible	Laboratory Method	Broth dilution	CLSI
573.14126	Klebsiella pneumoniae KPN405ec	imipenem	Susceptible	Laboratory Method	Broth dilution	CLSI
573.14203	Klebsiella pneumoniae KPN514ec	imipenem	Susceptible	Laboratory Method	Broth dilution	CLSI
573.14059	Klebsiella pneumoniae KPN325ec	imipenem	Susceptible	Laboratory Method	Broth dilution	CLSI
573.13533	Klebsiella pneumoniae KPN1612ec	imipenem	Susceptible	Laboratory Method	Broth dilution	CLSI
573.13609	Klebsiella pneumoniae KPN1706ec	imipenem	Susceptible	Laboratory Method	Broth dilution	CLSI
573.1292	Klebsiella pneumoniae 3308	imipenem	Susceptible	Laboratory Method	Broth dilution	CLSI
573.13929	Klebsiella pneumoniae KPN2111ec	imipenem	Susceptible	Laboratory Method	Broth dilution	CLSI
573.14344	Klebsiella pneumoniae KPN718ec	imipenem	Susceptible	Laboratory Method	Broth dilution	CLSI
573.13528	Klebsiella pneumoniae KPN1608ec	imipenem	Susceptible	Laboratory Method	Broth dilution	CLSI
573.13964	Klebsiella pneumoniae KPN217ec	imipenem	Susceptible	Laboratory Method	Broth dilution	CLSI
573.13752	Klebsiella pneumoniae KPN1890ec	imipenem	Susceptible	Laboratory Method	Broth dilution	CLSI
573.14543	Klebsiella pneumoniae KPN986ec	imipenem	Susceptible	Laboratory Method	Broth dilution	CLSI
573.15469	Klebsiella pneumoniae strain 10315_6#58	imipenem	Susceptible	Laboratory Method	Disk diffusion	CLSI
573.1323	Klebsiella pneumoniae KPN124ec	imipenem	Susceptible	Laboratory Method	Broth dilution	CLSI
573.13705	Klebsiella pneumoniae KPN1842ec	imipenem	Susceptible	Laboratory Method	Broth dilution	CLSI
573.13077	Klebsiella pneumoniae KPN1060ec	imipenem	Susceptible	Laboratory Method	Broth dilution	CLSI
573.12969	Klebsiella pneumoniae 3295	imipenem	Susceptible	Laboratory Method	Broth dilution	CLSI
573.13966	Klebsiella pneumoniae KPN219ec	imipenem	Susceptible	Laboratory Method	Broth dilution	CLSI
573.13471	Klebsiella pneumoniae KPN1542ec	imipenem	Susceptible	Laboratory Method	Broth dilution	CLSI
573.2429	Klebsiella pneumoniae strain 36	imipenem	Susceptible	Laboratory Method	Disk diffusion	CLSI
573.14403	Klebsiella pneumoniae KPN796ec	imipenem	Susceptible	Laboratory Method	Broth dilution	CLSI
573.14443	Klebsiella pneumoniae KPN853ec	imipenem	Susceptible	Laboratory Method	Broth dilution	CLSI
573.13279	Klebsiella pneumoniae KPN1316ec	imipenem	Susceptible	Laboratory Method	Broth dilution	CLSI
573.13126	Klebsiella pneumoniae KPN1124ec	imipenem	Susceptible	Laboratory Method	Broth dilution	CLSI
573.14489	Klebsiella pneumoniae KPN915ec	imipenem	Susceptible	Laboratory Method	Broth dilution	CLSI
573.13473	Klebsiella pneumoniae KPN1544ec	imipenem	Susceptible	Laboratory Method	Broth dilution	CLSI
573.13487	Klebsiella pneumoniae KPN1559ec	imipenem	Susceptible	Laboratory Method	Broth dilution	CLSI
573.13413	Klebsiella pneumoniae KPN1475ec	imipenem	Susceptible	Laboratory Method	Broth dilution	CLSI
573.13064	Klebsiella pneumoniae KPN1042ec	imipenem	Susceptible	Laboratory Method	Broth dilution	CLSI
573.12863	Klebsiella pneumoniae 105	imipenem	Susceptible	Laboratory Method	Broth dilution	CLSI
573.13405	Klebsiella pneumoniae KPN1467ec	imipenem	Susceptible	Laboratory Method	Broth dilution	CLSI
573.13998	Klebsiella pneumoniae KPN259ec	imipenem	Susceptible	Laboratory Method	Broth dilution	CLSI
573.14171	Klebsiella pneumoniae KPN460ec	imipenem	Susceptible	Laboratory Method	Broth dilution	CLSI
573.1363	Klebsiella pneumoniae KPN1728ec	imipenem	Susceptible	Laboratory Method	Broth dilution	CLSI
573.15505	Klebsiella pneumoniae strain 10356_5#80	imipenem	Susceptible	Laboratory Method	Disk diffusion	CLSI
573.14546	Klebsiella pneumoniae KPN990ec	imipenem	Susceptible	Laboratory Method	Broth dilution	CLSI
573.13786	Klebsiella pneumoniae KPN1934ec	imipenem	Susceptible	Laboratory Method	Broth dilution	CLSI
573.13373	Klebsiella pneumoniae KPN1431ec	imipenem	Susceptible	Laboratory Method	Broth dilution	CLSI
573.13248	Klebsiella pneumoniae KPN126ec	imipenem	Susceptible	Laboratory Method	Broth dilution	CLSI
573.13446	Klebsiella pneumoniae KPN1513ec	imipenem	Susceptible	Laboratory Method	Broth dilution	CLSI
573.13858	Klebsiella pneumoniae KPN2031ec	imipenem	Susceptible	Laboratory Method	Broth dilution	CLSI
573.14436	Klebsiella pneumoniae KPN841ec	imipenem	Susceptible	Laboratory Method	Broth dilution	CLSI
573.13331	Klebsiella pneumoniae KPN1381ec	imipenem	Susceptible	Laboratory Method	Broth dilution	CLSI
573.12935	Klebsiella pneumoniae 104	imipenem	Susceptible	Laboratory Method	Broth dilution	CLSI
573.13888	Klebsiella pneumoniae KPN2064ec	imipenem	Susceptible	Laboratory Method	Broth dilution	CLSI
573.13375	Klebsiella pneumoniae KPN1433ec	imipenem	Susceptible	Laboratory Method	Broth dilution	CLSI
573.13663	Klebsiella pneumoniae KPN1769ec	imipenem	Susceptible	Laboratory Method	Broth dilution	CLSI
573.13825	Klebsiella pneumoniae KPN1992ec	imipenem	Susceptible	Laboratory Method	Broth dilution	CLSI
573.13734	Klebsiella pneumoniae KPN1870ec	imipenem	Susceptible	Laboratory Method	Broth dilution	CLSI
573.13802	Klebsiella pneumoniae KPN1955ec	imipenem	Susceptible	Laboratory Method	Broth dilution	CLSI
573.14192	Klebsiella pneumoniae KPN485ec	imipenem	Susceptible	Laboratory Method	Broth dilution	CLSI
573.1318	Klebsiella pneumoniae KPN1188ec	imipenem	Susceptible	Laboratory Method	Broth dilution	CLSI
573.14372	Klebsiella pneumoniae KPN753ec	imipenem	Susceptible	Laboratory Method	Broth dilution	CLSI
573.12912	Klebsiella pneumoniae 79	imipenem	Susceptible	Laboratory Method	Broth dilution	CLSI
573.14249	Klebsiella pneumoniae KPN575ec	imipenem	Susceptible	Laboratory Method	Broth dilution	CLSI
573.14135	Klebsiella pneumoniae KPN415ec	imipenem	Susceptible	Laboratory Method	Broth dilution	CLSI
573.138	Klebsiella pneumoniae KPN1952ec	imipenem	Susceptible	Laboratory Method	Broth dilution	CLSI
573.12945	Klebsiella pneumoniae 3354	imipenem	Susceptible	Laboratory Method	Broth dilution	CLSI
573.12869	Klebsiella pneumoniae 3229	imipenem	Susceptible	Laboratory Method	Broth dilution	CLSI
573.13892	Klebsiella pneumoniae KPN2069ec	imipenem	Susceptible	Laboratory Method	Broth dilution	CLSI
573.13514	Klebsiella pneumoniae KPN1590ec	imipenem	Susceptible	Laboratory Method	Broth dilution	CLSI
573.1297	Klebsiella pneumoniae 3236	imipenem	Susceptible	Laboratory Method	Broth dilution	CLSI
573.13171	Klebsiella pneumoniae KPN1178ec	imipenem	Susceptible	Laboratory Method	Broth dilution	CLSI
573.13967	Klebsiella pneumoniae KPN220ec	imipenem	Susceptible	Laboratory Method	Broth dilution	CLSI
573.13635	Klebsiella pneumoniae KPN1735ec	imipenem	Susceptible	Laboratory Method	Broth dilution	CLSI
573.13302	Klebsiella pneumoniae KPN1341ec	imipenem	Susceptible	Laboratory Method	Broth dilution	CLSI
573.2433	Klebsiella pneumoniae strain MUGSI_112	imipenem	Susceptible	Laboratory Method	Broth dilution	CLSI
573.13869	Klebsiella pneumoniae KPN2043ec	imipenem	Susceptible	Laboratory Method	Broth dilution	CLSI
573.14202	Klebsiella pneumoniae KPN513ec	imipenem	Susceptible	Laboratory Method	Broth dilution	CLSI
573.14151	Klebsiella pneumoniae KPN432ec	imipenem	Susceptible	Laboratory Method	Broth dilution	CLSI
573.67406	Klebsiella pneumoniae MGL_174	imipenem	Susceptible	Laboratory Method	Disk diffusion	CLSI, EUCAST
573.12875	Klebsiella pneumoniae 77	imipenem	Susceptible	Laboratory Method	Broth dilution	CLSI
573.15444	Klebsiella pneumoniae strain 10315_6#24	imipenem	Susceptible	Laboratory Method	Disk diffusion	CLSI
573.13015	Klebsiella pneumoniae 70	imipenem	Susceptible	Laboratory Method	Broth dilution	CLSI
573.13907	Klebsiella pneumoniae KPN2084ec	imipenem	Susceptible	Laboratory Method	Broth dilution	CLSI
573.12911	Klebsiella pneumoniae 3259	imipenem	Susceptible	Laboratory Method	Broth dilution	CLSI
573.15468	Klebsiella pneumoniae strain 10315_6#59	imipenem	Susceptible	Laboratory Method	Disk diffusion	CLSI
573.13216	Klebsiella pneumoniae KPN1233ec	imipenem	Susceptible	Laboratory Method	Broth dilution	CLSI
573.13033	Klebsiella pneumoniae KPN1002ec	imipenem	Susceptible	Laboratory Method	Broth dilution	CLSI
573.1375	Klebsiella pneumoniae KPN1889ec	imipenem	Susceptible	Laboratory Method	Broth dilution	CLSI
573.14384	Klebsiella pneumoniae KPN769ec	imipenem	Susceptible	Laboratory Method	Broth dilution	CLSI
573.14083	Klebsiella pneumoniae KPN358ec	imipenem	Susceptible	Laboratory Method	Broth dilution	CLSI
573.13047	Klebsiella pneumoniae KPN1021ec	imipenem	Susceptible	Laboratory Method	Broth dilution	CLSI
573.13504	Klebsiella pneumoniae KPN1578ec	imipenem	Susceptible	Laboratory Method	Broth dilution	CLSI
573.12914	Klebsiella pneumoniae 3275	imipenem	Susceptible	Laboratory Method	Broth dilution	CLSI
573.14338	Klebsiella pneumoniae KPN712ec	imipenem	Susceptible	Laboratory Method	Broth dilution	CLSI
573.1352	Klebsiella pneumoniae KPN1596ec	imipenem	Susceptible	Laboratory Method	Broth dilution	CLSI
573.12985	Klebsiella pneumoniae 3396	imipenem	Susceptible	Laboratory Method	Broth dilution	CLSI
573.1328	Klebsiella pneumoniae KPN1317ec	imipenem	Susceptible	Laboratory Method	Broth dilution	CLSI
573.14387	Klebsiella pneumoniae KPN771ec	imipenem	Susceptible	Laboratory Method	Broth dilution	CLSI
573.13541	Klebsiella pneumoniae KPN1624ec	imipenem	Susceptible	Laboratory Method	Broth dilution	CLSI
573.13014	Klebsiella pneumoniae 3284	imipenem	Susceptible	Laboratory Method	Broth dilution	CLSI
573.14463	Klebsiella pneumoniae KPN881ec	imipenem	Susceptible	Laboratory Method	Broth dilution	CLSI
573.13131	Klebsiella pneumoniae KPN1129ec	imipenem	Susceptible	Laboratory Method	Broth dilution	CLSI
573.13982	Klebsiella pneumoniae KPN237ec	imipenem	Susceptible	Laboratory Method	Broth dilution	CLSI
573.12938	Klebsiella pneumoniae 3329	imipenem	Susceptible	Laboratory Method	Broth dilution	CLSI
573.13695	Klebsiella pneumoniae KPN1830ec	imipenem	Susceptible	Laboratory Method	Broth dilution	CLSI
573.13016	Klebsiella pneumoniae 68	imipenem	Susceptible	Laboratory Method	Broth dilution	CLSI
573.14029	Klebsiella pneumoniae KPN292ec	imipenem	Susceptible	Laboratory Method	Broth dilution	CLSI
573.14122	Klebsiella pneumoniae KPN401ec	imipenem	Susceptible	Laboratory Method	Broth dilution	CLSI
573.13681	Klebsiella pneumoniae KPN1789ec	imipenem	Susceptible	Laboratory Method	Broth dilution	CLSI
573.14014	Klebsiella pneumoniae KPN276ec	imipenem	Susceptible	Laboratory Method	Broth dilution	CLSI
573.12916	Klebsiella pneumoniae 3338	imipenem	Susceptible	Laboratory Method	Broth dilution	CLSI
573.12926	Klebsiella pneumoniae 23	imipenem	Susceptible	Laboratory Method	Broth dilution	CLSI
573.14454	Klebsiella pneumoniae KPN871ec	imipenem	Susceptible	Laboratory Method	Broth dilution	CLSI
573.13877	Klebsiella pneumoniae KPN2052ec	imipenem	Susceptible	Laboratory Method	Broth dilution	CLSI
573.13703	Klebsiella pneumoniae KPN1840ec	imipenem	Susceptible	Laboratory Method	Broth dilution	CLSI
573.12925	Klebsiella pneumoniae 93	imipenem	Susceptible	Laboratory Method	Broth dilution	CLSI
573.15486	Klebsiella pneumoniae strain 10315_6#77	imipenem	Susceptible	Laboratory Method	Disk diffusion	CLSI
573.13086	Klebsiella pneumoniae KPN1072ec	imipenem	Susceptible	Laboratory Method	Broth dilution	CLSI
573.12915	Klebsiella pneumoniae 3401	imipenem	Susceptible	Laboratory Method	Broth dilution	CLSI
573.1403	Klebsiella pneumoniae KPN293ec	imipenem	Susceptible	Laboratory Method	Broth dilution	CLSI
573.13631	Klebsiella pneumoniae KPN1729ec	imipenem	Susceptible	Laboratory Method	Broth dilution	CLSI
573.14383	Klebsiella pneumoniae KPN768ec	imipenem	Susceptible	Laboratory Method	Broth dilution	CLSI
573.13081	Klebsiella pneumoniae KPN1066ec	imipenem	Susceptible	Laboratory Method	Broth dilution	CLSI
573.2438	Klebsiella pneumoniae strain MUGSI_225	imipenem	Susceptible	Laboratory Method	Broth dilution	CLSI
573.132	Klebsiella pneumoniae KPN1209ec	imipenem	Susceptible	Laboratory Method	Broth dilution	CLSI
573.13493	Klebsiella pneumoniae KPN1565ec	imipenem	Susceptible	Laboratory Method	Broth dilution	CLSI
573.13341	Klebsiella pneumoniae KPN1393ec	imipenem	Susceptible	Laboratory Method	Broth dilution	CLSI
573.13502	Klebsiella pneumoniae KPN1575ec	imipenem	Susceptible	Laboratory Method	Broth dilution	CLSI
573.14341	Klebsiella pneumoniae KPN715ec	imipenem	Susceptible	Laboratory Method	Broth dilution	CLSI
573.13181	Klebsiella pneumoniae KPN1189ec	imipenem	Susceptible	Laboratory Method	Broth dilution	CLSI
573.13733	Klebsiella pneumoniae KPN186ec	imipenem	Susceptible	Laboratory Method	Broth dilution	CLSI
573.12917	Klebsiella pneumoniae 112	imipenem	Susceptible	Laboratory Method	Broth dilution	CLSI
573.13702	Klebsiella pneumoniae KPN183ec	imipenem	Susceptible	Laboratory Method	Broth dilution	CLSI
573.13368	Klebsiella pneumoniae KPN1427ec	imipenem	Susceptible	Laboratory Method	Broth dilution	CLSI
573.13245	Klebsiella pneumoniae KPN1267ec	imipenem	Susceptible	Laboratory Method	Broth dilution	CLSI
573.13813	Klebsiella pneumoniae KPN197ec	imipenem	Susceptible	Laboratory Method	Broth dilution	CLSI
573.29879	Klebsiella pneumoniae strain Kpngiani7132575	imipenem	Susceptible	Laboratory Method	Broth dilution	EUCAST
573.14172	Klebsiella pneumoniae KPN461ec	imipenem	Susceptible	Laboratory Method	Broth dilution	CLSI
573.13437	Klebsiella pneumoniae KPN1500ec	imipenem	Susceptible	Laboratory Method	Broth dilution	CLSI
573.23215	Klebsiella pneumoniae strain KP_084	imipenem	Susceptible	Laboratory Method	Disk diffusion	CLSI
573.1435	Klebsiella pneumoniae KPN724ec	imipenem	Susceptible	Laboratory Method	Broth dilution	CLSI
573.15449	Klebsiella pneumoniae strain 10315_6#31	imipenem	Susceptible	Laboratory Method	Disk diffusion	CLSI
573.15446	Klebsiella pneumoniae strain 10315_6#28	imipenem	Susceptible	Laboratory Method	Disk diffusion	CLSI
573.14039	Klebsiella pneumoniae KPN304ec	imipenem	Susceptible	Laboratory Method	Broth dilution	CLSI
573.13621	Klebsiella pneumoniae KPN1718ec	imipenem	Susceptible	Laboratory Method	Broth dilution	CLSI
573.13166	Klebsiella pneumoniae KPN1171ec	imipenem	Susceptible	Laboratory Method	Broth dilution	CLSI
573.13333	Klebsiella pneumoniae KPN1383ec	imipenem	Susceptible	Laboratory Method	Broth dilution	CLSI
573.13057	Klebsiella pneumoniae KPN1034ec	imipenem	Susceptible	Laboratory Method	Broth dilution	CLSI
573.13225	Klebsiella pneumoniae KPN1244ec	imipenem	Susceptible	Laboratory Method	Broth dilution	CLSI
573.13228	Klebsiella pneumoniae KPN1248ec	imipenem	Susceptible	Laboratory Method	Broth dilution	CLSI
573.13406	Klebsiella pneumoniae KPN1469ec	imipenem	Susceptible	Laboratory Method	Broth dilution	CLSI
573.62721	Klebsiella pneumoniae MGL_174	imipenem	Susceptible	Laboratory Method	Disk diffusion	
573.13638	Klebsiella pneumoniae KPN1739ec	imipenem	Susceptible	Laboratory Method	Broth dilution	CLSI
573.1449	Klebsiella pneumoniae KPN916ec	imipenem	Susceptible	Laboratory Method	Broth dilution	CLSI
573.14018	Klebsiella pneumoniae KPN280ec	imipenem	Susceptible	Laboratory Method	Broth dilution	CLSI
573.13496	Klebsiella pneumoniae KPN1568ec	imipenem	Susceptible	Laboratory Method	Broth dilution	CLSI
573.13253	Klebsiella pneumoniae KPN1274ec	imipenem	Susceptible	Laboratory Method	Broth dilution	CLSI
573.1442	Klebsiella pneumoniae KPN821ec	imipenem	Susceptible	Laboratory Method	Broth dilution	CLSI
573.12956	Klebsiella pneumoniae 3272	imipenem	Susceptible	Laboratory Method	Broth dilution	CLSI
573.13662	Klebsiella pneumoniae KPN1768ec	imipenem	Susceptible	Laboratory Method	Broth dilution	CLSI
573.13659	Klebsiella pneumoniae KPN1764ec	imipenem	Susceptible	Laboratory Method	Broth dilution	CLSI
573.12937	Klebsiella pneumoniae 3251	imipenem	Susceptible	Laboratory Method	Broth dilution	CLSI
573.14481	Klebsiella pneumoniae KPN906ec	imipenem	Susceptible	Laboratory Method	Broth dilution	CLSI
573.14544	Klebsiella pneumoniae KPN988ec	imipenem	Susceptible	Laboratory Method	Broth dilution	CLSI
573.14078	Klebsiella pneumoniae KPN353ec	imipenem	Susceptible	Laboratory Method	Broth dilution	CLSI
573.14026	Klebsiella pneumoniae KPN289ec	imipenem	Susceptible	Laboratory Method	Broth dilution	CLSI
573.14134	Klebsiella pneumoniae KPN414ec	imipenem	Susceptible	Laboratory Method	Broth dilution	CLSI
573.1411	Klebsiella pneumoniae KPN387ec	imipenem	Susceptible	Laboratory Method	Broth dilution	CLSI
573.12891	Klebsiella pneumoniae 3310	imipenem	Susceptible	Laboratory Method	Broth dilution	CLSI
573.13572	Klebsiella pneumoniae KPN1666ec	imipenem	Susceptible	Laboratory Method	Broth dilution	CLSI
573.14494	Klebsiella pneumoniae KPN922ec	imipenem	Susceptible	Laboratory Method	Broth dilution	CLSI
573.14193	Klebsiella pneumoniae KPN486ec	imipenem	Susceptible	Laboratory Method	Broth dilution	CLSI
573.13241	Klebsiella pneumoniae KPN1262ec	imipenem	Susceptible	Laboratory Method	Broth dilution	CLSI
573.13519	Klebsiella pneumoniae KPN1595ec	imipenem	Susceptible	Laboratory Method	Broth dilution	CLSI
573.13606	Klebsiella pneumoniae KPN1703ec	imipenem	Susceptible	Laboratory Method	Broth dilution	CLSI
573.13713	Klebsiella pneumoniae KPN1850ec	imipenem	Susceptible	Laboratory Method	Broth dilution	CLSI
573.15506	Klebsiella pneumoniae strain 10356_5#81	imipenem	Susceptible	Laboratory Method	Disk diffusion	CLSI
573.13844	Klebsiella pneumoniae KPN2013ec	imipenem	Susceptible	Laboratory Method	Broth dilution	CLSI
573.14008	Klebsiella pneumoniae KPN270ec	imipenem	Susceptible	Laboratory Method	Broth dilution	CLSI
573.13142	Klebsiella pneumoniae KPN1143ec	imipenem	Susceptible	Laboratory Method	Broth dilution	CLSI
573.14404	Klebsiella pneumoniae KPN797ec	imipenem	Susceptible	Laboratory Method	Broth dilution	CLSI
573.14514	Klebsiella pneumoniae KPN946ec	imipenem	Susceptible	Laboratory Method	Broth dilution	CLSI
573.13498	Klebsiella pneumoniae KPN1570ec	imipenem	Susceptible	Laboratory Method	Broth dilution	CLSI
573.12862	Klebsiella pneumoniae 3288	imipenem	Susceptible	Laboratory Method	Broth dilution	CLSI
573.13943	Klebsiella pneumoniae KPN2149ec	imipenem	Susceptible	Laboratory Method	Broth dilution	CLSI
573.13551	Klebsiella pneumoniae KPN1642ec	imipenem	Susceptible	Laboratory Method	Broth dilution	CLSI
573.1299	Klebsiella pneumoniae 3226	imipenem	Susceptible	Laboratory Method	Broth dilution	CLSI
573.13568	Klebsiella pneumoniae KPN1662ec	imipenem	Susceptible	Laboratory Method	Broth dilution	CLSI
573.13976	Klebsiella pneumoniae KPN231ec	imipenem	Susceptible	Laboratory Method	Broth dilution	CLSI
573.13948	Klebsiella pneumoniae KPN2156ec	imipenem	Susceptible	Laboratory Method	Broth dilution	CLSI
573.24442	Klebsiella pneumoniae strain MUGSI_83	imipenem	Susceptible	Laboratory Method	Broth dilution	CLSI
573.13688	Klebsiella pneumoniae KPN181ec	imipenem	Susceptible	Laboratory Method	Broth dilution	CLSI
573.13599	Klebsiella pneumoniae KPN1696ec	imipenem	Susceptible	Laboratory Method	Broth dilution	CLSI
573.14411	Klebsiella pneumoniae KPN809ec	imipenem	Susceptible	Laboratory Method	Broth dilution	CLSI
573.29959	Klebsiella pneumoniae strain Kpngiani7132485	imipenem	Susceptible	Laboratory Method	Broth dilution	EUCAST
573.244	Klebsiella pneumoniae strain MUGSI_318	imipenem	Susceptible	Laboratory Method	Broth dilution	CLSI
573.13	Klebsiella pneumoniae 33	imipenem	Susceptible	Laboratory Method	Broth dilution	CLSI
573.13756	Klebsiella pneumoniae KPN1895ec	imipenem	Susceptible	Laboratory Method	Broth dilution	CLSI
573.13856	Klebsiella pneumoniae KPN2029ec	imipenem	Susceptible	Laboratory Method	Broth dilution	CLSI
573.13983	Klebsiella pneumoniae KPN238ec	imipenem	Susceptible	Laboratory Method	Broth dilution	CLSI
573.14143	Klebsiella pneumoniae KPN423ec	imipenem	Susceptible	Laboratory Method	Broth dilution	CLSI
573.12988	Klebsiella pneumoniae 3312	imipenem	Susceptible	Laboratory Method	Broth dilution	CLSI
573.12885	Klebsiella pneumoniae 91	imipenem	Susceptible	Laboratory Method	Broth dilution	CLSI
573.14241	Klebsiella pneumoniae KPN566ec	imipenem	Susceptible	Laboratory Method	Broth dilution	CLSI
573.13824	Klebsiella pneumoniae KPN1991ec	imipenem	Susceptible	Laboratory Method	Broth dilution	CLSI
573.14113	Klebsiella pneumoniae KPN390ec	imipenem	Susceptible	Laboratory Method	Broth dilution	CLSI
573.13329	Klebsiella pneumoniae KPN1378ec	imipenem	Susceptible	Laboratory Method	Broth dilution	CLSI
573.13687	Klebsiella pneumoniae KPN1819ec	imipenem	Susceptible	Laboratory Method	Broth dilution	CLSI
573.1398	Klebsiella pneumoniae KPN235ec	imipenem	Susceptible	Laboratory Method	Broth dilution	CLSI
573.13087	Klebsiella pneumoniae KPN1074ec	imipenem	Susceptible	Laboratory Method	Broth dilution	CLSI
573.13864	Klebsiella pneumoniae KPN2038ec	imipenem	Susceptible	Laboratory Method	Broth dilution	CLSI
573.13059	Klebsiella pneumoniae KPN1037ec	imipenem	Susceptible	Laboratory Method	Broth dilution	CLSI
573.13637	Klebsiella pneumoniae KPN1738ec	imipenem	Susceptible	Laboratory Method	Broth dilution	CLSI
573.13602	Klebsiella pneumoniae KPN1699ec	imipenem	Susceptible	Laboratory Method	Broth dilution	CLSI
573.14051	Klebsiella pneumoniae KPN317ec	imipenem	Susceptible	Laboratory Method	Broth dilution	CLSI
573.13683	Klebsiella pneumoniae KPN179ec	imipenem	Susceptible	Laboratory Method	Broth dilution	CLSI
573.1545	Klebsiella pneumoniae strain 10315_6#32	imipenem	Susceptible	Laboratory Method	Disk diffusion	CLSI
573.13449	Klebsiella pneumoniae KPN1516ec	imipenem	Susceptible	Laboratory Method	Broth dilution	CLSI
573.1415	Klebsiella pneumoniae KPN431ec	imipenem	Susceptible	Laboratory Method	Broth dilution	CLSI
573.13624	Klebsiella pneumoniae KPN1721ec	imipenem	Susceptible	Laboratory Method	Broth dilution	CLSI
573.2256	Klebsiella pneumoniae strain SU5	imipenem	Susceptible	Laboratory Method		EUCAST
573.13246	Klebsiella pneumoniae KPN1268ec	imipenem	Susceptible	Laboratory Method	Broth dilution	CLSI
573.14075	Klebsiella pneumoniae KPN347ec	imipenem	Susceptible	Laboratory Method	Broth dilution	CLSI
573.13479	Klebsiella pneumoniae KPN154ec	imipenem	Susceptible	Laboratory Method	Broth dilution	CLSI
573.15497	Klebsiella pneumoniae strain 10315_6#92	imipenem	Susceptible	Laboratory Method	Disk diffusion	CLSI
573.13891	Klebsiella pneumoniae KPN2067ec	imipenem	Susceptible	Laboratory Method	Broth dilution	CLSI
573.13885	Klebsiella pneumoniae KPN2061ec	imipenem	Susceptible	Laboratory Method	Broth dilution	CLSI
573.14235	Klebsiella pneumoniae KPN558ec	imipenem	Susceptible	Laboratory Method	Broth dilution	CLSI
573.13546	Klebsiella pneumoniae KPN162ec	imipenem	Susceptible	Laboratory Method	Broth dilution	CLSI
573.13336	Klebsiella pneumoniae KPN1386ec	imipenem	Susceptible	Laboratory Method	Broth dilution	CLSI
573.12918	Klebsiella pneumoniae 3340	imipenem	Susceptible	Laboratory Method	Broth dilution	CLSI
573.13806	Klebsiella pneumoniae KPN1961ec	imipenem	Susceptible	Laboratory Method	Broth dilution	CLSI
573.14467	Klebsiella pneumoniae KPN887ec	imipenem	Susceptible	Laboratory Method	Broth dilution	CLSI
573.13581	Klebsiella pneumoniae KPN1677ec	imipenem	Susceptible	Laboratory Method	Broth dilution	CLSI
573.14412	Klebsiella pneumoniae KPN810ec	imipenem	Susceptible	Laboratory Method	Broth dilution	CLSI
573.13008	Klebsiella pneumoniae 3302	imipenem	Susceptible	Laboratory Method	Broth dilution	CLSI
573.15483	Klebsiella pneumoniae strain 10315_6#74	imipenem	Susceptible	Laboratory Method	Disk diffusion	CLSI
573.13912	Klebsiella pneumoniae KPN208ec	imipenem	Susceptible	Laboratory Method	Broth dilution	CLSI
573.62724	Klebsiella pneumoniae MGL_167	imipenem	Susceptible	Laboratory Method	Disk diffusion	
573.13835	Klebsiella pneumoniae KPN2005ec	imipenem	Susceptible	Laboratory Method	Broth dilution	CLSI
573.13809	Klebsiella pneumoniae KPN1973ec	imipenem	Susceptible	Laboratory Method	Broth dilution	CLSI
573.12942	Klebsiella pneumoniae 3353	imipenem	Susceptible	Laboratory Method	Broth dilution	CLSI
573.14089	Klebsiella pneumoniae KPN366ec	imipenem	Susceptible	Laboratory Method	Broth dilution	CLSI
573.14348	Klebsiella pneumoniae KPN722ec	imipenem	Susceptible	Laboratory Method	Broth dilution	CLSI
573.13682	Klebsiella pneumoniae KPN178ec	imipenem	Susceptible	Laboratory Method	Broth dilution	CLSI
573.14198	Klebsiella pneumoniae KPN509ec	imipenem	Susceptible	Laboratory Method	Broth dilution	CLSI
573.14042	Klebsiella pneumoniae KPN307ec	imipenem	Susceptible	Laboratory Method	Broth dilution	CLSI
573.13012	Klebsiella pneumoniae 3326	imipenem	Susceptible	Laboratory Method	Broth dilution	CLSI
573.12955	Klebsiella pneumoniae 126	imipenem	Susceptible	Laboratory Method	Broth dilution	CLSI
573.14525	Klebsiella pneumoniae KPN959ec	imipenem	Susceptible	Laboratory Method	Broth dilution	CLSI
573.12958	Klebsiella pneumoniae 3270	imipenem	Susceptible	Laboratory Method	Broth dilution	CLSI
573.13066	Klebsiella pneumoniae KPN1044ec	imipenem	Susceptible	Laboratory Method	Broth dilution	CLSI
573.14283	Klebsiella pneumoniae KPN616ec	imipenem	Susceptible	Laboratory Method	Broth dilution	CLSI
573.14057	Klebsiella pneumoniae KPN323ec	imipenem	Susceptible	Laboratory Method	Broth dilution	CLSI
573.14539	Klebsiella pneumoniae KPN981ec	imipenem	Susceptible	Laboratory Method	Broth dilution	CLSI
573.12961	Klebsiella pneumoniae 10	imipenem	Susceptible	Laboratory Method	Broth dilution	CLSI
573.12858	Klebsiella pneumoniae 3243	imipenem	Susceptible	Laboratory Method	Broth dilution	CLSI
573.1356	Klebsiella pneumoniae KPN1651ec	imipenem	Susceptible	Laboratory Method	Broth dilution	CLSI
573.13416	Klebsiella pneumoniae KPN1477ec	imipenem	Susceptible	Laboratory Method	Broth dilution	CLSI
573.12939	Klebsiella pneumoniae 8	imipenem	Susceptible	Laboratory Method	Broth dilution	CLSI
573.13859	Klebsiella pneumoniae KPN2032ec	imipenem	Susceptible	Laboratory Method	Broth dilution	CLSI
573.15476	Klebsiella pneumoniae strain 10315_6#68	imipenem	Susceptible	Laboratory Method	Disk diffusion	CLSI
573.13787	Klebsiella pneumoniae KPN1936ec	imipenem	Susceptible	Laboratory Method	Broth dilution	CLSI
573.14117	Klebsiella pneumoniae KPN395ec	imipenem	Susceptible	Laboratory Method	Broth dilution	CLSI
573.1331	Klebsiella pneumoniae KPN134ec	imipenem	Susceptible	Laboratory Method	Broth dilution	CLSI
573.14415	Klebsiella pneumoniae KPN814ec	imipenem	Susceptible	Laboratory Method	Broth dilution	CLSI
573.13556	Klebsiella pneumoniae KPN1648ec	imipenem	Susceptible	Laboratory Method	Broth dilution	CLSI
573.14028	Klebsiella pneumoniae KPN291ec	imipenem	Susceptible	Laboratory Method	Broth dilution	CLSI
573.15484	Klebsiella pneumoniae strain 10315_6#75	imipenem	Susceptible	Laboratory Method	Disk diffusion	CLSI
573.14413	Klebsiella pneumoniae KPN811ec	imipenem	Susceptible	Laboratory Method	Broth dilution	CLSI
573.14491	Klebsiella pneumoniae KPN918ec	imipenem	Susceptible	Laboratory Method	Broth dilution	CLSI
573.12982	Klebsiella pneumoniae 3305	imipenem	Susceptible	Laboratory Method	Broth dilution	CLSI
573.24388	Klebsiella pneumoniae strain MUGSI_293	imipenem	Susceptible	Laboratory Method	Broth dilution	CLSI
573.1378	Klebsiella pneumoniae KPN1928ec	imipenem	Susceptible	Laboratory Method	Broth dilution	CLSI
573.13054	Klebsiella pneumoniae KPN1031ec	imipenem	Susceptible	Laboratory Method	Broth dilution	CLSI
573.14165	Klebsiella pneumoniae KPN449ec	imipenem	Susceptible	Laboratory Method	Broth dilution	CLSI
573.1289	Klebsiella pneumoniae 103	imipenem	Susceptible	Laboratory Method	Broth dilution	CLSI
573.13385	Klebsiella pneumoniae KPN1444ec	imipenem	Susceptible	Laboratory Method	Broth dilution	CLSI
573.12962	Klebsiella pneumoniae 28	imipenem	Susceptible	Laboratory Method	Broth dilution	CLSI
573.62729	Klebsiella pneumoniae MGL_K_3	imipenem	Susceptible	Laboratory Method	Disk diffusion	
1328385.3	Klebsiella pneumoniae BWH 30	imipenem	Susceptible	Laboratory Method	Broth dilution	
573.15451	Klebsiella pneumoniae strain 10315_6#34	imipenem	Susceptible	Laboratory Method	Disk diffusion	CLSI
573.67382	Klebsiella pneumoniae MGL_76	imipenem	Susceptible	Laboratory Method	Disk diffusion	CLSI, EUCAST
573.13332	Klebsiella pneumoniae KPN1382ec	imipenem	Susceptible	Laboratory Method	Broth dilution	CLSI
573.13717	Klebsiella pneumoniae KPN1854ec	imipenem	Susceptible	Laboratory Method	Broth dilution	CLSI
573.13843	Klebsiella pneumoniae KPN2012ec	imipenem	Susceptible	Laboratory Method	Broth dilution	CLSI
573.13851	Klebsiella pneumoniae KPN2023ec	imipenem	Susceptible	Laboratory Method	Broth dilution	CLSI
573.1444	Klebsiella pneumoniae KPN848ec	imipenem	Susceptible	Laboratory Method	Broth dilution	CLSI
573.13411	Klebsiella pneumoniae KPN1473ec	imipenem	Susceptible	Laboratory Method	Broth dilution	CLSI
573.13258	Klebsiella pneumoniae KPN1279ec	imipenem	Susceptible	Laboratory Method	Broth dilution	CLSI
573.12986	Klebsiella pneumoniae 21	imipenem	Susceptible	Laboratory Method	Broth dilution	CLSI
573.13192	Klebsiella pneumoniae KPN1200ec	imipenem	Susceptible	Laboratory Method	Broth dilution	CLSI
573.13839	Klebsiella pneumoniae KPN2009ec	imipenem	Susceptible	Laboratory Method	Broth dilution	CLSI
573.14398	Klebsiella pneumoniae KPN788ec	imipenem	Susceptible	Laboratory Method	Broth dilution	CLSI
573.14358	Klebsiella pneumoniae KPN735ec	imipenem	Susceptible	Laboratory Method	Broth dilution	CLSI
573.1365	Klebsiella pneumoniae KPN1754ec	imipenem	Susceptible	Laboratory Method	Broth dilution	CLSI
573.14504	Klebsiella pneumoniae KPN933ec	imipenem	Susceptible	Laboratory Method	Broth dilution	CLSI
573.13935	Klebsiella pneumoniae KPN2121ec	imipenem	Susceptible	Laboratory Method	Broth dilution	CLSI
573.13408	Klebsiella pneumoniae KPN1470ec	imipenem	Susceptible	Laboratory Method	Broth dilution	CLSI
573.13306	Klebsiella pneumoniae KPN1346ec	imipenem	Susceptible	Laboratory Method	Broth dilution	CLSI
573.1445	Klebsiella pneumoniae KPN865ec	imipenem	Susceptible	Laboratory Method	Broth dilution	CLSI
573.23203	Klebsiella pneumoniae strain KP_017	imipenem	Susceptible	Laboratory Method	Disk diffusion	CLSI
573.14063	Klebsiella pneumoniae KPN331ec	imipenem	Susceptible	Laboratory Method	Broth dilution	CLSI
573.13517	Klebsiella pneumoniae KPN1593ec	imipenem	Susceptible	Laboratory Method	Broth dilution	CLSI
573.13712	Klebsiella pneumoniae KPN184ec	imipenem	Susceptible	Laboratory Method	Broth dilution	CLSI
573.67384	Klebsiella pneumoniae 20200622_MGL_73	imipenem	Susceptible	Laboratory Method	Disk diffusion	CLSI, EUCAST
573.13414	Klebsiella pneumoniae KPN1476ec	imipenem	Susceptible	Laboratory Method	Broth dilution	CLSI
573.13833	Klebsiella pneumoniae KPN2003ec	imipenem	Susceptible	Laboratory Method	Broth dilution	CLSI
573.13297	Klebsiella pneumoniae KPN1336ec	imipenem	Susceptible	Laboratory Method	Broth dilution	CLSI
573.1362	Klebsiella pneumoniae KPN1717ec	imipenem	Susceptible	Laboratory Method	Broth dilution	CLSI
573.13475	Klebsiella pneumoniae KPN1546ec	imipenem	Susceptible	Laboratory Method	Broth dilution	CLSI
573.13915	Klebsiella pneumoniae KPN2092ec	imipenem	Susceptible	Laboratory Method	Broth dilution	CLSI
573.13486	Klebsiella pneumoniae KPN1558ec	imipenem	Susceptible	Laboratory Method	Broth dilution	CLSI
573.23209	Klebsiella pneumoniae strain KP_184	imipenem	Susceptible	Laboratory Method	Disk diffusion	CLSI
573.12903	Klebsiella pneumoniae 61	imipenem	Susceptible	Laboratory Method	Broth dilution	CLSI
573.13313	Klebsiella pneumoniae KPN1354ec	imipenem	Susceptible	Laboratory Method	Broth dilution	CLSI
573.1317	Klebsiella pneumoniae KPN1177ec	imipenem	Susceptible	Laboratory Method	Broth dilution	CLSI
573.1287	Klebsiella pneumoniae 3399	imipenem	Susceptible	Laboratory Method	Broth dilution	CLSI
573.14035	Klebsiella pneumoniae KPN300ec	imipenem	Susceptible	Laboratory Method	Broth dilution	CLSI
573.12919	Klebsiella pneumoniae 3346	imipenem	Susceptible	Laboratory Method	Broth dilution	CLSI
573.135	Klebsiella pneumoniae KPN1572ec	imipenem	Susceptible	Laboratory Method	Broth dilution	CLSI
573.15477	Klebsiella pneumoniae strain 10315_6#69	imipenem	Susceptible	Laboratory Method	Disk diffusion	CLSI
573.22562	Klebsiella pneumoniae strain SU3	imipenem	Susceptible	Laboratory Method		EUCAST
573.14257	Klebsiella pneumoniae KPN583ec	imipenem	Susceptible	Laboratory Method	Broth dilution	CLSI
573.14427	Klebsiella pneumoniae KPN830ec	imipenem	Susceptible	Laboratory Method	Broth dilution	CLSI
573.14367	Klebsiella pneumoniae KPN747ec	imipenem	Susceptible	Laboratory Method	Broth dilution	CLSI
573.14299	Klebsiella pneumoniae KPN648ec	imipenem	Susceptible	Laboratory Method	Broth dilution	CLSI
573.14093	Klebsiella pneumoniae KPN370ec	imipenem	Susceptible	Laboratory Method	Broth dilution	CLSI
573.13697	Klebsiella pneumoniae KPN1832ec	imipenem	Susceptible	Laboratory Method	Broth dilution	CLSI
573.13895	Klebsiella pneumoniae KPN2072ec	imipenem	Susceptible	Laboratory Method	Broth dilution	CLSI
573.12972	Klebsiella pneumoniae 3244	imipenem	Susceptible	Laboratory Method	Broth dilution	CLSI
573.14441	Klebsiella pneumoniae KPN850ec	imipenem	Susceptible	Laboratory Method	Broth dilution	CLSI
573.13584	Klebsiella pneumoniae KPN167ec	imipenem	Susceptible	Laboratory Method	Broth dilution	CLSI
573.13743	Klebsiella pneumoniae KPN187ec	imipenem	Susceptible	Laboratory Method	Broth dilution	CLSI
573.13817	Klebsiella pneumoniae KPN1984ec	imipenem	Susceptible	Laboratory Method	Broth dilution	CLSI
573.14448	Klebsiella pneumoniae KPN863ec	imipenem	Susceptible	Laboratory Method	Broth dilution	CLSI
573.14154	Klebsiella pneumoniae KPN436ec	imipenem	Susceptible	Laboratory Method	Broth dilution	CLSI
573.14392	Klebsiella pneumoniae KPN780ec	imipenem	Susceptible	Laboratory Method	Broth dilution	CLSI
573.14104	Klebsiella pneumoniae KPN381ec	imipenem	Susceptible	Laboratory Method	Broth dilution	CLSI
573.14278	Klebsiella pneumoniae KPN611ec	imipenem	Susceptible	Laboratory Method	Broth dilution	CLSI
573.14482	Klebsiella pneumoniae KPN907ec	imipenem	Susceptible	Laboratory Method	Broth dilution	CLSI
573.13936	Klebsiella pneumoniae KPN2122ec	imipenem	Susceptible	Laboratory Method	Broth dilution	CLSI
573.12998	Klebsiella pneumoniae 80	imipenem	Susceptible	Laboratory Method	Broth dilution	CLSI
573.14106	Klebsiella pneumoniae KPN383ec	imipenem	Susceptible	Laboratory Method	Broth dilution	CLSI
573.13994	Klebsiella pneumoniae KPN254ec	imipenem	Susceptible	Laboratory Method	Broth dilution	CLSI
573.14496	Klebsiella pneumoniae KPN924ec	imipenem	Susceptible	Laboratory Method	Broth dilution	CLSI
573.13157	Klebsiella pneumoniae KPN1162ec	imipenem	Susceptible	Laboratory Method	Broth dilution	CLSI
573.13197	Klebsiella pneumoniae KPN1206ec	imipenem	Susceptible	Laboratory Method	Broth dilution	CLSI
573.12987	Klebsiella pneumoniae 3386	imipenem	Susceptible	Laboratory Method	Broth dilution	CLSI
573.65893	Klebsiella pneumoniae 003-E1-DxU	imipenem	Susceptible	Laboratory Method	Disk diffusion	CLSI
573.14432	Klebsiella pneumoniae KPN837ec	imipenem	Susceptible	Laboratory Method	Broth dilution	CLSI
573.13114	Klebsiella pneumoniae KPN1110ec	imipenem	Susceptible	Laboratory Method	Broth dilution	CLSI
573.12991	Klebsiella pneumoniae 62	imipenem	Susceptible	Laboratory Method	Broth dilution	CLSI
573.13562	Klebsiella pneumoniae KPN1653ec	imipenem	Susceptible	Laboratory Method	Broth dilution	CLSI
573.13379	Klebsiella pneumoniae KPN1438ec	imipenem	Susceptible	Laboratory Method	Broth dilution	CLSI
573.14293	Klebsiella pneumoniae KPN630ec	imipenem	Susceptible	Laboratory Method	Broth dilution	CLSI
573.14166	Klebsiella pneumoniae KPN450ec	imipenem	Susceptible	Laboratory Method	Broth dilution	CLSI
573.1383	Klebsiella pneumoniae KPN1999ec	imipenem	Susceptible	Laboratory Method	Broth dilution	CLSI
573.13962	Klebsiella pneumoniae KPN2173ec	imipenem	Susceptible	Laboratory Method	Broth dilution	CLSI
573.13342	Klebsiella pneumoniae KPN1397ec	imipenem	Susceptible	Laboratory Method	Broth dilution	CLSI
573.1309	Klebsiella pneumoniae KPN1078ec	imipenem	Susceptible	Laboratory Method	Broth dilution	CLSI
573.14298	Klebsiella pneumoniae KPN641ec	imipenem	Susceptible	Laboratory Method	Broth dilution	CLSI
573.12888	Klebsiella pneumoniae 3279	imipenem	Susceptible	Laboratory Method	Broth dilution	CLSI
573.15479	Klebsiella pneumoniae strain 10315_6#70	imipenem	Susceptible	Laboratory Method	Disk diffusion	CLSI
573.13074	Klebsiella pneumoniae KPN1056ec	imipenem	Susceptible	Laboratory Method	Broth dilution	CLSI
573.13254	Klebsiella pneumoniae KPN1275ec	imipenem	Susceptible	Laboratory Method	Broth dilution	CLSI
573.13231	Klebsiella pneumoniae KPN1251ec	imipenem	Susceptible	Laboratory Method	Broth dilution	CLSI
573.13684	Klebsiella pneumoniae KPN180ec	imipenem	Susceptible	Laboratory Method	Broth dilution	CLSI
573.13601	Klebsiella pneumoniae KPN1698ec	imipenem	Susceptible	Laboratory Method	Broth dilution	CLSI
573.67409	Klebsiella pneumoniae MGL_167	imipenem	Susceptible	Laboratory Method	Disk diffusion	CLSI, EUCAST
573.13038	Klebsiella pneumoniae KPN1011ec	imipenem	Susceptible	Laboratory Method	Broth dilution	CLSI
573.13901	Klebsiella pneumoniae KPN2079ec	imipenem	Susceptible	Laboratory Method	Broth dilution	CLSI
573.12993	Klebsiella pneumoniae 64	imipenem	Susceptible	Laboratory Method	Broth dilution	CLSI
573.13642	Klebsiella pneumoniae KPN1744ec	imipenem	Susceptible	Laboratory Method	Broth dilution	CLSI
573.14508	Klebsiella pneumoniae KPN940ec	imipenem	Susceptible	Laboratory Method	Broth dilution	CLSI
573.15459	Klebsiella pneumoniae strain 10315_6#43	imipenem	Susceptible	Laboratory Method	Disk diffusion	CLSI
72407.2899	Klebsiella pneumoniae subsp. pneumoniae MRSN752085	imipenem	Susceptible	Laboratory Method		
573.13107	Klebsiella pneumoniae KPN1103ec	imipenem	Susceptible	Laboratory Method	Broth dilution	CLSI
573.15504	Klebsiella pneumoniae strain 10356_5#79	imipenem	Susceptible	Laboratory Method	Disk diffusion	CLSI
573.14487	Klebsiella pneumoniae KPN913ec	imipenem	Susceptible	Laboratory Method	Broth dilution	CLSI
573.13376	Klebsiella pneumoniae KPN1434ec	imipenem	Susceptible	Laboratory Method	Broth dilution	CLSI
573.12963	Klebsiella pneumoniae 31	imipenem	Susceptible	Laboratory Method	Broth dilution	CLSI
573.14169	Klebsiella pneumoniae KPN457ec	imipenem	Susceptible	Laboratory Method	Broth dilution	CLSI
573.1387	Klebsiella pneumoniae KPN2044ec	imipenem	Susceptible	Laboratory Method	Broth dilution	CLSI
573.12922	Klebsiella pneumoniae 60	imipenem	Susceptible	Laboratory Method	Broth dilution	CLSI
573.13574	Klebsiella pneumoniae KPN1668ec	imipenem	Susceptible	Laboratory Method	Broth dilution	CLSI
573.22559	Klebsiella pneumoniae strain SU8	imipenem	Susceptible	Laboratory Method		EUCAST
573.13648	Klebsiella pneumoniae KPN1752ec	imipenem	Susceptible	Laboratory Method	Broth dilution	CLSI
573.14267	Klebsiella pneumoniae KPN596ec	imipenem	Susceptible	Laboratory Method	Broth dilution	CLSI
573.13862	Klebsiella pneumoniae KPN2036ec	imipenem	Susceptible	Laboratory Method	Broth dilution	CLSI
573.14527	Klebsiella pneumoniae KPN962ec	imipenem	Susceptible	Laboratory Method	Broth dilution	CLSI
573.24446	Klebsiella pneumoniae strain MUGSI_87	imipenem	Susceptible	Laboratory Method	Broth dilution	CLSI
573.13719	Klebsiella pneumoniae KPN1856ec	imipenem	Susceptible	Laboratory Method	Broth dilution	CLSI
573.13896	Klebsiella pneumoniae KPN2073ec	imipenem	Susceptible	Laboratory Method	Broth dilution	CLSI
573.13597	Klebsiella pneumoniae KPN1694ec	imipenem	Susceptible	Laboratory Method	Broth dilution	CLSI
573.1337	Klebsiella pneumoniae KPN1429ec	imipenem	Susceptible	Laboratory Method	Broth dilution	CLSI
573.62718	Klebsiella pneumoniae MGL_177	imipenem	Susceptible	Laboratory Method	Disk diffusion	
573.13765	Klebsiella pneumoniae KPN1906ec	imipenem	Susceptible	Laboratory Method	Broth dilution	CLSI
573.13554	Klebsiella pneumoniae KPN1646ec	imipenem	Susceptible	Laboratory Method	Broth dilution	CLSI
573.1418	Klebsiella pneumoniae KPN470ec	imipenem	Susceptible	Laboratory Method	Broth dilution	CLSI
573.2996	Klebsiella pneumoniae strain Kpngiani7132488	imipenem	Susceptible	Laboratory Method	Broth dilution	EUCAST
573.1358	Klebsiella pneumoniae KPN1676ec	imipenem	Susceptible	Laboratory Method	Broth dilution	CLSI
573.13628	Klebsiella pneumoniae KPN1726ec	imipenem	Susceptible	Laboratory Method	Broth dilution	CLSI
573.13345	Klebsiella pneumoniae KPN139ec	imipenem	Susceptible	Laboratory Method	Broth dilution	CLSI
573.67387	Klebsiella pneumoniae 20200622_MGL_72	imipenem	Susceptible	Laboratory Method	Disk diffusion	CLSI, EUCAST
573.14395	Klebsiella pneumoniae KPN783ec	imipenem	Susceptible	Laboratory Method	Broth dilution	CLSI
573.14369	Klebsiella pneumoniae KPN749ec	imipenem	Susceptible	Laboratory Method	Broth dilution	CLSI
573.1326	Klebsiella pneumoniae KPN1281ec	imipenem	Susceptible	Laboratory Method	Broth dilution	CLSI
573.13924	Klebsiella pneumoniae KPN2105ec	imipenem	Susceptible	Laboratory Method	Broth dilution	CLSI
573.13055	Klebsiella pneumoniae KPN1032ec	imipenem	Susceptible	Laboratory Method	Broth dilution	CLSI
573.14279	Klebsiella pneumoniae KPN612ec	imipenem	Susceptible	Laboratory Method	Broth dilution	CLSI
573.62698	Klebsiella pneumoniae 20200622_MGL_72	imipenem	Susceptible	Laboratory Method	Disk diffusion	
573.13992	Klebsiella pneumoniae KPN251ec	imipenem	Susceptible	Laboratory Method	Broth dilution	CLSI
573.13625	Klebsiella pneumoniae KPN1722ec	imipenem	Susceptible	Laboratory Method	Broth dilution	CLSI
573.14277	Klebsiella pneumoniae KPN610ec	imipenem	Susceptible	Laboratory Method	Broth dilution	CLSI
573.13072	Klebsiella pneumoniae KPN1053ec	imipenem	Susceptible	Laboratory Method	Broth dilution	CLSI
573.13129	Klebsiella pneumoniae KPN1127ec	imipenem	Susceptible	Laboratory Method	Broth dilution	CLSI
573.62697	Klebsiella pneumoniae MGL_76	imipenem	Susceptible	Laboratory Method	Disk diffusion	
573.13711	Klebsiella pneumoniae KPN1849ec	imipenem	Susceptible	Laboratory Method	Broth dilution	CLSI
573.14275	Klebsiella pneumoniae KPN606ec	imipenem	Susceptible	Laboratory Method	Broth dilution	CLSI
573.24429	Klebsiella pneumoniae strain MUGSI_67	imipenem	Susceptible	Laboratory Method	Broth dilution	CLSI
573.15437	Klebsiella pneumoniae strain 10315_6#12	imipenem	Susceptible	Laboratory Method	Disk diffusion	CLSI
573.13348	Klebsiella pneumoniae KPN1404ec	imipenem	Susceptible	Laboratory Method	Broth dilution	CLSI
573.14312	Klebsiella pneumoniae KPN681ec	imipenem	Susceptible	Laboratory Method	Broth dilution	CLSI
573.13814	Klebsiella pneumoniae KPN1980ec	imipenem	Susceptible	Laboratory Method	Broth dilution	CLSI
573.12894	Klebsiella pneumoniae 3264	imipenem	Susceptible	Laboratory Method	Broth dilution	CLSI
573.13425	Klebsiella pneumoniae KPN1487ec	imipenem	Susceptible	Laboratory Method	Broth dilution	CLSI
573.14024	Klebsiella pneumoniae KPN287ec	imipenem	Susceptible	Laboratory Method	Broth dilution	CLSI
573.13287	Klebsiella pneumoniae KPN1327ec	imipenem	Susceptible	Laboratory Method	Broth dilution	CLSI
573.13732	Klebsiella pneumoniae KPN1869ec	imipenem	Susceptible	Laboratory Method	Broth dilution	CLSI
573.143	Klebsiella pneumoniae KPN649ec	imipenem	Susceptible	Laboratory Method	Broth dilution	CLSI
573.13605	Klebsiella pneumoniae KPN1701ec	imipenem	Susceptible	Laboratory Method	Broth dilution	CLSI
573.14177	Klebsiella pneumoniae KPN467ec	imipenem	Susceptible	Laboratory Method	Broth dilution	CLSI
573.13753	Klebsiella pneumoniae KPN1891ec	imipenem	Susceptible	Laboratory Method	Broth dilution	CLSI
573.13699	Klebsiella pneumoniae KPN1835ec	imipenem	Susceptible	Laboratory Method	Broth dilution	CLSI
573.13076	Klebsiella pneumoniae KPN1058ec	imipenem	Susceptible	Laboratory Method	Broth dilution	CLSI
573.13882	Klebsiella pneumoniae KPN2058ec	imipenem	Susceptible	Laboratory Method	Broth dilution	CLSI
573.1334	Klebsiella pneumoniae KPN1390ec	imipenem	Susceptible	Laboratory Method	Broth dilution	CLSI
573.13608	Klebsiella pneumoniae KPN1705ec	imipenem	Susceptible	Laboratory Method	Broth dilution	CLSI
573.13407	Klebsiella pneumoniae KPN146ec	imipenem	Susceptible	Laboratory Method	Broth dilution	CLSI
573.14486	Klebsiella pneumoniae KPN912ec	imipenem	Susceptible	Laboratory Method	Broth dilution	CLSI
573.13988	Klebsiella pneumoniae KPN247ec	imipenem	Susceptible	Laboratory Method	Broth dilution	CLSI
72407.2893	Klebsiella pneumoniae subsp. pneumoniae MRSN849636	imipenem	Susceptible	Laboratory Method		
573.13871	Klebsiella pneumoniae KPN2045ec	imipenem	Susceptible	Laboratory Method	Broth dilution	CLSI
573.13934	Klebsiella pneumoniae KPN2118ec	imipenem	Susceptible	Laboratory Method	Broth dilution	CLSI
573.14425	Klebsiella pneumoniae KPN826ec	imipenem	Susceptible	Laboratory Method	Broth dilution	CLSI
573.13035	Klebsiella pneumoniae KPN1005ec	imipenem	Susceptible	Laboratory Method	Broth dilution	CLSI
573.13805	Klebsiella pneumoniae KPN1960ec	imipenem	Susceptible	Laboratory Method	Broth dilution	CLSI
573.14262	Klebsiella pneumoniae KPN590ec	imipenem	Susceptible	Laboratory Method	Broth dilution	CLSI
573.13351	Klebsiella pneumoniae KPN1407ec	imipenem	Susceptible	Laboratory Method	Broth dilution	CLSI
573.1327	Klebsiella pneumoniae KPN1303ec	imipenem	Susceptible	Laboratory Method	Broth dilution	CLSI
573.13017	Klebsiella pneumoniae 3242	imipenem	Susceptible	Laboratory Method	Broth dilution	CLSI
573.13271	Klebsiella pneumoniae KPN1305ec	imipenem	Susceptible	Laboratory Method	Broth dilution	CLSI
573.13647	Klebsiella pneumoniae KPN1751ec	imipenem	Susceptible	Laboratory Method	Broth dilution	CLSI
573.13466	Klebsiella pneumoniae KPN1535ec	imipenem	Susceptible	Laboratory Method	Broth dilution	CLSI
573.13106	Klebsiella pneumoniae KPN1102ec	imipenem	Susceptible	Laboratory Method	Broth dilution	CLSI
573.13112	Klebsiella pneumoniae KPN1108ec	imipenem	Susceptible	Laboratory Method	Broth dilution	CLSI
573.14191	Klebsiella pneumoniae KPN484ec	imipenem	Susceptible	Laboratory Method	Broth dilution	CLSI
573.15473	Klebsiella pneumoniae strain 10315_6#65	imipenem	Susceptible	Laboratory Method	Disk diffusion	CLSI
573.13069	Klebsiella pneumoniae KPN1047ec	imipenem	Susceptible	Laboratory Method	Broth dilution	CLSI
573.13542	Klebsiella pneumoniae KPN1625ec	imipenem	Susceptible	Laboratory Method	Broth dilution	CLSI
573.13604	Klebsiella pneumoniae KPN1700ec	imipenem	Susceptible	Laboratory Method	Broth dilution	CLSI
573.14408	Klebsiella pneumoniae KPN802ec	imipenem	Susceptible	Laboratory Method	Broth dilution	CLSI
573.15456	Klebsiella pneumoniae strain 10315_6#42	imipenem	Susceptible	Laboratory Method	Disk diffusion	CLSI
573.13445	Klebsiella pneumoniae KPN1512ec	imipenem	Susceptible	Laboratory Method	Broth dilution	CLSI
573.13589	Klebsiella pneumoniae KPN1686ec	imipenem	Susceptible	Laboratory Method	Broth dilution	CLSI
573.13116	Klebsiella pneumoniae KPN1113ec	imipenem	Susceptible	Laboratory Method	Broth dilution	CLSI
573.13708	Klebsiella pneumoniae KPN1845ec	imipenem	Susceptible	Laboratory Method	Broth dilution	CLSI
573.14327	Klebsiella pneumoniae KPN698ec	imipenem	Susceptible	Laboratory Method	Broth dilution	CLSI
573.15487	Klebsiella pneumoniae strain 10315_6#78	imipenem	Susceptible	Laboratory Method	Disk diffusion	CLSI
573.7023	Klebsiella pneumoniae strain AR_0043	imipenem	Susceptible	Laboratory Method	Broth dilution	CLSI
573.12865	Klebsiella pneumoniae 34	imipenem	Susceptible	Laboratory Method	Broth dilution	CLSI
573.13801	Klebsiella pneumoniae KPN1953ec	imipenem	Susceptible	Laboratory Method	Broth dilution	CLSI
573.23224	Klebsiella pneumoniae strain KP_144	imipenem	Susceptible	Laboratory Method	Disk diffusion	CLSI
573.14092	Klebsiella pneumoniae KPN369ec	imipenem	Susceptible	Laboratory Method	Broth dilution	CLSI
573.12996	Klebsiella pneumoniae 54	imipenem	Susceptible	Laboratory Method	Broth dilution	CLSI
573.13316	Klebsiella pneumoniae KPN1357ec	imipenem	Susceptible	Laboratory Method	Broth dilution	CLSI
573.15433	Klebsiella pneumoniae strain 10315_6#10	imipenem	Susceptible	Laboratory Method	Disk diffusion	CLSI
573.12954	Klebsiella pneumoniae 3210	imipenem	Susceptible	Laboratory Method	Broth dilution	CLSI
573.15503	Klebsiella pneumoniae strain 10356_5#78	imipenem	Susceptible	Laboratory Method	Disk diffusion	CLSI
573.14201	Klebsiella pneumoniae KPN512ec	imipenem	Susceptible	Laboratory Method	Broth dilution	CLSI
573.13795	Klebsiella pneumoniae KPN1948ec	imipenem	Susceptible	Laboratory Method	Broth dilution	CLSI
573.22556	Klebsiella pneumoniae strain SU14	imipenem	Susceptible	Laboratory Method		EUCAST
573.12889	Klebsiella pneumoniae 51	imipenem	Susceptible	Laboratory Method	Broth dilution	CLSI
573.14282	Klebsiella pneumoniae KPN615ec	imipenem	Susceptible	Laboratory Method	Broth dilution	CLSI
573.14258	Klebsiella pneumoniae KPN584ec	imipenem	Susceptible	Laboratory Method	Broth dilution	CLSI
573.1291	Klebsiella pneumoniae 3315	imipenem	Susceptible	Laboratory Method	Broth dilution	CLSI
573.13133	Klebsiella pneumoniae KPN1132ec	imipenem	Susceptible	Laboratory Method	Broth dilution	CLSI
573.13349	Klebsiella pneumoniae KPN1405ec	imipenem	Susceptible	Laboratory Method	Broth dilution	CLSI
573.13653	Klebsiella pneumoniae KPN1757ec	imipenem	Susceptible	Laboratory Method	Broth dilution	CLSI
573.14462	Klebsiella pneumoniae KPN880ec	imipenem	Susceptible	Laboratory Method	Broth dilution	CLSI
573.14272	Klebsiella pneumoniae KPN601ec	imipenem	Susceptible	Laboratory Method	Broth dilution	CLSI
573.13089	Klebsiella pneumoniae KPN1077ec	imipenem	Susceptible	Laboratory Method	Broth dilution	CLSI
573.14488	Klebsiella pneumoniae KPN914ec	imipenem	Susceptible	Laboratory Method	Broth dilution	CLSI
573.13507	Klebsiella pneumoniae KPN1582ec	imipenem	Susceptible	Laboratory Method	Broth dilution	CLSI
573.1455	Klebsiella pneumoniae KPN999ec	imipenem	Susceptible	Laboratory Method	Broth dilution	CLSI
573.13422	Klebsiella pneumoniae KPN1485ec	imipenem	Susceptible	Laboratory Method	Broth dilution	CLSI
573.14129	Klebsiella pneumoniae KPN408ec	imipenem	Susceptible	Laboratory Method	Broth dilution	CLSI
573.14164	Klebsiella pneumoniae KPN448ec	imipenem	Susceptible	Laboratory Method	Broth dilution	CLSI
573.24384	Klebsiella pneumoniae strain MUGSI_246	imipenem	Susceptible	Laboratory Method	Broth dilution	CLSI
573.14208	Klebsiella pneumoniae KPN522ec	imipenem	Susceptible	Laboratory Method	Broth dilution	CLSI
573.14034	Klebsiella pneumoniae KPN299ec	imipenem	Susceptible	Laboratory Method	Broth dilution	CLSI
573.14493	Klebsiella pneumoniae KPN921ec	imipenem	Susceptible	Laboratory Method	Broth dilution	CLSI
573.13736	Klebsiella pneumoniae KPN1872ec	imipenem	Susceptible	Laboratory Method	Broth dilution	CLSI
573.13285	Klebsiella pneumoniae KPN1325ec	imipenem	Susceptible	Laboratory Method	Broth dilution	CLSI
573.15492	Klebsiella pneumoniae strain 10315_6#85	imipenem	Susceptible	Laboratory Method	Disk diffusion	CLSI
573.15499	Klebsiella pneumoniae strain 10315_6#95	imipenem	Susceptible	Laboratory Method	Disk diffusion	CLSI
573.14196	Klebsiella pneumoniae KPN507ec	imipenem	Susceptible	Laboratory Method	Broth dilution	CLSI
573.13134	Klebsiella pneumoniae KPN1133ec	imipenem	Susceptible	Laboratory Method	Broth dilution	CLSI
573.14069	Klebsiella pneumoniae KPN338ec	imipenem	Susceptible	Laboratory Method	Broth dilution	CLSI
573.13315	Klebsiella pneumoniae KPN1356ec	imipenem	Susceptible	Laboratory Method	Broth dilution	CLSI
573.13056	Klebsiella pneumoniae KPN1033ec	imipenem	Susceptible	Laboratory Method	Broth dilution	CLSI
573.13282	Klebsiella pneumoniae KPN1321ec	imipenem	Susceptible	Laboratory Method	Broth dilution	CLSI
573.13963	Klebsiella pneumoniae KPN2174ec	imipenem	Susceptible	Laboratory Method	Broth dilution	CLSI
573.12973	Klebsiella pneumoniae 3306	imipenem	Susceptible	Laboratory Method	Broth dilution	CLSI
573.12882	Klebsiella pneumoniae 113	imipenem	Susceptible	Laboratory Method	Broth dilution	CLSI
573.13203	Klebsiella pneumoniae KPN1213ec	imipenem	Susceptible	Laboratory Method	Broth dilution	CLSI
573.13667	Klebsiella pneumoniae KPN1772ec	imipenem	Susceptible	Laboratory Method	Broth dilution	CLSI
573.13999	Klebsiella pneumoniae KPN260ec	imipenem	Susceptible	Laboratory Method	Broth dilution	CLSI
573.1397	Klebsiella pneumoniae KPN223ec	imipenem	Susceptible	Laboratory Method	Broth dilution	CLSI
573.14464	Klebsiella pneumoniae KPN882ec	imipenem	Susceptible	Laboratory Method	Broth dilution	CLSI
573.14062	Klebsiella pneumoniae KPN330ec	imipenem	Susceptible	Laboratory Method	Broth dilution	CLSI
573.13868	Klebsiella pneumoniae KPN2042ec	imipenem	Susceptible	Laboratory Method	Broth dilution	CLSI
573.13029	Klebsiella pneumoniae 49	imipenem	Susceptible	Laboratory Method	Broth dilution	CLSI
573.1346	Klebsiella pneumoniae KPN1529ec	imipenem	Susceptible	Laboratory Method	Broth dilution	CLSI
573.13709	Klebsiella pneumoniae KPN1847ec	imipenem	Susceptible	Laboratory Method	Broth dilution	CLSI
573.13622	Klebsiella pneumoniae KPN1719ec	imipenem	Susceptible	Laboratory Method	Broth dilution	CLSI
573.13902	Klebsiella pneumoniae KPN207ec	imipenem	Susceptible	Laboratory Method	Broth dilution	CLSI
573.13198	Klebsiella pneumoniae KPN1207ec	imipenem	Susceptible	Laboratory Method	Broth dilution	CLSI
573.13611	Klebsiella pneumoniae KPN1708ec	imipenem	Susceptible	Laboratory Method	Broth dilution	CLSI
573.13815	Klebsiella pneumoniae KPN1981ec	imipenem	Susceptible	Laboratory Method	Broth dilution	CLSI
573.1382	Klebsiella pneumoniae KPN1987ec	imipenem	Susceptible	Laboratory Method	Broth dilution	CLSI
573.14532	Klebsiella pneumoniae KPN968ec	imipenem	Susceptible	Laboratory Method	Broth dilution	CLSI
573.13724	Klebsiella pneumoniae KPN1861ec	imipenem	Susceptible	Laboratory Method	Broth dilution	CLSI
573.12877	Klebsiella pneumoniae 3400	imipenem	Susceptible	Laboratory Method	Broth dilution	CLSI
573.13005	Klebsiella pneumoniae 24	imipenem	Susceptible	Laboratory Method	Broth dilution	CLSI
573.14548	Klebsiella pneumoniae KPN995ec	imipenem	Susceptible	Laboratory Method	Broth dilution	CLSI
573.13672	Klebsiella pneumoniae KPN1779ec	imipenem	Susceptible	Laboratory Method	Broth dilution	CLSI
573.13101	Klebsiella pneumoniae KPN1095ec	imipenem	Susceptible	Laboratory Method	Broth dilution	CLSI
573.13227	Klebsiella pneumoniae KPN1246ec	imipenem	Susceptible	Laboratory Method	Broth dilution	CLSI
573.13774	Klebsiella pneumoniae KPN1920ec	imipenem	Susceptible	Laboratory Method	Broth dilution	CLSI
573.13146	Klebsiella pneumoniae KPN1148ec	imipenem	Susceptible	Laboratory Method	Broth dilution	CLSI
573.14466	Klebsiella pneumoniae KPN886ec	imipenem	Susceptible	Laboratory Method	Broth dilution	CLSI
573.13539	Klebsiella pneumoniae KPN1621ec	imipenem	Susceptible	Laboratory Method	Broth dilution	CLSI
573.13906	Klebsiella pneumoniae KPN2083ec	imipenem	Susceptible	Laboratory Method	Broth dilution	CLSI
573.1395	Klebsiella pneumoniae KPN2158ec	imipenem	Susceptible	Laboratory Method	Broth dilution	CLSI
573.14322	Klebsiella pneumoniae KPN692ec	imipenem	Susceptible	Laboratory Method	Broth dilution	CLSI
573.13926	Klebsiella pneumoniae KPN2108ec	imipenem	Susceptible	Laboratory Method	Broth dilution	CLSI
573.18476	Klebsiella pneumoniae strain CCUG 70742	imipenem	Susceptible	Laboratory Method	Broth dilution	EUCAST
573.13118	Klebsiella pneumoniae KPN1116ec	imipenem	Susceptible	Laboratory Method	Broth dilution	CLSI
573.12884	Klebsiella pneumoniae 3335	imipenem	Susceptible	Laboratory Method	Broth dilution	CLSI
573.14468	Klebsiella pneumoniae KPN888ec	imipenem	Susceptible	Laboratory Method	Broth dilution	CLSI
573.13458	Klebsiella pneumoniae KPN1526ec	imipenem	Susceptible	Laboratory Method	Broth dilution	CLSI
573.13803	Klebsiella pneumoniae KPN1956ec	imipenem	Susceptible	Laboratory Method	Broth dilution	CLSI
573.13381	Klebsiella pneumoniae KPN143ec	imipenem	Susceptible	Laboratory Method	Broth dilution	CLSI
573.14152	Klebsiella pneumoniae KPN434ec	imipenem	Susceptible	Laboratory Method	Broth dilution	CLSI
573.14459	Klebsiella pneumoniae KPN877ec	imipenem	Susceptible	Laboratory Method	Broth dilution	CLSI
573.13359	Klebsiella pneumoniae KPN1416ec	imipenem	Susceptible	Laboratory Method	Broth dilution	CLSI
573.13098	Klebsiella pneumoniae KPN1092ec	imipenem	Susceptible	Laboratory Method	Broth dilution	CLSI
573.13767	Klebsiella pneumoniae KPN1911ec	imipenem	Susceptible	Laboratory Method	Broth dilution	CLSI
573.14449	Klebsiella pneumoniae KPN864ec	imipenem	Susceptible	Laboratory Method	Broth dilution	CLSI
573.1304	Klebsiella pneumoniae KPN1013ec	imipenem	Susceptible	Laboratory Method	Broth dilution	CLSI
573.13027	Klebsiella pneumoniae 26	imipenem	Susceptible	Laboratory Method	Broth dilution	CLSI
573.13469	Klebsiella pneumoniae KPN1539ec	imipenem	Susceptible	Laboratory Method	Broth dilution	CLSI
573.13764	Klebsiella pneumoniae KPN1905ec	imipenem	Susceptible	Laboratory Method	Broth dilution	CLSI
573.14187	Klebsiella pneumoniae KPN480ec	imipenem	Susceptible	Laboratory Method	Broth dilution	CLSI
573.13738	Klebsiella pneumoniae KPN1875ec	imipenem	Susceptible	Laboratory Method	Broth dilution	CLSI
573.13728	Klebsiella pneumoniae KPN1865ec	imipenem	Susceptible	Laboratory Method	Broth dilution	CLSI
573.12868	Klebsiella pneumoniae 78	imipenem	Susceptible	Laboratory Method	Broth dilution	CLSI
573.13714	Klebsiella pneumoniae KPN1851ec	imipenem	Susceptible	Laboratory Method	Broth dilution	CLSI
573.14295	Klebsiella pneumoniae KPN635ec	imipenem	Susceptible	Laboratory Method	Broth dilution	CLSI
573.13144	Klebsiella pneumoniae KPN1146ec	imipenem	Susceptible	Laboratory Method	Broth dilution	CLSI
573.14232	Klebsiella pneumoniae KPN554ec	imipenem	Susceptible	Laboratory Method	Broth dilution	CLSI
573.1372	Klebsiella pneumoniae KPN1857ec	imipenem	Susceptible	Laboratory Method	Broth dilution	CLSI
573.13968	Klebsiella pneumoniae KPN221ec	imipenem	Susceptible	Laboratory Method	Broth dilution	CLSI
573.13124	Klebsiella pneumoniae KPN1122ec	imipenem	Susceptible	Laboratory Method	Broth dilution	CLSI
573.13553	Klebsiella pneumoniae KPN1645ec	imipenem	Susceptible	Laboratory Method	Broth dilution	CLSI
573.13295	Klebsiella pneumoniae KPN1334ec	imipenem	Susceptible	Laboratory Method	Broth dilution	CLSI
573.13583	Klebsiella pneumoniae KPN1679ec	imipenem	Susceptible	Laboratory Method	Broth dilution	CLSI
573.6738	Klebsiella pneumoniae MGL_83	imipenem	Susceptible	Laboratory Method	Disk diffusion	CLSI, EUCAST
573.1312	Klebsiella pneumoniae KPN1118ec	imipenem	Susceptible	Laboratory Method	Broth dilution	CLSI
573.13762	Klebsiella pneumoniae KPN1903ec	imipenem	Susceptible	Laboratory Method	Broth dilution	CLSI
573.12976	Klebsiella pneumoniae 3277	imipenem	Susceptible	Laboratory Method	Broth dilution	CLSI
573.14347	Klebsiella pneumoniae KPN721ec	imipenem	Susceptible	Laboratory Method	Broth dilution	CLSI
573.13723	Klebsiella pneumoniae KPN1860ec	imipenem	Susceptible	Laboratory Method	Broth dilution	CLSI
573.14336	Klebsiella pneumoniae KPN709ec	imipenem	Susceptible	Laboratory Method	Broth dilution	CLSI
573.23223	Klebsiella pneumoniae strain KP_030	imipenem	Susceptible	Laboratory Method	Disk diffusion	CLSI
573.13223	Klebsiella pneumoniae KPN1242ec	imipenem	Susceptible	Laboratory Method	Broth dilution	CLSI
573.13262	Klebsiella pneumoniae KPN1283ec	imipenem	Susceptible	Laboratory Method	Broth dilution	CLSI
573.14013	Klebsiella pneumoniae KPN275ec	imipenem	Susceptible	Laboratory Method	Broth dilution	CLSI
573.13596	Klebsiella pneumoniae KPN1693ec	imipenem	Susceptible	Laboratory Method	Broth dilution	CLSI
573.13716	Klebsiella pneumoniae KPN1853ec	imipenem	Susceptible	Laboratory Method	Broth dilution	CLSI
573.13759	Klebsiella pneumoniae KPN189ec	imipenem	Susceptible	Laboratory Method	Broth dilution	CLSI
573.13453	Klebsiella pneumoniae KPN1520ec	imipenem	Susceptible	Laboratory Method	Broth dilution	CLSI
573.13093	Klebsiella pneumoniae KPN1085ec	imipenem	Susceptible	Laboratory Method	Broth dilution	CLSI
573.14325	Klebsiella pneumoniae KPN696ec	imipenem	Susceptible	Laboratory Method	Broth dilution	CLSI
573.13729	Klebsiella pneumoniae KPN1866ec	imipenem	Susceptible	Laboratory Method	Broth dilution	CLSI
573.12944	Klebsiella pneumoniae 3273	imipenem	Susceptible	Laboratory Method	Broth dilution	CLSI
573.14147	Klebsiella pneumoniae KPN427ec	imipenem	Susceptible	Laboratory Method	Broth dilution	CLSI
573.14309	Klebsiella pneumoniae KPN678ec	imipenem	Susceptible	Laboratory Method	Broth dilution	CLSI
573.13777	Klebsiella pneumoniae KPN1925ec	imipenem	Susceptible	Laboratory Method	Broth dilution	CLSI
573.1313	Klebsiella pneumoniae KPN1128ec	imipenem	Susceptible	Laboratory Method	Broth dilution	CLSI
573.13196	Klebsiella pneumoniae KPN1205ec	imipenem	Susceptible	Laboratory Method	Broth dilution	CLSI
573.14189	Klebsiella pneumoniae KPN482ec	imipenem	Susceptible	Laboratory Method	Broth dilution	CLSI
573.24369	Klebsiella pneumoniae strain MUGSI_180	imipenem	Susceptible	Laboratory Method	Broth dilution	CLSI
573.13744	Klebsiella pneumoniae KPN1880ec	imipenem	Susceptible	Laboratory Method	Broth dilution	CLSI
573.13103	Klebsiella pneumoniae KPN1097ec	imipenem	Susceptible	Laboratory Method	Broth dilution	CLSI
573.13299	Klebsiella pneumoniae KPN1338ec	imipenem	Susceptible	Laboratory Method	Broth dilution	CLSI
573.13841	Klebsiella pneumoniae KPN2010ec	imipenem	Susceptible	Laboratory Method	Broth dilution	CLSI
573.12909	Klebsiella pneumoniae 3317	imipenem	Susceptible	Laboratory Method	Broth dilution	CLSI
573.14445	Klebsiella pneumoniae KPN857ec	imipenem	Susceptible	Laboratory Method	Broth dilution	CLSI
573.13745	Klebsiella pneumoniae KPN1881ec	imipenem	Susceptible	Laboratory Method	Broth dilution	CLSI
573.13538	Klebsiella pneumoniae KPN161ec	imipenem	Susceptible	Laboratory Method	Broth dilution	CLSI
573.12971	Klebsiella pneumoniae 3303	imipenem	Susceptible	Laboratory Method	Broth dilution	CLSI
573.14227	Klebsiella pneumoniae KPN546ec	imipenem	Susceptible	Laboratory Method	Broth dilution	CLSI
573.14305	Klebsiella pneumoniae KPN674ec	imipenem	Susceptible	Laboratory Method	Broth dilution	CLSI
573.13823	Klebsiella pneumoniae KPN198ec	imipenem	Susceptible	Laboratory Method	Broth dilution	CLSI
573.1546	Klebsiella pneumoniae strain 10315_6#44	imipenem	Susceptible	Laboratory Method	Disk diffusion	CLSI
573.13352	Klebsiella pneumoniae KPN1409ec	imipenem	Susceptible	Laboratory Method	Broth dilution	CLSI
573.13914	Klebsiella pneumoniae KPN2091ec	imipenem	Susceptible	Laboratory Method	Broth dilution	CLSI
573.13009	Klebsiella pneumoniae 16	imipenem	Susceptible	Laboratory Method	Broth dilution	CLSI
573.14112	Klebsiella pneumoniae KPN389ec	imipenem	Susceptible	Laboratory Method	Broth dilution	CLSI
573.15447	Klebsiella pneumoniae strain 10315_6#29	imipenem	Susceptible	Laboratory Method	Disk diffusion	CLSI
573.14015	Klebsiella pneumoniae KPN277ec	imipenem	Susceptible	Laboratory Method	Broth dilution	CLSI
573.7022	Klebsiella pneumoniae strain AR_0042	imipenem	Susceptible	Laboratory Method	Broth dilution	CLSI
573.13199	Klebsiella pneumoniae KPN1208ec	imipenem	Susceptible	Laboratory Method	Broth dilution	CLSI
573.13309	Klebsiella pneumoniae KPN1349ec	imipenem	Susceptible	Laboratory Method	Broth dilution	CLSI
573.12931	Klebsiella pneumoniae 3265	imipenem	Susceptible	Laboratory Method	Broth dilution	CLSI
573.15502	Klebsiella pneumoniae strain 10356_5#77	imipenem	Susceptible	Laboratory Method	Disk diffusion	CLSI
573.12997	Klebsiella pneumoniae 99	imipenem	Susceptible	Laboratory Method	Broth dilution	CLSI
573.22565	Klebsiella pneumoniae strain SU12	imipenem	Susceptible	Laboratory Method		EUCAST
573.13696	Klebsiella pneumoniae KPN1831ec	imipenem	Susceptible	Laboratory Method	Broth dilution	CLSI
573.13899	Klebsiella pneumoniae KPN2077ec	imipenem	Susceptible	Laboratory Method	Broth dilution	CLSI
573.13326	Klebsiella pneumoniae KPN1372ec	imipenem	Susceptible	Laboratory Method	Broth dilution	CLSI
573.13644	Klebsiella pneumoniae KPN1747ec	imipenem	Susceptible	Laboratory Method	Broth dilution	CLSI
573.14237	Klebsiella pneumoniae KPN560ec	imipenem	Susceptible	Laboratory Method	Broth dilution	CLSI
573.137	Klebsiella pneumoniae KPN1836ec	imipenem	Susceptible	Laboratory Method	Broth dilution	CLSI
573.14533	Klebsiella pneumoniae KPN973ec	imipenem	Susceptible	Laboratory Method	Broth dilution	CLSI
573.13671	Klebsiella pneumoniae KPN1777ec	imipenem	Susceptible	Laboratory Method	Broth dilution	CLSI
573.13917	Klebsiella pneumoniae KPN2094ec	imipenem	Susceptible	Laboratory Method	Broth dilution	CLSI
573.13953	Klebsiella pneumoniae KPN2162ec	imipenem	Susceptible	Laboratory Method	Broth dilution	CLSI
573.1413	Klebsiella pneumoniae KPN409ec	imipenem	Susceptible	Laboratory Method	Broth dilution	CLSI
573.13179	Klebsiella pneumoniae KPN1187ec	imipenem	Susceptible	Laboratory Method	Broth dilution	CLSI
573.15475	Klebsiella pneumoniae strain 10315_6#67	imipenem	Susceptible	Laboratory Method	Disk diffusion	CLSI
573.14048	Klebsiella pneumoniae KPN314ec	imipenem	Susceptible	Laboratory Method	Broth dilution	CLSI
573.13794	Klebsiella pneumoniae KPN1947ec	imipenem	Susceptible	Laboratory Method	Broth dilution	CLSI
573.1551	Klebsiella pneumoniae strain 10356_5#87	imipenem	Susceptible	Laboratory Method	Disk diffusion	CLSI
573.14211	Klebsiella pneumoniae KPN525ec	imipenem	Susceptible	Laboratory Method	Broth dilution	CLSI
573.14524	Klebsiella pneumoniae KPN958ec	imipenem	Susceptible	Laboratory Method	Broth dilution	CLSI
573.13826	Klebsiella pneumoniae KPN1993ec	imipenem	Susceptible	Laboratory Method	Broth dilution	CLSI
573.13032	Klebsiella pneumoniae KPN1001ec	imipenem	Susceptible	Laboratory Method	Broth dilution	CLSI
573.14119	Klebsiella pneumoniae KPN397ec	imipenem	Susceptible	Laboratory Method	Broth dilution	CLSI
573.13454	Klebsiella pneumoniae KPN1521ec	imipenem	Susceptible	Laboratory Method	Broth dilution	CLSI
573.14182	Klebsiella pneumoniae KPN472ec	imipenem	Susceptible	Laboratory Method	Broth dilution	CLSI
573.14123	Klebsiella pneumoniae KPN402ec	imipenem	Susceptible	Laboratory Method	Broth dilution	CLSI
573.12878	Klebsiella pneumoniae 3262	imipenem	Susceptible	Laboratory Method	Broth dilution	CLSI
573.13281	Klebsiella pneumoniae KPN131ec	imipenem	Susceptible	Laboratory Method	Broth dilution	CLSI
573.13508	Klebsiella pneumoniae KPN1583ec	imipenem	Susceptible	Laboratory Method	Broth dilution	CLSI
573.14328	Klebsiella pneumoniae KPN700ec	imipenem	Susceptible	Laboratory Method	Broth dilution	CLSI
573.14067	Klebsiella pneumoniae KPN336ec	imipenem	Susceptible	Laboratory Method	Broth dilution	CLSI
573.1325	Klebsiella pneumoniae KPN1271ec	imipenem	Susceptible	Laboratory Method	Broth dilution	CLSI
573.14087	Klebsiella pneumoniae KPN362ec	imipenem	Susceptible	Laboratory Method	Broth dilution	CLSI
573.13085	Klebsiella pneumoniae KPN1071ec	imipenem	Susceptible	Laboratory Method	Broth dilution	CLSI
573.14536	Klebsiella pneumoniae KPN977ec	imipenem	Susceptible	Laboratory Method	Broth dilution	CLSI
573.14458	Klebsiella pneumoniae KPN876ec	imipenem	Susceptible	Laboratory Method	Broth dilution	CLSI
573.14086	Klebsiella pneumoniae KPN363ec	imipenem	Susceptible	Laboratory Method	Broth dilution	CLSI
573.2321	Klebsiella pneumoniae strain KP_136	imipenem	Susceptible	Laboratory Method	Disk diffusion	CLSI
573.13928	Klebsiella pneumoniae KPN210ec	imipenem	Susceptible	Laboratory Method	Broth dilution	CLSI
573.144	Klebsiella pneumoniae KPN792ec	imipenem	Susceptible	Laboratory Method	Broth dilution	CLSI
573.13932	Klebsiella pneumoniae KPN2115ec	imipenem	Susceptible	Laboratory Method	Broth dilution	CLSI
573.12977	Klebsiella pneumoniae 3377	imipenem	Susceptible	Laboratory Method	Broth dilution	CLSI
573.1548	Klebsiella pneumoniae strain 10315_6#71	imipenem	Susceptible	Laboratory Method	Disk diffusion	CLSI
573.13148	Klebsiella pneumoniae KPN1150ec	imipenem	Susceptible	Laboratory Method	Broth dilution	CLSI
573.15498	Klebsiella pneumoniae strain 10315_6#93	imipenem	Susceptible	Laboratory Method	Disk diffusion	CLSI
573.13071	Klebsiella pneumoniae KPN1052ec	imipenem	Susceptible	Laboratory Method	Broth dilution	CLSI
573.13265	Klebsiella pneumoniae KPN1286ec	imipenem	Susceptible	Laboratory Method	Broth dilution	CLSI
573.13058	Klebsiella pneumoniae KPN1036ec	imipenem	Susceptible	Laboratory Method	Broth dilution	CLSI
573.24257	Klebsiella pneumoniae strain 180	imipenem	Susceptible	Laboratory Method	Disk diffusion	CLSI
573.14043	Klebsiella pneumoniae KPN308ec	imipenem	Susceptible	Laboratory Method	Broth dilution	CLSI
573.14245	Klebsiella pneumoniae KPN571ec	imipenem	Susceptible	Laboratory Method	Broth dilution	CLSI
573.12934	Klebsiella pneumoniae 9	imipenem	Susceptible	Laboratory Method	Broth dilution	CLSI
573.13061	Klebsiella pneumoniae KPN1039ec	imipenem	Susceptible	Laboratory Method	Broth dilution	CLSI
573.14345	Klebsiella pneumoniae KPN719ec	imipenem	Susceptible	Laboratory Method	Broth dilution	CLSI
573.12974	Klebsiella pneumoniae 3380	imipenem	Susceptible	Laboratory Method	Broth dilution	CLSI
573.14159	Klebsiella pneumoniae KPN442ec	imipenem	Susceptible	Laboratory Method	Broth dilution	CLSI
573.14391	Klebsiella pneumoniae KPN778ec	imipenem	Susceptible	Laboratory Method	Broth dilution	CLSI
573.13627	Klebsiella pneumoniae KPN1725ec	imipenem	Susceptible	Laboratory Method	Broth dilution	CLSI
573.13383	Klebsiella pneumoniae KPN1441ec	imipenem	Susceptible	Laboratory Method	Broth dilution	CLSI
573.14142	Klebsiella pneumoniae KPN422ec	imipenem	Susceptible	Laboratory Method	Broth dilution	CLSI
573.24349	Klebsiella pneumoniae strain MUGSI_133	imipenem	Susceptible	Laboratory Method	Broth dilution	CLSI
573.14287	Klebsiella pneumoniae KPN620ec	imipenem	Susceptible	Laboratory Method	Broth dilution	CLSI
573.13547	Klebsiella pneumoniae KPN1634ec	imipenem	Susceptible	Laboratory Method	Broth dilution	CLSI
573.13045	Klebsiella pneumoniae KPN1019ec	imipenem	Susceptible	Laboratory Method	Broth dilution	CLSI
573.13527	Klebsiella pneumoniae KPN1607ec	imipenem	Susceptible	Laboratory Method	Broth dilution	CLSI
573.12923	Klebsiella pneumoniae 83	imipenem	Susceptible	Laboratory Method	Broth dilution	CLSI
573.14461	Klebsiella pneumoniae KPN879ec	imipenem	Susceptible	Laboratory Method	Broth dilution	CLSI
573.13041	Klebsiella pneumoniae KPN1014ec	imipenem	Susceptible	Laboratory Method	Broth dilution	CLSI
573.14032	Klebsiella pneumoniae KPN295ec	imipenem	Susceptible	Laboratory Method	Broth dilution	CLSI
573.13366	Klebsiella pneumoniae KPN1425ec	imipenem	Susceptible	Laboratory Method	Broth dilution	CLSI
573.1408	Klebsiella pneumoniae KPN355ec	imipenem	Susceptible	Laboratory Method	Broth dilution	CLSI
573.13832	Klebsiella pneumoniae KPN2002ec	imipenem	Susceptible	Laboratory Method	Broth dilution	CLSI
573.14355	Klebsiella pneumoniae KPN731ec	imipenem	Susceptible	Laboratory Method	Broth dilution	CLSI
573.13749	Klebsiella pneumoniae KPN1888ec	imipenem	Susceptible	Laboratory Method	Broth dilution	CLSI
573.14195	Klebsiella pneumoniae KPN504ec	imipenem	Susceptible	Laboratory Method	Broth dilution	CLSI
573.13946	Klebsiella pneumoniae KPN2154ec	imipenem	Susceptible	Laboratory Method	Broth dilution	CLSI
573.14045	Klebsiella pneumoniae KPN310ec	imipenem	Susceptible	Laboratory Method	Broth dilution	CLSI
573.14144	Klebsiella pneumoniae KPN424ec	imipenem	Susceptible	Laboratory Method	Broth dilution	CLSI
573.14416	Klebsiella pneumoniae KPN816ec	imipenem	Susceptible	Laboratory Method	Broth dilution	CLSI
573.12871	Klebsiella pneumoniae 94	imipenem	Susceptible	Laboratory Method	Broth dilution	CLSI
573.15471	Klebsiella pneumoniae strain 10315_6#60	imipenem	Susceptible	Laboratory Method	Disk diffusion	CLSI
573.13393	Klebsiella pneumoniae KPN1451ec	imipenem	Susceptible	Laboratory Method	Broth dilution	CLSI
573.12965	Klebsiella pneumoniae 124	imipenem	Susceptible	Laboratory Method	Broth dilution	CLSI
573.13395	Klebsiella pneumoniae KPN1454ec	imipenem	Susceptible	Laboratory Method	Broth dilution	CLSI
573.14127	Klebsiella pneumoniae KPN406ec	imipenem	Susceptible	Laboratory Method	Broth dilution	CLSI
573.13768	Klebsiella pneumoniae KPN1912ec	imipenem	Susceptible	Laboratory Method	Broth dilution	CLSI
573.14541	Klebsiella pneumoniae KPN983ec	imipenem	Susceptible	Laboratory Method	Broth dilution	CLSI
573.13677	Klebsiella pneumoniae KPN1784ec	imipenem	Susceptible	Laboratory Method	Broth dilution	CLSI
573.13261	Klebsiella pneumoniae KPN1282ec	imipenem	Susceptible	Laboratory Method	Broth dilution	CLSI
573.13727	Klebsiella pneumoniae KPN1864ec	imipenem	Susceptible	Laboratory Method	Broth dilution	CLSI
573.13293	Klebsiella pneumoniae KPN1332ec	imipenem	Susceptible	Laboratory Method	Broth dilution	CLSI
573.23233	Klebsiella pneumoniae strain KP_008	imipenem	Susceptible	Laboratory Method	Disk diffusion	CLSI
573.15442	Klebsiella pneumoniae strain 10315_6#22	imipenem	Susceptible	Laboratory Method	Disk diffusion	CLSI
573.15507	Klebsiella pneumoniae strain 10356_5#82	imipenem	Susceptible	Laboratory Method	Disk diffusion	CLSI
573.13701	Klebsiella pneumoniae KPN1839ec	imipenem	Susceptible	Laboratory Method	Broth dilution	CLSI
573.15508	Klebsiella pneumoniae strain 10356_5#85	imipenem	Susceptible	Laboratory Method	Disk diffusion	CLSI
573.13959	Klebsiella pneumoniae KPN216ec	imipenem	Susceptible	Laboratory Method	Broth dilution	CLSI
573.15443	Klebsiella pneumoniae strain 10315_6#23	imipenem	Susceptible	Laboratory Method	Disk diffusion	CLSI
573.13312	Klebsiella pneumoniae KPN1352ec	imipenem	Susceptible	Laboratory Method	Broth dilution	CLSI
573.12859	Klebsiella pneumoniae 3248	imipenem	Susceptible	Laboratory Method	Broth dilution	CLSI
573.13443	Klebsiella pneumoniae KPN1509ec	imipenem	Susceptible	Laboratory Method	Broth dilution	CLSI
573.13485	Klebsiella pneumoniae KPN1557ec	imipenem	Susceptible	Laboratory Method	Broth dilution	CLSI
573.14265	Klebsiella pneumoniae KPN593ec	imipenem	Susceptible	Laboratory Method	Broth dilution	CLSI
573.13481	Klebsiella pneumoniae KPN1551ec	imipenem	Susceptible	Laboratory Method	Broth dilution	CLSI
573.13629	Klebsiella pneumoniae KPN1727ec	imipenem	Susceptible	Laboratory Method	Broth dilution	CLSI
573.13268	Klebsiella pneumoniae KPN1301ec	imipenem	Susceptible	Laboratory Method	Broth dilution	CLSI
573.13194	Klebsiella pneumoniae KPN1203ec	imipenem	Susceptible	Laboratory Method	Broth dilution	CLSI
573.14194	Klebsiella pneumoniae KPN503ec	imipenem	Susceptible	Laboratory Method	Broth dilution	CLSI
573.14323	Klebsiella pneumoniae KPN694ec	imipenem	Susceptible	Laboratory Method	Broth dilution	CLSI
573.14381	Klebsiella pneumoniae KPN765ec	imipenem	Susceptible	Laboratory Method	Broth dilution	CLSI
573.14121	Klebsiella pneumoniae KPN400ec	imipenem	Susceptible	Laboratory Method	Broth dilution	CLSI
573.14004	Klebsiella pneumoniae KPN265ec	imipenem	Susceptible	Laboratory Method	Broth dilution	CLSI
573.1369	Klebsiella pneumoniae KPN1824ec	imipenem	Susceptible	Laboratory Method	Broth dilution	CLSI
573.1336	Klebsiella pneumoniae KPN1417ec	imipenem	Susceptible	Laboratory Method	Broth dilution	CLSI
573.13652	Klebsiella pneumoniae KPN1756ec	imipenem	Susceptible	Laboratory Method	Broth dilution	CLSI
573.13827	Klebsiella pneumoniae KPN1994ec	imipenem	Susceptible	Laboratory Method	Broth dilution	CLSI
573.12943	Klebsiella pneumoniae 81	imipenem	Susceptible	Laboratory Method	Broth dilution	CLSI
573.1348	Klebsiella pneumoniae KPN1550ec	imipenem	Susceptible	Laboratory Method	Broth dilution	CLSI
573.12964	Klebsiella pneumoniae 3309	imipenem	Susceptible	Laboratory Method	Broth dilution	CLSI
573.12979	Klebsiella pneumoniae 3268	imipenem	Susceptible	Laboratory Method	Broth dilution	CLSI
573.12876	Klebsiella pneumoniae 3296	imipenem	Susceptible	Laboratory Method	Broth dilution	CLSI
573.13128	Klebsiella pneumoniae KPN1126ec	imipenem	Susceptible	Laboratory Method	Broth dilution	CLSI
573.1381	Klebsiella pneumoniae KPN1974ec	imipenem	Susceptible	Laboratory Method	Broth dilution	CLSI
573.13314	Klebsiella pneumoniae KPN1355ec	imipenem	Susceptible	Laboratory Method	Broth dilution	CLSI
573.13506	Klebsiella pneumoniae KPN1580ec	imipenem	Susceptible	Laboratory Method	Broth dilution	CLSI
573.14027	Klebsiella pneumoniae KPN290ec	imipenem	Susceptible	Laboratory Method	Broth dilution	CLSI
573.13111	Klebsiella pneumoniae KPN1107ec	imipenem	Susceptible	Laboratory Method	Broth dilution	CLSI
573.14095	Klebsiella pneumoniae KPN372ec	imipenem	Susceptible	Laboratory Method	Broth dilution	CLSI
573.13158	Klebsiella pneumoniae KPN1163ec	imipenem	Susceptible	Laboratory Method	Broth dilution	CLSI
573.13121	Klebsiella pneumoniae KPN1119ec	imipenem	Susceptible	Laboratory Method	Broth dilution	CLSI
573.13401	Klebsiella pneumoniae KPN1461ec	imipenem	Susceptible	Laboratory Method	Broth dilution	CLSI
573.14359	Klebsiella pneumoniae KPN736ec	imipenem	Susceptible	Laboratory Method	Broth dilution	CLSI
573.22555	Klebsiella pneumoniae strain SU11	imipenem	Susceptible	Laboratory Method		EUCAST
573.14474	Klebsiella pneumoniae KPN895ec	imipenem	Susceptible	Laboratory Method	Broth dilution	CLSI
573.14155	Klebsiella pneumoniae KPN437ec	imipenem	Susceptible	Laboratory Method	Broth dilution	CLSI
573.13607	Klebsiella pneumoniae KPN1704ec	imipenem	Susceptible	Laboratory Method	Broth dilution	CLSI
573.14519	Klebsiella pneumoniae KPN951ec	imipenem	Susceptible	Laboratory Method	Broth dilution	CLSI
573.13636	Klebsiella pneumoniae KPN1736ec	imipenem	Susceptible	Laboratory Method	Broth dilution	CLSI
573.13204	Klebsiella pneumoniae KPN1214ec	imipenem	Susceptible	Laboratory Method	Broth dilution	CLSI
573.13325	Klebsiella pneumoniae KPN1366ec	imipenem	Susceptible	Laboratory Method	Broth dilution	CLSI
573.14216	Klebsiella pneumoniae KPN532ec	imipenem	Susceptible	Laboratory Method	Broth dilution	CLSI
573.12953	Klebsiella pneumoniae 3256	imipenem	Susceptible	Laboratory Method	Broth dilution	CLSI
573.13391	Klebsiella pneumoniae KPN144ec	imipenem	Susceptible	Laboratory Method	Broth dilution	CLSI
573.1305	Klebsiella pneumoniae KPN1025ec	imipenem	Susceptible	Laboratory Method	Broth dilution	CLSI
573.12904	Klebsiella pneumoniae 6	imipenem	Susceptible	Laboratory Method	Broth dilution	CLSI
573.14049	Klebsiella pneumoniae KPN315ec	imipenem	Susceptible	Laboratory Method	Broth dilution	CLSI
573.13818	Klebsiella pneumoniae KPN1985ec	imipenem	Susceptible	Laboratory Method	Broth dilution	CLSI
573.13141	Klebsiella pneumoniae KPN1142ec	imipenem	Susceptible	Laboratory Method	Broth dilution	CLSI
573.13137	Klebsiella pneumoniae KPN1136ec	imipenem	Susceptible	Laboratory Method	Broth dilution	CLSI
573.1402	Klebsiella pneumoniae KPN282ec	imipenem	Susceptible	Laboratory Method	Broth dilution	CLSI
573.14139	Klebsiella pneumoniae KPN419ec	imipenem	Susceptible	Laboratory Method	Broth dilution	CLSI
573.12897	Klebsiella pneumoniae 3241	imipenem	Susceptible	Laboratory Method	Broth dilution	CLSI
1284814.3	Klebsiella pneumoniae UHKPC 52	imipenem	Susceptible	Laboratory Method		
573.1354	Klebsiella pneumoniae KPN1623ec	imipenem	Susceptible	Laboratory Method	Broth dilution	CLSI
573.14054	Klebsiella pneumoniae KPN320ec	imipenem	Susceptible	Laboratory Method	Broth dilution	CLSI
573.66796	Klebsiella pneumoniae KP_NORM_BLD_13739	meropenem	Susceptible	Laboratory Method		EUCAST
573.24292	Klebsiella pneumoniae strain 373	meropenem	Susceptible	Laboratory Method	Broth dilution	CLSI
573.2613	Klebsiella pneumoniae strain 5012STDY7312578	meropenem	Susceptible	Laboratory Method	Broth dilution	
573.46088	Klebsiella pneumoniae KSB1_10A	meropenem	Susceptible	Laboratory Method	Broth dilution	CLSI
573.66763	Klebsiella pneumoniae KP_NORM_BLD_13117	meropenem	Susceptible	Laboratory Method		EUCAST
573.66901	Klebsiella pneumoniae KP_NORM_BLD_2012_85073	meropenem	Susceptible	Laboratory Method		EUCAST
573.66825	Klebsiella pneumoniae KP_NORM_BLD_14177	meropenem	Susceptible	Laboratory Method		EUCAST
573.5815	Klebsiella pneumoniae strain PB38	meropenem	Susceptible	Laboratory Method	Broth dilution	EUCAST
573.66925	Klebsiella pneumoniae KP_NORM_BLD_2014_104302	meropenem	Susceptible	Laboratory Method		EUCAST
573.66604	Klebsiella pneumoniae KP_NORM_BLD_112902	meropenem	Susceptible	Laboratory Method		EUCAST
573.26226	Klebsiella pneumoniae strain 5012STDY7312688	meropenem	Susceptible	Laboratory Method	Broth dilution	
573.67327	Klebsiella pneumoniae ERR7221337	meropenem	Susceptible	Laboratory Method	Broth dilution	EUCAST
573.26171	Klebsiella pneumoniae strain 5012STDY7312615	meropenem	Susceptible	Laboratory Method	Broth dilution	
573.67083	Klebsiella pneumoniae KP_NORM_BLD_62926	meropenem	Susceptible	Laboratory Method		EUCAST
573.66688	Klebsiella pneumoniae KP_NORM_BLD_115984	meropenem	Susceptible	Laboratory Method		EUCAST
573.66706	Klebsiella pneumoniae KP_NORM_BLD_116338	meropenem	Susceptible	Laboratory Method		EUCAST
573.66645	Klebsiella pneumoniae KP_NORM_BLD_114450	meropenem	Susceptible	Laboratory Method		EUCAST
573.1552	Klebsiella pneumoniae strain INF074	meropenem	Susceptible	Laboratory Method	Broth dilution	CLSI
573.31073	Klebsiella pneumoniae strain PH40	meropenem	Susceptible	Laboratory Method	Disk diffusion	CLSI
573.1559	Klebsiella pneumoniae strain KSB2_5D	meropenem	Susceptible	Laboratory Method	Broth dilution	CLSI
573.6628	Klebsiella pneumoniae 26975_4#93	meropenem	Susceptible	Laboratory Method	MIC	
573.66966	Klebsiella pneumoniae KP_NORM_BLD_2793	meropenem	Susceptible	Laboratory Method		EUCAST
573.26206	Klebsiella pneumoniae strain 5012STDY7312673	meropenem	Susceptible	Laboratory Method	Broth dilution	
573.66718	Klebsiella pneumoniae KP_NORM_BLD_116398	meropenem	Susceptible	Laboratory Method		EUCAST
573.5807	Klebsiella pneumoniae strain PB129	meropenem	Susceptible	Laboratory Method	Broth dilution	EUCAST
573.31084	Klebsiella pneumoniae strain WU9	meropenem	Susceptible	Laboratory Method	Disk diffusion	CLSI
573.15623	Klebsiella pneumoniae strain INF304	meropenem	Susceptible	Laboratory Method	Broth dilution	CLSI
573.67134	Klebsiella pneumoniae KP_NORM_URN_2012_81479	meropenem	Susceptible	Laboratory Method		EUCAST
573.26262	Klebsiella pneumoniae strain 5012STDY7626380	meropenem	Susceptible	Laboratory Method	Broth dilution	
573.15572	Klebsiella pneumoniae strain KSB2_4A	meropenem	Susceptible	Laboratory Method	Broth dilution	CLSI
573.15376	Klebsiella pneumoniae strain INF274	meropenem	Susceptible	Laboratory Method	Broth dilution	CLSI
573.5672	Klebsiella pneumoniae strain PB366	meropenem	Susceptible	Laboratory Method	Broth dilution	EUCAST
573.2624	Klebsiella pneumoniae strain 5012STDY7626482	meropenem	Susceptible	Laboratory Method	Broth dilution	
573.67005	Klebsiella pneumoniae KP_NORM_BLD_60872	meropenem	Susceptible	Laboratory Method		EUCAST
573.15556	Klebsiella pneumoniae strain KSB1_4F	meropenem	Susceptible	Laboratory Method	Broth dilution	CLSI
573.26292	Klebsiella pneumoniae strain 5012STDY7626409	meropenem	Susceptible	Laboratory Method	Broth dilution	
573.26213	Klebsiella pneumoniae strain 5012STDY7312676	meropenem	Susceptible	Laboratory Method	Broth dilution	
573.6666	Klebsiella pneumoniae KP_NORM_BLD_115332	meropenem	Susceptible	Laboratory Method		EUCAST
573.46065	Klebsiella pneumoniae INF261	meropenem	Susceptible	Laboratory Method	Broth dilution	CLSI
573.24279	Klebsiella pneumoniae strain 308	meropenem	Susceptible	Laboratory Method	Broth dilution	CLSI
573.67022	Klebsiella pneumoniae KP_NORM_BLD_61279	meropenem	Susceptible	Laboratory Method		EUCAST
573.66885	Klebsiella pneumoniae KP_NORM_BLD_2011_74861	meropenem	Susceptible	Laboratory Method		EUCAST
573.15533	Klebsiella pneumoniae strain INF330	meropenem	Susceptible	Laboratory Method	Broth dilution	CLSI
573.5722	Klebsiella pneumoniae strain W2-13-ERG11	meropenem	Susceptible	Laboratory Method	Broth dilution	EUCAST
573.66189	Klebsiella pneumoniae KP_NORM_URN_2012_81428	meropenem	Susceptible	Laboratory Method		EUCAST
573.66984	Klebsiella pneumoniae KP_NORM_BLD_392	meropenem	Susceptible	Laboratory Method		EUCAST
573.15531	Klebsiella pneumoniae strain INF220	meropenem	Susceptible	Laboratory Method	Broth dilution	CLSI
573.46089	Klebsiella pneumoniae KSB1_2B	meropenem	Susceptible	Laboratory Method	Broth dilution	CLSI
573.66601	Klebsiella pneumoniae KP_NORM_BLD_112587	meropenem	Susceptible	Laboratory Method		EUCAST
573.15601	Klebsiella pneumoniae strain INF326	meropenem	Susceptible	Laboratory Method	Broth dilution	CLSI
573.66761	Klebsiella pneumoniae KP_NORM_BLD_13121	meropenem	Susceptible	Laboratory Method		EUCAST
573.31063	Klebsiella pneumoniae strain PH24-1	meropenem	Susceptible	Laboratory Method	Disk diffusion	CLSI
573.26138	Klebsiella pneumoniae strain 5012STDY7312754	meropenem	Susceptible	Laboratory Method	Broth dilution	
573.46102	Klebsiella pneumoniae KSB1_8E	meropenem	Susceptible	Laboratory Method	Broth dilution	CLSI
573.31064	Klebsiella pneumoniae strain PH25	meropenem	Susceptible	Laboratory Method	Disk diffusion	CLSI
573.24293	Klebsiella pneumoniae strain 371	meropenem	Susceptible	Laboratory Method	Broth dilution	CLSI
573.6732	Klebsiella pneumoniae ERR7221334	meropenem	Susceptible	Laboratory Method	Broth dilution	EUCAST
72407.532	Klebsiella pneumoniae subsp. pneumoniae strain 3189STDY5864865	meropenem	Susceptible	Laboratory Method	Broth dilution	CLSI
573.15521	Klebsiella pneumoniae strain INF168	meropenem	Susceptible	Laboratory Method	Broth dilution	CLSI
573.66766	Klebsiella pneumoniae KP_NORM_BLD_13124	meropenem	Susceptible	Laboratory Method		EUCAST
573.5687	Klebsiella pneumoniae strain PB291	meropenem	Susceptible	Laboratory Method	Broth dilution	EUCAST
72407.481	Klebsiella pneumoniae subsp. pneumoniae strain 3189STDY5864832	meropenem	Susceptible	Laboratory Method	Broth dilution	CLSI
573.66843	Klebsiella pneumoniae KP_NORM_BLD_1887	meropenem	Susceptible	Laboratory Method		EUCAST
72407.542	Klebsiella pneumoniae subsp. pneumoniae strain 3189STDY5864777	meropenem	Susceptible	Laboratory Method	Broth dilution	CLSI
573.66585	Klebsiella pneumoniae KP_NORM_BLD_110785	meropenem	Susceptible	Laboratory Method		EUCAST
573.67203	Klebsiella pneumoniae ERR7221178	meropenem	Susceptible	Laboratory Method	Broth dilution	EUCAST
573.67062	Klebsiella pneumoniae KP_NORM_BLD_622	meropenem	Susceptible	Laboratory Method		EUCAST
573.66827	Klebsiella pneumoniae KP_NORM_BLD_14222	meropenem	Susceptible	Laboratory Method		EUCAST
573.66862	Klebsiella pneumoniae KP_NORM_BLD_2009_63475	meropenem	Susceptible	Laboratory Method		EUCAST
573.67159	Klebsiella pneumoniae KP_NORM_URN_2014_97671	meropenem	Susceptible	Laboratory Method		EUCAST
573.5695	Klebsiella pneumoniae strain PB295	meropenem	Susceptible	Laboratory Method	Broth dilution	EUCAST
573.66944	Klebsiella pneumoniae KP_NORM_BLD_2247	meropenem	Susceptible	Laboratory Method		EUCAST
573.5701	Klebsiella pneumoniae strain PB388	meropenem	Susceptible	Laboratory Method	Broth dilution	EUCAST
573.46111	Klebsiella pneumoniae KSB2_10A	meropenem	Susceptible	Laboratory Method	Broth dilution	CLSI
573.66826	Klebsiella pneumoniae KP_NORM_BLD_1672	meropenem	Susceptible	Laboratory Method		EUCAST
573.66817	Klebsiella pneumoniae KP_NORM_BLD_14169	meropenem	Susceptible	Laboratory Method		EUCAST
573.6653	Klebsiella pneumoniae 27322_4#141	meropenem	Susceptible	Laboratory Method	MIC	
573.66709	Klebsiella pneumoniae KP_NORM_BLD_116351	meropenem	Susceptible	Laboratory Method		EUCAST
72407.575	Klebsiella pneumoniae subsp. pneumoniae strain 3189STDY5864892	meropenem	Susceptible	Laboratory Method	Broth dilution	CLSI
573.1555	Klebsiella pneumoniae strain KSB1_3E	meropenem	Susceptible	Laboratory Method	Broth dilution	CLSI
573.46096	Klebsiella pneumoniae KSB1_1D	meropenem	Susceptible	Laboratory Method	Broth dilution	CLSI
72407.596	Klebsiella pneumoniae subsp. pneumoniae strain 3189STDY5864827	meropenem	Susceptible	Laboratory Method	Broth dilution	CLSI
573.66699	Klebsiella pneumoniae KP_NORM_BLD_116234	meropenem	Susceptible	Laboratory Method		EUCAST
72407.497	Klebsiella pneumoniae subsp. pneumoniae strain 3189STDY5864848	meropenem	Susceptible	Laboratory Method	Broth dilution	CLSI
573.66751	Klebsiella pneumoniae KP_NORM_BLD_12876	meropenem	Susceptible	Laboratory Method		EUCAST
573.26315	Klebsiella pneumoniae strain 5012STDY7626437	meropenem	Susceptible	Laboratory Method	Broth dilution	
573.15607	Klebsiella pneumoniae strain KSB1_7I	meropenem	Susceptible	Laboratory Method	Broth dilution	CLSI
573.66744	Klebsiella pneumoniae KP_NORM_BLD_117562	meropenem	Susceptible	Laboratory Method		EUCAST
573.66788	Klebsiella pneumoniae KP_NORM_BLD_1344	meropenem	Susceptible	Laboratory Method		EUCAST
573.31075	Klebsiella pneumoniae strain WU2	meropenem	Susceptible	Laboratory Method	Disk diffusion	CLSI
573.26097	Klebsiella pneumoniae strain 5012STDY7312700	meropenem	Susceptible	Laboratory Method	Broth dilution	
573.67068	Klebsiella pneumoniae KP_NORM_BLD_62497	meropenem	Susceptible	Laboratory Method		EUCAST
573.26255	Klebsiella pneumoniae strain 5012STDY7626365	meropenem	Susceptible	Laboratory Method	Broth dilution	
573.26083	Klebsiella pneumoniae strain 5012STDY7312722	meropenem	Susceptible	Laboratory Method	Broth dilution	
573.66958	Klebsiella pneumoniae KP_NORM_BLD_2493	meropenem	Susceptible	Laboratory Method		EUCAST
573.67291	Klebsiella pneumoniae ERR7221286	meropenem	Susceptible	Laboratory Method	Broth dilution	EUCAST
573.2621	Klebsiella pneumoniae strain 5012STDY7312674	meropenem	Susceptible	Laboratory Method	Broth dilution	
573.15545	Klebsiella pneumoniae strain KSB1_7C	meropenem	Susceptible	Laboratory Method	Broth dilution	CLSI
573.26237	Klebsiella pneumoniae strain 5012STDY7626506	meropenem	Susceptible	Laboratory Method	Broth dilution	
573.15511	Klebsiella pneumoniae strain INF025	meropenem	Susceptible	Laboratory Method	Broth dilution	CLSI
72407.51	Klebsiella pneumoniae subsp. pneumoniae strain 3189STDY5864927	meropenem	Susceptible	Laboratory Method	Broth dilution	CLSI
573.66832	Klebsiella pneumoniae KP_NORM_BLD_1675	meropenem	Susceptible	Laboratory Method		EUCAST
573.65896	Klebsiella pneumoniae 012-E1-DxU	meropenem	Susceptible	Laboratory Method	Disk diffusion	CLSI
573.67054	Klebsiella pneumoniae KP_NORM_BLD_62202	meropenem	Susceptible	Laboratory Method		EUCAST
573.15513	Klebsiella pneumoniae strain INF052	meropenem	Susceptible	Laboratory Method	Broth dilution	CLSI
573.66973	Klebsiella pneumoniae KP_NORM_BLD_2800	meropenem	Susceptible	Laboratory Method		EUCAST
573.6668	Klebsiella pneumoniae KP_NORM_BLD_115754	meropenem	Susceptible	Laboratory Method		EUCAST
573.67138	Klebsiella pneumoniae KP_NORM_URN_2012_82069	meropenem	Susceptible	Laboratory Method		EUCAST
573.67015	Klebsiella pneumoniae KP_NORM_BLD_61041	meropenem	Susceptible	Laboratory Method		EUCAST
573.15575	Klebsiella pneumoniae strain KSB2_8A	meropenem	Susceptible	Laboratory Method	Broth dilution	CLSI
573.6721	Klebsiella pneumoniae ERR7221183	meropenem	Susceptible	Laboratory Method	Broth dilution	EUCAST
573.31076	Klebsiella pneumoniae strain PH73	meropenem	Susceptible	Laboratory Method	Disk diffusion	CLSI
573.67063	Klebsiella pneumoniae KP_NORM_BLD_62488	meropenem	Susceptible	Laboratory Method		EUCAST
573.15571	Klebsiella pneumoniae strain KSB2_3A	meropenem	Susceptible	Laboratory Method	Broth dilution	CLSI
573.26252	Klebsiella pneumoniae strain 5012STDY7626373	meropenem	Susceptible	Laboratory Method	Broth dilution	
573.1557	Klebsiella pneumoniae strain KSB1_4J	meropenem	Susceptible	Laboratory Method	Broth dilution	CLSI
72407.525	Klebsiella pneumoniae subsp. pneumoniae strain 3189STDY5864759	meropenem	Susceptible	Laboratory Method	Broth dilution	CLSI
573.66913	Klebsiella pneumoniae KP_NORM_BLD_2013_91444	meropenem	Susceptible	Laboratory Method		EUCAST
573.67171	Klebsiella pneumoniae KP_NORM_URN_2015_109238	meropenem	Susceptible	Laboratory Method		EUCAST
573.46091	Klebsiella pneumoniae KSB1_4B	meropenem	Susceptible	Laboratory Method	Broth dilution	CLSI
72407.555	Klebsiella pneumoniae subsp. pneumoniae strain 3189STDY5864783	meropenem	Susceptible	Laboratory Method	Broth dilution	CLSI
573.66758	Klebsiella pneumoniae KP_NORM_BLD_12937	meropenem	Susceptible	Laboratory Method		EUCAST
573.66683	Klebsiella pneumoniae KP_NORM_BLD_115757	meropenem	Susceptible	Laboratory Method		EUCAST
573.15547	Klebsiella pneumoniae strain KSB1_2D	meropenem	Susceptible	Laboratory Method	Broth dilution	CLSI
72407.573	Klebsiella pneumoniae subsp. pneumoniae strain 3189STDY5864889	meropenem	Susceptible	Laboratory Method	Broth dilution	CLSI
573.66587	Klebsiella pneumoniae KP_NORM_BLD_111588	meropenem	Susceptible	Laboratory Method		EUCAST
573.33422	Klebsiella pneumoniae strain PMK3	meropenem	Susceptible	Laboratory Method	Broth dilution	EUCAST
573.26236	Klebsiella pneumoniae strain 5012STDY7626474	meropenem	Susceptible	Laboratory Method	Broth dilution	
573.66849	Klebsiella pneumoniae KP_NORM_BLD_2007_46696	meropenem	Susceptible	Laboratory Method		EUCAST
573.66665	Klebsiella pneumoniae KP_NORM_BLD_115357	meropenem	Susceptible	Laboratory Method		EUCAST
573.67218	Klebsiella pneumoniae ERR7221195	meropenem	Susceptible	Laboratory Method	Broth dilution	EUCAST
72407.488	Klebsiella pneumoniae subsp. pneumoniae strain 3189STDY5864846	meropenem	Susceptible	Laboratory Method	Broth dilution	CLSI
72407.528	Klebsiella pneumoniae subsp. pneumoniae strain 3189STDY5864763	meropenem	Susceptible	Laboratory Method	Broth dilution	CLSI
573.46073	Klebsiella pneumoniae INF302	meropenem	Susceptible	Laboratory Method	Broth dilution	CLSI
573.66562	Klebsiella pneumoniae 29339_1#47	meropenem	Susceptible	Laboratory Method	MIC	
573.26197	Klebsiella pneumoniae strain 5012STDY7312664	meropenem	Susceptible	Laboratory Method	Broth dilution	
573.66623	Klebsiella pneumoniae KP_NORM_BLD_113898	meropenem	Susceptible	Laboratory Method		EUCAST
573.15515	Klebsiella pneumoniae strain INF062	meropenem	Susceptible	Laboratory Method	Broth dilution	CLSI
573.67163	Klebsiella pneumoniae KP_NORM_URN_2014_99206	meropenem	Susceptible	Laboratory Method		EUCAST
573.46079	Klebsiella pneumoniae INF295	meropenem	Susceptible	Laboratory Method	Broth dilution	CLSI
573.66782	Klebsiella pneumoniae KP_NORM_BLD_13382	meropenem	Susceptible	Laboratory Method		EUCAST
573.2611	Klebsiella pneumoniae strain 5012STDY7312727	meropenem	Susceptible	Laboratory Method	Broth dilution	
573.26131	Klebsiella pneumoniae strain 5012STDY7312748	meropenem	Susceptible	Laboratory Method	Broth dilution	
573.24298	Klebsiella pneumoniae strain 400	meropenem	Susceptible	Laboratory Method	Broth dilution	CLSI
573.581	Klebsiella pneumoniae strain PB39	meropenem	Susceptible	Laboratory Method	Broth dilution	EUCAST
573.26096	Klebsiella pneumoniae strain 5012STDY7312574	meropenem	Susceptible	Laboratory Method	Broth dilution	
573.67155	Klebsiella pneumoniae KP_NORM_URN_2014_101205	meropenem	Susceptible	Laboratory Method		EUCAST
573.26139	Klebsiella pneumoniae strain 5012STDY7312755	meropenem	Susceptible	Laboratory Method	Broth dilution	
573.67008	Klebsiella pneumoniae KP_NORM_BLD_60876	meropenem	Susceptible	Laboratory Method		EUCAST
573.24273	Klebsiella pneumoniae strain 275	meropenem	Susceptible	Laboratory Method	Broth dilution	CLSI
573.66865	Klebsiella pneumoniae KP_NORM_BLD_2009_62924	meropenem	Susceptible	Laboratory Method		EUCAST
72407.58	Klebsiella pneumoniae subsp. pneumoniae strain 3189STDY5864893	meropenem	Susceptible	Laboratory Method	Broth dilution	CLSI
573.261	Klebsiella pneumoniae strain 5012STDY7312702	meropenem	Susceptible	Laboratory Method	Broth dilution	
573.26288	Klebsiella pneumoniae strain 5012STDY7626407	meropenem	Susceptible	Laboratory Method	Broth dilution	
573.67043	Klebsiella pneumoniae KP_NORM_BLD_61889	meropenem	Susceptible	Laboratory Method		EUCAST
573.26291	Klebsiella pneumoniae strain 5012STDY7626412	meropenem	Susceptible	Laboratory Method	Broth dilution	
573.26209	Klebsiella pneumoniae strain 5012STDY7312675	meropenem	Susceptible	Laboratory Method	Broth dilution	
72407.478	Klebsiella pneumoniae subsp. pneumoniae strain 3189STDY5864842	meropenem	Susceptible	Laboratory Method	Broth dilution	CLSI
573.66647	Klebsiella pneumoniae KP_NORM_BLD_114464	meropenem	Susceptible	Laboratory Method		EUCAST
573.66887	Klebsiella pneumoniae KP_NORM_BLD_2011_74862	meropenem	Susceptible	Laboratory Method		EUCAST
573.66954	Klebsiella pneumoniae KP_NORM_BLD_232	meropenem	Susceptible	Laboratory Method		EUCAST
573.5809	Klebsiella pneumoniae strain PB270	meropenem	Susceptible	Laboratory Method	Broth dilution	EUCAST
573.67109	Klebsiella pneumoniae KP_NORM_BLD_63825	meropenem	Susceptible	Laboratory Method		EUCAST
72407.527	Klebsiella pneumoniae subsp. pneumoniae strain 3189STDY5864760	meropenem	Susceptible	Laboratory Method	Broth dilution	CLSI
573.26166	Klebsiella pneumoniae strain 5012STDY7312603	meropenem	Susceptible	Laboratory Method	Broth dilution	
573.26267	Klebsiella pneumoniae strain 5012STDY7626387	meropenem	Susceptible	Laboratory Method	Broth dilution	
573.66577	Klebsiella pneumoniae KP_NORM_BLD_108849	meropenem	Susceptible	Laboratory Method		EUCAST
573.67311	Klebsiella pneumoniae ERR7221315	meropenem	Susceptible	Laboratory Method	Broth dilution	EUCAST
573.46068	Klebsiella pneumoniae INF246	meropenem	Susceptible	Laboratory Method	Broth dilution	CLSI
573.66824	Klebsiella pneumoniae KP_NORM_BLD_14179	meropenem	Susceptible	Laboratory Method		EUCAST
573.67049	Klebsiella pneumoniae KP_NORM_BLD_61902	meropenem	Susceptible	Laboratory Method		EUCAST
573.2427	Klebsiella pneumoniae strain 255	meropenem	Susceptible	Laboratory Method	Broth dilution	CLSI
573.66704	Klebsiella pneumoniae KP_NORM_BLD_116239	meropenem	Susceptible	Laboratory Method		EUCAST
573.66619	Klebsiella pneumoniae KP_NORM_BLD_113779	meropenem	Susceptible	Laboratory Method		EUCAST
573.6695	Klebsiella pneumoniae KP_NORM_BLD_2260	meropenem	Susceptible	Laboratory Method		EUCAST
573.66579	Klebsiella pneumoniae KP_NORM_BLD_108846	meropenem	Susceptible	Laboratory Method		EUCAST
573.67073	Klebsiella pneumoniae KP_NORM_BLD_62636	meropenem	Susceptible	Laboratory Method		EUCAST
573.66677	Klebsiella pneumoniae KP_NORM_BLD_115414	meropenem	Susceptible	Laboratory Method		EUCAST
573.66659	Klebsiella pneumoniae KP_NORM_BLD_115338	meropenem	Susceptible	Laboratory Method		EUCAST
573.6619	Klebsiella pneumoniae KP_NORM_URN_2015_107539	meropenem	Susceptible	Laboratory Method		EUCAST
573.67153	Klebsiella pneumoniae KP_NORM_URN_2014_97392	meropenem	Susceptible	Laboratory Method		EUCAST
573.46115	Klebsiella pneumoniae INF332	meropenem	Susceptible	Laboratory Method	Broth dilution	CLSI
573.15548	Klebsiella pneumoniae strain KSB1_4D	meropenem	Susceptible	Laboratory Method	Broth dilution	CLSI
573.15523	Klebsiella pneumoniae strain INF092	meropenem	Susceptible	Laboratory Method	Broth dilution	CLSI
573.66724	Klebsiella pneumoniae KP_NORM_BLD_116446	meropenem	Susceptible	Laboratory Method		EUCAST
573.26312	Klebsiella pneumoniae strain 5012STDY7626433	meropenem	Susceptible	Laboratory Method	Broth dilution	
573.66608	Klebsiella pneumoniae KP_NORM_BLD_112916	meropenem	Susceptible	Laboratory Method		EUCAST
573.5802	Klebsiella pneumoniae strain PB439	meropenem	Susceptible	Laboratory Method	Broth dilution	EUCAST
573.66875	Klebsiella pneumoniae KP_NORM_BLD_2010_72017	meropenem	Susceptible	Laboratory Method		EUCAST
573.26105	Klebsiella pneumoniae strain 5012STDY7312707	meropenem	Susceptible	Laboratory Method	Broth dilution	
573.66905	Klebsiella pneumoniae KP_NORM_BLD_2013_90216	meropenem	Susceptible	Laboratory Method		EUCAST
573.67191	Klebsiella pneumoniae ERR7221162	meropenem	Susceptible	Laboratory Method	Broth dilution	EUCAST
573.66638	Klebsiella pneumoniae KP_NORM_BLD_114323	meropenem	Susceptible	Laboratory Method		EUCAST
573.67145	Klebsiella pneumoniae KP_NORM_URN_2013_95819	meropenem	Susceptible	Laboratory Method		EUCAST
573.66938	Klebsiella pneumoniae KP_NORM_BLD_2015_115372	meropenem	Susceptible	Laboratory Method		EUCAST
573.66902	Klebsiella pneumoniae KP_NORM_BLD_2012_85462	meropenem	Susceptible	Laboratory Method		EUCAST
573.46076	Klebsiella pneumoniae KSB1_10F	meropenem	Susceptible	Laboratory Method	Broth dilution	CLSI
573.66671	Klebsiella pneumoniae KP_NORM_BLD_115385	meropenem	Susceptible	Laboratory Method		EUCAST
573.33401	Klebsiella pneumoniae strain PMK20a	meropenem	Susceptible	Laboratory Method	Broth dilution	EUCAST
573.26184	Klebsiella pneumoniae strain 5012STDY7312617	meropenem	Susceptible	Laboratory Method	Broth dilution	
573.26192	Klebsiella pneumoniae strain 5012STDY7312625	meropenem	Susceptible	Laboratory Method	Broth dilution	
573.66972	Klebsiella pneumoniae KP_NORM_BLD_2799	meropenem	Susceptible	Laboratory Method		EUCAST
573.46084	Klebsiella pneumoniae INF112	meropenem	Susceptible	Laboratory Method	Broth dilution	CLSI
573.66639	Klebsiella pneumoniae KP_NORM_BLD_114315	meropenem	Susceptible	Laboratory Method		EUCAST
573.26115	Klebsiella pneumoniae strain 5012STDY7312733	meropenem	Susceptible	Laboratory Method	Broth dilution	
573.66572	Klebsiella pneumoniae KP_NORM_BLD_1038	meropenem	Susceptible	Laboratory Method		EUCAST
573.26153	Klebsiella pneumoniae strain 5012STDY7312591	meropenem	Susceptible	Laboratory Method	Broth dilution	
573.66789	Klebsiella pneumoniae KP_NORM_BLD_13534	meropenem	Susceptible	Laboratory Method		EUCAST
573.67115	Klebsiella pneumoniae KP_NORM_BLD_63851	meropenem	Susceptible	Laboratory Method		EUCAST
573.26299	Klebsiella pneumoniae strain 5012STDY7626418	meropenem	Susceptible	Laboratory Method	Broth dilution	
573.66594	Klebsiella pneumoniae KP_NORM_BLD_112137	meropenem	Susceptible	Laboratory Method		EUCAST
573.26263	Klebsiella pneumoniae strain 5012STDY7626383	meropenem	Susceptible	Laboratory Method	Broth dilution	
573.26094	Klebsiella pneumoniae strain 5012STDY7312697	meropenem	Susceptible	Laboratory Method	Broth dilution	
573.67126	Klebsiella pneumoniae KP_NORM_BLD_785	meropenem	Susceptible	Laboratory Method		EUCAST
573.66673	Klebsiella pneumoniae KP_NORM_BLD_115408	meropenem	Susceptible	Laboratory Method		EUCAST
573.66794	Klebsiella pneumoniae KP_NORM_BLD_1355	meropenem	Susceptible	Laboratory Method		EUCAST
573.66919	Klebsiella pneumoniae KP_NORM_BLD_2013_92929	meropenem	Susceptible	Laboratory Method		EUCAST
573.67048	Klebsiella pneumoniae KP_NORM_BLD_62	meropenem	Susceptible	Laboratory Method		EUCAST
573.66495	Klebsiella pneumoniae 27261_8#135	meropenem	Susceptible	Laboratory Method	MIC	
573.24377	Klebsiella pneumoniae strain MUGSI_200	meropenem	Susceptible	Laboratory Method	Broth dilution	CLSI
573.67104	Klebsiella pneumoniae KP_NORM_BLD_63339	meropenem	Susceptible	Laboratory Method		EUCAST
573.67323	Klebsiella pneumoniae ERR7221329	meropenem	Susceptible	Laboratory Method	Broth dilution	EUCAST
573.5665	Klebsiella pneumoniae strain PB127	meropenem	Susceptible	Laboratory Method	Broth dilution	EUCAST
72407.568	Klebsiella pneumoniae subsp. pneumoniae strain 3189STDY5864888	meropenem	Susceptible	Laboratory Method	Broth dilution	CLSI
72407.543	Klebsiella pneumoniae subsp. pneumoniae strain 3189STDY5864778	meropenem	Susceptible	Laboratory Method	Broth dilution	CLSI
573.66815	Klebsiella pneumoniae KP_NORM_BLD_13983	meropenem	Susceptible	Laboratory Method		EUCAST
573.67118	Klebsiella pneumoniae KP_NORM_BLD_65	meropenem	Susceptible	Laboratory Method		EUCAST
573.571	Klebsiella pneumoniae strain W2-9-ERG2	meropenem	Susceptible	Laboratory Method	Broth dilution	EUCAST
573.66635	Klebsiella pneumoniae KP_NORM_BLD_114300	meropenem	Susceptible	Laboratory Method		EUCAST
573.4611	Klebsiella pneumoniae KSB2_1D	meropenem	Susceptible	Laboratory Method	Broth dilution	CLSI
573.66787	Klebsiella pneumoniae KP_NORM_BLD_1342	meropenem	Susceptible	Laboratory Method		EUCAST
573.66844	Klebsiella pneumoniae KP_NORM_BLD_1880	meropenem	Susceptible	Laboratory Method		EUCAST
573.67067	Klebsiella pneumoniae KP_NORM_BLD_624	meropenem	Susceptible	Laboratory Method		EUCAST
573.66145	Klebsiella pneumoniae ERR1981104	meropenem	Susceptible	Laboratory Method	Broth dilution	EUCAST
573.66193	Klebsiella pneumoniae KP_NORM_URN_2015_109059	meropenem	Susceptible	Laboratory Method		EUCAST
573.66866	Klebsiella pneumoniae KP_NORM_BLD_2009_62777	meropenem	Susceptible	Laboratory Method		EUCAST
573.67035	Klebsiella pneumoniae KP_NORM_BLD_61470	meropenem	Susceptible	Laboratory Method		EUCAST
573.67339	Klebsiella pneumoniae ERR7221365	meropenem	Susceptible	Laboratory Method	Broth dilution	EUCAST
573.67013	Klebsiella pneumoniae KP_NORM_BLD_61034	meropenem	Susceptible	Laboratory Method		EUCAST
573.67001	Klebsiella pneumoniae KP_NORM_BLD_60613	meropenem	Susceptible	Laboratory Method		EUCAST
573.26218	Klebsiella pneumoniae strain 5012STDY7312682	meropenem	Susceptible	Laboratory Method	Broth dilution	
573.46119	Klebsiella pneumoniae INF115	meropenem	Susceptible	Laboratory Method	Broth dilution	CLSI
573.15361	Klebsiella pneumoniae strain INF322	meropenem	Susceptible	Laboratory Method	Broth dilution	CLSI
573.66976	Klebsiella pneumoniae KP_NORM_BLD_3086	meropenem	Susceptible	Laboratory Method		EUCAST
573.67211	Klebsiella pneumoniae ERR7221181	meropenem	Susceptible	Laboratory Method	Broth dilution	EUCAST
573.66806	Klebsiella pneumoniae KP_NORM_BLD_13888	meropenem	Susceptible	Laboratory Method		EUCAST
573.66621	Klebsiella pneumoniae KP_NORM_BLD_113777	meropenem	Susceptible	Laboratory Method		EUCAST
573.13025	Klebsiella pneumoniae 3364	meropenem	Susceptible	Laboratory Method	Broth dilution	CLSI
573.5694	Klebsiella pneumoniae strain W2-1-ERG5	meropenem	Susceptible	Laboratory Method	Broth dilution	EUCAST
573.66871	Klebsiella pneumoniae KP_NORM_BLD_2010_70364	meropenem	Susceptible	Laboratory Method		EUCAST
573.26109	Klebsiella pneumoniae strain 5012STDY7312726	meropenem	Susceptible	Laboratory Method	Broth dilution	
573.26113	Klebsiella pneumoniae strain 5012STDY7312732	meropenem	Susceptible	Laboratory Method	Broth dilution	
573.26127	Klebsiella pneumoniae strain 5012STDY7312746	meropenem	Susceptible	Laboratory Method	Broth dilution	
573.66605	Klebsiella pneumoniae KP_NORM_BLD_112908	meropenem	Susceptible	Laboratory Method		EUCAST
573.67036	Klebsiella pneumoniae KP_NORM_BLD_61475	meropenem	Susceptible	Laboratory Method		EUCAST
573.66929	Klebsiella pneumoniae KP_NORM_BLD_2014_101841	meropenem	Susceptible	Laboratory Method		EUCAST
573.5711	Klebsiella pneumoniae strain W2-9-ERG10	meropenem	Susceptible	Laboratory Method	Broth dilution	EUCAST
573.67147	Klebsiella pneumoniae KP_NORM_URN_2013_95951	meropenem	Susceptible	Laboratory Method		EUCAST
573.66588	Klebsiella pneumoniae KP_NORM_BLD_111583	meropenem	Susceptible	Laboratory Method		EUCAST
573.34262	Klebsiella pneumoniae strain KSB1_9J-sc-2280309	meropenem	Susceptible	Laboratory Method	Broth dilution	CLSI
72407.539	Klebsiella pneumoniae subsp. pneumoniae strain 3189STDY5864772	meropenem	Susceptible	Laboratory Method	Broth dilution	CLSI
573.46069	Klebsiella pneumoniae INF094	meropenem	Susceptible	Laboratory Method	Broth dilution	CLSI
573.26305	Klebsiella pneumoniae strain 5012STDY7626425	meropenem	Susceptible	Laboratory Method	Broth dilution	
573.5793	Klebsiella pneumoniae strain PB256	meropenem	Susceptible	Laboratory Method	Broth dilution	EUCAST
573.66829	Klebsiella pneumoniae KP_NORM_BLD_1676	meropenem	Susceptible	Laboratory Method		EUCAST
573.6694	Klebsiella pneumoniae KP_NORM_BLD_2015_116374	meropenem	Susceptible	Laboratory Method		EUCAST
573.5803	Klebsiella pneumoniae strain PB171	meropenem	Susceptible	Laboratory Method	Broth dilution	EUCAST
573.66877	Klebsiella pneumoniae KP_NORM_BLD_2011_72744	meropenem	Susceptible	Laboratory Method		EUCAST
573.67003	Klebsiella pneumoniae KP_NORM_BLD_60782	meropenem	Susceptible	Laboratory Method		EUCAST
573.26149	Klebsiella pneumoniae strain 5012STDY7312587	meropenem	Susceptible	Laboratory Method	Broth dilution	
573.67132	Klebsiella pneumoniae KP_NORM_URN_2012_81432	meropenem	Susceptible	Laboratory Method		EUCAST
573.67193	Klebsiella pneumoniae ERR7221166	meropenem	Susceptible	Laboratory Method	Broth dilution	EUCAST
573.66834	Klebsiella pneumoniae KP_NORM_BLD_1687	meropenem	Susceptible	Laboratory Method		EUCAST
573.15528	Klebsiella pneumoniae strain INF209	meropenem	Susceptible	Laboratory Method	Broth dilution	CLSI
573.66722	Klebsiella pneumoniae KP_NORM_BLD_116444	meropenem	Susceptible	Laboratory Method		EUCAST
573.6676	Klebsiella pneumoniae KP_NORM_BLD_12931	meropenem	Susceptible	Laboratory Method		EUCAST
573.66209	Klebsiella pneumoniae KP_NORM_BLD_2015_112126	meropenem	Susceptible	Laboratory Method		EUCAST
573.26323	Klebsiella pneumoniae strain 5012STDY7626431	meropenem	Susceptible	Laboratory Method	Broth dilution	
573.15536	Klebsiella pneumoniae strain INF346	meropenem	Susceptible	Laboratory Method	Broth dilution	CLSI
573.66576	Klebsiella pneumoniae KP_NORM_BLD_108856	meropenem	Susceptible	Laboratory Method		EUCAST
573.67011	Klebsiella pneumoniae KP_NORM_BLD_60949	meropenem	Susceptible	Laboratory Method		EUCAST
573.66729	Klebsiella pneumoniae KP_NORM_BLD_116574	meropenem	Susceptible	Laboratory Method		EUCAST
573.66667	Klebsiella pneumoniae KP_NORM_BLD_115369	meropenem	Susceptible	Laboratory Method		EUCAST
573.66663	Klebsiella pneumoniae KP_NORM_BLD_115351	meropenem	Susceptible	Laboratory Method		EUCAST
573.26211	Klebsiella pneumoniae strain 5012STDY7312677	meropenem	Susceptible	Laboratory Method	Broth dilution	
573.67158	Klebsiella pneumoniae KP_NORM_URN_2014_103762	meropenem	Susceptible	Laboratory Method		EUCAST
573.67162	Klebsiella pneumoniae KP_NORM_URN_2014_98501	meropenem	Susceptible	Laboratory Method		EUCAST
72407.489	Klebsiella pneumoniae subsp. pneumoniae strain 3189STDY5864850	meropenem	Susceptible	Laboratory Method	Broth dilution	CLSI
573.67131	Klebsiella pneumoniae KP_NORM_URN_2012_81229	meropenem	Susceptible	Laboratory Method		EUCAST
573.66575	Klebsiella pneumoniae KP_NORM_BLD_108853	meropenem	Susceptible	Laboratory Method		EUCAST
573.34294	Klebsiella pneumoniae strain INF279-sc-2280202	meropenem	Susceptible	Laboratory Method	Broth dilution	CLSI
72407.565	Klebsiella pneumoniae subsp. pneumoniae strain 3189STDY5864791	meropenem	Susceptible	Laboratory Method	Broth dilution	CLSI
573.66867	Klebsiella pneumoniae KP_NORM_BLD_2009_63477	meropenem	Susceptible	Laboratory Method		EUCAST
72407.479	Klebsiella pneumoniae subsp. pneumoniae strain 3189STDY5864852	meropenem	Susceptible	Laboratory Method	Broth dilution	CLSI
573.67136	Klebsiella pneumoniae KP_NORM_URN_2012_82063	meropenem	Susceptible	Laboratory Method		EUCAST
573.67199	Klebsiella pneumoniae ERR7221176	meropenem	Susceptible	Laboratory Method	Broth dilution	EUCAST
573.66773	Klebsiella pneumoniae KP_NORM_BLD_13139	meropenem	Susceptible	Laboratory Method		EUCAST
573.26215	Klebsiella pneumoniae strain 5012STDY7312678	meropenem	Susceptible	Laboratory Method	Broth dilution	
573.26099	Klebsiella pneumoniae strain 5012STDY7312701	meropenem	Susceptible	Laboratory Method	Broth dilution	
573.66713	Klebsiella pneumoniae KP_NORM_BLD_116361	meropenem	Susceptible	Laboratory Method		EUCAST
573.67325	Klebsiella pneumoniae ERR7221336	meropenem	Susceptible	Laboratory Method	Broth dilution	EUCAST
72407.518	Klebsiella pneumoniae subsp. pneumoniae strain 3189STDY5864757	meropenem	Susceptible	Laboratory Method	Broth dilution	CLSI
573.66177	Klebsiella pneumoniae KP_NORM_BLD_2014_100998	meropenem	Susceptible	Laboratory Method		EUCAST
573.6687	Klebsiella pneumoniae KP_NORM_BLD_2010_70236	meropenem	Susceptible	Laboratory Method		EUCAST
573.66702	Klebsiella pneumoniae KP_NORM_BLD_116244	meropenem	Susceptible	Laboratory Method		EUCAST
573.26106	Klebsiella pneumoniae strain 5012STDY7312729	meropenem	Susceptible	Laboratory Method	Broth dilution	
573.66786	Klebsiella pneumoniae KP_NORM_BLD_1341	meropenem	Susceptible	Laboratory Method		EUCAST
573.15527	Klebsiella pneumoniae strain INF208	meropenem	Susceptible	Laboratory Method	Broth dilution	CLSI
573.33396	Klebsiella pneumoniae strain PMK16	meropenem	Susceptible	Laboratory Method	Broth dilution	EUCAST
573.66894	Klebsiella pneumoniae KP_NORM_BLD_2011_76205	meropenem	Susceptible	Laboratory Method		EUCAST
573.6682	Klebsiella pneumoniae KP_NORM_BLD_14165	meropenem	Susceptible	Laboratory Method		EUCAST
573.66776	Klebsiella pneumoniae KP_NORM_BLD_13373	meropenem	Susceptible	Laboratory Method		EUCAST
573.66895	Klebsiella pneumoniae KP_NORM_BLD_2011_76220	meropenem	Susceptible	Laboratory Method		EUCAST
573.66986	Klebsiella pneumoniae KP_NORM_BLD_51	meropenem	Susceptible	Laboratory Method		EUCAST
573.66633	Klebsiella pneumoniae KP_NORM_BLD_114297	meropenem	Susceptible	Laboratory Method		EUCAST
573.5825	Klebsiella pneumoniae strain W2-13-ERG7	meropenem	Susceptible	Laboratory Method	Broth dilution	EUCAST
573.66823	Klebsiella pneumoniae KP_NORM_BLD_14175	meropenem	Susceptible	Laboratory Method		EUCAST
573.3425	Klebsiella pneumoniae strain INF250-sc-2280154	meropenem	Susceptible	Laboratory Method	Broth dilution	CLSI
573.66971	Klebsiella pneumoniae KP_NORM_BLD_3070	meropenem	Susceptible	Laboratory Method		EUCAST
573.66182	Klebsiella pneumoniae KP_NORM_BLD_2014_103973	meropenem	Susceptible	Laboratory Method		EUCAST
573.66858	Klebsiella pneumoniae KP_NORM_BLD_2009_61633	meropenem	Susceptible	Laboratory Method		EUCAST
573.57	Klebsiella pneumoniae strain PB122	meropenem	Susceptible	Laboratory Method	Broth dilution	EUCAST
573.5827	Klebsiella pneumoniae strain F1-9-ERG1	meropenem	Susceptible	Laboratory Method	Broth dilution	EUCAST
573.66983	Klebsiella pneumoniae KP_NORM_BLD_391	meropenem	Susceptible	Laboratory Method		EUCAST
573.15585	Klebsiella pneumoniae strain KSB2_8C	meropenem	Susceptible	Laboratory Method	Broth dilution	CLSI
573.2629	Klebsiella pneumoniae strain 5012STDY7626408	meropenem	Susceptible	Laboratory Method	Broth dilution	
573.15596	Klebsiella pneumoniae strain INF275	meropenem	Susceptible	Laboratory Method	Broth dilution	CLSI
573.66793	Klebsiella pneumoniae KP_NORM_BLD_13540	meropenem	Susceptible	Laboratory Method		EUCAST
573.66687	Klebsiella pneumoniae KP_NORM_BLD_115981	meropenem	Susceptible	Laboratory Method		EUCAST
573.26279	Klebsiella pneumoniae strain 5012STDY7626395	meropenem	Susceptible	Laboratory Method	Broth dilution	
573.66694	Klebsiella pneumoniae KP_NORM_BLD_116226	meropenem	Susceptible	Laboratory Method		EUCAST
573.66759	Klebsiella pneumoniae KP_NORM_BLD_12938	meropenem	Susceptible	Laboratory Method		EUCAST
573.66183	Klebsiella pneumoniae KP_NORM_BLD_2014_107242	meropenem	Susceptible	Laboratory Method		EUCAST
573.15568	Klebsiella pneumoniae strain KSB1_2J	meropenem	Susceptible	Laboratory Method	Broth dilution	CLSI
573.66596	Klebsiella pneumoniae KP_NORM_BLD_112178	meropenem	Susceptible	Laboratory Method		EUCAST
573.26271	Klebsiella pneumoniae strain 5012STDY7626390	meropenem	Susceptible	Laboratory Method	Broth dilution	
573.66586	Klebsiella pneumoniae KP_NORM_BLD_111571	meropenem	Susceptible	Laboratory Method		EUCAST
573.67279	Klebsiella pneumoniae ERR7221277	meropenem	Susceptible	Laboratory Method	Broth dilution	EUCAST
573.66762	Klebsiella pneumoniae KP_NORM_BLD_13122	meropenem	Susceptible	Laboratory Method		EUCAST
573.66768	Klebsiella pneumoniae KP_NORM_BLD_13129	meropenem	Susceptible	Laboratory Method		EUCAST
573.15371	Klebsiella pneumoniae strain KSB1_9D	meropenem	Susceptible	Laboratory Method	Broth dilution	CLSI
72407.49	Klebsiella pneumoniae subsp. pneumoniae strain 3189STDY5864753	meropenem	Susceptible	Laboratory Method	Broth dilution	CLSI
573.66732	Klebsiella pneumoniae KP_NORM_BLD_116598	meropenem	Susceptible	Laboratory Method		EUCAST
573.66846	Klebsiella pneumoniae KP_NORM_BLD_2006_36504	meropenem	Susceptible	Laboratory Method		EUCAST
573.6674	Klebsiella pneumoniae KP_NORM_BLD_117512	meropenem	Susceptible	Laboratory Method		EUCAST
573.67088	Klebsiella pneumoniae KP_NORM_BLD_62774	meropenem	Susceptible	Laboratory Method		EUCAST
573.26073	Klebsiella pneumoniae strain 5012STDY7312711	meropenem	Susceptible	Laboratory Method	Broth dilution	
573.15374	Klebsiella pneumoniae strain INF163	meropenem	Susceptible	Laboratory Method	Broth dilution	CLSI
573.66985	Klebsiella pneumoniae KP_NORM_BLD_389	meropenem	Susceptible	Laboratory Method		EUCAST
573.26189	Klebsiella pneumoniae strain 5012STDY7312569	meropenem	Susceptible	Laboratory Method	Broth dilution	
573.66784	Klebsiella pneumoniae KP_NORM_BLD_13386	meropenem	Susceptible	Laboratory Method		EUCAST
573.24284	Klebsiella pneumoniae strain 324	meropenem	Susceptible	Laboratory Method	Broth dilution	CLSI
573.66909	Klebsiella pneumoniae KP_NORM_BLD_2013_90851	meropenem	Susceptible	Laboratory Method		EUCAST
573.1374	Klebsiella pneumoniae KPN1877ec	meropenem	Susceptible	Laboratory Method	Broth dilution	CLSI
573.24304	Klebsiella pneumoniae strain 451	meropenem	Susceptible	Laboratory Method	Broth dilution	CLSI
573.46078	Klebsiella pneumoniae INF073	meropenem	Susceptible	Laboratory Method	Broth dilution	CLSI
573.24312	Klebsiella pneumoniae strain 524	meropenem	Susceptible	Laboratory Method	Broth dilution	CLSI
573.15595	Klebsiella pneumoniae strain KSB1_6J	meropenem	Susceptible	Laboratory Method	Broth dilution	CLSI
573.5806	Klebsiella pneumoniae strain PB107	meropenem	Susceptible	Laboratory Method	Broth dilution	EUCAST
573.46112	Klebsiella pneumoniae KSB2_2D	meropenem	Susceptible	Laboratory Method	Broth dilution	CLSI
573.6688	Klebsiella pneumoniae KP_NORM_BLD_2011_74829	meropenem	Susceptible	Laboratory Method		EUCAST
573.15561	Klebsiella pneumoniae strain KSB1_2G	meropenem	Susceptible	Laboratory Method	Broth dilution	CLSI
573.66992	Klebsiella pneumoniae KP_NORM_BLD_60433	meropenem	Susceptible	Laboratory Method		EUCAST
573.67	Klebsiella pneumoniae KP_NORM_BLD_60609	meropenem	Susceptible	Laboratory Method		EUCAST
573.15368	Klebsiella pneumoniae strain KSB1_10J	meropenem	Susceptible	Laboratory Method	Broth dilution	CLSI
573.66935	Klebsiella pneumoniae KP_NORM_BLD_2015_115991	meropenem	Susceptible	Laboratory Method		EUCAST
573.67033	Klebsiella pneumoniae KP_NORM_BLD_61466	meropenem	Susceptible	Laboratory Method		EUCAST
573.2631	Klebsiella pneumoniae strain 5012STDY7626428	meropenem	Susceptible	Laboratory Method	Broth dilution	
573.66891	Klebsiella pneumoniae KP_NORM_BLD_2011_75461	meropenem	Susceptible	Laboratory Method		EUCAST
573.66573	Klebsiella pneumoniae KP_NORM_BLD_1042	meropenem	Susceptible	Laboratory Method		EUCAST
72407.534	Klebsiella pneumoniae subsp. pneumoniae strain 3189STDY5864867	meropenem	Susceptible	Laboratory Method	Broth dilution	CLSI
573.26219	Klebsiella pneumoniae strain 5012STDY7312683	meropenem	Susceptible	Laboratory Method	Broth dilution	
573.24302	Klebsiella pneumoniae strain 415	meropenem	Susceptible	Laboratory Method	Broth dilution	CLSI
573.5814	Klebsiella pneumoniae strain PB199	meropenem	Susceptible	Laboratory Method	Broth dilution	EUCAST
573.15538	Klebsiella pneumoniae strain KSB1_2A	meropenem	Susceptible	Laboratory Method	Broth dilution	CLSI
573.67101	Klebsiella pneumoniae KP_NORM_BLD_63373	meropenem	Susceptible	Laboratory Method		EUCAST
573.66864	Klebsiella pneumoniae KP_NORM_BLD_2009_62208	meropenem	Susceptible	Laboratory Method		EUCAST
573.26154	Klebsiella pneumoniae strain 5012STDY7312593	meropenem	Susceptible	Laboratory Method	Broth dilution	
573.66581	Klebsiella pneumoniae KP_NORM_BLD_110770	meropenem	Susceptible	Laboratory Method		EUCAST
573.5795	Klebsiella pneumoniae strain PB425	meropenem	Susceptible	Laboratory Method	Broth dilution	EUCAST
573.34248	Klebsiella pneumoniae strain INF148-sc-2279987	meropenem	Susceptible	Laboratory Method	Broth dilution	CLSI
72407.595	Klebsiella pneumoniae subsp. pneumoniae strain 3189STDY5864828	meropenem	Susceptible	Laboratory Method	Broth dilution	CLSI
72407.567	Klebsiella pneumoniae subsp. pneumoniae strain 3189STDY5864787	meropenem	Susceptible	Laboratory Method	Broth dilution	CLSI
573.33409	Klebsiella pneumoniae strain PMK24	meropenem	Susceptible	Laboratory Method	Broth dilution	EUCAST
573.67143	Klebsiella pneumoniae KP_NORM_URN_2013_96191	meropenem	Susceptible	Laboratory Method		EUCAST
573.66494	Klebsiella pneumoniae 27261_8#125	meropenem	Susceptible	Laboratory Method	MIC	
573.15581	Klebsiella pneumoniae strain KSB2_1C	meropenem	Susceptible	Laboratory Method	Broth dilution	CLSI
573.66926	Klebsiella pneumoniae KP_NORM_BLD_2014_104308	meropenem	Susceptible	Laboratory Method		EUCAST
573.67172	Klebsiella pneumoniae KP_NORM_URN_2015_109358	meropenem	Susceptible	Laboratory Method		EUCAST
573.26098	Klebsiella pneumoniae strain 5012STDY7312706	meropenem	Susceptible	Laboratory Method	Broth dilution	
573.26273	Klebsiella pneumoniae strain 5012STDY7626391	meropenem	Susceptible	Laboratory Method	Broth dilution	
573.67065	Klebsiella pneumoniae KP_NORM_BLD_62217	meropenem	Susceptible	Laboratory Method		EUCAST
573.66459	Klebsiella pneumoniae 27261_8#8	meropenem	Susceptible	Laboratory Method	MIC	
573.66743	Klebsiella pneumoniae KP_NORM_BLD_117566	meropenem	Susceptible	Laboratory Method		EUCAST
573.46066	Klebsiella pneumoniae INF360	meropenem	Susceptible	Laboratory Method	Broth dilution	CLSI
573.31062	Klebsiella pneumoniae strain PH152	meropenem	Susceptible	Laboratory Method	Disk diffusion	CLSI
573.66197	Klebsiella pneumoniae KP_NORM_BLD_2011_74835	meropenem	Susceptible	Laboratory Method		EUCAST
573.66748	Klebsiella pneumoniae KP_NORM_BLD_12850	meropenem	Susceptible	Laboratory Method		EUCAST
573.66192	Klebsiella pneumoniae KP_NORM_URN_2015_107575	meropenem	Susceptible	Laboratory Method		EUCAST
573.33391	Klebsiella pneumoniae strain PMK10	meropenem	Susceptible	Laboratory Method	Broth dilution	EUCAST
573.26134	Klebsiella pneumoniae strain 5012STDY7312749	meropenem	Susceptible	Laboratory Method	Broth dilution	
573.6716	Klebsiella pneumoniae KP_NORM_URN_2014_97677	meropenem	Susceptible	Laboratory Method		EUCAST
573.6658	Klebsiella pneumoniae KP_NORM_BLD_110772	meropenem	Susceptible	Laboratory Method		EUCAST
573.671	Klebsiella pneumoniae KP_NORM_BLD_63337	meropenem	Susceptible	Laboratory Method		EUCAST
573.2609	Klebsiella pneumoniae strain 5012STDY7312573	meropenem	Susceptible	Laboratory Method	Broth dilution	
573.66842	Klebsiella pneumoniae KP_NORM_BLD_1883	meropenem	Susceptible	Laboratory Method		EUCAST
573.15611	Klebsiella pneumoniae strain INF332	meropenem	Susceptible	Laboratory Method	Broth dilution	CLSI
573.66903	Klebsiella pneumoniae KP_NORM_BLD_2012_85827	meropenem	Susceptible	Laboratory Method		EUCAST
72407.597	Klebsiella pneumoniae subsp. pneumoniae strain 3189STDY5864876	meropenem	Susceptible	Laboratory Method	Broth dilution	CLSI
573.67058	Klebsiella pneumoniae KP_NORM_BLD_62214	meropenem	Susceptible	Laboratory Method		EUCAST
72407.587	Klebsiella pneumoniae subsp. pneumoniae strain 3189STDY5864815	meropenem	Susceptible	Laboratory Method	Broth dilution	CLSI
573.6646	Klebsiella pneumoniae 27261_8#2	meropenem	Susceptible	Laboratory Method	MIC	
573.67027	Klebsiella pneumoniae KP_NORM_BLD_61433	meropenem	Susceptible	Laboratory Method		EUCAST
573.67078	Klebsiella pneumoniae KP_NORM_BLD_62657	meropenem	Susceptible	Laboratory Method		EUCAST
573.66686	Klebsiella pneumoniae KP_NORM_BLD_115763	meropenem	Susceptible	Laboratory Method		EUCAST
573.66198	Klebsiella pneumoniae KP_NORM_BLD_2014_102946	meropenem	Susceptible	Laboratory Method		EUCAST
573.6684	Klebsiella pneumoniae KP_NORM_BLD_1871	meropenem	Susceptible	Laboratory Method		EUCAST
573.15534	Klebsiella pneumoniae strain INF238	meropenem	Susceptible	Laboratory Method	Broth dilution	CLSI
573.46118	Klebsiella pneumoniae INF050	meropenem	Susceptible	Laboratory Method	Broth dilution	CLSI
573.66856	Klebsiella pneumoniae KP_NORM_BLD_2009_61035	meropenem	Susceptible	Laboratory Method		EUCAST
573.67032	Klebsiella pneumoniae KP_NORM_BLD_61473	meropenem	Susceptible	Laboratory Method		EUCAST
573.26101	Klebsiella pneumoniae strain 5012STDY7312698	meropenem	Susceptible	Laboratory Method	Broth dilution	
573.66952	Klebsiella pneumoniae KP_NORM_BLD_2395	meropenem	Susceptible	Laboratory Method		EUCAST
573.66981	Klebsiella pneumoniae KP_NORM_BLD_3091	meropenem	Susceptible	Laboratory Method		EUCAST
573.26294	Klebsiella pneumoniae strain 5012STDY7626413	meropenem	Susceptible	Laboratory Method	Broth dilution	
573.1562	Klebsiella pneumoniae strain KSB1_5J	meropenem	Susceptible	Laboratory Method	Broth dilution	CLSI
573.26313	Klebsiella pneumoniae strain 5012STDY7626432	meropenem	Susceptible	Laboratory Method	Broth dilution	
573.66767	Klebsiella pneumoniae KP_NORM_BLD_13125	meropenem	Susceptible	Laboratory Method		EUCAST
573.6727	Klebsiella pneumoniae ERR7221262	meropenem	Susceptible	Laboratory Method	Broth dilution	EUCAST
72407.483	Klebsiella pneumoniae subsp. pneumoniae strain 3189STDY5864843	meropenem	Susceptible	Laboratory Method	Broth dilution	CLSI
573.67146	Klebsiella pneumoniae KP_NORM_URN_2013_95977	meropenem	Susceptible	Laboratory Method		EUCAST
573.5726	Klebsiella pneumoniae strain W2-5-ERG6	meropenem	Susceptible	Laboratory Method	Broth dilution	EUCAST
573.66978	Klebsiella pneumoniae KP_NORM_BLD_3093	meropenem	Susceptible	Laboratory Method		EUCAST
573.66863	Klebsiella pneumoniae KP_NORM_BLD_2009_62172	meropenem	Susceptible	Laboratory Method		EUCAST
573.24281	Klebsiella pneumoniae strain 310	meropenem	Susceptible	Laboratory Method	Broth dilution	CLSI
72407.48	Klebsiella pneumoniae subsp. pneumoniae strain 3189STDY5864742	meropenem	Susceptible	Laboratory Method	Broth dilution	CLSI
573.66908	Klebsiella pneumoniae KP_NORM_BLD_2012_86927	meropenem	Susceptible	Laboratory Method		EUCAST
72407.553	Klebsiella pneumoniae subsp. pneumoniae strain 3189STDY5864877	meropenem	Susceptible	Laboratory Method	Broth dilution	CLSI
573.15551	Klebsiella pneumoniae strain KSB1_2E	meropenem	Susceptible	Laboratory Method	Broth dilution	CLSI
573.34284	Klebsiella pneumoniae strain INF327-sc-2280132	meropenem	Susceptible	Laboratory Method	Broth dilution	CLSI
573.6705	Klebsiella pneumoniae KP_NORM_BLD_62164	meropenem	Susceptible	Laboratory Method		EUCAST
573.31078	Klebsiella pneumoniae strain PH49-2	meropenem	Susceptible	Laboratory Method	Disk diffusion	CLSI
573.5808	Klebsiella pneumoniae strain PB298	meropenem	Susceptible	Laboratory Method	Broth dilution	EUCAST
573.66611	Klebsiella pneumoniae KP_NORM_BLD_112925	meropenem	Susceptible	Laboratory Method		EUCAST
573.67296	Klebsiella pneumoniae ERR7221299	meropenem	Susceptible	Laboratory Method	Broth dilution	EUCAST
573.33418	Klebsiella pneumoniae strain PMK5b	meropenem	Susceptible	Laboratory Method	Broth dilution	EUCAST
573.26285	Klebsiella pneumoniae strain 5012STDY7626403	meropenem	Susceptible	Laboratory Method	Broth dilution	
573.26234	Klebsiella pneumoniae strain 5012STDY7626538	meropenem	Susceptible	Laboratory Method	Broth dilution	
573.67018	Klebsiella pneumoniae KP_NORM_BLD_61057	meropenem	Susceptible	Laboratory Method		EUCAST
573.24283	Klebsiella pneumoniae strain 313	meropenem	Susceptible	Laboratory Method	Broth dilution	CLSI
573.31061	Klebsiella pneumoniae strain PH150-2	meropenem	Susceptible	Laboratory Method	Disk diffusion	CLSI
573.66945	Klebsiella pneumoniae KP_NORM_BLD_225	meropenem	Susceptible	Laboratory Method		EUCAST
573.26286	Klebsiella pneumoniae strain 5012STDY7626404	meropenem	Susceptible	Laboratory Method	Broth dilution	
573.66734	Klebsiella pneumoniae KP_NORM_BLD_1169	meropenem	Susceptible	Laboratory Method		EUCAST
573.15563	Klebsiella pneumoniae strain KSB1_4G	meropenem	Susceptible	Laboratory Method	Broth dilution	CLSI
573.67169	Klebsiella pneumoniae KP_NORM_URN_2015_108182	meropenem	Susceptible	Laboratory Method		EUCAST
573.15597	Klebsiella pneumoniae strain INF312	meropenem	Susceptible	Laboratory Method	Broth dilution	CLSI
573.66893	Klebsiella pneumoniae KP_NORM_BLD_2011_76225	meropenem	Susceptible	Laboratory Method		EUCAST
573.66149	Klebsiella pneumoniae ERR2106420	meropenem	Susceptible	Laboratory Method	Broth dilution	EUCAST
573.668	Klebsiella pneumoniae KP_NORM_BLD_13748	meropenem	Susceptible	Laboratory Method		EUCAST
573.67205	Klebsiella pneumoniae ERR7221186	meropenem	Susceptible	Laboratory Method	Broth dilution	EUCAST
573.66568	Klebsiella pneumoniae KP_NORM_BLD_1034	meropenem	Susceptible	Laboratory Method		EUCAST
573.5724	Klebsiella pneumoniae strain F1-9-ERG2	meropenem	Susceptible	Laboratory Method	Broth dilution	EUCAST
573.66613	Klebsiella pneumoniae KP_NORM_BLD_113303	meropenem	Susceptible	Laboratory Method		EUCAST
573.67026	Klebsiella pneumoniae KP_NORM_BLD_61299	meropenem	Susceptible	Laboratory Method		EUCAST
573.66636	Klebsiella pneumoniae KP_NORM_BLD_114321	meropenem	Susceptible	Laboratory Method		EUCAST
573.5818	Klebsiella pneumoniae strain PB497	meropenem	Susceptible	Laboratory Method	Broth dilution	EUCAST
573.6611	Klebsiella pneumoniae ERR1813608	meropenem	Susceptible	Laboratory Method	Broth dilution	EUCAST
573.66172	Klebsiella pneumoniae KP_NORM_BLD_2012_84087	meropenem	Susceptible	Laboratory Method		EUCAST
573.67072	Klebsiella pneumoniae KP_NORM_BLD_62507	meropenem	Susceptible	Laboratory Method		EUCAST
573.66878	Klebsiella pneumoniae KP_NORM_BLD_2011_72749	meropenem	Susceptible	Laboratory Method		EUCAST
573.6706	Klebsiella pneumoniae KP_NORM_BLD_62204	meropenem	Susceptible	Laboratory Method		EUCAST
573.15518	Klebsiella pneumoniae strain INF072	meropenem	Susceptible	Laboratory Method	Broth dilution	CLSI
573.15373	Klebsiella pneumoniae strain KSB1_7J	meropenem	Susceptible	Laboratory Method	Broth dilution	CLSI
573.67137	Klebsiella pneumoniae KP_NORM_URN_2013_94592	meropenem	Susceptible	Laboratory Method		EUCAST
573.66801	Klebsiella pneumoniae KP_NORM_BLD_13749	meropenem	Susceptible	Laboratory Method		EUCAST
573.24259	Klebsiella pneumoniae strain 193	meropenem	Susceptible	Laboratory Method	Broth dilution	CLSI
573.67031	Klebsiella pneumoniae KP_NORM_BLD_61453	meropenem	Susceptible	Laboratory Method		EUCAST
573.26253	Klebsiella pneumoniae strain 5012STDY7626374	meropenem	Susceptible	Laboratory Method	Broth dilution	
573.34239	Klebsiella pneumoniae strain INF133-sc-2279960	meropenem	Susceptible	Laboratory Method	Broth dilution	CLSI
573.66624	Klebsiella pneumoniae KP_NORM_BLD_113895	meropenem	Susceptible	Laboratory Method		EUCAST
573.5796	Klebsiella pneumoniae strain PB209	meropenem	Susceptible	Laboratory Method	Broth dilution	EUCAST
573.2617	Klebsiella pneumoniae strain 5012STDY7312610	meropenem	Susceptible	Laboratory Method	Broth dilution	
573.34302	Klebsiella pneumoniae strain KSB1_10B-sc-2280232	meropenem	Susceptible	Laboratory Method	Broth dilution	CLSI
573.26266	Klebsiella pneumoniae strain 5012STDY7626385	meropenem	Susceptible	Laboratory Method	Broth dilution	
573.67074	Klebsiella pneumoniae KP_NORM_BLD_62638	meropenem	Susceptible	Laboratory Method		EUCAST
573.26195	Klebsiella pneumoniae strain 5012STDY7312661	meropenem	Susceptible	Laboratory Method	Broth dilution	
573.6696	Klebsiella pneumoniae KP_NORM_BLD_2508	meropenem	Susceptible	Laboratory Method		EUCAST
573.6669	Klebsiella pneumoniae KP_NORM_BLD_115811	meropenem	Susceptible	Laboratory Method		EUCAST
573.5684	Klebsiella pneumoniae strain PB506	meropenem	Susceptible	Laboratory Method	Broth dilution	EUCAST
573.26162	Klebsiella pneumoniae strain 5012STDY7312600	meropenem	Susceptible	Laboratory Method	Broth dilution	
573.1536	Klebsiella pneumoniae strain INF249	meropenem	Susceptible	Laboratory Method	Broth dilution	CLSI
573.66697	Klebsiella pneumoniae KP_NORM_BLD_116218	meropenem	Susceptible	Laboratory Method		EUCAST
573.24268	Klebsiella pneumoniae strain 246	meropenem	Susceptible	Laboratory Method	Broth dilution	CLSI
573.26308	Klebsiella pneumoniae strain 5012STDY7626426	meropenem	Susceptible	Laboratory Method	Broth dilution	
573.13354	Klebsiella pneumoniae KPN1410ec	meropenem	Susceptible	Laboratory Method	Broth dilution	CLSI
72407.584	Klebsiella pneumoniae subsp. pneumoniae strain 3189STDY5864809	meropenem	Susceptible	Laboratory Method	Broth dilution	CLSI
573.66191	Klebsiella pneumoniae KP_NORM_BLD_2015_117563	meropenem	Susceptible	Laboratory Method		EUCAST
573.66655	Klebsiella pneumoniae KP_NORM_BLD_114729	meropenem	Susceptible	Laboratory Method		EUCAST
573.67092	Klebsiella pneumoniae KP_NORM_BLD_63318	meropenem	Susceptible	Laboratory Method		EUCAST
72407.502	Klebsiella pneumoniae subsp. pneumoniae strain 3189STDY5864744	meropenem	Susceptible	Laboratory Method	Broth dilution	CLSI
573.66807	Klebsiella pneumoniae KP_NORM_BLD_13892	meropenem	Susceptible	Laboratory Method		EUCAST
573.26207	Klebsiella pneumoniae strain 5012STDY7312671	meropenem	Susceptible	Laboratory Method	Broth dilution	
573.66599	Klebsiella pneumoniae KP_NORM_BLD_112139	meropenem	Susceptible	Laboratory Method		EUCAST
573.66873	Klebsiella pneumoniae KP_NORM_BLD_2009_63480	meropenem	Susceptible	Laboratory Method		EUCAST
573.67086	Klebsiella pneumoniae KP_NORM_BLD_62920	meropenem	Susceptible	Laboratory Method		EUCAST
573.66598	Klebsiella pneumoniae KP_NORM_BLD_112176	meropenem	Susceptible	Laboratory Method		EUCAST
573.24291	Klebsiella pneumoniae strain 361	meropenem	Susceptible	Laboratory Method	Broth dilution	CLSI
573.67168	Klebsiella pneumoniae KP_NORM_URN_2015_107993	meropenem	Susceptible	Laboratory Method		EUCAST
573.2608	Klebsiella pneumoniae strain 5012STDY7312712	meropenem	Susceptible	Laboratory Method	Broth dilution	
573.66736	Klebsiella pneumoniae KP_NORM_BLD_1166	meropenem	Susceptible	Laboratory Method		EUCAST
573.66765	Klebsiella pneumoniae KP_NORM_BLD_13123	meropenem	Susceptible	Laboratory Method		EUCAST
573.26298	Klebsiella pneumoniae strain 5012STDY7626415	meropenem	Susceptible	Laboratory Method	Broth dilution	
573.66651	Klebsiella pneumoniae KP_NORM_BLD_114599	meropenem	Susceptible	Laboratory Method		EUCAST
573.15535	Klebsiella pneumoniae strain INF245	meropenem	Susceptible	Laboratory Method	Broth dilution	CLSI
72407.588	Klebsiella pneumoniae subsp. pneumoniae strain 3189STDY5864816	meropenem	Susceptible	Laboratory Method	Broth dilution	CLSI
573.15591	Klebsiella pneumoniae strain KSB2_7D	meropenem	Susceptible	Laboratory Method	Broth dilution	CLSI
573.6689	Klebsiella pneumoniae KP_NORM_BLD_2011_75453	meropenem	Susceptible	Laboratory Method		EUCAST
573.66932	Klebsiella pneumoniae KP_NORM_BLD_2015_111587	meropenem	Susceptible	Laboratory Method		EUCAST
573.5819	Klebsiella pneumoniae strain W1-4-ERY6(G)	meropenem	Susceptible	Laboratory Method	Broth dilution	EUCAST
573.66997	Klebsiella pneumoniae KP_NORM_BLD_60440	meropenem	Susceptible	Laboratory Method		EUCAST
573.67057	Klebsiella pneumoniae KP_NORM_BLD_62210	meropenem	Susceptible	Laboratory Method		EUCAST
573.67161	Klebsiella pneumoniae KP_NORM_URN_2014_97959	meropenem	Susceptible	Laboratory Method		EUCAST
72407.508	Klebsiella pneumoniae subsp. pneumoniae strain 3189STDY5864847	meropenem	Susceptible	Laboratory Method	Broth dilution	CLSI
72407.586	Klebsiella pneumoniae subsp. pneumoniae strain 3189STDY5864813	meropenem	Susceptible	Laboratory Method	Broth dilution	CLSI
573.66128	Klebsiella pneumoniae ERR1830484	meropenem	Susceptible	Laboratory Method	Broth dilution	EUCAST
573.66869	Klebsiella pneumoniae KP_NORM_BLD_2009_63807	meropenem	Susceptible	Laboratory Method		EUCAST
573.67075	Klebsiella pneumoniae KP_NORM_BLD_62640	meropenem	Susceptible	Laboratory Method		EUCAST
573.66692	Klebsiella pneumoniae KP_NORM_BLD_115993	meropenem	Susceptible	Laboratory Method		EUCAST
573.66726	Klebsiella pneumoniae KP_NORM_BLD_116562	meropenem	Susceptible	Laboratory Method		EUCAST
573.67281	Klebsiella pneumoniae ERR7221275	meropenem	Susceptible	Laboratory Method	Broth dilution	EUCAST
573.15599	Klebsiella pneumoniae strain KSB1_5B	meropenem	Susceptible	Laboratory Method	Broth dilution	CLSI
573.26245	Klebsiella pneumoniae strain 5012STDY7626363	meropenem	Susceptible	Laboratory Method	Broth dilution	
573.26112	Klebsiella pneumoniae strain 5012STDY7312730	meropenem	Susceptible	Laboratory Method	Broth dilution	
573.66969	Klebsiella pneumoniae KP_NORM_BLD_3072	meropenem	Susceptible	Laboratory Method		EUCAST
573.66904	Klebsiella pneumoniae KP_NORM_BLD_2013_89829	meropenem	Susceptible	Laboratory Method		EUCAST
573.66658	Klebsiella pneumoniae KP_NORM_BLD_115315	meropenem	Susceptible	Laboratory Method		EUCAST
573.46107	Klebsiella pneumoniae KSB1_2I	meropenem	Susceptible	Laboratory Method	Broth dilution	CLSI
573.15605	Klebsiella pneumoniae strain INF143	meropenem	Susceptible	Laboratory Method	Broth dilution	CLSI
573.46857	Klebsiella pneumoniae KP-27PI	meropenem	Susceptible	Laboratory Method	Broth dilution	EUCAST
573.26178	Klebsiella pneumoniae strain 5012STDY7312608	meropenem	Susceptible	Laboratory Method	Broth dilution	
573.5821	Klebsiella pneumoniae strain W2-13-ERG1	meropenem	Susceptible	Laboratory Method	Broth dilution	EUCAST
573.67173	Klebsiella pneumoniae KP_NORM_URN_2015_111149	meropenem	Susceptible	Laboratory Method		EUCAST
573.15519	Klebsiella pneumoniae strain INF073	meropenem	Susceptible	Laboratory Method	Broth dilution	CLSI
573.569	Klebsiella pneumoniae strain PB226	meropenem	Susceptible	Laboratory Method	Broth dilution	EUCAST
573.67098	Klebsiella pneumoniae KP_NORM_BLD_63329	meropenem	Susceptible	Laboratory Method		EUCAST
573.26079	Klebsiella pneumoniae strain 5012STDY7312721	meropenem	Susceptible	Laboratory Method	Broth dilution	
573.15525	Klebsiella pneumoniae strain INF200	meropenem	Susceptible	Laboratory Method	Broth dilution	CLSI
573.15593	Klebsiella pneumoniae strain INF302	meropenem	Susceptible	Laboratory Method	Broth dilution	CLSI
573.6677	Klebsiella pneumoniae KP_NORM_BLD_13133	meropenem	Susceptible	Laboratory Method		EUCAST
573.66792	Klebsiella pneumoniae KP_NORM_BLD_13539	meropenem	Susceptible	Laboratory Method		EUCAST
573.46067	Klebsiella pneumoniae INF289	meropenem	Susceptible	Laboratory Method	Broth dilution	CLSI
573.24263	Klebsiella pneumoniae strain 21	meropenem	Susceptible	Laboratory Method	Broth dilution	CLSI
72407.571	Klebsiella pneumoniae subsp. pneumoniae strain 3189STDY5864891	meropenem	Susceptible	Laboratory Method	Broth dilution	CLSI
573.66679	Klebsiella pneumoniae KP_NORM_BLD_115743	meropenem	Susceptible	Laboratory Method		EUCAST
72407.593	Klebsiella pneumoniae subsp. pneumoniae strain 3189STDY5864822	meropenem	Susceptible	Laboratory Method	Broth dilution	CLSI
573.67061	Klebsiella pneumoniae KP_NORM_BLD_62200	meropenem	Susceptible	Laboratory Method		EUCAST
573.66106	Klebsiella pneumoniae ERR1813605	meropenem	Susceptible	Laboratory Method	Broth dilution	EUCAST
573.6621	Klebsiella pneumoniae KP_NORM_BLD_2014_104014	meropenem	Susceptible	Laboratory Method		EUCAST
573.66746	Klebsiella pneumoniae KP_NORM_BLD_117571	meropenem	Susceptible	Laboratory Method		EUCAST
573.26272	Klebsiella pneumoniae strain 5012STDY7626392	meropenem	Susceptible	Laboratory Method	Broth dilution	
573.66774	Klebsiella pneumoniae KP_NORM_BLD_13372	meropenem	Susceptible	Laboratory Method		EUCAST
573.66609	Klebsiella pneumoniae KP_NORM_BLD_112922	meropenem	Susceptible	Laboratory Method		EUCAST
72407.551	Klebsiella pneumoniae subsp. pneumoniae strain 3189STDY5864780	meropenem	Susceptible	Laboratory Method	Broth dilution	CLSI
573.67096	Klebsiella pneumoniae KP_NORM_BLD_63327	meropenem	Susceptible	Laboratory Method		EUCAST
573.26128	Klebsiella pneumoniae strain 5012STDY7312744	meropenem	Susceptible	Laboratory Method	Broth dilution	
573.67309	Klebsiella pneumoniae ERR7221306	meropenem	Susceptible	Laboratory Method	Broth dilution	EUCAST
573.46098	Klebsiella pneumoniae KSB1_6D	meropenem	Susceptible	Laboratory Method	Broth dilution	CLSI
573.6712	Klebsiella pneumoniae KP_NORM_BLD_68	meropenem	Susceptible	Laboratory Method		EUCAST
573.35513	Klebsiella pneumoniae strain KSB1_9A	meropenem	Susceptible	Laboratory Method	Broth dilution	CLSI
573.34254	Klebsiella pneumoniae strain KSB1_1B	meropenem	Susceptible	Laboratory Method	Broth dilution	CLSI
573.34246	Klebsiella pneumoniae strain INF354-sc-2280183	meropenem	Susceptible	Laboratory Method	Broth dilution	CLSI
573.66918	Klebsiella pneumoniae KP_NORM_BLD_2013_92325	meropenem	Susceptible	Laboratory Method		EUCAST
573.26309	Klebsiella pneumoniae strain 5012STDY7626424	meropenem	Susceptible	Laboratory Method	Broth dilution	
573.26264	Klebsiella pneumoniae strain 5012STDY7626378	meropenem	Susceptible	Laboratory Method	Broth dilution	
573.26321	Klebsiella pneumoniae strain 5012STDY7626441	meropenem	Susceptible	Laboratory Method	Broth dilution	
573.26244	Klebsiella pneumoniae strain 5012STDY7626364	meropenem	Susceptible	Laboratory Method	Broth dilution	
573.5697	Klebsiella pneumoniae strain PB502	meropenem	Susceptible	Laboratory Method	Broth dilution	EUCAST
573.67039	Klebsiella pneumoniae KP_NORM_BLD_61808	meropenem	Susceptible	Laboratory Method		EUCAST
573.66942	Klebsiella pneumoniae KP_NORM_BLD_2242	meropenem	Susceptible	Laboratory Method		EUCAST
72407.554	Klebsiella pneumoniae subsp. pneumoniae strain 3189STDY5864782	meropenem	Susceptible	Laboratory Method	Broth dilution	CLSI
573.66911	Klebsiella pneumoniae KP_NORM_BLD_2013_91433	meropenem	Susceptible	Laboratory Method		EUCAST
573.26175	Klebsiella pneumoniae strain 5012STDY7312568	meropenem	Susceptible	Laboratory Method	Broth dilution	
573.67122	Klebsiella pneumoniae KP_NORM_BLD_781	meropenem	Susceptible	Laboratory Method		EUCAST
573.67179	Klebsiella pneumoniae KP_NORM_URN_2015_113374	meropenem	Susceptible	Laboratory Method		EUCAST
573.26103	Klebsiella pneumoniae strain 5012STDY7312564	meropenem	Susceptible	Laboratory Method	Broth dilution	
573.66674	Klebsiella pneumoniae KP_NORM_BLD_115406	meropenem	Susceptible	Laboratory Method		EUCAST
573.66642	Klebsiella pneumoniae KP_NORM_BLD_114327	meropenem	Susceptible	Laboratory Method		EUCAST
573.15544	Klebsiella pneumoniae strain KSB1_5C	meropenem	Susceptible	Laboratory Method	Broth dilution	CLSI
573.26125	Klebsiella pneumoniae strain 5012STDY7312739	meropenem	Susceptible	Laboratory Method	Broth dilution	
573.26247	Klebsiella pneumoniae strain 5012STDY7626368	meropenem	Susceptible	Laboratory Method	Broth dilution	
573.67227	Klebsiella pneumoniae ERR7221208	meropenem	Susceptible	Laboratory Method	Broth dilution	EUCAST
573.26241	Klebsiella pneumoniae strain 5012STDY7626514	meropenem	Susceptible	Laboratory Method	Broth dilution	
72407.529	Klebsiella pneumoniae subsp. pneumoniae strain 3189STDY5864858	meropenem	Susceptible	Laboratory Method	Broth dilution	CLSI
573.15587	Klebsiella pneumoniae strain KSB2_10C	meropenem	Susceptible	Laboratory Method	Broth dilution	CLSI
72407.501	Klebsiella pneumoniae subsp. pneumoniae strain 3189STDY5864831	meropenem	Susceptible	Laboratory Method	Broth dilution	CLSI
573.15522	Klebsiella pneumoniae strain INF173	meropenem	Susceptible	Laboratory Method	Broth dilution	CLSI
573.15541	Klebsiella pneumoniae strain KSB1_1C	meropenem	Susceptible	Laboratory Method	Broth dilution	CLSI
573.46095	Klebsiella pneumoniae KSB1_9C	meropenem	Susceptible	Laboratory Method	Broth dilution	CLSI
573.26111	Klebsiella pneumoniae strain 5012STDY7312576	meropenem	Susceptible	Laboratory Method	Broth dilution	
573.12975	Klebsiella pneumoniae 3285	meropenem	Susceptible	Laboratory Method	Broth dilution	CLSI
573.33399	Klebsiella pneumoniae strain PMK17	meropenem	Susceptible	Laboratory Method	Broth dilution	EUCAST
72407.556	Klebsiella pneumoniae subsp. pneumoniae strain 3189STDY5864878	meropenem	Susceptible	Laboratory Method	Broth dilution	CLSI
573.67029	Klebsiella pneumoniae KP_NORM_BLD_61449	meropenem	Susceptible	Laboratory Method		EUCAST
573.26126	Klebsiella pneumoniae strain 5012STDY7312747	meropenem	Susceptible	Laboratory Method	Broth dilution	
573.26246	Klebsiella pneumoniae strain 5012STDY7626366	meropenem	Susceptible	Laboratory Method	Broth dilution	
573.46094	Klebsiella pneumoniae KSB1_9B	meropenem	Susceptible	Laboratory Method	Broth dilution	CLSI
573.5798	Klebsiella pneumoniae strain PB327	meropenem	Susceptible	Laboratory Method	Broth dilution	EUCAST
573.26306	Klebsiella pneumoniae strain 5012STDY7626427	meropenem	Susceptible	Laboratory Method	Broth dilution	
573.67099	Klebsiella pneumoniae KP_NORM_BLD_63333	meropenem	Susceptible	Laboratory Method		EUCAST
573.67084	Klebsiella pneumoniae KP_NORM_BLD_62918	meropenem	Susceptible	Laboratory Method		EUCAST
573.15606	Klebsiella pneumoniae strain INF061	meropenem	Susceptible	Laboratory Method	Broth dilution	CLSI
573.67025	Klebsiella pneumoniae KP_NORM_BLD_61295	meropenem	Susceptible	Laboratory Method		EUCAST
573.66889	Klebsiella pneumoniae KP_NORM_BLD_2011_75132	meropenem	Susceptible	Laboratory Method		EUCAST
573.26137	Klebsiella pneumoniae strain 5012STDY7312753	meropenem	Susceptible	Laboratory Method	Broth dilution	
573.5812	Klebsiella pneumoniae strain W2-1-ERG2	meropenem	Susceptible	Laboratory Method	Broth dilution	EUCAST
573.66185	Klebsiella pneumoniae KP_NORM_BLD_2015_112901	meropenem	Susceptible	Laboratory Method		EUCAST
573.67045	Klebsiella pneumoniae KP_NORM_BLD_61898	meropenem	Susceptible	Laboratory Method		EUCAST
573.66664	Klebsiella pneumoniae KP_NORM_BLD_115366	meropenem	Susceptible	Laboratory Method		EUCAST
72407.546	Klebsiella pneumoniae subsp. pneumoniae strain 3189STDY5864774	meropenem	Susceptible	Laboratory Method	Broth dilution	CLSI
573.66799	Klebsiella pneumoniae KP_NORM_BLD_13741	meropenem	Susceptible	Laboratory Method		EUCAST
573.66778	Klebsiella pneumoniae KP_NORM_BLD_13379	meropenem	Susceptible	Laboratory Method		EUCAST
573.46086	Klebsiella pneumoniae KSB1_3A	meropenem	Susceptible	Laboratory Method	Broth dilution	CLSI
573.15598	Klebsiella pneumoniae strain KSB1_10I	meropenem	Susceptible	Laboratory Method	Broth dilution	CLSI
573.66631	Klebsiella pneumoniae KP_NORM_BLD_114048	meropenem	Susceptible	Laboratory Method		EUCAST
573.66798	Klebsiella pneumoniae KP_NORM_BLD_13737	meropenem	Susceptible	Laboratory Method		EUCAST
573.26284	Klebsiella pneumoniae strain 5012STDY7626406	meropenem	Susceptible	Laboratory Method	Broth dilution	
573.66884	Klebsiella pneumoniae KP_NORM_BLD_2011_74841	meropenem	Susceptible	Laboratory Method		EUCAST
573.66178	Klebsiella pneumoniae KP_NORM_BLD_2014_101320	meropenem	Susceptible	Laboratory Method		EUCAST
573.67148	Klebsiella pneumoniae KP_NORM_URN_2013_95788	meropenem	Susceptible	Laboratory Method		EUCAST
573.26159	Klebsiella pneumoniae strain 5012STDY7312596	meropenem	Susceptible	Laboratory Method	Broth dilution	
573.66914	Klebsiella pneumoniae KP_NORM_BLD_2013_91700	meropenem	Susceptible	Laboratory Method		EUCAST
573.66181	Klebsiella pneumoniae KP_NORM_BLD_2014_102435	meropenem	Susceptible	Laboratory Method		EUCAST
573.31082	Klebsiella pneumoniae strain WU7	meropenem	Susceptible	Laboratory Method	Disk diffusion	CLSI
573.66995	Klebsiella pneumoniae KP_NORM_BLD_60560	meropenem	Susceptible	Laboratory Method		EUCAST
573.66996	Klebsiella pneumoniae KP_NORM_BLD_60444	meropenem	Susceptible	Laboratory Method		EUCAST
573.66953	Klebsiella pneumoniae KP_NORM_BLD_2396	meropenem	Susceptible	Laboratory Method		EUCAST
573.66937	Klebsiella pneumoniae KP_NORM_BLD_2015_115990	meropenem	Susceptible	Laboratory Method		EUCAST
573.66769	Klebsiella pneumoniae KP_NORM_BLD_13128	meropenem	Susceptible	Laboratory Method		EUCAST
573.66812	Klebsiella pneumoniae KP_NORM_BLD_13897	meropenem	Susceptible	Laboratory Method		EUCAST
573.66516	Klebsiella pneumoniae 27322_4#16	meropenem	Susceptible	Laboratory Method	MIC	
573.26303	Klebsiella pneumoniae strain 5012STDY7626423	meropenem	Susceptible	Laboratory Method	Broth dilution	
573.67142	Klebsiella pneumoniae KP_NORM_URN_2013_95439	meropenem	Susceptible	Laboratory Method		EUCAST
573.26287	Klebsiella pneumoniae strain 5012STDY7626405	meropenem	Susceptible	Laboratory Method	Broth dilution	
573.24294	Klebsiella pneumoniae strain 374	meropenem	Susceptible	Laboratory Method	Broth dilution	CLSI
573.461	Klebsiella pneumoniae KSB1_7D	meropenem	Susceptible	Laboratory Method	Broth dilution	CLSI
573.66614	Klebsiella pneumoniae KP_NORM_BLD_113315	meropenem	Susceptible	Laboratory Method		EUCAST
573.26144	Klebsiella pneumoniae strain 5012STDY7312582	meropenem	Susceptible	Laboratory Method	Broth dilution	
573.6678	Klebsiella pneumoniae KP_NORM_BLD_13380	meropenem	Susceptible	Laboratory Method		EUCAST
573.66707	Klebsiella pneumoniae KP_NORM_BLD_116257	meropenem	Susceptible	Laboratory Method		EUCAST
573.66122	Klebsiella pneumoniae ERR1829921	meropenem	Susceptible	Laboratory Method	Broth dilution	EUCAST
573.26157	Klebsiella pneumoniae strain 5012STDY7312589	meropenem	Susceptible	Laboratory Method	Broth dilution	
72407.515	Klebsiella pneumoniae subsp. pneumoniae strain 3189STDY5864943	meropenem	Susceptible	Laboratory Method	Broth dilution	CLSI
573.5822	Klebsiella pneumoniae strain W2-13-ERG2	meropenem	Susceptible	Laboratory Method	Broth dilution	EUCAST
573.67113	Klebsiella pneumoniae KP_NORM_BLD_63842	meropenem	Susceptible	Laboratory Method		EUCAST
573.26148	Klebsiella pneumoniae strain 5012STDY7312590	meropenem	Susceptible	Laboratory Method	Broth dilution	
573.66906	Klebsiella pneumoniae KP_NORM_BLD_2012_86962	meropenem	Susceptible	Laboratory Method		EUCAST
573.66119	Klebsiella pneumoniae ERR1815293	meropenem	Susceptible	Laboratory Method	Broth dilution	EUCAST
573.4608	Klebsiella pneumoniae INF070	meropenem	Susceptible	Laboratory Method	Broth dilution	CLSI
573.1554	Klebsiella pneumoniae strain KSB1_4A	meropenem	Susceptible	Laboratory Method	Broth dilution	CLSI
573.13323	Klebsiella pneumoniae KPN1365ec	meropenem	Susceptible	Laboratory Method	Broth dilution	CLSI
573.66946	Klebsiella pneumoniae KP_NORM_BLD_2254	meropenem	Susceptible	Laboratory Method		EUCAST
573.6701	Klebsiella pneumoniae KP_NORM_BLD_60944	meropenem	Susceptible	Laboratory Method		EUCAST
573.66173	Klebsiella pneumoniae KP_NORM_BLD_2014_100848	meropenem	Susceptible	Laboratory Method		EUCAST
573.66728	Klebsiella pneumoniae KP_NORM_BLD_116570	meropenem	Susceptible	Laboratory Method		EUCAST
573.5676	Klebsiella pneumoniae strain W2-1-ERY5(G)	meropenem	Susceptible	Laboratory Method	Broth dilution	EUCAST
573.46082	Klebsiella pneumoniae INF023	meropenem	Susceptible	Laboratory Method	Broth dilution	CLSI
573.26165	Klebsiella pneumoniae strain 5012STDY7312567	meropenem	Susceptible	Laboratory Method	Broth dilution	
573.15584	Klebsiella pneumoniae strain KSB2_7C	meropenem	Susceptible	Laboratory Method	Broth dilution	CLSI
573.66816	Klebsiella pneumoniae KP_NORM_BLD_14171	meropenem	Susceptible	Laboratory Method		EUCAST
573.67081	Klebsiella pneumoniae KP_NORM_BLD_62932	meropenem	Susceptible	Laboratory Method		EUCAST
573.15567	Klebsiella pneumoniae strain KSB1_9I	meropenem	Susceptible	Laboratory Method	Broth dilution	CLSI
573.46087	Klebsiella pneumoniae KSB1_8A	meropenem	Susceptible	Laboratory Method	Broth dilution	CLSI
573.26201	Klebsiella pneumoniae strain 5012STDY7312667	meropenem	Susceptible	Laboratory Method	Broth dilution	
573.26199	Klebsiella pneumoniae strain 5012STDY7312570	meropenem	Susceptible	Laboratory Method	Broth dilution	
573.34283	Klebsiella pneumoniae strain KSB1_8J-sc-2280307	meropenem	Susceptible	Laboratory Method	Broth dilution	CLSI
573.67133	Klebsiella pneumoniae KP_NORM_URN_2012_80681	meropenem	Susceptible	Laboratory Method		EUCAST
573.15619	Klebsiella pneumoniae strain KSB1_6F	meropenem	Susceptible	Laboratory Method	Broth dilution	CLSI
573.67152	Klebsiella pneumoniae KP_NORM_URN_2014_100419	meropenem	Susceptible	Laboratory Method		EUCAST
573.66574	Klebsiella pneumoniae KP_NORM_BLD_1045	meropenem	Susceptible	Laboratory Method		EUCAST
573.6671	Klebsiella pneumoniae KP_NORM_BLD_116354	meropenem	Susceptible	Laboratory Method		EUCAST
573.15542	Klebsiella pneumoniae strain KSB1_2C	meropenem	Susceptible	Laboratory Method	Broth dilution	CLSI
573.15554	Klebsiella pneumoniae strain KSB1_9E	meropenem	Susceptible	Laboratory Method	Broth dilution	CLSI
573.5661	Klebsiella pneumoniae strain PB22	meropenem	Susceptible	Laboratory Method	Broth dilution	EUCAST
573.46117	Klebsiella pneumoniae INF260	meropenem	Susceptible	Laboratory Method	Broth dilution	CLSI
573.66808	Klebsiella pneumoniae KP_NORM_BLD_13890	meropenem	Susceptible	Laboratory Method		EUCAST
72407.564	Klebsiella pneumoniae subsp. pneumoniae strain 3189STDY5864788	meropenem	Susceptible	Laboratory Method	Broth dilution	CLSI
573.26251	Klebsiella pneumoniae strain 5012STDY7626371	meropenem	Susceptible	Laboratory Method	Broth dilution	
72407.581	Klebsiella pneumoniae subsp. pneumoniae strain 3189STDY5864798	meropenem	Susceptible	Laboratory Method	Broth dilution	CLSI
573.5717	Klebsiella pneumoniae strain W2-13-ERG5	meropenem	Susceptible	Laboratory Method	Broth dilution	EUCAST
573.6719	Klebsiella pneumoniae ERR7221158	meropenem	Susceptible	Laboratory Method	Broth dilution	EUCAST
573.26133	Klebsiella pneumoniae strain 5012STDY7312750	meropenem	Susceptible	Laboratory Method	Broth dilution	
573.66941	Klebsiella pneumoniae KP_NORM_BLD_2015_116588	meropenem	Susceptible	Laboratory Method		EUCAST
573.6704	Klebsiella pneumoniae KP_NORM_BLD_61877	meropenem	Susceptible	Laboratory Method		EUCAST
573.66737	Klebsiella pneumoniae KP_NORM_BLD_117477	meropenem	Susceptible	Laboratory Method		EUCAST
573.66818	Klebsiella pneumoniae KP_NORM_BLD_14167	meropenem	Susceptible	Laboratory Method		EUCAST
573.66947	Klebsiella pneumoniae KP_NORM_BLD_2250	meropenem	Susceptible	Laboratory Method		EUCAST
573.66571	Klebsiella pneumoniae 29339_1#68	meropenem	Susceptible	Laboratory Method	MIC	
573.66187	Klebsiella pneumoniae KP_NORM_BLD_2015_115377	meropenem	Susceptible	Laboratory Method		EUCAST
573.66927	Klebsiella pneumoniae KP_NORM_BLD_2014_101840	meropenem	Susceptible	Laboratory Method		EUCAST
573.26293	Klebsiella pneumoniae strain 5012STDY7626410	meropenem	Susceptible	Laboratory Method	Broth dilution	
573.66822	Klebsiella pneumoniae KP_NORM_BLD_14172	meropenem	Susceptible	Laboratory Method		EUCAST
573.5681	Klebsiella pneumoniae strain PB5	meropenem	Susceptible	Laboratory Method	Broth dilution	EUCAST
573.66819	Klebsiella pneumoniae KP_NORM_BLD_14168	meropenem	Susceptible	Laboratory Method		EUCAST
573.26078	Klebsiella pneumoniae strain 5012STDY7312715	meropenem	Susceptible	Laboratory Method	Broth dilution	
573.66963	Klebsiella pneumoniae KP_NORM_BLD_2499	meropenem	Susceptible	Laboratory Method		EUCAST
573.15569	Klebsiella pneumoniae strain KSB1_3J	meropenem	Susceptible	Laboratory Method	Broth dilution	CLSI
573.46116	Klebsiella pneumoniae INF269	meropenem	Susceptible	Laboratory Method	Broth dilution	CLSI
573.26243	Klebsiella pneumoniae strain 5012STDY7626530	meropenem	Susceptible	Laboratory Method	Broth dilution	
573.67037	Klebsiella pneumoniae KP_NORM_BLD_61482	meropenem	Susceptible	Laboratory Method		EUCAST
72407.592	Klebsiella pneumoniae subsp. pneumoniae strain 3189STDY5864821	meropenem	Susceptible	Laboratory Method	Broth dilution	CLSI
573.26191	Klebsiella pneumoniae strain 5012STDY7312626	meropenem	Susceptible	Laboratory Method	Broth dilution	
573.66104	Klebsiella pneumoniae ERR1811835	meropenem	Susceptible	Laboratory Method	Broth dilution	EUCAST
573.263	Klebsiella pneumoniae strain 5012STDY7626419	meropenem	Susceptible	Laboratory Method	Broth dilution	
573.5692	Klebsiella pneumoniae strain PB21	meropenem	Susceptible	Laboratory Method	Broth dilution	EUCAST
573.46085	Klebsiella pneumoniae INF356	meropenem	Susceptible	Laboratory Method	Broth dilution	CLSI
1284834.3	Klebsiella pneumoniae KP-11	meropenem	Susceptible	Laboratory Method		
573.6681	Klebsiella pneumoniae KP_NORM_BLD_13976	meropenem	Susceptible	Laboratory Method		EUCAST
573.15586	Klebsiella pneumoniae strain KSB2_9C	meropenem	Susceptible	Laboratory Method	Broth dilution	CLSI
573.66204	Klebsiella pneumoniae KP_NORM_URN_2013_96219	meropenem	Susceptible	Laboratory Method		EUCAST
573.67283	Klebsiella pneumoniae ERR7221283	meropenem	Susceptible	Laboratory Method	Broth dilution	EUCAST
573.5709	Klebsiella pneumoniae strain W2-9-ERG1	meropenem	Susceptible	Laboratory Method	Broth dilution	EUCAST
573.66201	Klebsiella pneumoniae KP_NORM_URN_2015_109627	meropenem	Susceptible	Laboratory Method		EUCAST
573.66675	Klebsiella pneumoniae KP_NORM_BLD_115390	meropenem	Susceptible	Laboratory Method		EUCAST
573.15576	Klebsiella pneumoniae strain KSB2_3B	meropenem	Susceptible	Laboratory Method	Broth dilution	CLSI
573.66481	Klebsiella pneumoniae 27261_8#85	meropenem	Susceptible	Laboratory Method	MIC	
573.66678	Klebsiella pneumoniae KP_NORM_BLD_115734	meropenem	Susceptible	Laboratory Method		EUCAST
573.66781	Klebsiella pneumoniae KP_NORM_BLD_13381	meropenem	Susceptible	Laboratory Method		EUCAST
573.67004	Klebsiella pneumoniae KP_NORM_BLD_60817	meropenem	Susceptible	Laboratory Method		EUCAST
573.66211	Klebsiella pneumoniae KP_NORM_URN_2013_95579	meropenem	Susceptible	Laboratory Method		EUCAST
573.66672	Klebsiella pneumoniae KP_NORM_BLD_115382	meropenem	Susceptible	Laboratory Method		EUCAST
573.15608	Klebsiella pneumoniae strain INF311	meropenem	Susceptible	Laboratory Method	Broth dilution	CLSI
573.66883	Klebsiella pneumoniae KP_NORM_BLD_2011_74363	meropenem	Susceptible	Laboratory Method		EUCAST
573.24287	Klebsiella pneumoniae strain 349	meropenem	Susceptible	Laboratory Method	Broth dilution	CLSI
573.26257	Klebsiella pneumoniae strain 5012STDY7626382	meropenem	Susceptible	Laboratory Method	Broth dilution	
573.66939	Klebsiella pneumoniae KP_NORM_BLD_2015_114050	meropenem	Susceptible	Laboratory Method		EUCAST
573.66202	Klebsiella pneumoniae KP_NORM_BLD_2012_86987	meropenem	Susceptible	Laboratory Method		EUCAST
573.15366	Klebsiella pneumoniae strain INF042	meropenem	Susceptible	Laboratory Method	Broth dilution	CLSI
573.67052	Klebsiella pneumoniae KP_NORM_BLD_62173	meropenem	Susceptible	Laboratory Method		EUCAST
573.66653	Klebsiella pneumoniae KP_NORM_BLD_114491	meropenem	Susceptible	Laboratory Method		EUCAST
573.66785	Klebsiella pneumoniae KP_NORM_BLD_13388	meropenem	Susceptible	Laboratory Method		EUCAST
573.26224	Klebsiella pneumoniae strain 5012STDY7312690	meropenem	Susceptible	Laboratory Method	Broth dilution	
573.31081	Klebsiella pneumoniae strain WU6	meropenem	Susceptible	Laboratory Method	Disk diffusion	CLSI
573.66196	Klebsiella pneumoniae KP_NORM_BLD_2009_61895	meropenem	Susceptible	Laboratory Method		EUCAST
573.6698	Klebsiella pneumoniae KP_NORM_BLD_385	meropenem	Susceptible	Laboratory Method		EUCAST
573.66742	Klebsiella pneumoniae KP_NORM_BLD_117530	meropenem	Susceptible	Laboratory Method		EUCAST
573.26179	Klebsiella pneumoniae strain 5012STDY7312614	meropenem	Susceptible	Laboratory Method	Broth dilution	
573.26248	Klebsiella pneumoniae strain 5012STDY7626367	meropenem	Susceptible	Laboratory Method	Broth dilution	
573.66462	Klebsiella pneumoniae 27261_8#29	meropenem	Susceptible	Laboratory Method	MIC	
573.15617	Klebsiella pneumoniae strain KSB2_5C	meropenem	Susceptible	Laboratory Method	Broth dilution	CLSI
573.67341	Klebsiella pneumoniae ERR7221438	meropenem	Susceptible	Laboratory Method	Broth dilution	EUCAST
573.5805	Klebsiella pneumoniae strain PB517	meropenem	Susceptible	Laboratory Method	Broth dilution	EUCAST
573.66749	Klebsiella pneumoniae KP_NORM_BLD_12880	meropenem	Susceptible	Laboratory Method		EUCAST
573.67009	Klebsiella pneumoniae KP_NORM_BLD_60946	meropenem	Susceptible	Laboratory Method		EUCAST
573.66861	Klebsiella pneumoniae KP_NORM_BLD_2009_61903	meropenem	Susceptible	Laboratory Method		EUCAST
573.5678	Klebsiella pneumoniae strain PB28	meropenem	Susceptible	Laboratory Method	Broth dilution	EUCAST
573.66814	Klebsiella pneumoniae KP_NORM_BLD_13982	meropenem	Susceptible	Laboratory Method		EUCAST
573.67166	Klebsiella pneumoniae KP_NORM_URN_2015_107836	meropenem	Susceptible	Laboratory Method		EUCAST
573.66693	Klebsiella pneumoniae KP_NORM_BLD_116099	meropenem	Susceptible	Laboratory Method		EUCAST
573.13022	Klebsiella pneumoniae 40	meropenem	Susceptible	Laboratory Method	Broth dilution	CLSI
573.66859	Klebsiella pneumoniae KP_NORM_BLD_2009_61037	meropenem	Susceptible	Laboratory Method		EUCAST
573.33419	Klebsiella pneumoniae strain PMK6	meropenem	Susceptible	Laboratory Method	Broth dilution	EUCAST
573.66592	Klebsiella pneumoniae KP_NORM_BLD_112124	meropenem	Susceptible	Laboratory Method		EUCAST
72407.698	Klebsiella pneumoniae subsp. pneumoniae strain 3189STDY5864790	meropenem	Susceptible	Laboratory Method	Broth dilution	CLSI
573.26075	Klebsiella pneumoniae strain 5012STDY7312723	meropenem	Susceptible	Laboratory Method	Broth dilution	
72407.499	Klebsiella pneumoniae subsp. pneumoniae strain 3189STDY5864838	meropenem	Susceptible	Laboratory Method	Broth dilution	CLSI
573.67141	Klebsiella pneumoniae KP_NORM_URN_2013_95505	meropenem	Susceptible	Laboratory Method		EUCAST
573.66569	Klebsiella pneumoniae KP_NORM_BLD_1032	meropenem	Susceptible	Laboratory Method		EUCAST
573.67216	Klebsiella pneumoniae ERR7221194	meropenem	Susceptible	Laboratory Method	Broth dilution	EUCAST
72407.583	Klebsiella pneumoniae subsp. pneumoniae strain 3189STDY5864800	meropenem	Susceptible	Laboratory Method	Broth dilution	CLSI
72407.566	Klebsiella pneumoniae subsp. pneumoniae strain 3189STDY5864886	meropenem	Susceptible	Laboratory Method	Broth dilution	CLSI
573.24286	Klebsiella pneumoniae strain 336	meropenem	Susceptible	Laboratory Method	Broth dilution	CLSI
573.66199	Klebsiella pneumoniae KP_NORM_BLD_2011_75140	meropenem	Susceptible	Laboratory Method		EUCAST
573.26289	Klebsiella pneumoniae strain 5012STDY7626411	meropenem	Susceptible	Laboratory Method	Broth dilution	
573.66689	Klebsiella pneumoniae KP_NORM_BLD_115802	meropenem	Susceptible	Laboratory Method		EUCAST
573.66959	Klebsiella pneumoniae KP_NORM_BLD_2494	meropenem	Susceptible	Laboratory Method		EUCAST
573.6714	Klebsiella pneumoniae KP_NORM_URN_2013_95533	meropenem	Susceptible	Laboratory Method		EUCAST
573.26319	Klebsiella pneumoniae strain 5012STDY7626439	meropenem	Susceptible	Laboratory Method	Broth dilution	
573.33393	Klebsiella pneumoniae strain PMK12	meropenem	Susceptible	Laboratory Method	Broth dilution	EUCAST
573.31068	Klebsiella pneumoniae strain PH38-1	meropenem	Susceptible	Laboratory Method	Disk diffusion	CLSI
573.67089	Klebsiella pneumoniae KP_NORM_BLD_62914	meropenem	Susceptible	Laboratory Method		EUCAST
573.33407	Klebsiella pneumoniae strain PMK23	meropenem	Susceptible	Laboratory Method	Broth dilution	EUCAST
573.66735	Klebsiella pneumoniae KP_NORM_BLD_116604	meropenem	Susceptible	Laboratory Method		EUCAST
573.66194	Klebsiella pneumoniae KP_NORM_URN_2015_109356	meropenem	Susceptible	Laboratory Method		EUCAST
573.66962	Klebsiella pneumoniae KP_NORM_BLD_2496	meropenem	Susceptible	Laboratory Method		EUCAST
573.66754	Klebsiella pneumoniae KP_NORM_BLD_12932	meropenem	Susceptible	Laboratory Method		EUCAST
573.66977	Klebsiella pneumoniae KP_NORM_BLD_3085	meropenem	Susceptible	Laboratory Method		EUCAST
573.13026	Klebsiella pneumoniae 43	meropenem	Susceptible	Laboratory Method	Broth dilution	CLSI
573.26182	Klebsiella pneumoniae strain 5012STDY7312619	meropenem	Susceptible	Laboratory Method	Broth dilution	
573.66979	Klebsiella pneumoniae KP_NORM_BLD_3090	meropenem	Susceptible	Laboratory Method		EUCAST
573.6718	Klebsiella pneumoniae KP_NORM_URN_2015_114831	meropenem	Susceptible	Laboratory Method		EUCAST
72407.582	Klebsiella pneumoniae subsp. pneumoniae strain 3189STDY5864801	meropenem	Susceptible	Laboratory Method	Broth dilution	CLSI
573.26084	Klebsiella pneumoniae strain 5012STDY7312575	meropenem	Susceptible	Laboratory Method	Broth dilution	
573.66915	Klebsiella pneumoniae KP_NORM_BLD_2013_92320	meropenem	Susceptible	Laboratory Method		EUCAST
573.5663	Klebsiella pneumoniae strain PB533	meropenem	Susceptible	Laboratory Method	Broth dilution	EUCAST
573.5716	Klebsiella pneumoniae strain W2-13-ERG4	meropenem	Susceptible	Laboratory Method	Broth dilution	EUCAST
573.66668	Klebsiella pneumoniae KP_NORM_BLD_115378	meropenem	Susceptible	Laboratory Method		EUCAST
573.66931	Klebsiella pneumoniae KP_NORM_BLD_2015_113765	meropenem	Susceptible	Laboratory Method		EUCAST
573.6629	Klebsiella pneumoniae 26975_4#155	meropenem	Susceptible	Laboratory Method	MIC	
72407.512	Klebsiella pneumoniae subsp. pneumoniae strain 3189STDY5864736	meropenem	Susceptible	Laboratory Method	Broth dilution	CLSI
573.66772	Klebsiella pneumoniae KP_NORM_BLD_13375	meropenem	Susceptible	Laboratory Method		EUCAST
573.15589	Klebsiella pneumoniae strain KSB2_6D	meropenem	Susceptible	Laboratory Method	Broth dilution	CLSI
573.67079	Klebsiella pneumoniae KP_NORM_BLD_62772	meropenem	Susceptible	Laboratory Method		EUCAST
573.26265	Klebsiella pneumoniae strain 5012STDY7626384	meropenem	Susceptible	Laboratory Method	Broth dilution	
573.66741	Klebsiella pneumoniae KP_NORM_BLD_117519	meropenem	Susceptible	Laboratory Method		EUCAST
573.66695	Klebsiella pneumoniae KP_NORM_BLD_116231	meropenem	Susceptible	Laboratory Method		EUCAST
573.66912	Klebsiella pneumoniae KP_NORM_BLD_2013_91198	meropenem	Susceptible	Laboratory Method		EUCAST
573.58	Klebsiella pneumoniae strain PB121	meropenem	Susceptible	Laboratory Method	Broth dilution	EUCAST
573.66615	Klebsiella pneumoniae KP_NORM_BLD_113321	meropenem	Susceptible	Laboratory Method		EUCAST
573.33413	Klebsiella pneumoniae strain PMK21a	meropenem	Susceptible	Laboratory Method	Broth dilution	EUCAST
573.26261	Klebsiella pneumoniae strain 5012STDY7626375	meropenem	Susceptible	Laboratory Method	Broth dilution	
573.66597	Klebsiella pneumoniae KP_NORM_BLD_112162	meropenem	Susceptible	Laboratory Method		EUCAST
72407.487	Klebsiella pneumoniae subsp. pneumoniae strain 3189STDY5864837	meropenem	Susceptible	Laboratory Method	Broth dilution	CLSI
573.66205	Klebsiella pneumoniae KP_NORM_URN_2015_109629	meropenem	Susceptible	Laboratory Method		EUCAST
573.34234	Klebsiella pneumoniae strain INF357-sc-2280189	meropenem	Susceptible	Laboratory Method	Broth dilution	CLSI
573.66721	Klebsiella pneumoniae KP_NORM_BLD_116439	meropenem	Susceptible	Laboratory Method		EUCAST
573.31071	Klebsiella pneumoniae strain WU10	meropenem	Susceptible	Laboratory Method	Disk diffusion	CLSI
573.6618	Klebsiella pneumoniae KP_NORM_BLD_2014_103381	meropenem	Susceptible	Laboratory Method		EUCAST
573.66654	Klebsiella pneumoniae KP_NORM_BLD_114603	meropenem	Susceptible	Laboratory Method		EUCAST
573.67041	Klebsiella pneumoniae KP_NORM_BLD_61879	meropenem	Susceptible	Laboratory Method		EUCAST
573.66994	Klebsiella pneumoniae KP_NORM_BLD_60442	meropenem	Susceptible	Laboratory Method		EUCAST
573.66872	Klebsiella pneumoniae KP_NORM_BLD_2010_71723	meropenem	Susceptible	Laboratory Method		EUCAST
573.46097	Klebsiella pneumoniae KSB1_3D	meropenem	Susceptible	Laboratory Method	Broth dilution	CLSI
573.66628	Klebsiella pneumoniae KP_NORM_BLD_113968	meropenem	Susceptible	Laboratory Method		EUCAST
573.67282	Klebsiella pneumoniae ERR7221282	meropenem	Susceptible	Laboratory Method	Broth dilution	EUCAST
573.26085	Klebsiella pneumoniae strain 5012STDY7312717	meropenem	Susceptible	Laboratory Method	Broth dilution	
573.67053	Klebsiella pneumoniae KP_NORM_BLD_62189	meropenem	Susceptible	Laboratory Method		EUCAST
573.66643	Klebsiella pneumoniae KP_NORM_BLD_114330	meropenem	Susceptible	Laboratory Method		EUCAST
573.67154	Klebsiella pneumoniae KP_NORM_URN_2014_97411	meropenem	Susceptible	Laboratory Method		EUCAST
573.66811	Klebsiella pneumoniae KP_NORM_BLD_13978	meropenem	Susceptible	Laboratory Method		EUCAST
573.66775	Klebsiella pneumoniae KP_NORM_BLD_13374	meropenem	Susceptible	Laboratory Method		EUCAST
573.66626	Klebsiella pneumoniae KP_NORM_BLD_113905	meropenem	Susceptible	Laboratory Method		EUCAST
573.15566	Klebsiella pneumoniae strain KSB1_4H	meropenem	Susceptible	Laboratory Method	Broth dilution	CLSI
573.67129	Klebsiella pneumoniae KP_NORM_URN_2012_80587	meropenem	Susceptible	Laboratory Method		EUCAST
573.15546	Klebsiella pneumoniae strain KSB1_8C	meropenem	Susceptible	Laboratory Method	Broth dilution	CLSI
573.6693	Klebsiella pneumoniae KP_NORM_BLD_2015_113891	meropenem	Susceptible	Laboratory Method		EUCAST
573.67274	Klebsiella pneumoniae ERR7221270	meropenem	Susceptible	Laboratory Method	Broth dilution	EUCAST
573.582	Klebsiella pneumoniae strain W2-5-ERG8	meropenem	Susceptible	Laboratory Method	Broth dilution	EUCAST
573.66152	Klebsiella pneumoniae ERR2109180	meropenem	Susceptible	Laboratory Method	Broth dilution	EUCAST
573.66716	Klebsiella pneumoniae KP_NORM_BLD_116392	meropenem	Susceptible	Laboratory Method		EUCAST
573.26124	Klebsiella pneumoniae strain 5012STDY7312737	meropenem	Susceptible	Laboratory Method	Broth dilution	
72407.537	Klebsiella pneumoniae subsp. pneumoniae strain 3189STDY5864775	meropenem	Susceptible	Laboratory Method	Broth dilution	CLSI
573.15555	Klebsiella pneumoniae strain KSB1_10E	meropenem	Susceptible	Laboratory Method	Broth dilution	CLSI
72407.585	Klebsiella pneumoniae subsp. pneumoniae strain 3189STDY5864814	meropenem	Susceptible	Laboratory Method	Broth dilution	CLSI
573.66739	Klebsiella pneumoniae KP_NORM_BLD_117503	meropenem	Susceptible	Laboratory Method		EUCAST
573.26297	Klebsiella pneumoniae strain 5012STDY7626417	meropenem	Susceptible	Laboratory Method	Broth dilution	
573.5797	Klebsiella pneumoniae strain PB173	meropenem	Susceptible	Laboratory Method	Broth dilution	EUCAST
573.26091	Klebsiella pneumoniae strain 5012STDY7312699	meropenem	Susceptible	Laboratory Method	Broth dilution	
573.18472	Klebsiella pneumoniae strain 203	meropenem	Susceptible	Laboratory Method	Broth dilution	CLSI
573.66241	Klebsiella pneumoniae 26968_5#176	meropenem	Susceptible	Laboratory Method	MIC	
573.12941	Klebsiella pneumoniae 29	meropenem	Susceptible	Laboratory Method	Broth dilution	CLSI
72407.55	Klebsiella pneumoniae subsp. pneumoniae strain 3189STDY5864875	meropenem	Susceptible	Laboratory Method	Broth dilution	CLSI
573.3107	Klebsiella pneumoniae strain PH9	meropenem	Susceptible	Laboratory Method	Disk diffusion	CLSI
573.1558	Klebsiella pneumoniae strain KSB2_10B	meropenem	Susceptible	Laboratory Method	Broth dilution	CLSI
573.67194	Klebsiella pneumoniae ERR7221167	meropenem	Susceptible	Laboratory Method	Broth dilution	EUCAST
573.34261	Klebsiella pneumoniae strain INF313-sc-2280106	meropenem	Susceptible	Laboratory Method	Broth dilution	CLSI
573.67167	Klebsiella pneumoniae KP_NORM_URN_2015_109056	meropenem	Susceptible	Laboratory Method		EUCAST
573.66648	Klebsiella pneumoniae KP_NORM_BLD_114460	meropenem	Susceptible	Laboratory Method		EUCAST
573.67117	Klebsiella pneumoniae KP_NORM_BLD_70	meropenem	Susceptible	Laboratory Method		EUCAST
573.66681	Klebsiella pneumoniae KP_NORM_BLD_115771	meropenem	Susceptible	Laboratory Method		EUCAST
573.66616	Klebsiella pneumoniae KP_NORM_BLD_113311	meropenem	Susceptible	Laboratory Method		EUCAST
573.6655	Klebsiella pneumoniae 29105_1#161	meropenem	Susceptible	Laboratory Method	MIC	
573.66213	Klebsiella pneumoniae 26968_5#2	meropenem	Susceptible	Laboratory Method	MIC	
72407.507	Klebsiella pneumoniae subsp. pneumoniae strain 3189STDY5864942	meropenem	Susceptible	Laboratory Method	Broth dilution	CLSI
573.66888	Klebsiella pneumoniae KP_NORM_BLD_2011_75117	meropenem	Susceptible	Laboratory Method		EUCAST
573.15564	Klebsiella pneumoniae strain KSB1_10G	meropenem	Susceptible	Laboratory Method	Broth dilution	CLSI
573.67328	Klebsiella pneumoniae ERR7221338	meropenem	Susceptible	Laboratory Method	Broth dilution	EUCAST
573.6702	Klebsiella pneumoniae KP_NORM_BLD_61059	meropenem	Susceptible	Laboratory Method		EUCAST
573.66804	Klebsiella pneumoniae KP_NORM_BLD_13885	meropenem	Susceptible	Laboratory Method		EUCAST
573.34255	Klebsiella pneumoniae strain KSB1_6G-sc-2280276	meropenem	Susceptible	Laboratory Method	Broth dilution	CLSI
573.46083	Klebsiella pneumoniae INF114	meropenem	Susceptible	Laboratory Method	Broth dilution	CLSI
573.67047	Klebsiella pneumoniae KP_NORM_BLD_61896	meropenem	Susceptible	Laboratory Method		EUCAST
573.26301	Klebsiella pneumoniae strain 5012STDY7626420	meropenem	Susceptible	Laboratory Method	Broth dilution	
573.66833	Klebsiella pneumoniae KP_NORM_BLD_1683	meropenem	Susceptible	Laboratory Method		EUCAST
573.667	Klebsiella pneumoniae KP_NORM_BLD_116250	meropenem	Susceptible	Laboratory Method		EUCAST
573.2632	Klebsiella pneumoniae strain 5012STDY7626440	meropenem	Susceptible	Laboratory Method	Broth dilution	
573.67266	Klebsiella pneumoniae ERR7221256	meropenem	Susceptible	Laboratory Method	Broth dilution	EUCAST
573.26104	Klebsiella pneumoniae strain 5012STDY7312710	meropenem	Susceptible	Laboratory Method	Broth dilution	
72407.53	Klebsiella pneumoniae subsp. pneumoniae strain 3189STDY5864765	meropenem	Susceptible	Laboratory Method	Broth dilution	CLSI
573.67331	Klebsiella pneumoniae ERR7221343	meropenem	Susceptible	Laboratory Method	Broth dilution	EUCAST
573.15574	Klebsiella pneumoniae strain KSB2_7A	meropenem	Susceptible	Laboratory Method	Broth dilution	CLSI
573.67021	Klebsiella pneumoniae KP_NORM_BLD_61054	meropenem	Susceptible	Laboratory Method		EUCAST
573.46081	Klebsiella pneumoniae INF159	meropenem	Susceptible	Laboratory Method	Broth dilution	CLSI
573.15524	Klebsiella pneumoniae strain INF197	meropenem	Susceptible	Laboratory Method	Broth dilution	CLSI
573.24255	Klebsiella pneumoniae strain 178	meropenem	Susceptible	Laboratory Method	Broth dilution	CLSI
573.66652	Klebsiella pneumoniae KP_NORM_BLD_114487	meropenem	Susceptible	Laboratory Method		EUCAST
573.66876	Klebsiella pneumoniae KP_NORM_BLD_2010_72046	meropenem	Susceptible	Laboratory Method		EUCAST
573.66662	Klebsiella pneumoniae KP_NORM_BLD_115344	meropenem	Susceptible	Laboratory Method		EUCAST
573.66988	Klebsiella pneumoniae KP_NORM_BLD_60423	meropenem	Susceptible	Laboratory Method		EUCAST
573.15616	Klebsiella pneumoniae strain INF298	meropenem	Susceptible	Laboratory Method	Broth dilution	CLSI
573.24282	Klebsiella pneumoniae strain 311	meropenem	Susceptible	Laboratory Method	Broth dilution	CLSI
573.67038	Klebsiella pneumoniae KP_NORM_BLD_61805	meropenem	Susceptible	Laboratory Method		EUCAST
573.6659	Klebsiella pneumoniae KP_NORM_BLD_111579	meropenem	Susceptible	Laboratory Method		EUCAST
573.26239	Klebsiella pneumoniae strain 5012STDY7626490	meropenem	Susceptible	Laboratory Method	Broth dilution	
573.66428	Klebsiella pneumoniae 27097_7#59	meropenem	Susceptible	Laboratory Method	MIC	
573.66934	Klebsiella pneumoniae KP_NORM_BLD_2014_104728	meropenem	Susceptible	Laboratory Method		EUCAST
573.66179	Klebsiella pneumoniae KP_NORM_BLD_2014_101655	meropenem	Susceptible	Laboratory Method		EUCAST
573.67014	Klebsiella pneumoniae KP_NORM_BLD_61044	meropenem	Susceptible	Laboratory Method		EUCAST
573.26186	Klebsiella pneumoniae strain 5012STDY7312616	meropenem	Susceptible	Laboratory Method	Broth dilution	
72407.544	Klebsiella pneumoniae subsp. pneumoniae strain 3189STDY5864771	meropenem	Susceptible	Laboratory Method	Broth dilution	CLSI
573.15628	Klebsiella pneumoniae strain KSB1_6B	meropenem	Susceptible	Laboratory Method	Broth dilution	CLSI
573.67317	Klebsiella pneumoniae ERR7221321	meropenem	Susceptible	Laboratory Method	Broth dilution	EUCAST
573.46105	Klebsiella pneumoniae KSB1_8F	meropenem	Susceptible	Laboratory Method	Broth dilution	CLSI
573.66955	Klebsiella pneumoniae KP_NORM_BLD_231	meropenem	Susceptible	Laboratory Method		EUCAST
573.26143	Klebsiella pneumoniae strain 5012STDY7312580	meropenem	Susceptible	Laboratory Method	Broth dilution	
573.26222	Klebsiella pneumoniae strain 5012STDY7312684	meropenem	Susceptible	Laboratory Method	Broth dilution	
573.66756	Klebsiella pneumoniae KP_NORM_BLD_12930	meropenem	Susceptible	Laboratory Method		EUCAST
573.67181	Klebsiella pneumoniae ERR7221151	meropenem	Susceptible	Laboratory Method	Broth dilution	EUCAST
573.67111	Klebsiella pneumoniae KP_NORM_BLD_63855	meropenem	Susceptible	Laboratory Method		EUCAST
573.66727	Klebsiella pneumoniae KP_NORM_BLD_116566	meropenem	Susceptible	Laboratory Method		EUCAST
573.669	Klebsiella pneumoniae KP_NORM_BLD_2012_85067	meropenem	Susceptible	Laboratory Method		EUCAST
72407.589	Klebsiella pneumoniae subsp. pneumoniae strain 3189STDY5864817	meropenem	Susceptible	Laboratory Method	Broth dilution	CLSI
573.66841	Klebsiella pneumoniae KP_NORM_BLD_1875	meropenem	Susceptible	Laboratory Method		EUCAST
573.26274	Klebsiella pneumoniae strain 5012STDY7626393	meropenem	Susceptible	Laboratory Method	Broth dilution	
573.15577	Klebsiella pneumoniae strain KSB2_4B	meropenem	Susceptible	Laboratory Method	Broth dilution	CLSI
573.6709	Klebsiella pneumoniae KP_NORM_BLD_62912	meropenem	Susceptible	Laboratory Method		EUCAST
573.67119	Klebsiella pneumoniae KP_NORM_BLD_67	meropenem	Susceptible	Laboratory Method		EUCAST
573.26151	Klebsiella pneumoniae strain 5012STDY7312586	meropenem	Susceptible	Laboratory Method	Broth dilution	
573.66492	Klebsiella pneumoniae 27261_8#133	meropenem	Susceptible	Laboratory Method	MIC	
573.15565	Klebsiella pneumoniae strain KSB1_2H	meropenem	Susceptible	Laboratory Method	Broth dilution	CLSI
573.46093	Klebsiella pneumoniae KSB1_4C	meropenem	Susceptible	Laboratory Method	Broth dilution	CLSI
573.66949	Klebsiella pneumoniae KP_NORM_BLD_228	meropenem	Susceptible	Laboratory Method		EUCAST
573.66625	Klebsiella pneumoniae KP_NORM_BLD_113888	meropenem	Susceptible	Laboratory Method		EUCAST
573.26254	Klebsiella pneumoniae strain 5012STDY7626372	meropenem	Susceptible	Laboratory Method	Broth dilution	
573.15529	Klebsiella pneumoniae strain INF212	meropenem	Susceptible	Laboratory Method	Broth dilution	CLSI
573.66578	Klebsiella pneumoniae KP_NORM_BLD_108841	meropenem	Susceptible	Laboratory Method		EUCAST
573.66637	Klebsiella pneumoniae KP_NORM_BLD_114318	meropenem	Susceptible	Laboratory Method		EUCAST
573.26235	Klebsiella pneumoniae strain 5012STDY7312695	meropenem	Susceptible	Laboratory Method	Broth dilution	
573.66476	Klebsiella pneumoniae 27261_8#61	meropenem	Susceptible	Laboratory Method	MIC	
72407.477	Klebsiella pneumoniae subsp. pneumoniae strain 3189STDY5864735	meropenem	Susceptible	Laboratory Method	Broth dilution	CLSI
573.262	Klebsiella pneumoniae strain 5012STDY7312668	meropenem	Susceptible	Laboratory Method	Broth dilution	
573.67012	Klebsiella pneumoniae KP_NORM_BLD_61039	meropenem	Susceptible	Laboratory Method		EUCAST
573.66249	Klebsiella pneumoniae 26968_6#15	meropenem	Susceptible	Laboratory Method	MIC	
573.33397	Klebsiella pneumoniae strain PMK13b	meropenem	Susceptible	Laboratory Method	Broth dilution	EUCAST
573.6615	Klebsiella pneumoniae ERR2109157	meropenem	Susceptible	Laboratory Method	Broth dilution	EUCAST
573.66803	Klebsiella pneumoniae KP_NORM_BLD_13880	meropenem	Susceptible	Laboratory Method		EUCAST
573.5679	Klebsiella pneumoniae strain PB466	meropenem	Susceptible	Laboratory Method	Broth dilution	EUCAST
573.6711	Klebsiella pneumoniae KP_NORM_BLD_63832	meropenem	Susceptible	Laboratory Method		EUCAST
573.6771	Klebsiella pneumoniae KP_NORM_URN_2015_113010	meropenem	Susceptible	Laboratory Method		EUCAST
573.15609	Klebsiella pneumoniae strain KSB1_5H	meropenem	Susceptible	Laboratory Method	Broth dilution	CLSI
573.67213	Klebsiella pneumoniae ERR7221191	meropenem	Susceptible	Laboratory Method	Broth dilution	EUCAST
573.26177	Klebsiella pneumoniae strain 5012STDY7312605	meropenem	Susceptible	Laboratory Method	Broth dilution	
573.26089	Klebsiella pneumoniae strain 5012STDY7312703	meropenem	Susceptible	Laboratory Method	Broth dilution	
573.26142	Klebsiella pneumoniae strain 5012STDY7312565	meropenem	Susceptible	Laboratory Method	Broth dilution	
72407.516	Klebsiella pneumoniae subsp. pneumoniae strain 3189STDY5864755	meropenem	Susceptible	Laboratory Method	Broth dilution	CLSI
573.31069	Klebsiella pneumoniae strain PH28-1	meropenem	Susceptible	Laboratory Method	Disk diffusion	CLSI
72407.594	Klebsiella pneumoniae subsp. pneumoniae strain 3189STDY5864825	meropenem	Susceptible	Laboratory Method	Broth dilution	CLSI
573.5691	Klebsiella pneumoniae strain PB484	meropenem	Susceptible	Laboratory Method	Broth dilution	EUCAST
573.2614	Klebsiella pneumoniae strain 5012STDY7312579	meropenem	Susceptible	Laboratory Method	Broth dilution	
573.67123	Klebsiella pneumoniae KP_NORM_BLD_776	meropenem	Susceptible	Laboratory Method		EUCAST
573.31077	Klebsiella pneumoniae strain PH72	meropenem	Susceptible	Laboratory Method	Disk diffusion	CLSI
573.6657	Klebsiella pneumoniae KP_NORM_BLD_1031	meropenem	Susceptible	Laboratory Method		EUCAST
573.26322	Klebsiella pneumoniae strain 5012STDY7626442	meropenem	Susceptible	Laboratory Method	Broth dilution	
573.3106	Klebsiella pneumoniae strain PH139	meropenem	Susceptible	Laboratory Method	Disk diffusion	CLSI
573.67023	Klebsiella pneumoniae KP_NORM_BLD_61286	meropenem	Susceptible	Laboratory Method		EUCAST
573.26277	Klebsiella pneumoniae strain 5012STDY7626400	meropenem	Susceptible	Laboratory Method	Broth dilution	
573.2616	Klebsiella pneumoniae strain 5012STDY7312597	meropenem	Susceptible	Laboratory Method	Broth dilution	
573.66835	Klebsiella pneumoniae KP_NORM_BLD_1689	meropenem	Susceptible	Laboratory Method		EUCAST
573.66711	Klebsiella pneumoniae KP_NORM_BLD_116371	meropenem	Susceptible	Laboratory Method		EUCAST
573.66831	Klebsiella pneumoniae KP_NORM_BLD_1673	meropenem	Susceptible	Laboratory Method		EUCAST
573.66101	Klebsiella pneumoniae ERR1811832	meropenem	Susceptible	Laboratory Method	Broth dilution	EUCAST
573.31065	Klebsiella pneumoniae strain PH124	meropenem	Susceptible	Laboratory Method	Disk diffusion	CLSI
72407.493	Klebsiella pneumoniae subsp. pneumoniae strain 3189STDY5864844	meropenem	Susceptible	Laboratory Method	Broth dilution	CLSI
573.6697	Klebsiella pneumoniae KP_NORM_BLD_3069	meropenem	Susceptible	Laboratory Method		EUCAST
573.5816	Klebsiella pneumoniae strain W2-5-ERG5	meropenem	Susceptible	Laboratory Method	Broth dilution	EUCAST
573.26102	Klebsiella pneumoniae strain 5012STDY7312705	meropenem	Susceptible	Laboratory Method	Broth dilution	
573.26172	Klebsiella pneumoniae strain 5012STDY7312611	meropenem	Susceptible	Laboratory Method	Broth dilution	
573.66961	Klebsiella pneumoniae KP_NORM_BLD_2505	meropenem	Susceptible	Laboratory Method		EUCAST
573.26122	Klebsiella pneumoniae strain 5012STDY7312577	meropenem	Susceptible	Laboratory Method	Broth dilution	
573.66661	Klebsiella pneumoniae KP_NORM_BLD_115327	meropenem	Susceptible	Laboratory Method		EUCAST
573.5682	Klebsiella pneumoniae strain PB14	meropenem	Susceptible	Laboratory Method	Broth dilution	EUCAST
573.66284	Klebsiella pneumoniae 26975_5#16	meropenem	Susceptible	Laboratory Method	MIC	
573.66641	Klebsiella pneumoniae KP_NORM_BLD_114331	meropenem	Susceptible	Laboratory Method		EUCAST
573.66987	Klebsiella pneumoniae KP_NORM_BLD_52	meropenem	Susceptible	Laboratory Method		EUCAST
573.26114	Klebsiella pneumoniae strain 5012STDY7312731	meropenem	Susceptible	Laboratory Method	Broth dilution	
573.26086	Klebsiella pneumoniae strain 5012STDY7312719	meropenem	Susceptible	Laboratory Method	Broth dilution	
573.26163	Klebsiella pneumoniae strain 5012STDY7312602	meropenem	Susceptible	Laboratory Method	Broth dilution	
573.67055	Klebsiella pneumoniae KP_NORM_BLD_62193	meropenem	Susceptible	Laboratory Method		EUCAST
573.26167	Klebsiella pneumoniae strain 5012STDY7312599	meropenem	Susceptible	Laboratory Method	Broth dilution	
72407.561	Klebsiella pneumoniae subsp. pneumoniae strain 3189STDY5864884	meropenem	Susceptible	Laboratory Method	Broth dilution	CLSI
573.66752	Klebsiella pneumoniae KP_NORM_BLD_12877	meropenem	Susceptible	Laboratory Method		EUCAST
573.66617	Klebsiella pneumoniae KP_NORM_BLD_113867	meropenem	Susceptible	Laboratory Method		EUCAST
573.66593	Klebsiella pneumoniae KP_NORM_BLD_112121	meropenem	Susceptible	Laboratory Method		EUCAST
573.5794	Klebsiella pneumoniae strain PB450	meropenem	Susceptible	Laboratory Method	Broth dilution	EUCAST
573.66771	Klebsiella pneumoniae KP_NORM_BLD_13135	meropenem	Susceptible	Laboratory Method		EUCAST
573.15579	Klebsiella pneumoniae strain KSB2_7B	meropenem	Susceptible	Laboratory Method	Broth dilution	CLSI
573.6707	Klebsiella pneumoniae KP_NORM_BLD_62501	meropenem	Susceptible	Laboratory Method		EUCAST
573.26311	Klebsiella pneumoniae strain 5012STDY7626430	meropenem	Susceptible	Laboratory Method	Broth dilution	
573.26077	Klebsiella pneumoniae strain 5012STDY7312718	meropenem	Susceptible	Laboratory Method	Broth dilution	
573.5823	Klebsiella pneumoniae strain W2-13-ERG3	meropenem	Susceptible	Laboratory Method	Broth dilution	EUCAST
573.15627	Klebsiella pneumoniae strain KSB1_5G	meropenem	Susceptible	Laboratory Method	Broth dilution	CLSI
573.6703	Klebsiella pneumoniae KP_NORM_BLD_61439	meropenem	Susceptible	Laboratory Method		EUCAST
573.26296	Klebsiella pneumoniae strain 5012STDY7626416	meropenem	Susceptible	Laboratory Method	Broth dilution	
573.66607	Klebsiella pneumoniae KP_NORM_BLD_112914	meropenem	Susceptible	Laboratory Method		EUCAST
72407.557	Klebsiella pneumoniae subsp. pneumoniae strain 3189STDY5864785	meropenem	Susceptible	Laboratory Method	Broth dilution	CLSI
573.66355	Klebsiella pneumoniae 26994_7#23	meropenem	Susceptible	Laboratory Method	MIC	
573.66174	Klebsiella pneumoniae KP_NORM_BLD_2013_91760	meropenem	Susceptible	Laboratory Method		EUCAST
573.15573	Klebsiella pneumoniae strain KSB2_6A	meropenem	Susceptible	Laboratory Method	Broth dilution	CLSI
573.67042	Klebsiella pneumoniae KP_NORM_BLD_61892	meropenem	Susceptible	Laboratory Method		EUCAST
573.66629	Klebsiella pneumoniae KP_NORM_BLD_114054	meropenem	Susceptible	Laboratory Method		EUCAST
573.26316	Klebsiella pneumoniae strain 5012STDY7626436	meropenem	Susceptible	Laboratory Method	Broth dilution	
573.66828	Klebsiella pneumoniae KP_NORM_BLD_14180	meropenem	Susceptible	Laboratory Method		EUCAST
573.6683	Klebsiella pneumoniae KP_NORM_BLD_1678	meropenem	Susceptible	Laboratory Method		EUCAST
573.15553	Klebsiella pneumoniae strain KSB1_6E	meropenem	Susceptible	Laboratory Method	Broth dilution	CLSI
573.66634	Klebsiella pneumoniae KP_NORM_BLD_114294	meropenem	Susceptible	Laboratory Method		EUCAST
573.67095	Klebsiella pneumoniae KP_NORM_BLD_63321	meropenem	Susceptible	Laboratory Method		EUCAST
573.6673	Klebsiella pneumoniae KP_NORM_BLD_116578	meropenem	Susceptible	Laboratory Method		EUCAST
573.66738	Klebsiella pneumoniae KP_NORM_BLD_117483	meropenem	Susceptible	Laboratory Method		EUCAST
72407.494	Klebsiella pneumoniae subsp. pneumoniae strain 3189STDY5864839	meropenem	Susceptible	Laboratory Method	Broth dilution	CLSI
573.24285	Klebsiella pneumoniae strain 335	meropenem	Susceptible	Laboratory Method	Broth dilution	CLSI
573.66989	Klebsiella pneumoniae KP_NORM_BLD_60421	meropenem	Susceptible	Laboratory Method		EUCAST
573.66809	Klebsiella pneumoniae KP_NORM_BLD_13975	meropenem	Susceptible	Laboratory Method		EUCAST
573.66948	Klebsiella pneumoniae KP_NORM_BLD_2255	meropenem	Susceptible	Laboratory Method		EUCAST
573.67711	Klebsiella pneumoniae KP_NORM_BLD_13758	meropenem	Susceptible	Laboratory Method		EUCAST
573.31066	Klebsiella pneumoniae strain PH102	meropenem	Susceptible	Laboratory Method	Disk diffusion	CLSI
573.26193	Klebsiella pneumoniae strain 5012STDY7312624	meropenem	Susceptible	Laboratory Method	Broth dilution	
573.4609	Klebsiella pneumoniae KSB1_3B	meropenem	Susceptible	Laboratory Method	Broth dilution	CLSI
573.34252	Klebsiella pneumoniae strain KSB1_8D-sc-2280250	meropenem	Susceptible	Laboratory Method	Broth dilution	CLSI
573.4612	Klebsiella pneumoniae KSB1_5A	meropenem	Susceptible	Laboratory Method	Broth dilution	CLSI
72407.523	Klebsiella pneumoniae subsp. pneumoniae strain 3189STDY5864949	meropenem	Susceptible	Laboratory Method	Broth dilution	CLSI
573.66896	Klebsiella pneumoniae KP_NORM_BLD_2011_76233	meropenem	Susceptible	Laboratory Method		EUCAST
573.26116	Klebsiella pneumoniae strain 5012STDY7312738	meropenem	Susceptible	Laboratory Method	Broth dilution	
573.66892	Klebsiella pneumoniae KP_NORM_BLD_2011_76199	meropenem	Susceptible	Laboratory Method		EUCAST
573.7096	Klebsiella pneumoniae strain W1-5-ERG6	meropenem	Susceptible	Laboratory Method	Broth dilution	EUCAST
573.24337	Klebsiella pneumoniae strain MUGSI_119	meropenem	Susceptible	Laboratory Method	Broth dilution	CLSI
573.66982	Klebsiella pneumoniae KP_NORM_BLD_386	meropenem	Susceptible	Laboratory Method		EUCAST
573.24266	Klebsiella pneumoniae strain 239	meropenem	Susceptible	Laboratory Method	Broth dilution	CLSI
72407.538	Klebsiella pneumoniae subsp. pneumoniae strain 3189STDY5864872	meropenem	Susceptible	Laboratory Method	Broth dilution	CLSI
573.26228	Klebsiella pneumoniae strain 5012STDY7312689	meropenem	Susceptible	Laboratory Method	Broth dilution	
573.26155	Klebsiella pneumoniae strain 5012STDY7312592	meropenem	Susceptible	Laboratory Method	Broth dilution	
573.66583	Klebsiella pneumoniae KP_NORM_BLD_110766	meropenem	Susceptible	Laboratory Method		EUCAST
573.66965	Klebsiella pneumoniae KP_NORM_BLD_2510	meropenem	Susceptible	Laboratory Method		EUCAST
573.66203	Klebsiella pneumoniae KP_NORM_URN_2015_109003	meropenem	Susceptible	Laboratory Method		EUCAST
573.2425	Klebsiella pneumoniae strain 133	meropenem	Susceptible	Laboratory Method	Broth dilution	CLSI
573.26093	Klebsiella pneumoniae strain 5012STDY7312704	meropenem	Susceptible	Laboratory Method	Broth dilution	
573.15615	Klebsiella pneumoniae strain KSB1_7B	meropenem	Susceptible	Laboratory Method	Broth dilution	CLSI
573.66943	Klebsiella pneumoniae KP_NORM_BLD_2015_116590	meropenem	Susceptible	Laboratory Method		EUCAST
573.66847	Klebsiella pneumoniae KP_NORM_BLD_2005_1167	meropenem	Susceptible	Laboratory Method		EUCAST
573.66103	Klebsiella pneumoniae ERR1811833	meropenem	Susceptible	Laboratory Method	Broth dilution	EUCAST
573.66714	Klebsiella pneumoniae KP_NORM_BLD_116378	meropenem	Susceptible	Laboratory Method		EUCAST
573.66646	Klebsiella pneumoniae KP_NORM_BLD_114466	meropenem	Susceptible	Laboratory Method		EUCAST
573.67085	Klebsiella pneumoniae KP_NORM_BLD_62928	meropenem	Susceptible	Laboratory Method		EUCAST
573.67135	Klebsiella pneumoniae KP_NORM_URN_2012_81416	meropenem	Susceptible	Laboratory Method		EUCAST
573.66723	Klebsiella pneumoniae KP_NORM_BLD_116441	meropenem	Susceptible	Laboratory Method		EUCAST
573.66595	Klebsiella pneumoniae KP_NORM_BLD_112118	meropenem	Susceptible	Laboratory Method		EUCAST
573.5828	Klebsiella pneumoniae strain PB86	meropenem	Susceptible	Laboratory Method	Broth dilution	EUCAST
573.66339	Klebsiella pneumoniae 26994_6#162	meropenem	Susceptible	Laboratory Method	MIC	
573.6662	Klebsiella pneumoniae KP_NORM_BLD_113865	meropenem	Susceptible	Laboratory Method		EUCAST
573.24275	Klebsiella pneumoniae strain 285	meropenem	Susceptible	Laboratory Method	Broth dilution	CLSI
573.66791	Klebsiella pneumoniae KP_NORM_BLD_13541	meropenem	Susceptible	Laboratory Method		EUCAST
573.26202	Klebsiella pneumoniae strain 5012STDY7312670	meropenem	Susceptible	Laboratory Method	Broth dilution	
573.15592	Klebsiella pneumoniae strain MSB1_8A	meropenem	Susceptible	Laboratory Method	Broth dilution	CLSI
72407.506	Klebsiella pneumoniae subsp. pneumoniae strain 3189STDY5864849	meropenem	Susceptible	Laboratory Method	Broth dilution	CLSI
573.26117	Klebsiella pneumoniae strain 5012STDY7312735	meropenem	Susceptible	Laboratory Method	Broth dilution	
72407.563	Klebsiella pneumoniae subsp. pneumoniae strain 3189STDY5864786	meropenem	Susceptible	Laboratory Method	Broth dilution	CLSI
573.5801	Klebsiella pneumoniae strain PB283	meropenem	Susceptible	Laboratory Method	Broth dilution	EUCAST
573.66964	Klebsiella pneumoniae KP_NORM_BLD_2497	meropenem	Susceptible	Laboratory Method		EUCAST
573.66967	Klebsiella pneumoniae KP_NORM_BLD_3074	meropenem	Susceptible	Laboratory Method		EUCAST
573.67316	Klebsiella pneumoniae ERR7221319	meropenem	Susceptible	Laboratory Method	Broth dilution	EUCAST
573.15377	Klebsiella pneumoniae strain KSB1_4E	meropenem	Susceptible	Laboratory Method	Broth dilution	CLSI
573.26268	Klebsiella pneumoniae strain 5012STDY7626388	meropenem	Susceptible	Laboratory Method	Broth dilution	
573.67064	Klebsiella pneumoniae KP_NORM_BLD_62482	meropenem	Susceptible	Laboratory Method		EUCAST
573.67066	Klebsiella pneumoniae KP_NORM_BLD_62484	meropenem	Susceptible	Laboratory Method		EUCAST
573.67077	Klebsiella pneumoniae KP_NORM_BLD_62649	meropenem	Susceptible	Laboratory Method		EUCAST
573.66436	Klebsiella pneumoniae 27261_7#1	meropenem	Susceptible	Laboratory Method	MIC	
573.26238	Klebsiella pneumoniae strain 5012STDY7626475	meropenem	Susceptible	Laboratory Method	Broth dilution	
573.26145	Klebsiella pneumoniae strain 5012STDY7312583	meropenem	Susceptible	Laboratory Method	Broth dilution	
573.66933	Klebsiella pneumoniae KP_NORM_BLD_2014_104360	meropenem	Susceptible	Laboratory Method		EUCAST
573.15582	Klebsiella pneumoniae strain KSB2_3C	meropenem	Susceptible	Laboratory Method	Broth dilution	CLSI
573.26119	Klebsiella pneumoniae strain 5012STDY7312741	meropenem	Susceptible	Laboratory Method	Broth dilution	
573.66974	Klebsiella pneumoniae KP_NORM_BLD_3076	meropenem	Susceptible	Laboratory Method		EUCAST
573.67263	Klebsiella pneumoniae ERR7221254	meropenem	Susceptible	Laboratory Method	Broth dilution	EUCAST
573.67105	Klebsiella pneumoniae KP_NORM_BLD_63395	meropenem	Susceptible	Laboratory Method		EUCAST
573.26181	Klebsiella pneumoniae strain 5012STDY7312613	meropenem	Susceptible	Laboratory Method	Broth dilution	
573.66923	Klebsiella pneumoniae KP_NORM_BLD_2014_101821	meropenem	Susceptible	Laboratory Method		EUCAST
573.26203	Klebsiella pneumoniae strain 5012STDY7312672	meropenem	Susceptible	Laboratory Method	Broth dilution	
573.15562	Klebsiella pneumoniae strain KSB1_3G	meropenem	Susceptible	Laboratory Method	Broth dilution	CLSI
573.15558	Klebsiella pneumoniae strain KSB1_7F	meropenem	Susceptible	Laboratory Method	Broth dilution	CLSI
573.67082	Klebsiella pneumoniae KP_NORM_BLD_62922	meropenem	Susceptible	Laboratory Method		EUCAST
573.26158	Klebsiella pneumoniae strain 5012STDY7312595	meropenem	Susceptible	Laboratory Method	Broth dilution	
573.6717	Klebsiella pneumoniae KP_NORM_URN_2015_109221	meropenem	Susceptible	Laboratory Method		EUCAST
573.66618	Klebsiella pneumoniae KP_NORM_BLD_113771	meropenem	Susceptible	Laboratory Method		EUCAST
573.46077	Klebsiella pneumoniae KSB1_6C	meropenem	Susceptible	Laboratory Method	Broth dilution	CLSI
573.24299	Klebsiella pneumoniae strain 401	meropenem	Susceptible	Laboratory Method	Broth dilution	CLSI
573.66957	Klebsiella pneumoniae KP_NORM_BLD_2399	meropenem	Susceptible	Laboratory Method		EUCAST
573.67016	Klebsiella pneumoniae KP_NORM_BLD_61049	meropenem	Susceptible	Laboratory Method		EUCAST
573.26256	Klebsiella pneumoniae strain 5012STDY7626376	meropenem	Susceptible	Laboratory Method	Broth dilution	
573.15539	Klebsiella pneumoniae strain KSB1_1A	meropenem	Susceptible	Laboratory Method	Broth dilution	CLSI
573.26318	Klebsiella pneumoniae strain 5012STDY7626438	meropenem	Susceptible	Laboratory Method	Broth dilution	
573.662	Klebsiella pneumoniae KP_NORM_URN_2015_109604	meropenem	Susceptible	Laboratory Method		EUCAST
573.66821	Klebsiella pneumoniae KP_NORM_BLD_14173	meropenem	Susceptible	Laboratory Method		EUCAST
573.5804	Klebsiella pneumoniae strain W2-1-ERG1	meropenem	Susceptible	Laboratory Method	Broth dilution	EUCAST
573.6691	Klebsiella pneumoniae KP_NORM_BLD_2013_90871	meropenem	Susceptible	Laboratory Method		EUCAST
573.26161	Klebsiella pneumoniae strain 5012STDY7312598	meropenem	Susceptible	Laboratory Method	Broth dilution	
573.67019	Klebsiella pneumoniae KP_NORM_BLD_61062	meropenem	Susceptible	Laboratory Method		EUCAST
573.26317	Klebsiella pneumoniae strain 5012STDY7626435	meropenem	Susceptible	Laboratory Method	Broth dilution	
573.15362	Klebsiella pneumoniae strain KSB1_7E	meropenem	Susceptible	Laboratory Method	Broth dilution	CLSI
573.66162	Klebsiella pneumoniae ERR2118031	meropenem	Susceptible	Laboratory Method	Broth dilution	EUCAST
573.66113	Klebsiella pneumoniae ERR1815067	meropenem	Susceptible	Laboratory Method	Broth dilution	EUCAST
573.67232	Klebsiella pneumoniae ERR7221217	meropenem	Susceptible	Laboratory Method	Broth dilution	EUCAST
573.26198	Klebsiella pneumoniae strain 5012STDY7312662	meropenem	Susceptible	Laboratory Method	Broth dilution	
573.15537	Klebsiella pneumoniae strain INF349	meropenem	Susceptible	Laboratory Method	Broth dilution	CLSI
573.66281	Klebsiella pneumoniae 26975_4#92	meropenem	Susceptible	Laboratory Method	MIC	
573.4607	Klebsiella pneumoniae INF314	meropenem	Susceptible	Laboratory Method	Broth dilution	CLSI
573.66188	Klebsiella pneumoniae KP_NORM_BLD_2015_115730	meropenem	Susceptible	Laboratory Method		EUCAST
573.5813	Klebsiella pneumoniae strain PB473	meropenem	Susceptible	Laboratory Method	Broth dilution	EUCAST
573.46108	Klebsiella pneumoniae KSB1_8I	meropenem	Susceptible	Laboratory Method	Broth dilution	CLSI
573.31083	Klebsiella pneumoniae strain WU8	meropenem	Susceptible	Laboratory Method	Disk diffusion	CLSI
573.66612	Klebsiella pneumoniae KP_NORM_BLD_113296	meropenem	Susceptible	Laboratory Method		EUCAST
573.33421	Klebsiella pneumoniae strain PMK7	meropenem	Susceptible	Laboratory Method	Broth dilution	EUCAST
573.26074	Klebsiella pneumoniae strain 5012STDY7312720	meropenem	Susceptible	Laboratory Method	Broth dilution	
573.67176	Klebsiella pneumoniae KP_NORM_URN_2015_111577	meropenem	Susceptible	Laboratory Method		EUCAST
573.66886	Klebsiella pneumoniae KP_NORM_BLD_2011_74838	meropenem	Susceptible	Laboratory Method		EUCAST
573.67024	Klebsiella pneumoniae KP_NORM_BLD_61288	meropenem	Susceptible	Laboratory Method		EUCAST
573.66589	Klebsiella pneumoniae KP_NORM_BLD_111590	meropenem	Susceptible	Laboratory Method		EUCAST
573.67262	Klebsiella pneumoniae ERR7221253	meropenem	Susceptible	Laboratory Method	Broth dilution	EUCAST
573.6672	Klebsiella pneumoniae KP_NORM_BLD_116413	meropenem	Susceptible	Laboratory Method		EUCAST
573.15512	Klebsiella pneumoniae strain INF109	meropenem	Susceptible	Laboratory Method	Broth dilution	CLSI
573.5712	Klebsiella pneumoniae strain W2-11-ERG2	meropenem	Susceptible	Laboratory Method	Broth dilution	EUCAST
573.24295	Klebsiella pneumoniae strain 396	meropenem	Susceptible	Laboratory Method	Broth dilution	CLSI
573.67151	Klebsiella pneumoniae KP_NORM_URN_2014_100386	meropenem	Susceptible	Laboratory Method		EUCAST
573.66917	Klebsiella pneumoniae KP_NORM_BLD_2013_92550	meropenem	Susceptible	Laboratory Method		EUCAST
573.15624	Klebsiella pneumoniae strain INF255	meropenem	Susceptible	Laboratory Method	Broth dilution	CLSI
573.26183	Klebsiella pneumoniae strain 5012STDY7312618	meropenem	Susceptible	Laboratory Method	Broth dilution	
573.26146	Klebsiella pneumoniae strain 5012STDY7312581	meropenem	Susceptible	Laboratory Method	Broth dilution	
573.66881	Klebsiella pneumoniae KP_NORM_BLD_2011_74197	meropenem	Susceptible	Laboratory Method		EUCAST
573.66137	Klebsiella pneumoniae ERR1840992	meropenem	Susceptible	Laboratory Method	Broth dilution	EUCAST
573.66879	Klebsiella pneumoniae KP_NORM_BLD_2011_74194	meropenem	Susceptible	Laboratory Method		EUCAST
573.66795	Klebsiella pneumoniae KP_NORM_BLD_13736	meropenem	Susceptible	Laboratory Method		EUCAST
573.66924	Klebsiella pneumoniae KP_NORM_BLD_2014_101477	meropenem	Susceptible	Laboratory Method		EUCAST
573.46109	Klebsiella pneumoniae KSB1_3I	meropenem	Susceptible	Laboratory Method	Broth dilution	CLSI
72407.536	Klebsiella pneumoniae subsp. pneumoniae strain 3189STDY5864776	meropenem	Susceptible	Laboratory Method	Broth dilution	CLSI
72407.548	Klebsiella pneumoniae subsp. pneumoniae strain 3189STDY5864870	meropenem	Susceptible	Laboratory Method	Broth dilution	CLSI
573.34237	Klebsiella pneumoniae strain KSB1_7G-sc-2280277	meropenem	Susceptible	Laboratory Method	Broth dilution	CLSI
573.67076	Klebsiella pneumoniae KP_NORM_BLD_62646	meropenem	Susceptible	Laboratory Method		EUCAST
573.243	Klebsiella pneumoniae strain 402	meropenem	Susceptible	Laboratory Method	Broth dilution	CLSI
573.67028	Klebsiella pneumoniae KP_NORM_BLD_61435	meropenem	Susceptible	Laboratory Method		EUCAST
573.26156	Klebsiella pneumoniae strain 5012STDY7312588	meropenem	Susceptible	Laboratory Method	Broth dilution	
573.66813	Klebsiella pneumoniae KP_NORM_BLD_13985	meropenem	Susceptible	Laboratory Method		EUCAST
573.15612	Klebsiella pneumoniae strain INF339	meropenem	Susceptible	Laboratory Method	Broth dilution	CLSI
573.66708	Klebsiella pneumoniae KP_NORM_BLD_116255	meropenem	Susceptible	Laboratory Method		EUCAST
72407.496	Klebsiella pneumoniae subsp. pneumoniae strain 3189STDY5864934	meropenem	Susceptible	Laboratory Method	Broth dilution	CLSI
573.26227	Klebsiella pneumoniae strain 5012STDY7312693	meropenem	Susceptible	Laboratory Method	Broth dilution	
573.2628	Klebsiella pneumoniae strain 5012STDY7626396	meropenem	Susceptible	Laboratory Method	Broth dilution	
573.66657	Klebsiella pneumoniae KP_NORM_BLD_115319	meropenem	Susceptible	Laboratory Method		EUCAST
573.46104	Klebsiella pneumoniae KSB1_2F	meropenem	Susceptible	Laboratory Method	Broth dilution	CLSI
573.15621	Klebsiella pneumoniae strain KSB2_5B	meropenem	Susceptible	Laboratory Method	Broth dilution	CLSI
573.46103	Klebsiella pneumoniae KSB1_1F	meropenem	Susceptible	Laboratory Method	Broth dilution	CLSI
573.67144	Klebsiella pneumoniae KP_NORM_URN_2014_100307	meropenem	Susceptible	Laboratory Method		EUCAST
573.66698	Klebsiella pneumoniae KP_NORM_BLD_116220	meropenem	Susceptible	Laboratory Method		EUCAST
573.34278	Klebsiella pneumoniae strain INF142-sc-2279977	meropenem	Susceptible	Laboratory Method	Broth dilution	CLSI
573.66975	Klebsiella pneumoniae KP_NORM_BLD_3080	meropenem	Susceptible	Laboratory Method		EUCAST
573.6663	Klebsiella pneumoniae KP_NORM_BLD_114056	meropenem	Susceptible	Laboratory Method		EUCAST
573.26118	Klebsiella pneumoniae strain 5012STDY7312734	meropenem	Susceptible	Laboratory Method	Broth dilution	
573.67231	Klebsiella pneumoniae ERR7221218	meropenem	Susceptible	Laboratory Method	Broth dilution	EUCAST
573.46099	Klebsiella pneumoniae KSB1_10C	meropenem	Susceptible	Laboratory Method	Broth dilution	CLSI
573.46114	Klebsiella pneumoniae INF003	meropenem	Susceptible	Laboratory Method	Broth dilution	CLSI
573.67182	Klebsiella pneumoniae ERR7221160	meropenem	Susceptible	Laboratory Method	Broth dilution	EUCAST
573.15514	Klebsiella pneumoniae strain INF128	meropenem	Susceptible	Laboratory Method	Broth dilution	CLSI
573.46113	Klebsiella pneumoniae KSB2_8D	meropenem	Susceptible	Laboratory Method	Broth dilution	CLSI
573.26164	Klebsiella pneumoniae strain 5012STDY7312601	meropenem	Susceptible	Laboratory Method	Broth dilution	
573.66649	Klebsiella pneumoniae KP_NORM_BLD_114458	meropenem	Susceptible	Laboratory Method		EUCAST
573.66733	Klebsiella pneumoniae KP_NORM_BLD_116585	meropenem	Susceptible	Laboratory Method		EUCAST
573.66591	Klebsiella pneumoniae KP_NORM_BLD_111602	meropenem	Susceptible	Laboratory Method		EUCAST
573.26169	Klebsiella pneumoniae strain 5012STDY7312606	meropenem	Susceptible	Laboratory Method	Broth dilution	
573.66753	Klebsiella pneumoniae KP_NORM_BLD_12882	meropenem	Susceptible	Laboratory Method		EUCAST
573.66175	Klebsiella pneumoniae KP_NORM_BLD_2014_100991	meropenem	Susceptible	Laboratory Method		EUCAST
573.67116	Klebsiella pneumoniae KP_NORM_BLD_63845	meropenem	Susceptible	Laboratory Method		EUCAST
573.6667	Klebsiella pneumoniae KP_NORM_BLD_115397	meropenem	Susceptible	Laboratory Method		EUCAST
573.2615	Klebsiella pneumoniae strain 5012STDY7312566	meropenem	Susceptible	Laboratory Method	Broth dilution	
573.26233	Klebsiella pneumoniae strain 5012STDY7626498	meropenem	Susceptible	Laboratory Method	Broth dilution	
573.2612	Klebsiella pneumoniae strain 5012STDY7312740	meropenem	Susceptible	Laboratory Method	Broth dilution	
573.66195	Klebsiella pneumoniae KP_NORM_URN_2015_108575	meropenem	Susceptible	Laboratory Method		EUCAST
573.66457	Klebsiella pneumoniae 27261_7#163	meropenem	Susceptible	Laboratory Method	MIC	
573.66868	Klebsiella pneumoniae KP_NORM_BLD_2010_71624	meropenem	Susceptible	Laboratory Method		EUCAST
72407.57	Klebsiella pneumoniae subsp. pneumoniae strain 3189STDY5864792	meropenem	Susceptible	Laboratory Method	Broth dilution	CLSI
573.15372	Klebsiella pneumoniae strain INF059	meropenem	Susceptible	Laboratory Method	Broth dilution	CLSI
573.46064	Klebsiella pneumoniae INF282	meropenem	Susceptible	Laboratory Method	Broth dilution	CLSI
573.66998	Klebsiella pneumoniae KP_NORM_BLD_60606	meropenem	Susceptible	Laboratory Method		EUCAST
573.26282	Klebsiella pneumoniae strain 5012STDY7626398	meropenem	Susceptible	Laboratory Method	Broth dilution	
573.5705	Klebsiella pneumoniae strain PB157	meropenem	Susceptible	Laboratory Method	Broth dilution	EUCAST
573.66731	Klebsiella pneumoniae KP_NORM_BLD_116589	meropenem	Susceptible	Laboratory Method		EUCAST
573.66627	Klebsiella pneumoniae KP_NORM_BLD_113971	meropenem	Susceptible	Laboratory Method		EUCAST
573.26229	Klebsiella pneumoniae strain 5012STDY7312691	meropenem	Susceptible	Laboratory Method	Broth dilution	
573.66745	Klebsiella pneumoniae KP_NORM_BLD_117583	meropenem	Susceptible	Laboratory Method		EUCAST
573.6685	Klebsiella pneumoniae KP_NORM_BLD_2007_48130	meropenem	Susceptible	Laboratory Method		EUCAST
573.6661	Klebsiella pneumoniae KP_NORM_BLD_112927	meropenem	Susceptible	Laboratory Method		EUCAST
573.67046	Klebsiella pneumoniae KP_NORM_BLD_619	meropenem	Susceptible	Laboratory Method		EUCAST
573.66747	Klebsiella pneumoniae KP_NORM_BLD_117577	meropenem	Susceptible	Laboratory Method		EUCAST
573.66167	Klebsiella pneumoniae ERR2118037	meropenem	Susceptible	Laboratory Method	Broth dilution	EUCAST
72407.56	Klebsiella pneumoniae subsp. pneumoniae strain 3189STDY5864883	meropenem	Susceptible	Laboratory Method	Broth dilution	CLSI
573.67102	Klebsiella pneumoniae KP_NORM_BLD_63375	meropenem	Susceptible	Laboratory Method		EUCAST
573.15583	Klebsiella pneumoniae strain KSB2_6C	meropenem	Susceptible	Laboratory Method	Broth dilution	CLSI
573.66703	Klebsiella pneumoniae KP_NORM_BLD_116241	meropenem	Susceptible	Laboratory Method		EUCAST
573.26269	Klebsiella pneumoniae strain 5012STDY7626389	meropenem	Susceptible	Laboratory Method	Broth dilution	
573.5673	Klebsiella pneumoniae strain PB94	meropenem	Susceptible	Laboratory Method	Broth dilution	EUCAST
573.67034	Klebsiella pneumoniae KP_NORM_BLD_61459	meropenem	Susceptible	Laboratory Method		EUCAST
573.66991	Klebsiella pneumoniae KP_NORM_BLD_60429	meropenem	Susceptible	Laboratory Method		EUCAST
573.66899	Klebsiella pneumoniae KP_NORM_BLD_2012_84379	meropenem	Susceptible	Laboratory Method		EUCAST
573.66207	Klebsiella pneumoniae KP_NORM_URN_2012_81473	meropenem	Susceptible	Laboratory Method		EUCAST
573.26129	Klebsiella pneumoniae strain 5012STDY7312743	meropenem	Susceptible	Laboratory Method	Broth dilution	
573.26107	Klebsiella pneumoniae strain 5012STDY7312709	meropenem	Susceptible	Laboratory Method	Broth dilution	
573.67157	Klebsiella pneumoniae KP_NORM_URN_2014_96621	meropenem	Susceptible	Laboratory Method		EUCAST
573.6708	Klebsiella pneumoniae KP_NORM_BLD_62770	meropenem	Susceptible	Laboratory Method		EUCAST
573.26082	Klebsiella pneumoniae strain 5012STDY7312724	meropenem	Susceptible	Laboratory Method	Broth dilution	
72407.503	Klebsiella pneumoniae subsp. pneumoniae strain 3189STDY5864746	meropenem	Susceptible	Laboratory Method	Broth dilution	CLSI
573.66757	Klebsiella pneumoniae KP_NORM_BLD_12939	meropenem	Susceptible	Laboratory Method		EUCAST
573.66685	Klebsiella pneumoniae KP_NORM_BLD_115760	meropenem	Susceptible	Laboratory Method		EUCAST
573.46101	Klebsiella pneumoniae KSB1_3F	meropenem	Susceptible	Laboratory Method	Broth dilution	CLSI
573.15367	Klebsiella pneumoniae strain KSB2_1B	meropenem	Susceptible	Laboratory Method	Broth dilution	CLSI
573.6699	Klebsiella pneumoniae KP_NORM_BLD_60427	meropenem	Susceptible	Laboratory Method		EUCAST
573.67228	Klebsiella pneumoniae ERR7221214	meropenem	Susceptible	Laboratory Method	Broth dilution	EUCAST
573.66559	Klebsiella pneumoniae 29109_2#334	meropenem	Susceptible	Laboratory Method	MIC	
573.2627	Klebsiella pneumoniae strain 5012STDY7626386	meropenem	Susceptible	Laboratory Method	Broth dilution	
573.66968	Klebsiella pneumoniae KP_NORM_BLD_2803	meropenem	Susceptible	Laboratory Method		EUCAST
573.2622	Klebsiella pneumoniae strain 5012STDY7312685	meropenem	Susceptible	Laboratory Method	Broth dilution	
573.15517	Klebsiella pneumoniae strain INF150	meropenem	Susceptible	Laboratory Method	Broth dilution	CLSI
573.6692	Klebsiella pneumoniae KP_NORM_BLD_2013_92947	meropenem	Susceptible	Laboratory Method		EUCAST
573.46106	Klebsiella pneumoniae KSB1_8H	meropenem	Susceptible	Laboratory Method	Broth dilution	CLSI
573.67264	Klebsiella pneumoniae ERR7221265	meropenem	Susceptible	Laboratory Method	Broth dilution	EUCAST
573.6686	Klebsiella pneumoniae KP_NORM_BLD_2009_61298	meropenem	Susceptible	Laboratory Method		EUCAST
573.66566	Klebsiella pneumoniae KP_NORM_BLD_1035	meropenem	Susceptible	Laboratory Method		EUCAST
573.66669	Klebsiella pneumoniae KP_NORM_BLD_115403	meropenem	Susceptible	Laboratory Method		EUCAST
573.67059	Klebsiella pneumoniae KP_NORM_BLD_62212	meropenem	Susceptible	Laboratory Method		EUCAST
573.67292	Klebsiella pneumoniae ERR7221295	meropenem	Susceptible	Laboratory Method	Broth dilution	EUCAST
573.66582	Klebsiella pneumoniae KP_NORM_BLD_110764	meropenem	Susceptible	Laboratory Method		EUCAST
573.6679	Klebsiella pneumoniae KP_NORM_BLD_1347	meropenem	Susceptible	Laboratory Method		EUCAST
573.26204	Klebsiella pneumoniae strain 5012STDY7312666	meropenem	Susceptible	Laboratory Method	Broth dilution	
573.67106	Klebsiella pneumoniae KP_NORM_BLD_63801	meropenem	Susceptible	Laboratory Method		EUCAST
573.66999	Klebsiella pneumoniae KP_NORM_BLD_60571	meropenem	Susceptible	Laboratory Method		EUCAST
573.26076	Klebsiella pneumoniae strain 5012STDY7312713	meropenem	Susceptible	Laboratory Method	Broth dilution	
573.6715	Klebsiella pneumoniae KP_NORM_URN_2014_100377	meropenem	Susceptible	Laboratory Method		EUCAST
573.5683	Klebsiella pneumoniae strain W2-5-ERG4	meropenem	Susceptible	Laboratory Method	Broth dilution	EUCAST
573.66837	Klebsiella pneumoniae KP_NORM_BLD_1684	meropenem	Susceptible	Laboratory Method		EUCAST
72407.545	Klebsiella pneumoniae subsp. pneumoniae strain 3189STDY5864873	meropenem	Susceptible	Laboratory Method	Broth dilution	CLSI
573.15543	Klebsiella pneumoniae strain KSB1_3C	meropenem	Susceptible	Laboratory Method	Broth dilution	CLSI
72407.519	Klebsiella pneumoniae subsp. pneumoniae strain 3189STDY5864856	meropenem	Susceptible	Laboratory Method	Broth dilution	CLSI
573.66777	Klebsiella pneumoniae KP_NORM_BLD_13376	meropenem	Susceptible	Laboratory Method		EUCAST
573.2619	Klebsiella pneumoniae strain 5012STDY7312623	meropenem	Susceptible	Laboratory Method	Broth dilution	
72407.517	Klebsiella pneumoniae subsp. pneumoniae strain 3189STDY5864854	meropenem	Susceptible	Laboratory Method	Broth dilution	CLSI
72407.535	Klebsiella pneumoniae subsp. pneumoniae strain 3189STDY5864864	meropenem	Susceptible	Laboratory Method	Broth dilution	CLSI
573.26212	Klebsiella pneumoniae strain 5012STDY7312571	meropenem	Susceptible	Laboratory Method	Broth dilution	
573.67006	Klebsiella pneumoniae KP_NORM_BLD_60874	meropenem	Susceptible	Laboratory Method		EUCAST
573.67097	Klebsiella pneumoniae KP_NORM_BLD_63331	meropenem	Susceptible	Laboratory Method		EUCAST
573.67114	Klebsiella pneumoniae KP_NORM_BLD_63839	meropenem	Susceptible	Laboratory Method		EUCAST
573.66682	Klebsiella pneumoniae KP_NORM_BLD_115796	meropenem	Susceptible	Laboratory Method		EUCAST
72407.52	Klebsiella pneumoniae subsp. pneumoniae strain 3189STDY5864857	meropenem	Susceptible	Laboratory Method	Broth dilution	CLSI
72407.495	Klebsiella pneumoniae subsp. pneumoniae strain 3189STDY5864747	meropenem	Susceptible	Laboratory Method	Broth dilution	CLSI
573.67044	Klebsiella pneumoniae KP_NORM_BLD_61894	meropenem	Susceptible	Laboratory Method		EUCAST
573.67175	Klebsiella pneumoniae KP_NORM_URN_2015_113007	meropenem	Susceptible	Laboratory Method		EUCAST
573.66928	Klebsiella pneumoniae KP_NORM_BLD_2014_102382	meropenem	Susceptible	Laboratory Method		EUCAST
72407.484	Klebsiella pneumoniae subsp. pneumoniae strain 3189STDY5864845	meropenem	Susceptible	Laboratory Method	Broth dilution	CLSI
573.67002	Klebsiella pneumoniae KP_NORM_BLD_60723	meropenem	Susceptible	Laboratory Method		EUCAST
573.66897	Klebsiella pneumoniae KP_NORM_BLD_2012_83884	meropenem	Susceptible	Laboratory Method		EUCAST
573.67051	Klebsiella pneumoniae KP_NORM_BLD_62187	meropenem	Susceptible	Laboratory Method		EUCAST
573.66936	Klebsiella pneumoniae KP_NORM_BLD_2015_116357	meropenem	Susceptible	Laboratory Method		EUCAST
72407.552	Klebsiella pneumoniae subsp. pneumoniae strain 3189STDY5864781	meropenem	Susceptible	Laboratory Method	Broth dilution	CLSI
72407.577	Klebsiella pneumoniae subsp. pneumoniae strain 3189STDY5864895	meropenem	Susceptible	Laboratory Method	Broth dilution	CLSI
573.66606	Klebsiella pneumoniae KP_NORM_BLD_112603	meropenem	Susceptible	Laboratory Method		EUCAST
573.67069	Klebsiella pneumoniae KP_NORM_BLD_625	meropenem	Susceptible	Laboratory Method		EUCAST
573.15559	Klebsiella pneumoniae strain KSB1_9F	meropenem	Susceptible	Laboratory Method	Broth dilution	CLSI
573.66797	Klebsiella pneumoniae KP_NORM_BLD_13738	meropenem	Susceptible	Laboratory Method		EUCAST
573.66666	Klebsiella pneumoniae KP_NORM_BLD_115375	meropenem	Susceptible	Laboratory Method		EUCAST
573.26187	Klebsiella pneumoniae strain 5012STDY7312621	meropenem	Susceptible	Laboratory Method	Broth dilution	
573.26221	Klebsiella pneumoniae strain 5012STDY7312686	meropenem	Susceptible	Laboratory Method	Broth dilution	
573.2626	Klebsiella pneumoniae strain 5012STDY7626379	meropenem	Susceptible	Laboratory Method	Broth dilution	
573.67017	Klebsiella pneumoniae KP_NORM_BLD_61269	meropenem	Susceptible	Laboratory Method		EUCAST
573.67177	Klebsiella pneumoniae KP_NORM_URN_2015_111534	meropenem	Susceptible	Laboratory Method		EUCAST
72407.562	Klebsiella pneumoniae subsp. pneumoniae strain 3189STDY5864789	meropenem	Susceptible	Laboratory Method	Broth dilution	CLSI
573.26295	Klebsiella pneumoniae strain 5012STDY7626414	meropenem	Susceptible	Laboratory Method	Broth dilution	
573.5707	Klebsiella pneumoniae strain W2-5-ERG7	meropenem	Susceptible	Laboratory Method	Broth dilution	EUCAST
573.66206	Klebsiella pneumoniae KP_NORM_BLD_2014_103384	meropenem	Susceptible	Laboratory Method		EUCAST
573.26314	Klebsiella pneumoniae strain 5012STDY7626434	meropenem	Susceptible	Laboratory Method	Broth dilution	
72407.54	Klebsiella pneumoniae subsp. pneumoniae strain 3189STDY5864869	meropenem	Susceptible	Laboratory Method	Broth dilution	CLSI
573.24246	Klebsiella pneumoniae strain 110	meropenem	Susceptible	Laboratory Method	Broth dilution	CLSI
573.66632	Klebsiella pneumoniae KP_NORM_BLD_114291	meropenem	Susceptible	Laboratory Method		EUCAST
573.5799	Klebsiella pneumoniae strain PB65	meropenem	Susceptible	Laboratory Method	Broth dilution	EUCAST
573.15557	Klebsiella pneumoniae strain KSB1_5F	meropenem	Susceptible	Laboratory Method	Broth dilution	CLSI
573.26088	Klebsiella pneumoniae strain 5012STDY7312725	meropenem	Susceptible	Laboratory Method	Broth dilution	
573.66133	Klebsiella pneumoniae ERR1830478	meropenem	Susceptible	Laboratory Method	Broth dilution	EUCAST
573.66836	Klebsiella pneumoniae KP_NORM_BLD_1686	meropenem	Susceptible	Laboratory Method		EUCAST
72407.533	Klebsiella pneumoniae subsp. pneumoniae strain 3189STDY5864866	meropenem	Susceptible	Laboratory Method	Broth dilution	CLSI
573.66184	Klebsiella pneumoniae KP_NORM_BLD_2015_112900	meropenem	Susceptible	Laboratory Method		EUCAST
573.66719	Klebsiella pneumoniae KP_NORM_BLD_116410	meropenem	Susceptible	Laboratory Method		EUCAST
573.26276	Klebsiella pneumoniae strain 5012STDY7626399	meropenem	Susceptible	Laboratory Method	Broth dilution	
573.26141	Klebsiella pneumoniae strain 5012STDY7312584	meropenem	Susceptible	Laboratory Method	Broth dilution	
573.66916	Klebsiella pneumoniae KP_NORM_BLD_2013_92328	meropenem	Susceptible	Laboratory Method		EUCAST
573.6665	Klebsiella pneumoniae KP_NORM_BLD_114484	meropenem	Susceptible	Laboratory Method		EUCAST
573.67091	Klebsiella pneumoniae KP_NORM_BLD_63325	meropenem	Susceptible	Laboratory Method		EUCAST
573.66845	Klebsiella pneumoniae KP_NORM_BLD_2004_19607	meropenem	Susceptible	Laboratory Method		EUCAST
573.26258	Klebsiella pneumoniae strain 5012STDY7626377	meropenem	Susceptible	Laboratory Method	Broth dilution	
573.67108	Klebsiella pneumoniae KP_NORM_BLD_63815	meropenem	Susceptible	Laboratory Method		EUCAST
573.26275	Klebsiella pneumoniae strain 5012STDY7626394	meropenem	Susceptible	Laboratory Method	Broth dilution	
573.24296	Klebsiella pneumoniae strain 397	meropenem	Susceptible	Laboratory Method	Broth dilution	CLSI
573.26173	Klebsiella pneumoniae strain 5012STDY7312612	meropenem	Susceptible	Laboratory Method	Broth dilution	
72407.522	Klebsiella pneumoniae subsp. pneumoniae strain 3189STDY5864948	meropenem	Susceptible	Laboratory Method	Broth dilution	CLSI
573.15526	Klebsiella pneumoniae strain INF204	meropenem	Susceptible	Laboratory Method	Broth dilution	CLSI
573.67056	Klebsiella pneumoniae KP_NORM_BLD_62196	meropenem	Susceptible	Laboratory Method		EUCAST
573.67139	Klebsiella pneumoniae KP_NORM_URN_2013_95566	meropenem	Susceptible	Laboratory Method		EUCAST
573.26281	Klebsiella pneumoniae strain 5012STDY7626401	meropenem	Susceptible	Laboratory Method	Broth dilution	
573.66622	Klebsiella pneumoniae KP_NORM_BLD_113773	meropenem	Susceptible	Laboratory Method		EUCAST
573.67071	Klebsiella pneumoniae KP_NORM_BLD_62504	meropenem	Susceptible	Laboratory Method		EUCAST
573.66838	Klebsiella pneumoniae KP_NORM_BLD_1692	meropenem	Susceptible	Laboratory Method		EUCAST
573.66802	Klebsiella pneumoniae KP_NORM_BLD_13877	meropenem	Susceptible	Laboratory Method		EUCAST
573.66951	Klebsiella pneumoniae KP_NORM_BLD_229	meropenem	Susceptible	Laboratory Method		EUCAST
573.66373	Klebsiella pneumoniae 26994_7#146	meropenem	Susceptible	Laboratory Method	MIC	
573.46074	Klebsiella pneumoniae INF093	meropenem	Susceptible	Laboratory Method	Broth dilution	CLSI
573.26242	Klebsiella pneumoniae strain 5012STDY7626522	meropenem	Susceptible	Laboratory Method	Broth dilution	
573.666	Klebsiella pneumoniae KP_NORM_BLD_112181	meropenem	Susceptible	Laboratory Method		EUCAST
573.15588	Klebsiella pneumoniae strain KSB2_4D	meropenem	Susceptible	Laboratory Method	Broth dilution	CLSI
573.66839	Klebsiella pneumoniae KP_NORM_BLD_1693	meropenem	Susceptible	Laboratory Method		EUCAST
573.26304	Klebsiella pneumoniae strain 5012STDY7626421	meropenem	Susceptible	Laboratory Method	Broth dilution	
573.67087	Klebsiella pneumoniae KP_NORM_BLD_62776	meropenem	Susceptible	Laboratory Method		EUCAST
573.672	Klebsiella pneumoniae ERR7221179	meropenem	Susceptible	Laboratory Method	Broth dilution	EUCAST
72407.558	Klebsiella pneumoniae subsp. pneumoniae strain 3189STDY5864881	meropenem	Susceptible	Laboratory Method	Broth dilution	CLSI
573.33415	Klebsiella pneumoniae strain PMK4a	meropenem	Susceptible	Laboratory Method	Broth dilution	EUCAST
573.31059	Klebsiella pneumoniae strain PH10	meropenem	Susceptible	Laboratory Method	Disk diffusion	CLSI
573.26087	Klebsiella pneumoniae strain 5012STDY7312714	meropenem	Susceptible	Laboratory Method	Broth dilution	
573.2625	Klebsiella pneumoniae strain 5012STDY7626370	meropenem	Susceptible	Laboratory Method	Broth dilution	
573.67164	Klebsiella pneumoniae KP_NORM_URN_2015_106696	meropenem	Susceptible	Laboratory Method		EUCAST
573.15552	Klebsiella pneumoniae strain KSB1_5E	meropenem	Susceptible	Laboratory Method	Broth dilution	CLSI
573.26188	Klebsiella pneumoniae strain 5012STDY7312622	meropenem	Susceptible	Laboratory Method	Broth dilution	
573.26108	Klebsiella pneumoniae strain 5012STDY7312728	meropenem	Susceptible	Laboratory Method	Broth dilution	
573.26216	Klebsiella pneumoniae strain 5012STDY7312679	meropenem	Susceptible	Laboratory Method	Broth dilution	
573.66455	Klebsiella pneumoniae 27261_8#10	meropenem	Susceptible	Laboratory Method	MIC	
573.66644	Klebsiella pneumoniae KP_NORM_BLD_114446	meropenem	Susceptible	Laboratory Method		EUCAST
72407.505	Klebsiella pneumoniae subsp. pneumoniae strain 3189STDY5864938	meropenem	Susceptible	Laboratory Method	Broth dilution	CLSI
573.66956	Klebsiella pneumoniae KP_NORM_BLD_2398	meropenem	Susceptible	Laboratory Method		EUCAST
573.66851	Klebsiella pneumoniae KP_NORM_BLD_2007_48136	meropenem	Susceptible	Laboratory Method		EUCAST
573.66176	Klebsiella pneumoniae KP_NORM_BLD_2014_101814	meropenem	Susceptible	Laboratory Method		EUCAST
573.5826	Klebsiella pneumoniae strain W2-13-ERG8	meropenem	Susceptible	Laboratory Method	Broth dilution	EUCAST
573.66907	Klebsiella pneumoniae KP_NORM_BLD_2012_86925	meropenem	Susceptible	Laboratory Method		EUCAST
573.66107	Klebsiella pneumoniae ERR1813606	meropenem	Susceptible	Laboratory Method	Broth dilution	EUCAST
573.26302	Klebsiella pneumoniae strain 5012STDY7626422	meropenem	Susceptible	Laboratory Method	Broth dilution	
573.67308	Klebsiella pneumoniae ERR7221310	meropenem	Susceptible	Laboratory Method	Broth dilution	EUCAST
573.67112	Klebsiella pneumoniae KP_NORM_BLD_63837	meropenem	Susceptible	Laboratory Method		EUCAST
573.67121	Klebsiella pneumoniae KP_NORM_BLD_72	meropenem	Susceptible	Laboratory Method		EUCAST
573.46092	Klebsiella pneumoniae KSB1_8B	meropenem	Susceptible	Laboratory Method	Broth dilution	CLSI
72407.547	Klebsiella pneumoniae subsp. pneumoniae strain 3189STDY5864779	meropenem	Susceptible	Laboratory Method	Broth dilution	CLSI
573.5706	Klebsiella pneumoniae strain W2-4-ERG4	meropenem	Susceptible	Laboratory Method	Broth dilution	EUCAST
1284805.4	Klebsiella pneumoniae UHKPC17	meropenem	Susceptible	Laboratory Method		
573.66921	Klebsiella pneumoniae KP_NORM_BLD_2013_92959	meropenem	Susceptible	Laboratory Method		EUCAST
573.67007	Klebsiella pneumoniae KP_NORM_BLD_60904	meropenem	Susceptible	Laboratory Method		EUCAST
573.66656	Klebsiella pneumoniae KP_NORM_BLD_115323	meropenem	Susceptible	Laboratory Method		EUCAST
573.66712	Klebsiella pneumoniae KP_NORM_BLD_116364	meropenem	Susceptible	Laboratory Method		EUCAST
573.66848	Klebsiella pneumoniae KP_NORM_BLD_2006_37102	meropenem	Susceptible	Laboratory Method		EUCAST
573.66567	Klebsiella pneumoniae KP_NORM_BLD_621	meropenem	Susceptible	Laboratory Method		EUCAST
573.26205	Klebsiella pneumoniae strain 5012STDY7312669	meropenem	Susceptible	Laboratory Method	Broth dilution	
72407.498	Klebsiella pneumoniae subsp. pneumoniae strain 3189STDY5864830	meropenem	Susceptible	Laboratory Method	Broth dilution	CLSI
573.66684	Klebsiella pneumoniae KP_NORM_BLD_115781	meropenem	Susceptible	Laboratory Method		EUCAST
573.24301	Klebsiella pneumoniae strain 414	meropenem	Susceptible	Laboratory Method	Broth dilution	CLSI
573.6664	Klebsiella pneumoniae KP_NORM_BLD_114326	meropenem	Susceptible	Laboratory Method		EUCAST
573.26176	Klebsiella pneumoniae strain 5012STDY7312607	meropenem	Susceptible	Laboratory Method	Broth dilution	
573.66696	Klebsiella pneumoniae KP_NORM_BLD_1162	meropenem	Susceptible	Laboratory Method		EUCAST
573.66105	Klebsiella pneumoniae ERR1813603	meropenem	Susceptible	Laboratory Method	Broth dilution	EUCAST
573.26223	Klebsiella pneumoniae strain 5012STDY7312687	meropenem	Susceptible	Laboratory Method	Broth dilution	
573.67094	Klebsiella pneumoniae KP_NORM_BLD_62934	meropenem	Susceptible	Laboratory Method		EUCAST
