genome_id	genome_name	antibiotic	resistant_phenotype	evidence	laboratory_typing_method	testing_standard
573.15473	Klebsiella pneumoniae strain 10315_6#65	ciprofloxacin	Resistant	Laboratory Method	Disk diffusion	CLSI
573.24442	Klebsiella pneumoniae strain MUGSI_83	ciprofloxacin	Resistant	Laboratory Method	Broth dilution	CLSI
573.13493	Klebsiella pneumoniae KPN1565ec	ciprofloxacin	Resistant	Laboratory Method	Broth dilution	CLSI
573.13572	Klebsiella pneumoniae KPN1666ec	ciprofloxacin	Resistant	Laboratory Method	Broth dilution	CLSI
573.13151	Klebsiella pneumoniae KPN1153ec	ciprofloxacin	Resistant	Laboratory Method	Broth dilution	CLSI
573.15699	Klebsiella pneumoniae strain K809	ciprofloxacin	Resistant	Laboratory Method	Disk diffusion	EUCAST
573.1389	Klebsiella pneumoniae KPN2066ec	ciprofloxacin	Resistant	Laboratory Method	Broth dilution	CLSI
72407.2895	Klebsiella pneumoniae subsp. pneumoniae MRSN752035	ciprofloxacin	Resistant	Laboratory Method		
573.13898	Klebsiella pneumoniae KPN2076ec	ciprofloxacin	Resistant	Laboratory Method	Broth dilution	CLSI
573.13487	Klebsiella pneumoniae KPN1559ec	ciprofloxacin	Resistant	Laboratory Method	Broth dilution	CLSI
573.14136	Klebsiella pneumoniae KPN416ec	ciprofloxacin	Resistant	Laboratory Method	Broth dilution	CLSI
573.13987	Klebsiella pneumoniae KPN246ec	ciprofloxacin	Resistant	Laboratory Method	Broth dilution	CLSI
573.5822	Klebsiella pneumoniae strain W2-13-ERG2	ciprofloxacin	Resistant	Laboratory Method	Broth dilution	EUCAST
573.13644	Klebsiella pneumoniae KPN1747ec	ciprofloxacin	Resistant	Laboratory Method	Broth dilution	CLSI
573.17908	Klebsiella pneumoniae strain AR_0066	ciprofloxacin	Resistant	Laboratory Method	Broth dilution	CLSI
573.14186	Klebsiella pneumoniae KPN479ec	ciprofloxacin	Resistant	Laboratory Method	Broth dilution	CLSI
573.13091	Klebsiella pneumoniae KPN1079ec	ciprofloxacin	Resistant	Laboratory Method	Broth dilution	CLSI
573.31128	Klebsiella pneumoniae strain 1027734	ciprofloxacin	Resistant	Laboratory Method	Disk diffusion	British Society for Antimicrobial Chemotherapy (BSAC)
573.13433	Klebsiella pneumoniae KPN1496ec	ciprofloxacin	Resistant	Laboratory Method	Broth dilution	CLSI
573.13317	Klebsiella pneumoniae KPN1358ec	ciprofloxacin	Resistant	Laboratory Method	Broth dilution	CLSI
573.24402	Klebsiella pneumoniae strain MUGSI_320	ciprofloxacin	Resistant	Laboratory Method	Broth dilution	CLSI
573.67401	Klebsiella pneumoniae MGL_121	ciprofloxacin	Resistant	Laboratory Method	Disk diffusion	CLSI, EUCAST
72407.566	Klebsiella pneumoniae subsp. pneumoniae strain 3189STDY5864886	ciprofloxacin	Resistant	Laboratory Method	Broth dilution	CLSI
573.24311	Klebsiella pneumoniae strain 523	ciprofloxacin	Resistant	Laboratory Method	Broth dilution	CLSI
573.46842	Klebsiella pneumoniae KP-16PI	ciprofloxacin	Resistant	Laboratory Method	Broth dilution	EUCAST
573.24244	Klebsiella pneumoniae strain 101	ciprofloxacin	Resistant	Laboratory Method	Broth dilution	CLSI
573.15728	Klebsiella pneumoniae strain K1603	ciprofloxacin	Resistant	Laboratory Method	Disk diffusion	EUCAST
573.13818	Klebsiella pneumoniae KPN1985ec	ciprofloxacin	Resistant	Laboratory Method	Broth dilution	CLSI
573.29994	Klebsiella pneumoniae strain Kpngiani7132551	ciprofloxacin	Resistant	Laboratory Method	Broth dilution	EUCAST
573.13139	Klebsiella pneumoniae KPN1139ec	ciprofloxacin	Resistant	Laboratory Method	Broth dilution	CLSI
573.15595	Klebsiella pneumoniae strain KSB1_6J	ciprofloxacin	Resistant	Laboratory Method	Broth dilution	CLSI
573.15509	Klebsiella pneumoniae strain 10356_5#86	ciprofloxacin	Resistant	Laboratory Method	Disk diffusion	CLSI
573.13793	Klebsiella pneumoniae KPN1946ec	ciprofloxacin	Resistant	Laboratory Method	Broth dilution	CLSI
72407.539	Klebsiella pneumoniae subsp. pneumoniae strain 3189STDY5864772	ciprofloxacin	Resistant	Laboratory Method	Broth dilution	CLSI
573.46869	Klebsiella pneumoniae KP-7PI	ciprofloxacin	Resistant	Laboratory Method	Broth dilution	EUCAST
573.12772	Klebsiella pneumoniae strain AR_0113	ciprofloxacin	Resistant	Laboratory Method	Broth dilution	CLSI
573.24401	Klebsiella pneumoniae strain MUGSI_32	ciprofloxacin	Resistant	Laboratory Method	Broth dilution	CLSI
573.14451	Klebsiella pneumoniae KPN866ec	ciprofloxacin	Resistant	Laboratory Method	Broth dilution	CLSI
573.1412	Klebsiella pneumoniae KPN399ec	ciprofloxacin	Resistant	Laboratory Method	Broth dilution	CLSI
573.66891	Klebsiella pneumoniae KP_NORM_BLD_2011_75461	ciprofloxacin	Resistant	Laboratory Method		EUCAST
573.13186	Klebsiella pneumoniae KPN1194ec	ciprofloxacin	Resistant	Laboratory Method	Broth dilution	CLSI
573.14072	Klebsiella pneumoniae KPN342ec	ciprofloxacin	Resistant	Laboratory Method	Broth dilution	CLSI
573.13952	Klebsiella pneumoniae KPN2160ec	ciprofloxacin	Resistant	Laboratory Method	Broth dilution	CLSI
573.14026	Klebsiella pneumoniae KPN289ec	ciprofloxacin	Resistant	Laboratory Method	Broth dilution	CLSI
1438738.3	Klebsiella pneumoniae CHS 32	ciprofloxacin	Resistant	Laboratory Method	Broth dilution	
573.9724	Klebsiella pneumoniae strain AR_0098	ciprofloxacin	Resistant	Laboratory Method	Broth dilution	CLSI
72407.586	Klebsiella pneumoniae subsp. pneumoniae strain 3189STDY5864813	ciprofloxacin	Resistant	Laboratory Method	Broth dilution	CLSI
573.66905	Klebsiella pneumoniae KP_NORM_BLD_2013_90216	ciprofloxacin	Resistant	Laboratory Method		EUCAST
573.12778	Klebsiella pneumoniae strain AR_0125	ciprofloxacin	Resistant	Laboratory Method	Broth dilution	CLSI
573.13292	Klebsiella pneumoniae KPN1331ec	ciprofloxacin	Resistant	Laboratory Method	Broth dilution	CLSI
573.46847	Klebsiella pneumoniae KP-20LU	ciprofloxacin	Resistant	Laboratory Method	Broth dilution	EUCAST
573.13254	Klebsiella pneumoniae KPN1275ec	ciprofloxacin	Resistant	Laboratory Method	Broth dilution	CLSI
1284801.3	Klebsiella pneumoniae UHKPC48	ciprofloxacin	Resistant	Laboratory Method		
1438747.3	Klebsiella pneumoniae CHS 41	ciprofloxacin	Resistant	Laboratory Method	Broth dilution	
573.15485	Klebsiella pneumoniae strain 10315_6#76	ciprofloxacin	Resistant	Laboratory Method	Disk diffusion	CLSI
573.13942	Klebsiella pneumoniae KPN213ec	ciprofloxacin	Resistant	Laboratory Method	Broth dilution	CLSI
573.13127	Klebsiella pneumoniae KPN1125ec	ciprofloxacin	Resistant	Laboratory Method	Broth dilution	CLSI
1284809.4	Klebsiella pneumoniae UHKPC02	ciprofloxacin	Resistant	Laboratory Method		
573.13287	Klebsiella pneumoniae KPN1327ec	ciprofloxacin	Resistant	Laboratory Method	Broth dilution	CLSI
573.14344	Klebsiella pneumoniae KPN718ec	ciprofloxacin	Resistant	Laboratory Method	Broth dilution	CLSI
573.1359	Klebsiella pneumoniae KPN1687ec	ciprofloxacin	Resistant	Laboratory Method	Broth dilution	CLSI
573.13448	Klebsiella pneumoniae KPN1515ec	ciprofloxacin	Resistant	Laboratory Method	Broth dilution	CLSI
573.30017	Klebsiella pneumoniae strain Kpngiani7132538	ciprofloxacin	Resistant	Laboratory Method	Broth dilution	EUCAST
573.23214	Klebsiella pneumoniae strain KP_093	ciprofloxacin	Resistant	Laboratory Method	Disk diffusion	CLSI
573.13603	Klebsiella pneumoniae KPN169ec	ciprofloxacin	Resistant	Laboratory Method	Broth dilution	CLSI
573.5623	Klebsiella pneumoniae strain 18_GR_14	ciprofloxacin	Resistant	Laboratory Method	Broth dilution	CLSI
72407.49	Klebsiella pneumoniae subsp. pneumoniae strain 3189STDY5864753	ciprofloxacin	Resistant	Laboratory Method	Broth dilution	CLSI
573.13477	Klebsiella pneumoniae KPN1548ec	ciprofloxacin	Resistant	Laboratory Method	Broth dilution	CLSI
573.15496	Klebsiella pneumoniae strain 10315_6#9	ciprofloxacin	Resistant	Laboratory Method	Disk diffusion	CLSI
72407.587	Klebsiella pneumoniae subsp. pneumoniae strain 3189STDY5864815	ciprofloxacin	Resistant	Laboratory Method	Broth dilution	CLSI
1284788.3	Klebsiella pneumoniae UHKPC23	ciprofloxacin	Resistant	Laboratory Method		
573.12916	Klebsiella pneumoniae 3338	ciprofloxacin	Resistant	Laboratory Method	Broth dilution	CLSI
573.13612	Klebsiella pneumoniae KPN1709ec	ciprofloxacin	Resistant	Laboratory Method	Broth dilution	CLSI
573.2609	Klebsiella pneumoniae strain 5012STDY7312573	ciprofloxacin	Resistant	Laboratory Method	Broth dilution	
573.13668	Klebsiella pneumoniae KPN1774ec	ciprofloxacin	Resistant	Laboratory Method	Broth dilution	CLSI
573.24309	Klebsiella pneumoniae strain 469	ciprofloxacin	Resistant	Laboratory Method	Broth dilution	CLSI
573.1416	Klebsiella pneumoniae KPN443ec	ciprofloxacin	Resistant	Laboratory Method	Broth dilution	CLSI
573.14487	Klebsiella pneumoniae KPN913ec	ciprofloxacin	Resistant	Laboratory Method	Broth dilution	CLSI
573.30003	Klebsiella pneumoniae strain Kpngiani7132536	ciprofloxacin	Resistant	Laboratory Method	Broth dilution	EUCAST
573.14444	Klebsiella pneumoniae KPN854ec	ciprofloxacin	Resistant	Laboratory Method	Broth dilution	CLSI
72407.693	Klebsiella pneumoniae subsp. pneumoniae strain AUSMDU00008079	ciprofloxacin	Resistant	Laboratory Method	Broth dilution	
573.30007	Klebsiella pneumoniae strain Kpngiani7132533	ciprofloxacin	Resistant	Laboratory Method	Broth dilution	EUCAST
573.13652	Klebsiella pneumoniae KPN1756ec	ciprofloxacin	Resistant	Laboratory Method	Broth dilution	CLSI
573.33396	Klebsiella pneumoniae strain PMK16	ciprofloxacin	Resistant	Laboratory Method	Broth dilution	EUCAST
573.66192	Klebsiella pneumoniae KP_NORM_URN_2015_107575	ciprofloxacin	Resistant	Laboratory Method		EUCAST
573.243	Klebsiella pneumoniae strain 402	ciprofloxacin	Resistant	Laboratory Method	Broth dilution	CLSI
573.24407	Klebsiella pneumoniae strain MUGSI_38	ciprofloxacin	Resistant	Laboratory Method	Broth dilution	CLSI
573.62723	Klebsiella pneumoniae MGL_170	ciprofloxacin	Resistant	Laboratory Method	Disk diffusion	
573.14505	Klebsiella pneumoniae KPN934ec	ciprofloxacin	Resistant	Laboratory Method	Broth dilution	CLSI
573.14121	Klebsiella pneumoniae KPN400ec	ciprofloxacin	Resistant	Laboratory Method	Broth dilution	CLSI
573.13372	Klebsiella pneumoniae KPN1430ec	ciprofloxacin	Resistant	Laboratory Method	Broth dilution	CLSI
573.13706	Klebsiella pneumoniae KPN1843ec	ciprofloxacin	Resistant	Laboratory Method	Broth dilution	CLSI
573.1551	Klebsiella pneumoniae strain 10356_5#87	ciprofloxacin	Resistant	Laboratory Method	Disk diffusion	CLSI
573.14134	Klebsiella pneumoniae KPN414ec	ciprofloxacin	Resistant	Laboratory Method	Broth dilution	CLSI
573.13268	Klebsiella pneumoniae KPN1301ec	ciprofloxacin	Resistant	Laboratory Method	Broth dilution	CLSI
573.14331	Klebsiella pneumoniae KPN703ec	ciprofloxacin	Resistant	Laboratory Method	Broth dilution	CLSI
573.13581	Klebsiella pneumoniae KPN1677ec	ciprofloxacin	Resistant	Laboratory Method	Broth dilution	CLSI
573.14362	Klebsiella pneumoniae KPN740ec	ciprofloxacin	Resistant	Laboratory Method	Broth dilution	CLSI
573.29883	Klebsiella pneumoniae strain Kpngiani7132580	ciprofloxacin	Resistant	Laboratory Method	Broth dilution	EUCAST
573.15439	Klebsiella pneumoniae strain 10315_6#18	ciprofloxacin	Resistant	Laboratory Method	Disk diffusion	CLSI
573.14209	Klebsiella pneumoniae KPN523ec	ciprofloxacin	Resistant	Laboratory Method	Broth dilution	CLSI
573.66919	Klebsiella pneumoniae KP_NORM_BLD_2013_92929	ciprofloxacin	Resistant	Laboratory Method		EUCAST
573.66936	Klebsiella pneumoniae KP_NORM_BLD_2015_116357	ciprofloxacin	Resistant	Laboratory Method		EUCAST
573.14017	Klebsiella pneumoniae KPN279ec	ciprofloxacin	Resistant	Laboratory Method	Broth dilution	CLSI
72407.2898	Klebsiella pneumoniae subsp. pneumoniae MRSN752001	ciprofloxacin	Resistant	Laboratory Method		
573.26239	Klebsiella pneumoniae strain 5012STDY7626490	ciprofloxacin	Resistant	Laboratory Method	Broth dilution	
573.14125	Klebsiella pneumoniae KPN404ec	ciprofloxacin	Resistant	Laboratory Method	Broth dilution	CLSI
573.13724	Klebsiella pneumoniae KPN1861ec	ciprofloxacin	Resistant	Laboratory Method	Broth dilution	CLSI
573.33411	Klebsiella pneumoniae strain PMK21e	ciprofloxacin	Resistant	Laboratory Method	Broth dilution	EUCAST
573.1292	Klebsiella pneumoniae 3308	ciprofloxacin	Resistant	Laboratory Method	Broth dilution	CLSI
573.29892	Klebsiella pneumoniae strain Kpngiani7132578	ciprofloxacin	Resistant	Laboratory Method	Broth dilution	EUCAST
573.15438	Klebsiella pneumoniae strain 10315_6#19	ciprofloxacin	Resistant	Laboratory Method	Disk diffusion	CLSI
573.13071	Klebsiella pneumoniae KPN1052ec	ciprofloxacin	Resistant	Laboratory Method	Broth dilution	CLSI
573.18542	Klebsiella pneumoniae strain AR_0087	ciprofloxacin	Resistant	Laboratory Method	Broth dilution	CLSI
573.13661	Klebsiella pneumoniae KPN1767ec	ciprofloxacin	Resistant	Laboratory Method	Broth dilution	CLSI
573.46843	Klebsiella pneumoniae KP-17PI	ciprofloxacin	Resistant	Laboratory Method	Broth dilution	EUCAST
573.14032	Klebsiella pneumoniae KPN295ec	ciprofloxacin	Resistant	Laboratory Method	Broth dilution	CLSI
573.67387	Klebsiella pneumoniae 20200622_MGL_72	ciprofloxacin	Resistant	Laboratory Method	Disk diffusion	CLSI, EUCAST
573.1346	Klebsiella pneumoniae KPN1529ec	ciprofloxacin	Resistant	Laboratory Method	Broth dilution	CLSI
573.14495	Klebsiella pneumoniae KPN923ec	ciprofloxacin	Resistant	Laboratory Method	Broth dilution	CLSI
573.13478	Klebsiella pneumoniae KPN1549ec	ciprofloxacin	Resistant	Laboratory Method	Broth dilution	CLSI
573.6718	Klebsiella pneumoniae KP_NORM_URN_2015_114831	ciprofloxacin	Resistant	Laboratory Method		EUCAST
573.29923	Klebsiella pneumoniae strain Kpngiani7132629	ciprofloxacin	Resistant	Laboratory Method	Broth dilution	EUCAST
1284799.4	Klebsiella pneumoniae DMC1316	ciprofloxacin	Resistant	Laboratory Method		
573.66875	Klebsiella pneumoniae KP_NORM_BLD_2010_72017	ciprofloxacin	Resistant	Laboratory Method		EUCAST
573.13362	Klebsiella pneumoniae KPN1420ec	ciprofloxacin	Resistant	Laboratory Method	Broth dilution	CLSI
573.13136	Klebsiella pneumoniae KPN1135ec	ciprofloxacin	Resistant	Laboratory Method	Broth dilution	CLSI
573.14324	Klebsiella pneumoniae KPN695ec	ciprofloxacin	Resistant	Laboratory Method	Broth dilution	CLSI
573.62716	Klebsiella pneumoniae MGL_124	ciprofloxacin	Resistant	Laboratory Method	Disk diffusion	
573.1733	Klebsiella pneumoniae strain KpVA-15	ciprofloxacin	Resistant	Laboratory Method	Disk diffusion	EUCAST
72407.497	Klebsiella pneumoniae subsp. pneumoniae strain 3189STDY5864848	ciprofloxacin	Resistant	Laboratory Method	Broth dilution	CLSI
1438773.3	Klebsiella pneumoniae CHS 67	ciprofloxacin	Resistant	Laboratory Method	Broth dilution	
573.24293	Klebsiella pneumoniae strain 371	ciprofloxacin	Resistant	Laboratory Method	Broth dilution	CLSI
573.13355	Klebsiella pneumoniae KPN1411ec	ciprofloxacin	Resistant	Laboratory Method	Broth dilution	CLSI
72407.512	Klebsiella pneumoniae subsp. pneumoniae strain 3189STDY5864736	ciprofloxacin	Resistant	Laboratory Method	Broth dilution	CLSI
573.13248	Klebsiella pneumoniae KPN126ec	ciprofloxacin	Resistant	Laboratory Method	Broth dilution	CLSI
573.13533	Klebsiella pneumoniae KPN1612ec	ciprofloxacin	Resistant	Laboratory Method	Broth dilution	CLSI
573.29882	Klebsiella pneumoniae strain Kpngiani7132587	ciprofloxacin	Resistant	Laboratory Method	Broth dilution	EUCAST
573.14415	Klebsiella pneumoniae KPN814ec	ciprofloxacin	Resistant	Laboratory Method	Broth dilution	CLSI
72407.494	Klebsiella pneumoniae subsp. pneumoniae strain 3189STDY5864839	ciprofloxacin	Resistant	Laboratory Method	Broth dilution	CLSI
573.14391	Klebsiella pneumoniae KPN778ec	ciprofloxacin	Resistant	Laboratory Method	Broth dilution	CLSI
573.29924	Klebsiella pneumoniae strain Kpngiani7132614	ciprofloxacin	Resistant	Laboratory Method	Broth dilution	EUCAST
573.26252	Klebsiella pneumoniae strain 5012STDY7626373	ciprofloxacin	Resistant	Laboratory Method	Broth dilution	
573.24428	Klebsiella pneumoniae strain MUGSI_66	ciprofloxacin	Resistant	Laboratory Method	Broth dilution	CLSI
573.15606	Klebsiella pneumoniae strain INF061	ciprofloxacin	Resistant	Laboratory Method	Broth dilution	CLSI
573.12971	Klebsiella pneumoniae 3303	ciprofloxacin	Resistant	Laboratory Method	Broth dilution	CLSI
72407.514	Klebsiella pneumoniae subsp. pneumoniae strain 3189STDY5864754	ciprofloxacin	Resistant	Laboratory Method	Broth dilution	CLSI
573.13367	Klebsiella pneumoniae KPN1426ec	ciprofloxacin	Resistant	Laboratory Method	Broth dilution	CLSI
573.13632	Klebsiella pneumoniae KPN172ec	ciprofloxacin	Resistant	Laboratory Method	Broth dilution	CLSI
573.29933	Klebsiella pneumoniae strain Kpngiani7132625	ciprofloxacin	Resistant	Laboratory Method	Broth dilution	EUCAST
573.12994	Klebsiella pneumoniae 3215	ciprofloxacin	Resistant	Laboratory Method	Broth dilution	CLSI
573.33418	Klebsiella pneumoniae strain PMK5b	ciprofloxacin	Resistant	Laboratory Method	Broth dilution	EUCAST
573.24396	Klebsiella pneumoniae strain MUGSI_312	ciprofloxacin	Resistant	Laboratory Method	Broth dilution	CLSI
573.1439	Klebsiella pneumoniae KPN777ec	ciprofloxacin	Resistant	Laboratory Method	Broth dilution	CLSI
573.46841	Klebsiella pneumoniae KP-15PI	ciprofloxacin	Resistant	Laboratory Method	Broth dilution	EUCAST
573.13593	Klebsiella pneumoniae KPN1690ec	ciprofloxacin	Resistant	Laboratory Method	Broth dilution	CLSI
1284825.3	Klebsiella pneumoniae VAKPC254	ciprofloxacin	Resistant	Laboratory Method		
573.14196	Klebsiella pneumoniae KPN507ec	ciprofloxacin	Resistant	Laboratory Method	Broth dilution	CLSI
573.15374	Klebsiella pneumoniae strain INF163	ciprofloxacin	Resistant	Laboratory Method	Broth dilution	CLSI
573.62713	Klebsiella pneumoniae MGL_K_6	ciprofloxacin	Resistant	Laboratory Method	Disk diffusion	
573.1809	Klebsiella pneumoniae strain AR_0141	ciprofloxacin	Resistant	Laboratory Method	Broth dilution	CLSI
573.24433	Klebsiella pneumoniae strain MUGSI_74	ciprofloxacin	Resistant	Laboratory Method	Broth dilution	CLSI
573.62701	Klebsiella pneumoniae 20200622_MGL_73	ciprofloxacin	Resistant	Laboratory Method	Disk diffusion	
573.13156	Klebsiella pneumoniae KPN1160ec	ciprofloxacin	Resistant	Laboratory Method	Broth dilution	CLSI
573.24425	Klebsiella pneumoniae strain MUGSI_63	ciprofloxacin	Resistant	Laboratory Method	Broth dilution	CLSI
573.67414	Klebsiella pneumoniae MGL_K_2	ciprofloxacin	Resistant	Laboratory Method	Disk diffusion	CLSI, EUCAST
573.14436	Klebsiella pneumoniae KPN841ec	ciprofloxacin	Resistant	Laboratory Method	Broth dilution	CLSI
573.46075	Klebsiella pneumoniae KSB2_5A	ciprofloxacin	Resistant	Laboratory Method	Broth dilution	CLSI
573.25568	Klebsiella pneumoniae strain 24_GR_13	ciprofloxacin	Resistant	Laboratory Method	Broth dilution	CLSI
573.15725	Klebsiella pneumoniae strain K1668	ciprofloxacin	Resistant	Laboratory Method	Disk diffusion	EUCAST
573.14353	Klebsiella pneumoniae KPN729ec	ciprofloxacin	Resistant	Laboratory Method	Broth dilution	CLSI
573.13504	Klebsiella pneumoniae KPN1578ec	ciprofloxacin	Resistant	Laboratory Method	Broth dilution	CLSI
573.12977	Klebsiella pneumoniae 3377	ciprofloxacin	Resistant	Laboratory Method	Broth dilution	CLSI
573.67419	Klebsiella pneumoniae MGL_134	ciprofloxacin	Resistant	Laboratory Method	Disk diffusion	CLSI, EUCAST
573.12858	Klebsiella pneumoniae 3243	ciprofloxacin	Resistant	Laboratory Method	Broth dilution	CLSI
573.15641	Klebsiella pneumoniae strain K1202	ciprofloxacin	Resistant	Laboratory Method	Disk diffusion	EUCAST
573.46835	Klebsiella pneumoniae KP-134LU	ciprofloxacin	Resistant	Laboratory Method	Broth dilution	EUCAST
573.14198	Klebsiella pneumoniae KPN509ec	ciprofloxacin	Resistant	Laboratory Method	Broth dilution	CLSI
573.5661	Klebsiella pneumoniae strain PB22	ciprofloxacin	Resistant	Laboratory Method	Broth dilution	EUCAST
573.13675	Klebsiella pneumoniae KPN1782ec	ciprofloxacin	Resistant	Laboratory Method	Broth dilution	CLSI
573.14367	Klebsiella pneumoniae KPN747ec	ciprofloxacin	Resistant	Laboratory Method	Broth dilution	CLSI
573.29901	Klebsiella pneumoniae strain Kpngiani7132605	ciprofloxacin	Resistant	Laboratory Method	Broth dilution	EUCAST
573.14524	Klebsiella pneumoniae KPN958ec	ciprofloxacin	Resistant	Laboratory Method	Broth dilution	CLSI
573.6715	Klebsiella pneumoniae KP_NORM_URN_2014_100377	ciprofloxacin	Resistant	Laboratory Method		EUCAST
573.13917	Klebsiella pneumoniae KPN2094ec	ciprofloxacin	Resistant	Laboratory Method	Broth dilution	CLSI
573.13298	Klebsiella pneumoniae KPN1337ec	ciprofloxacin	Resistant	Laboratory Method	Broth dilution	CLSI
573.22564	Klebsiella pneumoniae strain SU1	ciprofloxacin	Resistant	Laboratory Method		EUCAST
573.14346	Klebsiella pneumoniae KPN720ec	ciprofloxacin	Resistant	Laboratory Method	Broth dilution	CLSI
573.15468	Klebsiella pneumoniae strain 10315_6#59	ciprofloxacin	Resistant	Laboratory Method	Disk diffusion	CLSI
573.46831	Klebsiella pneumoniae KP-106LU	ciprofloxacin	Resistant	Laboratory Method	Broth dilution	EUCAST
573.24438	Klebsiella pneumoniae strain MUGSI_79	ciprofloxacin	Resistant	Laboratory Method	Broth dilution	CLSI
573.13202	Klebsiella pneumoniae KPN1211ec	ciprofloxacin	Resistant	Laboratory Method	Broth dilution	CLSI
573.14522	Klebsiella pneumoniae KPN956ec	ciprofloxacin	Resistant	Laboratory Method	Broth dilution	CLSI
573.13529	Klebsiella pneumoniae KPN1609ec	ciprofloxacin	Resistant	Laboratory Method	Broth dilution	CLSI
573.66183	Klebsiella pneumoniae KP_NORM_BLD_2014_107242	ciprofloxacin	Resistant	Laboratory Method		EUCAST
573.14044	Klebsiella pneumoniae KPN309ec	ciprofloxacin	Resistant	Laboratory Method	Broth dilution	CLSI
573.13616	Klebsiella pneumoniae KPN1713ec	ciprofloxacin	Resistant	Laboratory Method	Broth dilution	CLSI
573.29938	Klebsiella pneumoniae strain Kpngiani7132501	ciprofloxacin	Resistant	Laboratory Method	Broth dilution	EUCAST
573.24429	Klebsiella pneumoniae strain MUGSI_67	ciprofloxacin	Resistant	Laboratory Method	Broth dilution	CLSI
72407.583	Klebsiella pneumoniae subsp. pneumoniae strain 3189STDY5864800	ciprofloxacin	Resistant	Laboratory Method	Broth dilution	CLSI
573.14375	Klebsiella pneumoniae KPN756ec	ciprofloxacin	Resistant	Laboratory Method	Broth dilution	CLSI
72407.551	Klebsiella pneumoniae subsp. pneumoniae strain 3189STDY5864780	ciprofloxacin	Resistant	Laboratory Method	Broth dilution	CLSI
573.13388	Klebsiella pneumoniae KPN1447ec	ciprofloxacin	Resistant	Laboratory Method	Broth dilution	CLSI
573.13977	Klebsiella pneumoniae KPN232ec	ciprofloxacin	Resistant	Laboratory Method	Broth dilution	CLSI
573.13192	Klebsiella pneumoniae KPN1200ec	ciprofloxacin	Resistant	Laboratory Method	Broth dilution	CLSI
573.13251	Klebsiella pneumoniae KPN1272ec	ciprofloxacin	Resistant	Laboratory Method	Broth dilution	CLSI
573.15488	Klebsiella pneumoniae strain 10315_6#79	ciprofloxacin	Resistant	Laboratory Method	Disk diffusion	CLSI
573.24328	Klebsiella pneumoniae strain MUGSI_110	ciprofloxacin	Resistant	Laboratory Method	Broth dilution	CLSI
573.23207	Klebsiella pneumoniae strain KP_215	ciprofloxacin	Resistant	Laboratory Method	Disk diffusion	CLSI
573.571	Klebsiella pneumoniae strain W2-9-ERG2	ciprofloxacin	Resistant	Laboratory Method	Broth dilution	EUCAST
573.26156	Klebsiella pneumoniae strain 5012STDY7312588	ciprofloxacin	Resistant	Laboratory Method	Broth dilution	
573.13293	Klebsiella pneumoniae KPN1332ec	ciprofloxacin	Resistant	Laboratory Method	Broth dilution	CLSI
573.24363	Klebsiella pneumoniae strain MUGSI_16	ciprofloxacin	Resistant	Laboratory Method	Broth dilution	CLSI
573.13462	Klebsiella pneumoniae KPN1531ec	ciprofloxacin	Resistant	Laboratory Method	Broth dilution	CLSI
573.13135	Klebsiella pneumoniae KPN1134ec	ciprofloxacin	Resistant	Laboratory Method	Broth dilution	CLSI
573.62731	Klebsiella pneumoniae MGL_K_2	ciprofloxacin	Resistant	Laboratory Method	Disk diffusion	
573.14212	Klebsiella pneumoniae KPN526ec	ciprofloxacin	Resistant	Laboratory Method	Broth dilution	CLSI
573.24451	Klebsiella pneumoniae strain MUGSI_94	ciprofloxacin	Resistant	Laboratory Method	Broth dilution	CLSI
573.14213	Klebsiella pneumoniae KPN527ec	ciprofloxacin	Resistant	Laboratory Method	Broth dilution	CLSI
573.12932	Klebsiella pneumoniae 3393	ciprofloxacin	Resistant	Laboratory Method	Broth dilution	CLSI
573.66182	Klebsiella pneumoniae KP_NORM_BLD_2014_103973	ciprofloxacin	Resistant	Laboratory Method		EUCAST
72407.536	Klebsiella pneumoniae subsp. pneumoniae strain 3189STDY5864776	ciprofloxacin	Resistant	Laboratory Method	Broth dilution	CLSI
573.1431	Klebsiella pneumoniae KPN679ec	ciprofloxacin	Resistant	Laboratory Method	Broth dilution	CLSI
573.14005	Klebsiella pneumoniae KPN267ec	ciprofloxacin	Resistant	Laboratory Method	Broth dilution	CLSI
573.18543	Klebsiella pneumoniae strain AR_0140	ciprofloxacin	Resistant	Laboratory Method	Broth dilution	CLSI
573.14189	Klebsiella pneumoniae KPN482ec	ciprofloxacin	Resistant	Laboratory Method	Broth dilution	CLSI
573.13217	Klebsiella pneumoniae KPN1234ec	ciprofloxacin	Resistant	Laboratory Method	Broth dilution	CLSI
573.13561	Klebsiella pneumoniae KPN1652ec	ciprofloxacin	Resistant	Laboratory Method	Broth dilution	CLSI
573.46852	Klebsiella pneumoniae KP-23PI	ciprofloxacin	Resistant	Laboratory Method	Broth dilution	EUCAST
573.13684	Klebsiella pneumoniae KPN180ec	ciprofloxacin	Resistant	Laboratory Method	Broth dilution	CLSI
573.67142	Klebsiella pneumoniae KP_NORM_URN_2013_95439	ciprofloxacin	Resistant	Laboratory Method		EUCAST
573.1316	Klebsiella pneumoniae KPN1165ec	ciprofloxacin	Resistant	Laboratory Method	Broth dilution	CLSI
573.24327	Klebsiella pneumoniae strain MUGSI_103	ciprofloxacin	Resistant	Laboratory Method	Broth dilution	CLSI
573.13419	Klebsiella pneumoniae KPN1481ec	ciprofloxacin	Resistant	Laboratory Method	Broth dilution	CLSI
573.14343	Klebsiella pneumoniae KPN717ec	ciprofloxacin	Resistant	Laboratory Method	Broth dilution	CLSI
573.1725	Klebsiella pneumoniae strain KpVA-7	ciprofloxacin	Resistant	Laboratory Method	Disk diffusion	EUCAST
573.66894	Klebsiella pneumoniae KP_NORM_BLD_2011_76205	ciprofloxacin	Resistant	Laboratory Method		EUCAST
573.13947	Klebsiella pneumoniae KPN2155ec	ciprofloxacin	Resistant	Laboratory Method	Broth dilution	CLSI
573.1426	Klebsiella pneumoniae KPN587ec	ciprofloxacin	Resistant	Laboratory Method	Broth dilution	CLSI
573.13573	Klebsiella pneumoniae KPN1667ec	ciprofloxacin	Resistant	Laboratory Method	Broth dilution	CLSI
573.3107	Klebsiella pneumoniae strain PH9	ciprofloxacin	Resistant	Laboratory Method	Disk diffusion	CLSI
573.14538	Klebsiella pneumoniae KPN980ec	ciprofloxacin	Resistant	Laboratory Method	Broth dilution	CLSI
573.13093	Klebsiella pneumoniae KPN1085ec	ciprofloxacin	Resistant	Laboratory Method	Broth dilution	CLSI
573.6621	Klebsiella pneumoniae KP_NORM_BLD_2014_104014	ciprofloxacin	Resistant	Laboratory Method		EUCAST
573.15688	Klebsiella pneumoniae strain K811	ciprofloxacin	Resistant	Laboratory Method	Disk diffusion	EUCAST
573.66649	Klebsiella pneumoniae KP_NORM_BLD_114458	ciprofloxacin	Resistant	Laboratory Method		EUCAST
573.14244	Klebsiella pneumoniae KPN569ec	ciprofloxacin	Resistant	Laboratory Method	Broth dilution	CLSI
573.13951	Klebsiella pneumoniae KPN2159ec	ciprofloxacin	Resistant	Laboratory Method	Broth dilution	CLSI
573.13274	Klebsiella pneumoniae KPN130ec	ciprofloxacin	Resistant	Laboratory Method	Broth dilution	CLSI
573.1418	Klebsiella pneumoniae KPN470ec	ciprofloxacin	Resistant	Laboratory Method	Broth dilution	CLSI
573.15364	Klebsiella pneumoniae strain INF278	ciprofloxacin	Resistant	Laboratory Method	Broth dilution	CLSI
573.6271	Klebsiella pneumoniae MGL_K_9	ciprofloxacin	Resistant	Laboratory Method	Disk diffusion	
573.13066	Klebsiella pneumoniae KPN1044ec	ciprofloxacin	Resistant	Laboratory Method	Broth dilution	CLSI
573.14322	Klebsiella pneumoniae KPN692ec	ciprofloxacin	Resistant	Laboratory Method	Broth dilution	CLSI
573.13471	Klebsiella pneumoniae KPN1542ec	ciprofloxacin	Resistant	Laboratory Method	Broth dilution	CLSI
72407.532	Klebsiella pneumoniae subsp. pneumoniae strain 3189STDY5864865	ciprofloxacin	Resistant	Laboratory Method	Broth dilution	CLSI
573.22565	Klebsiella pneumoniae strain SU12	ciprofloxacin	Resistant	Laboratory Method		EUCAST
573.13469	Klebsiella pneumoniae KPN1539ec	ciprofloxacin	Resistant	Laboratory Method	Broth dilution	CLSI
573.12864	Klebsiella pneumoniae 3376	ciprofloxacin	Resistant	Laboratory Method	Broth dilution	CLSI
573.13986	Klebsiella pneumoniae KPN245ec	ciprofloxacin	Resistant	Laboratory Method	Broth dilution	CLSI
573.577	Klebsiella pneumoniae strain 8_GR_13	ciprofloxacin	Resistant	Laboratory Method	Broth dilution	CLSI
573.13914	Klebsiella pneumoniae KPN2091ec	ciprofloxacin	Resistant	Laboratory Method	Broth dilution	CLSI
573.13438	Klebsiella pneumoniae KPN1501ec	ciprofloxacin	Resistant	Laboratory Method	Broth dilution	CLSI
573.14364	Klebsiella pneumoniae KPN742ec	ciprofloxacin	Resistant	Laboratory Method	Broth dilution	CLSI
573.26276	Klebsiella pneumoniae strain 5012STDY7626399	ciprofloxacin	Resistant	Laboratory Method	Broth dilution	
573.29946	Klebsiella pneumoniae strain Kpngiani7132480	ciprofloxacin	Resistant	Laboratory Method	Broth dilution	EUCAST
573.62728	Klebsiella pneumoniae 20200317_MGL_34	ciprofloxacin	Resistant	Laboratory Method	Disk diffusion	
573.14329	Klebsiella pneumoniae KPN701ec	ciprofloxacin	Resistant	Laboratory Method	Broth dilution	CLSI
573.14085	Klebsiella pneumoniae KPN361ec	ciprofloxacin	Resistant	Laboratory Method	Broth dilution	CLSI
573.14243	Klebsiella pneumoniae KPN568ec	ciprofloxacin	Resistant	Laboratory Method	Broth dilution	CLSI
573.15665	Klebsiella pneumoniae strain K1049	ciprofloxacin	Resistant	Laboratory Method	Disk diffusion	EUCAST
573.26308	Klebsiella pneumoniae strain 5012STDY7626426	ciprofloxacin	Resistant	Laboratory Method	Broth dilution	
573.14535	Klebsiella pneumoniae KPN975ec	ciprofloxacin	Resistant	Laboratory Method	Broth dilution	CLSI
573.15691	Klebsiella pneumoniae strain K871	ciprofloxacin	Resistant	Laboratory Method	Disk diffusion	EUCAST
1438729.3	Klebsiella pneumoniae CHS 23	ciprofloxacin	Resistant	Laboratory Method	Broth dilution	
573.12867	Klebsiella pneumoniae 3345	ciprofloxacin	Resistant	Laboratory Method	Broth dilution	CLSI
573.14137	Klebsiella pneumoniae KPN417ec	ciprofloxacin	Resistant	Laboratory Method	Broth dilution	CLSI
573.14532	Klebsiella pneumoniae KPN968ec	ciprofloxacin	Resistant	Laboratory Method	Broth dilution	CLSI
573.15644	Klebsiella pneumoniae strain K1119	ciprofloxacin	Resistant	Laboratory Method	Disk diffusion	EUCAST
573.15669	Klebsiella pneumoniae strain K1064	ciprofloxacin	Resistant	Laboratory Method	Disk diffusion	EUCAST
573.14537	Klebsiella pneumoniae KPN978ec	ciprofloxacin	Resistant	Laboratory Method	Broth dilution	CLSI
573.7023	Klebsiella pneumoniae strain AR_0043	ciprofloxacin	Resistant	Laboratory Method	Broth dilution	CLSI
573.12914	Klebsiella pneumoniae 3275	ciprofloxacin	Resistant	Laboratory Method	Broth dilution	CLSI
573.24265	Klebsiella pneumoniae strain 22	ciprofloxacin	Resistant	Laboratory Method	Broth dilution	CLSI
573.14448	Klebsiella pneumoniae KPN863ec	ciprofloxacin	Resistant	Laboratory Method	Broth dilution	CLSI
573.14235	Klebsiella pneumoniae KPN558ec	ciprofloxacin	Resistant	Laboratory Method	Broth dilution	CLSI
573.14131	Klebsiella pneumoniae KPN411ec	ciprofloxacin	Resistant	Laboratory Method	Broth dilution	CLSI
573.14249	Klebsiella pneumoniae KPN575ec	ciprofloxacin	Resistant	Laboratory Method	Broth dilution	CLSI
573.13559	Klebsiella pneumoniae KPN1650ec	ciprofloxacin	Resistant	Laboratory Method	Broth dilution	CLSI
573.1445	Klebsiella pneumoniae KPN865ec	ciprofloxacin	Resistant	Laboratory Method	Broth dilution	CLSI
573.26117	Klebsiella pneumoniae strain 5012STDY7312735	ciprofloxacin	Resistant	Laboratory Method	Broth dilution	
573.5826	Klebsiella pneumoniae strain W2-13-ERG8	ciprofloxacin	Resistant	Laboratory Method	Broth dilution	EUCAST
573.67421	Klebsiella pneumoniae MGL_128	ciprofloxacin	Resistant	Laboratory Method	Disk diffusion	CLSI, EUCAST
573.13885	Klebsiella pneumoniae KPN2061ec	ciprofloxacin	Resistant	Laboratory Method	Broth dilution	CLSI
573.1868	Klebsiella pneumoniae strain AR_362	ciprofloxacin	Resistant	Laboratory Method	Broth dilution	CLSI
573.24292	Klebsiella pneumoniae strain 373	ciprofloxacin	Resistant	Laboratory Method	Broth dilution	CLSI
573.29948	Klebsiella pneumoniae strain Kpngiani7132481	ciprofloxacin	Resistant	Laboratory Method	Broth dilution	EUCAST
573.24263	Klebsiella pneumoniae strain 21	ciprofloxacin	Resistant	Laboratory Method	Broth dilution	CLSI
573.13249	Klebsiella pneumoniae KPN1270ec	ciprofloxacin	Resistant	Laboratory Method	Broth dilution	CLSI
573.13968	Klebsiella pneumoniae KPN221ec	ciprofloxacin	Resistant	Laboratory Method	Broth dilution	CLSI
573.13201	Klebsiella pneumoniae KPN1210ec	ciprofloxacin	Resistant	Laboratory Method	Broth dilution	CLSI
573.14031	Klebsiella pneumoniae KPN294ec	ciprofloxacin	Resistant	Laboratory Method	Broth dilution	CLSI
573.15435	Klebsiella pneumoniae strain 10315_6#17	ciprofloxacin	Resistant	Laboratory Method	Disk diffusion	CLSI
573.22555	Klebsiella pneumoniae strain SU11	ciprofloxacin	Resistant	Laboratory Method		EUCAST
573.13041	Klebsiella pneumoniae KPN1014ec	ciprofloxacin	Resistant	Laboratory Method	Broth dilution	CLSI
573.29877	Klebsiella pneumoniae strain Kpngiani7132561	ciprofloxacin	Resistant	Laboratory Method	Broth dilution	EUCAST
573.13239	Klebsiella pneumoniae KPN1260ec	ciprofloxacin	Resistant	Laboratory Method	Broth dilution	CLSI
573.62736	Klebsiella pneumoniae MGL_128	ciprofloxacin	Resistant	Laboratory Method	Disk diffusion	
72407.538	Klebsiella pneumoniae subsp. pneumoniae strain 3189STDY5864872	ciprofloxacin	Resistant	Laboratory Method	Broth dilution	CLSI
573.13011	Klebsiella pneumoniae 3221	ciprofloxacin	Resistant	Laboratory Method	Broth dilution	CLSI
72407.556	Klebsiella pneumoniae subsp. pneumoniae strain 3189STDY5864878	ciprofloxacin	Resistant	Laboratory Method	Broth dilution	CLSI
573.13649	Klebsiella pneumoniae KPN1753ec	ciprofloxacin	Resistant	Laboratory Method	Broth dilution	CLSI
573.13958	Klebsiella pneumoniae KPN2169ec	ciprofloxacin	Resistant	Laboratory Method	Broth dilution	CLSI
573.15708	Klebsiella pneumoniae strain K1075	ciprofloxacin	Resistant	Laboratory Method	Disk diffusion	EUCAST
573.12957	Klebsiella pneumoniae 3252	ciprofloxacin	Resistant	Laboratory Method	Broth dilution	CLSI
573.46867	Klebsiella pneumoniae KP-51LI	ciprofloxacin	Resistant	Laboratory Method	Broth dilution	EUCAST
573.13276	Klebsiella pneumoniae KPN1312ec	ciprofloxacin	Resistant	Laboratory Method	Broth dilution	CLSI
573.12782	Klebsiella pneumoniae strain AR_0148	ciprofloxacin	Resistant	Laboratory Method	Broth dilution	CLSI
573.13567	Klebsiella pneumoniae KPN1660ec	ciprofloxacin	Resistant	Laboratory Method	Broth dilution	CLSI
573.30009	Klebsiella pneumoniae strain Kpngiani7132549	ciprofloxacin	Resistant	Laboratory Method	Broth dilution	EUCAST
573.1338	Klebsiella pneumoniae KPN1439ec	ciprofloxacin	Resistant	Laboratory Method	Broth dilution	CLSI
1438779.3	Klebsiella pneumoniae CHS 75	ciprofloxacin	Resistant	Laboratory Method	Broth dilution	
573.14014	Klebsiella pneumoniae KPN276ec	ciprofloxacin	Resistant	Laboratory Method	Broth dilution	CLSI
573.67384	Klebsiella pneumoniae 20200622_MGL_73	ciprofloxacin	Resistant	Laboratory Method	Disk diffusion	CLSI, EUCAST
573.24289	Klebsiella pneumoniae strain 351	ciprofloxacin	Resistant	Laboratory Method	Broth dilution	CLSI
573.15663	Klebsiella pneumoniae strain K1040	ciprofloxacin	Resistant	Laboratory Method	Disk diffusion	EUCAST
573.13173	Klebsiella pneumoniae KPN1181ec	ciprofloxacin	Resistant	Laboratory Method	Broth dilution	CLSI
573.66194	Klebsiella pneumoniae KP_NORM_URN_2015_109356	ciprofloxacin	Resistant	Laboratory Method		EUCAST
573.13635	Klebsiella pneumoniae KPN1735ec	ciprofloxacin	Resistant	Laboratory Method	Broth dilution	CLSI
573.13624	Klebsiella pneumoniae KPN1721ec	ciprofloxacin	Resistant	Laboratory Method	Broth dilution	CLSI
573.33415	Klebsiella pneumoniae strain PMK4a	ciprofloxacin	Resistant	Laboratory Method	Broth dilution	EUCAST
573.13956	Klebsiella pneumoniae KPN2167ec	ciprofloxacin	Resistant	Laboratory Method	Broth dilution	CLSI
573.1428	Klebsiella pneumoniae KPN613ec	ciprofloxacin	Resistant	Laboratory Method	Broth dilution	CLSI
573.6694	Klebsiella pneumoniae KP_NORM_BLD_2015_116374	ciprofloxacin	Resistant	Laboratory Method		EUCAST
573.1572	Klebsiella pneumoniae strain K1367	ciprofloxacin	Resistant	Laboratory Method	Disk diffusion	EUCAST
573.14174	Klebsiella pneumoniae KPN463ec	ciprofloxacin	Resistant	Laboratory Method	Broth dilution	CLSI
573.67388	Klebsiella pneumoniae 20200622_MGL_68	ciprofloxacin	Resistant	Laboratory Method	Disk diffusion	CLSI, EUCAST
573.14081	Klebsiella pneumoniae KPN356ec	ciprofloxacin	Resistant	Laboratory Method	Broth dilution	CLSI
573.1388	Klebsiella pneumoniae KPN2055ec	ciprofloxacin	Resistant	Laboratory Method	Broth dilution	CLSI
574.26	Klebsiella pneumoniae subsp. ozaenae strain 6	ciprofloxacin	Resistant	Laboratory Method	Broth dilution	CLSI
573.15595	Klebsiella pneumoniae strain KSB1_6J	ciprofloxacin	Resistant	Laboratory Method	Broth dilution	CLSI
573.29906	Klebsiella pneumoniae strain Kpngiani7132609	ciprofloxacin	Resistant	Laboratory Method	Broth dilution	EUCAST
573.31086	Klebsiella pneumoniae strain BKQ2KD	ciprofloxacin	Resistant	Laboratory Method	Disk diffusion	British Society for Antimicrobial Chemotherapy (BSAC)
573.13307	Klebsiella pneumoniae KPN1347ec	ciprofloxacin	Resistant	Laboratory Method	Broth dilution	CLSI
573.66856	Klebsiella pneumoniae KP_NORM_BLD_2009_61035	ciprofloxacin	Resistant	Laboratory Method		EUCAST
573.13327	Klebsiella pneumoniae KPN1373ec	ciprofloxacin	Resistant	Laboratory Method	Broth dilution	CLSI
573.66887	Klebsiella pneumoniae KP_NORM_BLD_2011_74862	ciprofloxacin	Resistant	Laboratory Method		EUCAST
573.23205	Klebsiella pneumoniae strain KP_301	ciprofloxacin	Resistant	Laboratory Method	Disk diffusion	CLSI
573.15482	Klebsiella pneumoniae strain 10315_6#73	ciprofloxacin	Resistant	Laboratory Method	Disk diffusion	CLSI
573.12942	Klebsiella pneumoniae 3353	ciprofloxacin	Resistant	Laboratory Method	Broth dilution	CLSI
573.13177	Klebsiella pneumoniae KPN1185ec	ciprofloxacin	Resistant	Laboratory Method	Broth dilution	CLSI
573.14253	Klebsiella pneumoniae KPN579ec	ciprofloxacin	Resistant	Laboratory Method	Broth dilution	CLSI
573.15651	Klebsiella pneumoniae strain K954	ciprofloxacin	Resistant	Laboratory Method	Disk diffusion	EUCAST
573.24331	Klebsiella pneumoniae strain MUGSI_113	ciprofloxacin	Resistant	Laboratory Method	Broth dilution	CLSI
573.24437	Klebsiella pneumoniae strain MUGSI_78	ciprofloxacin	Resistant	Laboratory Method	Broth dilution	CLSI
573.261	Klebsiella pneumoniae strain 5012STDY7312702	ciprofloxacin	Resistant	Laboratory Method	Broth dilution	
573.67393	Klebsiella pneumoniae MGL_K_12	ciprofloxacin	Resistant	Laboratory Method	Disk diffusion	CLSI, EUCAST
573.46853	Klebsiella pneumoniae KP-24PI	ciprofloxacin	Resistant	Laboratory Method	Broth dilution	EUCAST
573.24431	Klebsiella pneumoniae strain MUGSI_69	ciprofloxacin	Resistant	Laboratory Method	Broth dilution	CLSI
573.29943	Klebsiella pneumoniae strain Kpngiani7132497	ciprofloxacin	Resistant	Laboratory Method	Broth dilution	EUCAST
573.143	Klebsiella pneumoniae KPN649ec	ciprofloxacin	Resistant	Laboratory Method	Broth dilution	CLSI
1438768.3	Klebsiella pneumoniae CHS 62	ciprofloxacin	Resistant	Laboratory Method	Broth dilution	
573.14434	Klebsiella pneumoniae KPN839ec	ciprofloxacin	Resistant	Laboratory Method	Broth dilution	CLSI
573.13695	Klebsiella pneumoniae KPN1830ec	ciprofloxacin	Resistant	Laboratory Method	Broth dilution	CLSI
573.15713	Klebsiella pneumoniae strain K1144	ciprofloxacin	Resistant	Laboratory Method	Disk diffusion	EUCAST
573.15677	Klebsiella pneumoniae strain K725	ciprofloxacin	Resistant	Laboratory Method	Disk diffusion	EUCAST
573.67168	Klebsiella pneumoniae KP_NORM_URN_2015_107993	ciprofloxacin	Resistant	Laboratory Method		EUCAST
573.12894	Klebsiella pneumoniae 3264	ciprofloxacin	Resistant	Laboratory Method	Broth dilution	CLSI
573.14079	Klebsiella pneumoniae KPN354ec	ciprofloxacin	Resistant	Laboratory Method	Broth dilution	CLSI
573.66174	Klebsiella pneumoniae KP_NORM_BLD_2013_91760	ciprofloxacin	Resistant	Laboratory Method		EUCAST
573.13796	Klebsiella pneumoniae KPN1949ec	ciprofloxacin	Resistant	Laboratory Method	Broth dilution	CLSI
573.24357	Klebsiella pneumoniae strain MUGSI_149	ciprofloxacin	Resistant	Laboratory Method	Broth dilution	CLSI
573.13395	Klebsiella pneumoniae KPN1454ec	ciprofloxacin	Resistant	Laboratory Method	Broth dilution	CLSI
573.13911	Klebsiella pneumoniae KPN2088ec	ciprofloxacin	Resistant	Laboratory Method	Broth dilution	CLSI
573.29976	Klebsiella pneumoniae strain Kpngiani7132515	ciprofloxacin	Resistant	Laboratory Method	Broth dilution	EUCAST
573.13819	Klebsiella pneumoniae KPN1986ec	ciprofloxacin	Resistant	Laboratory Method	Broth dilution	CLSI
573.5821	Klebsiella pneumoniae strain W2-13-ERG1	ciprofloxacin	Resistant	Laboratory Method	Broth dilution	EUCAST
573.13539	Klebsiella pneumoniae KPN1621ec	ciprofloxacin	Resistant	Laboratory Method	Broth dilution	CLSI
573.29928	Klebsiella pneumoniae strain Kpngiani7132628	ciprofloxacin	Resistant	Laboratory Method	Broth dilution	EUCAST
72407.502	Klebsiella pneumoniae subsp. pneumoniae strain 3189STDY5864744	ciprofloxacin	Resistant	Laboratory Method	Broth dilution	CLSI
72407.571	Klebsiella pneumoniae subsp. pneumoniae strain 3189STDY5864891	ciprofloxacin	Resistant	Laboratory Method	Broth dilution	CLSI
573.20063	Klebsiella pneumoniae strain AR_0097	ciprofloxacin	Resistant	Laboratory Method	Broth dilution	CLSI
573.62688	Klebsiella pneumoniae MGL_88	ciprofloxacin	Resistant	Laboratory Method	Disk diffusion	
573.12887	Klebsiella pneumoniae 3314	ciprofloxacin	Resistant	Laboratory Method	Broth dilution	CLSI
573.66711	Klebsiella pneumoniae KP_NORM_BLD_116371	ciprofloxacin	Resistant	Laboratory Method		EUCAST
573.22557	Klebsiella pneumoniae strain SU13	ciprofloxacin	Resistant	Laboratory Method		EUCAST
573.13238	Klebsiella pneumoniae KPN125ec	ciprofloxacin	Resistant	Laboratory Method	Broth dilution	CLSI
573.13147	Klebsiella pneumoniae KPN1149ec	ciprofloxacin	Resistant	Laboratory Method	Broth dilution	CLSI
573.66864	Klebsiella pneumoniae KP_NORM_BLD_2009_62208	ciprofloxacin	Resistant	Laboratory Method		EUCAST
573.26085	Klebsiella pneumoniae strain 5012STDY7312717	ciprofloxacin	Resistant	Laboratory Method	Broth dilution	
72407.492	Klebsiella pneumoniae subsp. pneumoniae strain 3189STDY5864740	ciprofloxacin	Resistant	Laboratory Method	Broth dilution	CLSI
573.1434	Klebsiella pneumoniae KPN714ec	ciprofloxacin	Resistant	Laboratory Method	Broth dilution	CLSI
573.23221	Klebsiella pneumoniae strain KP_044	ciprofloxacin	Resistant	Laboratory Method	Disk diffusion	CLSI
573.5824	Klebsiella pneumoniae strain W2-15-ERG3	ciprofloxacin	Resistant	Laboratory Method	Broth dilution	EUCAST
573.13247	Klebsiella pneumoniae KPN1269ec	ciprofloxacin	Resistant	Laboratory Method	Broth dilution	CLSI
72407.491	Klebsiella pneumoniae subsp. pneumoniae strain 3189STDY5864749	ciprofloxacin	Resistant	Laboratory Method	Broth dilution	CLSI
573.66932	Klebsiella pneumoniae KP_NORM_BLD_2015_111587	ciprofloxacin	Resistant	Laboratory Method		EUCAST
573.15436	Klebsiella pneumoniae strain 10315_6#13	ciprofloxacin	Resistant	Laboratory Method	Disk diffusion	CLSI
573.24368	Klebsiella pneumoniae strain MUGSI_173	ciprofloxacin	Resistant	Laboratory Method	Broth dilution	CLSI
573.66871	Klebsiella pneumoniae KP_NORM_BLD_2010_70364	ciprofloxacin	Resistant	Laboratory Method		EUCAST
573.14526	Klebsiella pneumoniae KPN960ec	ciprofloxacin	Resistant	Laboratory Method	Broth dilution	CLSI
573.24379	Klebsiella pneumoniae strain MUGSI_22	ciprofloxacin	Resistant	Laboratory Method	Broth dilution	CLSI
573.13107	Klebsiella pneumoniae KPN1103ec	ciprofloxacin	Resistant	Laboratory Method	Broth dilution	CLSI
573.9723	Klebsiella pneumoniae strain AR_0115	ciprofloxacin	Resistant	Laboratory Method	Broth dilution	CLSI
573.13686	Klebsiella pneumoniae KPN1818ec	ciprofloxacin	Resistant	Laboratory Method	Broth dilution	CLSI
573.13754	Klebsiella pneumoniae KPN1893ec	ciprofloxacin	Resistant	Laboratory Method	Broth dilution	CLSI
573.14139	Klebsiella pneumoniae KPN419ec	ciprofloxacin	Resistant	Laboratory Method	Broth dilution	CLSI
573.145	Klebsiella pneumoniae KPN928ec	ciprofloxacin	Resistant	Laboratory Method	Broth dilution	CLSI
573.14242	Klebsiella pneumoniae KPN567ec	ciprofloxacin	Resistant	Laboratory Method	Broth dilution	CLSI
573.13908	Klebsiella pneumoniae KPN2085ec	ciprofloxacin	Resistant	Laboratory Method	Broth dilution	CLSI
573.13973	Klebsiella pneumoniae KPN227ec	ciprofloxacin	Resistant	Laboratory Method	Broth dilution	CLSI
573.24262	Klebsiella pneumoniae strain 201	ciprofloxacin	Resistant	Laboratory Method	Broth dilution	CLSI
573.14288	Klebsiella pneumoniae KPN621ec	ciprofloxacin	Resistant	Laboratory Method	Broth dilution	CLSI
573.15618	Klebsiella pneumoniae strain KSB2_5A	ciprofloxacin	Resistant	Laboratory Method	Broth dilution	CLSI
573.15678	Klebsiella pneumoniae strain K727	ciprofloxacin	Resistant	Laboratory Method	Disk diffusion	EUCAST
573.14517	Klebsiella pneumoniae KPN950ec	ciprofloxacin	Resistant	Laboratory Method	Broth dilution	CLSI
573.12931	Klebsiella pneumoniae 3265	ciprofloxacin	Resistant	Laboratory Method	Broth dilution	CLSI
573.1334	Klebsiella pneumoniae KPN1390ec	ciprofloxacin	Resistant	Laboratory Method	Broth dilution	CLSI
573.14147	Klebsiella pneumoniae KPN427ec	ciprofloxacin	Resistant	Laboratory Method	Broth dilution	CLSI
573.15693	Klebsiella pneumoniae strain K875	ciprofloxacin	Resistant	Laboratory Method	Disk diffusion	EUCAST
573.2256	Klebsiella pneumoniae strain SU5	ciprofloxacin	Resistant	Laboratory Method		EUCAST
573.62691	Klebsiella pneumoniae MGL_104	ciprofloxacin	Resistant	Laboratory Method	Disk diffusion	
573.13809	Klebsiella pneumoniae KPN1973ec	ciprofloxacin	Resistant	Laboratory Method	Broth dilution	CLSI
573.66185	Klebsiella pneumoniae KP_NORM_BLD_2015_112901	ciprofloxacin	Resistant	Laboratory Method		EUCAST
1284828.3	Klebsiella pneumoniae VAKPC280	ciprofloxacin	Resistant	Laboratory Method		
573.13909	Klebsiella pneumoniae KPN2086ec	ciprofloxacin	Resistant	Laboratory Method	Broth dilution	CLSI
72407.548	Klebsiella pneumoniae subsp. pneumoniae strain 3189STDY5864870	ciprofloxacin	Resistant	Laboratory Method	Broth dilution	CLSI
573.5701	Klebsiella pneumoniae strain PB388	ciprofloxacin	Resistant	Laboratory Method	Broth dilution	EUCAST
573.13544	Klebsiella pneumoniae KPN1627ec	ciprofloxacin	Resistant	Laboratory Method	Broth dilution	CLSI
573.1731	Klebsiella pneumoniae strain KpVA-13	ciprofloxacin	Resistant	Laboratory Method	Disk diffusion	EUCAST
573.13685	Klebsiella pneumoniae KPN1817ec	ciprofloxacin	Resistant	Laboratory Method	Broth dilution	CLSI
573.62725	Klebsiella pneumoniae MGL_169	ciprofloxacin	Resistant	Laboratory Method	Disk diffusion	
573.15042	Klebsiella pneumoniae strain AR_0158	ciprofloxacin	Resistant	Laboratory Method	Broth dilution	CLSI
573.1558	Klebsiella pneumoniae strain KSB2_10B	ciprofloxacin	Resistant	Laboratory Method	Broth dilution	CLSI
573.15679	Klebsiella pneumoniae strain K726	ciprofloxacin	Resistant	Laboratory Method	Disk diffusion	EUCAST
573.29911	Klebsiella pneumoniae strain Kpngiani7132595	ciprofloxacin	Resistant	Laboratory Method	Broth dilution	EUCAST
573.15698	Klebsiella pneumoniae strain K756	ciprofloxacin	Resistant	Laboratory Method	Disk diffusion	EUCAST
573.1299	Klebsiella pneumoniae 3226	ciprofloxacin	Resistant	Laboratory Method	Broth dilution	CLSI
573.13611	Klebsiella pneumoniae KPN1708ec	ciprofloxacin	Resistant	Laboratory Method	Broth dilution	CLSI
573.14003	Klebsiella pneumoniae KPN264ec	ciprofloxacin	Resistant	Laboratory Method	Broth dilution	CLSI
573.23213	Klebsiella pneumoniae strain KP_123	ciprofloxacin	Resistant	Laboratory Method	Disk diffusion	CLSI
573.13072	Klebsiella pneumoniae KPN1053ec	ciprofloxacin	Resistant	Laboratory Method	Broth dilution	CLSI
573.31097	Klebsiella pneumoniae strain D40443	ciprofloxacin	Resistant	Laboratory Method	Disk diffusion	British Society for Antimicrobial Chemotherapy (BSAC)
573.14274	Klebsiella pneumoniae KPN605ec	ciprofloxacin	Resistant	Laboratory Method	Broth dilution	CLSI
573.13018	Klebsiella pneumoniae 3319	ciprofloxacin	Resistant	Laboratory Method	Broth dilution	CLSI
573.13034	Klebsiella pneumoniae KPN1004ec	ciprofloxacin	Resistant	Laboratory Method	Broth dilution	CLSI
573.14457	Klebsiella pneumoniae KPN875ec	ciprofloxacin	Resistant	Laboratory Method	Broth dilution	CLSI
72407.579	Klebsiella pneumoniae subsp. pneumoniae strain 3189STDY5864797	ciprofloxacin	Resistant	Laboratory Method	Broth dilution	CLSI
573.18476	Klebsiella pneumoniae strain CCUG 70742	ciprofloxacin	Resistant	Laboratory Method	Broth dilution	EUCAST
573.29894	Klebsiella pneumoniae strain Kpngiani7132591	ciprofloxacin	Resistant	Laboratory Method	Broth dilution	EUCAST
573.13621	Klebsiella pneumoniae KPN1718ec	ciprofloxacin	Resistant	Laboratory Method	Broth dilution	CLSI
573.5823	Klebsiella pneumoniae strain W2-13-ERG3	ciprofloxacin	Resistant	Laboratory Method	Broth dilution	EUCAST
1304924.3	Klebsiella pneumoniae 646_1568	ciprofloxacin	Resistant	Laboratory Method		
573.24341	Klebsiella pneumoniae strain MUGSI_124	ciprofloxacin	Resistant	Laboratory Method	Broth dilution	CLSI
573.26248	Klebsiella pneumoniae strain 5012STDY7626367	ciprofloxacin	Resistant	Laboratory Method	Broth dilution	
1438737.3	Klebsiella pneumoniae CHS 31	ciprofloxacin	Resistant	Laboratory Method	Broth dilution	
573.13023	Klebsiella pneumoniae 3235	ciprofloxacin	Resistant	Laboratory Method	Broth dilution	CLSI
573.2433	Klebsiella pneumoniae strain MUGSI_112	ciprofloxacin	Resistant	Laboratory Method	Broth dilution	CLSI
573.13322	Klebsiella pneumoniae KPN1364ec	ciprofloxacin	Resistant	Laboratory Method	Broth dilution	CLSI
573.13607	Klebsiella pneumoniae KPN1704ec	ciprofloxacin	Resistant	Laboratory Method	Broth dilution	CLSI
573.29863	Klebsiella pneumoniae strain Kpngiani7132562	ciprofloxacin	Resistant	Laboratory Method	Broth dilution	EUCAST
573.13679	Klebsiella pneumoniae KPN1786ec	ciprofloxacin	Resistant	Laboratory Method	Broth dilution	CLSI
573.14292	Klebsiella pneumoniae KPN629ec	ciprofloxacin	Resistant	Laboratory Method	Broth dilution	CLSI
573.13158	Klebsiella pneumoniae KPN1163ec	ciprofloxacin	Resistant	Laboratory Method	Broth dilution	CLSI
573.13625	Klebsiella pneumoniae KPN1722ec	ciprofloxacin	Resistant	Laboratory Method	Broth dilution	CLSI
573.5649	Klebsiella pneumoniae strain DHQP1002001	ciprofloxacin	Resistant	Laboratory Method	Broth dilution	CLSI
573.46866	Klebsiella pneumoniae KP-50LI	ciprofloxacin	Resistant	Laboratory Method	Broth dilution	EUCAST
573.13913	Klebsiella pneumoniae KPN2090ec	ciprofloxacin	Resistant	Laboratory Method	Broth dilution	CLSI
573.24398	Klebsiella pneumoniae strain MUGSI_316	ciprofloxacin	Resistant	Laboratory Method	Broth dilution	CLSI
573.12952	Klebsiella pneumoniae 3324	ciprofloxacin	Resistant	Laboratory Method	Broth dilution	CLSI
573.66914	Klebsiella pneumoniae KP_NORM_BLD_2013_91700	ciprofloxacin	Resistant	Laboratory Method		EUCAST
573.13271	Klebsiella pneumoniae KPN1305ec	ciprofloxacin	Resistant	Laboratory Method	Broth dilution	CLSI
573.13817	Klebsiella pneumoniae KPN1984ec	ciprofloxacin	Resistant	Laboratory Method	Broth dilution	CLSI
573.15614	Klebsiella pneumoniae strain KSB2_2B	ciprofloxacin	Resistant	Laboratory Method	Broth dilution	CLSI
573.12936	Klebsiella pneumoniae 3323	ciprofloxacin	Resistant	Laboratory Method	Broth dilution	CLSI
573.7022	Klebsiella pneumoniae strain AR_0042	ciprofloxacin	Resistant	Laboratory Method	Broth dilution	CLSI
573.66879	Klebsiella pneumoniae KP_NORM_BLD_2011_74194	ciprofloxacin	Resistant	Laboratory Method		EUCAST
573.13342	Klebsiella pneumoniae KPN1397ec	ciprofloxacin	Resistant	Laboratory Method	Broth dilution	CLSI
573.2428	Klebsiella pneumoniae strain 31	ciprofloxacin	Resistant	Laboratory Method	Broth dilution	CLSI
573.14518	Klebsiella pneumoniae KPN952ec	ciprofloxacin	Resistant	Laboratory Method	Broth dilution	CLSI
573.29954	Klebsiella pneumoniae strain Kpngiani7132491	ciprofloxacin	Resistant	Laboratory Method	Broth dilution	EUCAST
573.13281	Klebsiella pneumoniae KPN131ec	ciprofloxacin	Resistant	Laboratory Method	Broth dilution	CLSI
1284810.3	Klebsiella pneumoniae UHKPC09	ciprofloxacin	Resistant	Laboratory Method		
573.24362	Klebsiella pneumoniae strain MUGSI_159	ciprofloxacin	Resistant	Laboratory Method	Broth dilution	CLSI
72407.477	Klebsiella pneumoniae subsp. pneumoniae strain 3189STDY5864735	ciprofloxacin	Resistant	Laboratory Method	Broth dilution	CLSI
573.67163	Klebsiella pneumoniae KP_NORM_URN_2014_99206	ciprofloxacin	Resistant	Laboratory Method		EUCAST
573.1363	Klebsiella pneumoniae KPN1728ec	ciprofloxacin	Resistant	Laboratory Method	Broth dilution	CLSI
573.14315	Klebsiella pneumoniae KPN684ec	ciprofloxacin	Resistant	Laboratory Method	Broth dilution	CLSI
573.1317	Klebsiella pneumoniae KPN1177ec	ciprofloxacin	Resistant	Laboratory Method	Broth dilution	CLSI
573.14151	Klebsiella pneumoniae KPN432ec	ciprofloxacin	Resistant	Laboratory Method	Broth dilution	CLSI
573.13709	Klebsiella pneumoniae KPN1847ec	ciprofloxacin	Resistant	Laboratory Method	Broth dilution	CLSI
573.13397	Klebsiella pneumoniae KPN1456ec	ciprofloxacin	Resistant	Laboratory Method	Broth dilution	CLSI
573.46857	Klebsiella pneumoniae KP-27PI	ciprofloxacin	Resistant	Laboratory Method	Broth dilution	EUCAST
573.13932	Klebsiella pneumoniae KPN2115ec	ciprofloxacin	Resistant	Laboratory Method	Broth dilution	CLSI
573.14452	Klebsiella pneumoniae KPN867ec	ciprofloxacin	Resistant	Laboratory Method	Broth dilution	CLSI
573.14445	Klebsiella pneumoniae KPN857ec	ciprofloxacin	Resistant	Laboratory Method	Broth dilution	CLSI
573.13721	Klebsiella pneumoniae KPN1859ec	ciprofloxacin	Resistant	Laboratory Method	Broth dilution	CLSI
573.14191	Klebsiella pneumoniae KPN484ec	ciprofloxacin	Resistant	Laboratory Method	Broth dilution	CLSI
573.13164	Klebsiella pneumoniae KPN1169ec	ciprofloxacin	Resistant	Laboratory Method	Broth dilution	CLSI
573.14402	Klebsiella pneumoniae KPN795ec	ciprofloxacin	Resistant	Laboratory Method	Broth dilution	CLSI
1284805.4	Klebsiella pneumoniae UHKPC17	ciprofloxacin	Resistant	Laboratory Method		
573.30006	Klebsiella pneumoniae strain Kpngiani7132540	ciprofloxacin	Resistant	Laboratory Method	Broth dilution	EUCAST
573.13698	Klebsiella pneumoniae KPN1834ec	ciprofloxacin	Resistant	Laboratory Method	Broth dilution	CLSI
573.29979	Klebsiella pneumoniae strain Kpngiani7132525	ciprofloxacin	Resistant	Laboratory Method	Broth dilution	EUCAST
573.13436	Klebsiella pneumoniae KPN1499ec	ciprofloxacin	Resistant	Laboratory Method	Broth dilution	CLSI
1438725.3	Klebsiella pneumoniae CHS 19	ciprofloxacin	Resistant	Laboratory Method	Broth dilution	
573.1315	Klebsiella pneumoniae KPN1152ec	ciprofloxacin	Resistant	Laboratory Method	Broth dilution	CLSI
573.13855	Klebsiella pneumoniae KPN2027ec	ciprofloxacin	Resistant	Laboratory Method	Broth dilution	CLSI
573.1443	Klebsiella pneumoniae KPN835ec	ciprofloxacin	Resistant	Laboratory Method	Broth dilution	CLSI
573.67377	Klebsiella pneumoniae MGL_89	ciprofloxacin	Resistant	Laboratory Method	Disk diffusion	CLSI, EUCAST
573.24307	Klebsiella pneumoniae strain 460	ciprofloxacin	Resistant	Laboratory Method	Broth dilution	CLSI
573.13033	Klebsiella pneumoniae KPN1002ec	ciprofloxacin	Resistant	Laboratory Method	Broth dilution	CLSI
573.14169	Klebsiella pneumoniae KPN457ec	ciprofloxacin	Resistant	Laboratory Method	Broth dilution	CLSI
573.66889	Klebsiella pneumoniae KP_NORM_BLD_2011_75132	ciprofloxacin	Resistant	Laboratory Method		EUCAST
573.65893	Klebsiella pneumoniae 003-E1-DxU	ciprofloxacin	Resistant	Laboratory Method	Disk diffusion	CLSI
573.66196	Klebsiella pneumoniae KP_NORM_BLD_2009_61895	ciprofloxacin	Resistant	Laboratory Method		EUCAST
573.22567	Klebsiella pneumoniae strain SU10	ciprofloxacin	Resistant	Laboratory Method		EUCAST
573.1372	Klebsiella pneumoniae KPN1857ec	ciprofloxacin	Resistant	Laboratory Method	Broth dilution	CLSI
573.26122	Klebsiella pneumoniae strain 5012STDY7312577	ciprofloxacin	Resistant	Laboratory Method	Broth dilution	
573.14321	Klebsiella pneumoniae KPN691ec	ciprofloxacin	Resistant	Laboratory Method	Broth dilution	CLSI
573.15609	Klebsiella pneumoniae strain KSB1_5H	ciprofloxacin	Resistant	Laboratory Method	Broth dilution	CLSI
573.24395	Klebsiella pneumoniae strain MUGSI_311	ciprofloxacin	Resistant	Laboratory Method	Broth dilution	CLSI
573.15603	Klebsiella pneumoniae strain KSB1_5D	ciprofloxacin	Resistant	Laboratory Method	Broth dilution	CLSI
573.46862	Klebsiella pneumoniae KP-38LI	ciprofloxacin	Resistant	Laboratory Method	Broth dilution	EUCAST
573.1391	Klebsiella pneumoniae KPN2087ec	ciprofloxacin	Resistant	Laboratory Method	Broth dilution	CLSI
573.67148	Klebsiella pneumoniae KP_NORM_URN_2013_95788	ciprofloxacin	Resistant	Laboratory Method		EUCAST
573.13428	Klebsiella pneumoniae KPN1490ec	ciprofloxacin	Resistant	Laboratory Method	Broth dilution	CLSI
573.14	Klebsiella pneumoniae KPN261ec	ciprofloxacin	Resistant	Laboratory Method	Broth dilution	CLSI
573.13718	Klebsiella pneumoniae KPN1855ec	ciprofloxacin	Resistant	Laboratory Method	Broth dilution	CLSI
573.66899	Klebsiella pneumoniae KP_NORM_BLD_2012_84379	ciprofloxacin	Resistant	Laboratory Method		EUCAST
573.24415	Klebsiella pneumoniae strain MUGSI_49	ciprofloxacin	Resistant	Laboratory Method	Broth dilution	CLSI
573.14285	Klebsiella pneumoniae KPN618ec	ciprofloxacin	Resistant	Laboratory Method	Broth dilution	CLSI
573.13782	Klebsiella pneumoniae KPN1930ec	ciprofloxacin	Resistant	Laboratory Method	Broth dilution	CLSI
573.14388	Klebsiella pneumoniae KPN773ec	ciprofloxacin	Resistant	Laboratory Method	Broth dilution	CLSI
573.1571	Klebsiella pneumoniae strain K997	ciprofloxacin	Resistant	Laboratory Method	Disk diffusion	EUCAST
573.29875	Klebsiella pneumoniae strain Kpngiani7132570	ciprofloxacin	Resistant	Laboratory Method	Broth dilution	EUCAST
573.12918	Klebsiella pneumoniae 3340	ciprofloxacin	Resistant	Laboratory Method	Broth dilution	CLSI
573.15626	Klebsiella pneumoniae strain KSB1_1H	ciprofloxacin	Resistant	Laboratory Method	Broth dilution	CLSI
573.15044	Klebsiella pneumoniae strain AR_0047	ciprofloxacin	Resistant	Laboratory Method	Broth dilution	CLSI
573.31131	Klebsiella pneumoniae strain A45755	ciprofloxacin	Resistant	Laboratory Method	Disk diffusion	British Society for Antimicrobial Chemotherapy (BSAC)
573.13998	Klebsiella pneumoniae KPN259ec	ciprofloxacin	Resistant	Laboratory Method	Broth dilution	CLSI
573.14236	Klebsiella pneumoniae KPN559ec	ciprofloxacin	Resistant	Laboratory Method	Broth dilution	CLSI
573.13682	Klebsiella pneumoniae KPN178ec	ciprofloxacin	Resistant	Laboratory Method	Broth dilution	CLSI
573.13737	Klebsiella pneumoniae KPN1873ec	ciprofloxacin	Resistant	Laboratory Method	Broth dilution	CLSI
573.14301	Klebsiella pneumoniae KPN658ec	ciprofloxacin	Resistant	Laboratory Method	Broth dilution	CLSI
573.14488	Klebsiella pneumoniae KPN914ec	ciprofloxacin	Resistant	Laboratory Method	Broth dilution	CLSI
573.14409	Klebsiella pneumoniae KPN803ec	ciprofloxacin	Resistant	Laboratory Method	Broth dilution	CLSI
573.15487	Klebsiella pneumoniae strain 10315_6#78	ciprofloxacin	Resistant	Laboratory Method	Disk diffusion	CLSI
573.26296	Klebsiella pneumoniae strain 5012STDY7626416	ciprofloxacin	Resistant	Laboratory Method	Broth dilution	
573.24432	Klebsiella pneumoniae strain MUGSI_7	ciprofloxacin	Resistant	Laboratory Method	Broth dilution	CLSI
573.5777	Klebsiella pneumoniae strain 14_GR_14	ciprofloxacin	Resistant	Laboratory Method	Broth dilution	CLSI
573.13378	Klebsiella pneumoniae KPN1437ec	ciprofloxacin	Resistant	Laboratory Method	Broth dilution	CLSI
573.46877	Klebsiella pneumoniae KP-9PI	ciprofloxacin	Resistant	Laboratory Method	Broth dilution	EUCAST
573.13311	Klebsiella pneumoniae KPN1350ec	ciprofloxacin	Resistant	Laboratory Method	Broth dilution	CLSI
573.15504	Klebsiella pneumoniae strain 10356_5#79	ciprofloxacin	Resistant	Laboratory Method	Disk diffusion	CLSI
573.1314	Klebsiella pneumoniae KPN1140ec	ciprofloxacin	Resistant	Laboratory Method	Broth dilution	CLSI
573.13231	Klebsiella pneumoniae KPN1251ec	ciprofloxacin	Resistant	Laboratory Method	Broth dilution	CLSI
573.26278	Klebsiella pneumoniae strain 5012STDY7626397	ciprofloxacin	Resistant	Laboratory Method	Broth dilution	
573.14475	Klebsiella pneumoniae KPN896ec	ciprofloxacin	Resistant	Laboratory Method	Broth dilution	CLSI
573.66868	Klebsiella pneumoniae KP_NORM_BLD_2010_71624	ciprofloxacin	Resistant	Laboratory Method		EUCAST
573.14181	Klebsiella pneumoniae KPN471ec	ciprofloxacin	Resistant	Laboratory Method	Broth dilution	CLSI
1284789.4	Klebsiella pneumoniae UHKPC28	ciprofloxacin	Resistant	Laboratory Method		
573.1308	Klebsiella pneumoniae KPN1065ec	ciprofloxacin	Resistant	Laboratory Method	Broth dilution	CLSI
72407.576	Klebsiella pneumoniae subsp. pneumoniae strain 3189STDY5864799	ciprofloxacin	Resistant	Laboratory Method	Broth dilution	CLSI
573.15675	Klebsiella pneumoniae strain K1073	ciprofloxacin	Resistant	Laboratory Method	Disk diffusion	EUCAST
573.66846	Klebsiella pneumoniae KP_NORM_BLD_2006_36504	ciprofloxacin	Resistant	Laboratory Method		EUCAST
573.12992	Klebsiella pneumoniae 3307	ciprofloxacin	Resistant	Laboratory Method	Broth dilution	CLSI
573.30015	Klebsiella pneumoniae strain Kpngiani7132543	ciprofloxacin	Resistant	Laboratory Method	Broth dilution	EUCAST
573.1432	Klebsiella pneumoniae KPN690ec	ciprofloxacin	Resistant	Laboratory Method	Broth dilution	CLSI
573.13996	Klebsiella pneumoniae KPN257ec	ciprofloxacin	Resistant	Laboratory Method	Broth dilution	CLSI
573.13892	Klebsiella pneumoniae KPN2069ec	ciprofloxacin	Resistant	Laboratory Method	Broth dilution	CLSI
1284832.3	Klebsiella pneumoniae VAKPC309	ciprofloxacin	Resistant	Laboratory Method		
573.24364	Klebsiella pneumoniae strain MUGSI_160	ciprofloxacin	Resistant	Laboratory Method	Broth dilution	CLSI
1438731.3	Klebsiella pneumoniae CHS 25	ciprofloxacin	Resistant	Laboratory Method	Broth dilution	
573.29956	Klebsiella pneumoniae strain Kpngiani7132487	ciprofloxacin	Resistant	Laboratory Method	Broth dilution	EUCAST
573.46855	Klebsiella pneumoniae KP-25PI	ciprofloxacin	Resistant	Laboratory Method	Broth dilution	EUCAST
573.66941	Klebsiella pneumoniae KP_NORM_BLD_2015_116588	ciprofloxacin	Resistant	Laboratory Method		EUCAST
573.66579	Klebsiella pneumoniae KP_NORM_BLD_108846	ciprofloxacin	Resistant	Laboratory Method		EUCAST
573.66205	Klebsiella pneumoniae KP_NORM_URN_2015_109629	ciprofloxacin	Resistant	Laboratory Method		EUCAST
573.66189	Klebsiella pneumoniae KP_NORM_URN_2012_81428	ciprofloxacin	Resistant	Laboratory Method		EUCAST
573.12898	Klebsiella pneumoniae 3216	ciprofloxacin	Resistant	Laboratory Method	Broth dilution	CLSI
573.13472	Klebsiella pneumoniae KPN1543ec	ciprofloxacin	Resistant	Laboratory Method	Broth dilution	CLSI
573.2438	Klebsiella pneumoniae strain MUGSI_225	ciprofloxacin	Resistant	Laboratory Method	Broth dilution	CLSI
573.13619	Klebsiella pneumoniae KPN1716ec	ciprofloxacin	Resistant	Laboratory Method	Broth dilution	CLSI
1284808.4	Klebsiella pneumoniae UHKPC06	ciprofloxacin	Resistant	Laboratory Method		
573.14504	Klebsiella pneumoniae KPN933ec	ciprofloxacin	Resistant	Laboratory Method	Broth dilution	CLSI
72407.558	Klebsiella pneumoniae subsp. pneumoniae strain 3189STDY5864881	ciprofloxacin	Resistant	Laboratory Method	Broth dilution	CLSI
573.5705	Klebsiella pneumoniae strain PB157	ciprofloxacin	Resistant	Laboratory Method	Broth dilution	EUCAST
573.13585	Klebsiella pneumoniae KPN1680ec	ciprofloxacin	Resistant	Laboratory Method	Broth dilution	CLSI
573.14258	Klebsiella pneumoniae KPN584ec	ciprofloxacin	Resistant	Laboratory Method	Broth dilution	CLSI
573.15642	Klebsiella pneumoniae strain K1232	ciprofloxacin	Resistant	Laboratory Method	Disk diffusion	EUCAST
573.13866	Klebsiella pneumoniae KPN2040ec	ciprofloxacin	Resistant	Laboratory Method	Broth dilution	CLSI
573.13309	Klebsiella pneumoniae KPN1349ec	ciprofloxacin	Resistant	Laboratory Method	Broth dilution	CLSI
573.14501	Klebsiella pneumoniae KPN929ec	ciprofloxacin	Resistant	Laboratory Method	Broth dilution	CLSI
573.13225	Klebsiella pneumoniae KPN1244ec	ciprofloxacin	Resistant	Laboratory Method	Broth dilution	CLSI
573.13546	Klebsiella pneumoniae KPN162ec	ciprofloxacin	Resistant	Laboratory Method	Broth dilution	CLSI
573.62711	Klebsiella pneumoniae MGL_K_8	ciprofloxacin	Resistant	Laboratory Method	Disk diffusion	
573.14076	Klebsiella pneumoniae KPN348ec	ciprofloxacin	Resistant	Laboratory Method	Broth dilution	CLSI
573.24308	Klebsiella pneumoniae strain 463	ciprofloxacin	Resistant	Laboratory Method	Broth dilution	CLSI
1284803.4	Klebsiella pneumoniae UHKPC59	ciprofloxacin	Resistant	Laboratory Method		
573.29884	Klebsiella pneumoniae strain Kpngiani7132590	ciprofloxacin	Resistant	Laboratory Method	Broth dilution	EUCAST
573.13734	Klebsiella pneumoniae KPN1870ec	ciprofloxacin	Resistant	Laboratory Method	Broth dilution	CLSI
573.17915	Klebsiella pneumoniae strain AR_0361	ciprofloxacin	Resistant	Laboratory Method	Broth dilution	CLSI
573.15661	Klebsiella pneumoniae strain K1029	ciprofloxacin	Resistant	Laboratory Method	Disk diffusion	EUCAST
573.15445	Klebsiella pneumoniae strain 10315_6#27	ciprofloxacin	Resistant	Laboratory Method	Disk diffusion	CLSI
573.29904	Klebsiella pneumoniae strain Kpngiani7132612	ciprofloxacin	Resistant	Laboratory Method	Broth dilution	EUCAST
573.13375	Klebsiella pneumoniae KPN1433ec	ciprofloxacin	Resistant	Laboratory Method	Broth dilution	CLSI
573.13178	Klebsiella pneumoniae KPN1186ec	ciprofloxacin	Resistant	Laboratory Method	Broth dilution	CLSI
573.33393	Klebsiella pneumoniae strain PMK12	ciprofloxacin	Resistant	Laboratory Method	Broth dilution	EUCAST
573.13901	Klebsiella pneumoniae KPN2079ec	ciprofloxacin	Resistant	Laboratory Method	Broth dilution	CLSI
573.15043	Klebsiella pneumoniae strain AR_0146	ciprofloxacin	Resistant	Laboratory Method	Broth dilution	CLSI
573.2987	Klebsiella pneumoniae strain Kpngiani7132564	ciprofloxacin	Resistant	Laboratory Method	Broth dilution	EUCAST
573.14403	Klebsiella pneumoniae KPN796ec	ciprofloxacin	Resistant	Laboratory Method	Broth dilution	CLSI
573.67389	Klebsiella pneumoniae 20200622_MGL_70	ciprofloxacin	Resistant	Laboratory Method	Disk diffusion	CLSI, EUCAST
573.13016	Klebsiella pneumoniae 68	ciprofloxacin	Resistant	Laboratory Method	Broth dilution	CLSI
1438780.3	Klebsiella pneumoniae CHS 76	ciprofloxacin	Resistant	Laboratory Method	Broth dilution	
573.1347	Klebsiella pneumoniae KPN1540ec	ciprofloxacin	Resistant	Laboratory Method	Broth dilution	CLSI
573.14099	Klebsiella pneumoniae KPN376ec	ciprofloxacin	Resistant	Laboratory Method	Broth dilution	CLSI
573.14508	Klebsiella pneumoniae KPN940ec	ciprofloxacin	Resistant	Laboratory Method	Broth dilution	CLSI
573.14245	Klebsiella pneumoniae KPN571ec	ciprofloxacin	Resistant	Laboratory Method	Broth dilution	CLSI
573.13784	Klebsiella pneumoniae KPN1932ec	ciprofloxacin	Resistant	Laboratory Method	Broth dilution	CLSI
573.29981	Klebsiella pneumoniae strain Kpngiani7132514	ciprofloxacin	Resistant	Laboratory Method	Broth dilution	EUCAST
573.2436	Klebsiella pneumoniae strain MUGSI_157	ciprofloxacin	Resistant	Laboratory Method	Broth dilution	CLSI
573.1306	Klebsiella pneumoniae KPN1038ec	ciprofloxacin	Resistant	Laboratory Method	Broth dilution	CLSI
573.13114	Klebsiella pneumoniae KPN1110ec	ciprofloxacin	Resistant	Laboratory Method	Broth dilution	CLSI
573.13393	Klebsiella pneumoniae KPN1451ec	ciprofloxacin	Resistant	Laboratory Method	Broth dilution	CLSI
573.15475	Klebsiella pneumoniae strain 10315_6#67	ciprofloxacin	Resistant	Laboratory Method	Disk diffusion	CLSI
573.29893	Klebsiella pneumoniae strain Kpngiani7132586	ciprofloxacin	Resistant	Laboratory Method	Broth dilution	EUCAST
573.14185	Klebsiella pneumoniae KPN477ec	ciprofloxacin	Resistant	Laboratory Method	Broth dilution	CLSI
573.67175	Klebsiella pneumoniae KP_NORM_URN_2015_113007	ciprofloxacin	Resistant	Laboratory Method		EUCAST
573.13659	Klebsiella pneumoniae KPN1764ec	ciprofloxacin	Resistant	Laboratory Method	Broth dilution	CLSI
573.14216	Klebsiella pneumoniae KPN532ec	ciprofloxacin	Resistant	Laboratory Method	Broth dilution	CLSI
573.15467	Klebsiella pneumoniae strain 10315_6#6	ciprofloxacin	Resistant	Laboratory Method	Disk diffusion	CLSI
573.5763	Klebsiella pneumoniae strain 19_GR_14	ciprofloxacin	Resistant	Laboratory Method	Broth dilution	CLSI
573.15492	Klebsiella pneumoniae strain 10315_6#85	ciprofloxacin	Resistant	Laboratory Method	Disk diffusion	CLSI
573.5681	Klebsiella pneumoniae strain PB5	ciprofloxacin	Resistant	Laboratory Method	Broth dilution	EUCAST
573.29953	Klebsiella pneumoniae strain Kpngiani7132500	ciprofloxacin	Resistant	Laboratory Method	Broth dilution	EUCAST
573.14051	Klebsiella pneumoniae KPN317ec	ciprofloxacin	Resistant	Laboratory Method	Broth dilution	CLSI
573.14177	Klebsiella pneumoniae KPN467ec	ciprofloxacin	Resistant	Laboratory Method	Broth dilution	CLSI
1304921.4	Klebsiella pneumoniae 440_1540	ciprofloxacin	Resistant	Laboratory Method		
573.2445	Klebsiella pneumoniae strain MUGSI_92	ciprofloxacin	Resistant	Laboratory Method	Broth dilution	CLSI
573.14527	Klebsiella pneumoniae KPN962ec	ciprofloxacin	Resistant	Laboratory Method	Broth dilution	CLSI
573.6686	Klebsiella pneumoniae KP_NORM_BLD_2009_61298	ciprofloxacin	Resistant	Laboratory Method		EUCAST
573.24356	Klebsiella pneumoniae strain MUGSI_146	ciprofloxacin	Resistant	Laboratory Method	Broth dilution	CLSI
573.13284	Klebsiella pneumoniae KPN1323ec	ciprofloxacin	Resistant	Laboratory Method	Broth dilution	CLSI
573.1422	Klebsiella pneumoniae KPN536ec	ciprofloxacin	Resistant	Laboratory Method	Broth dilution	CLSI
573.14523	Klebsiella pneumoniae KPN957ec	ciprofloxacin	Resistant	Laboratory Method	Broth dilution	CLSI
573.13563	Klebsiella pneumoniae KPN1654ec	ciprofloxacin	Resistant	Laboratory Method	Broth dilution	CLSI
573.67174	Klebsiella pneumoniae KP_NORM_URN_2015_111489	ciprofloxacin	Resistant	Laboratory Method		EUCAST
573.13699	Klebsiella pneumoniae KPN1835ec	ciprofloxacin	Resistant	Laboratory Method	Broth dilution	CLSI
573.24248	Klebsiella pneumoniae strain 13	ciprofloxacin	Resistant	Laboratory Method	Broth dilution	CLSI
573.12874	Klebsiella pneumoniae 3294	ciprofloxacin	Resistant	Laboratory Method	Broth dilution	CLSI
573.13162	Klebsiella pneumoniae KPN1167ec	ciprofloxacin	Resistant	Laboratory Method	Broth dilution	CLSI
573.15673	Klebsiella pneumoniae strain K1071	ciprofloxacin	Resistant	Laboratory Method	Disk diffusion	EUCAST
573.15697	Klebsiella pneumoniae strain K935	ciprofloxacin	Resistant	Laboratory Method	Disk diffusion	EUCAST
573.18086	Klebsiella pneumoniae strain AR376	ciprofloxacin	Resistant	Laboratory Method	Broth dilution	CLSI
573.13798	Klebsiella pneumoniae KPN1950ec	ciprofloxacin	Resistant	Laboratory Method	Broth dilution	CLSI
573.2427	Klebsiella pneumoniae strain 255	ciprofloxacin	Resistant	Laboratory Method	Broth dilution	CLSI
573.14333	Klebsiella pneumoniae KPN705ec	ciprofloxacin	Resistant	Laboratory Method	Broth dilution	CLSI
573.12956	Klebsiella pneumoniae 3272	ciprofloxacin	Resistant	Laboratory Method	Broth dilution	CLSI
573.13482	Klebsiella pneumoniae KPN1552ec	ciprofloxacin	Resistant	Laboratory Method	Broth dilution	CLSI
1438753.3	Klebsiella pneumoniae CHS 47	ciprofloxacin	Resistant	Laboratory Method	Broth dilution	
573.29896	Klebsiella pneumoniae strain Kpngiani7132600	ciprofloxacin	Resistant	Laboratory Method	Broth dilution	EUCAST
573.62727	Klebsiella pneumoniae 20200317_MGL_39	ciprofloxacin	Resistant	Laboratory Method	Disk diffusion	
573.13291	Klebsiella pneumoniae KPN1330ec	ciprofloxacin	Resistant	Laboratory Method	Broth dilution	CLSI
573.14172	Klebsiella pneumoniae KPN461ec	ciprofloxacin	Resistant	Laboratory Method	Broth dilution	CLSI
573.24366	Klebsiella pneumoniae strain MUGSI_165	ciprofloxacin	Resistant	Laboratory Method	Broth dilution	CLSI
573.14118	Klebsiella pneumoniae KPN396ec	ciprofloxacin	Resistant	Laboratory Method	Broth dilution	CLSI
573.5638	Klebsiella pneumoniae strain 12_BR_13	ciprofloxacin	Resistant	Laboratory Method	Broth dilution	CLSI
573.14219	Klebsiella pneumoniae KPN535ec	ciprofloxacin	Resistant	Laboratory Method	Broth dilution	CLSI
573.66902	Klebsiella pneumoniae KP_NORM_BLD_2012_85462	ciprofloxacin	Resistant	Laboratory Method		EUCAST
573.26196	Klebsiella pneumoniae strain 5012STDY7312660	ciprofloxacin	Resistant	Laboratory Method	Broth dilution	
573.13347	Klebsiella pneumoniae KPN1403ec	ciprofloxacin	Resistant	Laboratory Method	Broth dilution	CLSI
573.13761	Klebsiella pneumoniae KPN1902ec	ciprofloxacin	Resistant	Laboratory Method	Broth dilution	CLSI
573.13774	Klebsiella pneumoniae KPN1920ec	ciprofloxacin	Resistant	Laboratory Method	Broth dilution	CLSI
573.24245	Klebsiella pneumoniae strain 104	ciprofloxacin	Resistant	Laboratory Method	Broth dilution	CLSI
573.13976	Klebsiella pneumoniae KPN231ec	ciprofloxacin	Resistant	Laboratory Method	Broth dilution	CLSI
573.1421	Klebsiella pneumoniae KPN524ec	ciprofloxacin	Resistant	Laboratory Method	Broth dilution	CLSI
573.13702	Klebsiella pneumoniae KPN183ec	ciprofloxacin	Resistant	Laboratory Method	Broth dilution	CLSI
573.1382	Klebsiella pneumoniae KPN1987ec	ciprofloxacin	Resistant	Laboratory Method	Broth dilution	CLSI
573.22563	Klebsiella pneumoniae strain SU2	ciprofloxacin	Resistant	Laboratory Method		EUCAST
573.67381	Klebsiella pneumoniae MGL_81	ciprofloxacin	Resistant	Laboratory Method	Disk diffusion	CLSI, EUCAST
573.1385	Klebsiella pneumoniae KPN2020ec	ciprofloxacin	Resistant	Laboratory Method	Broth dilution	CLSI
573.13454	Klebsiella pneumoniae KPN1521ec	ciprofloxacin	Resistant	Laboratory Method	Broth dilution	CLSI
573.62724	Klebsiella pneumoniae MGL_167	ciprofloxacin	Resistant	Laboratory Method	Disk diffusion	
1284790.3	Klebsiella pneumoniae UHKPC05	ciprofloxacin	Resistant	Laboratory Method		
573.29879	Klebsiella pneumoniae strain Kpngiani7132575	ciprofloxacin	Resistant	Laboratory Method	Broth dilution	EUCAST
573.26169	Klebsiella pneumoniae strain 5012STDY7312606	ciprofloxacin	Resistant	Laboratory Method	Broth dilution	
573.13329	Klebsiella pneumoniae KPN1378ec	ciprofloxacin	Resistant	Laboratory Method	Broth dilution	CLSI
573.13985	Klebsiella pneumoniae KPN244ec	ciprofloxacin	Resistant	Laboratory Method	Broth dilution	CLSI
573.1433	Klebsiella pneumoniae KPN702ec	ciprofloxacin	Resistant	Laboratory Method	Broth dilution	CLSI
72407.289	Klebsiella pneumoniae subsp. pneumoniae MRSN752309	ciprofloxacin	Resistant	Laboratory Method		
573.22561	Klebsiella pneumoniae strain SU4	ciprofloxacin	Resistant	Laboratory Method		EUCAST
573.15637	Klebsiella pneumoniae strain K956	ciprofloxacin	Resistant	Laboratory Method	Disk diffusion	EUCAST
573.13094	Klebsiella pneumoniae KPN1086ec	ciprofloxacin	Resistant	Laboratory Method	Broth dilution	CLSI
573.13344	Klebsiella pneumoniae KPN1398ec	ciprofloxacin	Resistant	Laboratory Method	Broth dilution	CLSI
1438774.3	Klebsiella pneumoniae CHS 70	ciprofloxacin	Resistant	Laboratory Method	Broth dilution	
573.13466	Klebsiella pneumoniae KPN1535ec	ciprofloxacin	Resistant	Laboratory Method	Broth dilution	CLSI
573.14205	Klebsiella pneumoniae KPN516ec	ciprofloxacin	Resistant	Laboratory Method	Broth dilution	CLSI
573.31061	Klebsiella pneumoniae strain PH150-2	ciprofloxacin	Resistant	Laboratory Method	Disk diffusion	CLSI
573.24421	Klebsiella pneumoniae strain MUGSI_57	ciprofloxacin	Resistant	Laboratory Method	Broth dilution	CLSI
573.14278	Klebsiella pneumoniae KPN611ec	ciprofloxacin	Resistant	Laboratory Method	Broth dilution	CLSI
573.13507	Klebsiella pneumoniae KPN1582ec	ciprofloxacin	Resistant	Laboratory Method	Broth dilution	CLSI
573.14042	Klebsiella pneumoniae KPN307ec	ciprofloxacin	Resistant	Laboratory Method	Broth dilution	CLSI
573.13628	Klebsiella pneumoniae KPN1726ec	ciprofloxacin	Resistant	Laboratory Method	Broth dilution	CLSI
573.14291	Klebsiella pneumoniae KPN626ec	ciprofloxacin	Resistant	Laboratory Method	Broth dilution	CLSI
573.29937	Klebsiella pneumoniae strain Kpngiani7132489	ciprofloxacin	Resistant	Laboratory Method	Broth dilution	EUCAST
573.14345	Klebsiella pneumoniae KPN719ec	ciprofloxacin	Resistant	Laboratory Method	Broth dilution	CLSI
573.14093	Klebsiella pneumoniae KPN370ec	ciprofloxacin	Resistant	Laboratory Method	Broth dilution	CLSI
573.12972	Klebsiella pneumoniae 3244	ciprofloxacin	Resistant	Laboratory Method	Broth dilution	CLSI
573.23201	Klebsiella pneumoniae strain KP_109	ciprofloxacin	Resistant	Laboratory Method	Disk diffusion	CLSI
573.14015	Klebsiella pneumoniae KPN277ec	ciprofloxacin	Resistant	Laboratory Method	Broth dilution	CLSI
573.13904	Klebsiella pneumoniae KPN2081ec	ciprofloxacin	Resistant	Laboratory Method	Broth dilution	CLSI
573.66179	Klebsiella pneumoniae KP_NORM_BLD_2014_101655	ciprofloxacin	Resistant	Laboratory Method		EUCAST
573.13061	Klebsiella pneumoniae KPN1039ec	ciprofloxacin	Resistant	Laboratory Method	Broth dilution	CLSI
573.14394	Klebsiella pneumoniae KPN782ec	ciprofloxacin	Resistant	Laboratory Method	Broth dilution	CLSI
573.13673	Klebsiella pneumoniae KPN177ec	ciprofloxacin	Resistant	Laboratory Method	Broth dilution	CLSI
573.26095	Klebsiella pneumoniae strain 5012STDY7312696	ciprofloxacin	Resistant	Laboratory Method	Broth dilution	
72407.2894	Klebsiella pneumoniae subsp. pneumoniae MRSN752795	ciprofloxacin	Resistant	Laboratory Method		
573.62712	Klebsiella pneumoniae MGL_K_10	ciprofloxacin	Resistant	Laboratory Method	Disk diffusion	
573.24439	Klebsiella pneumoniae strain MUGSI_8	ciprofloxacin	Resistant	Laboratory Method	Broth dilution	CLSI
573.13795	Klebsiella pneumoniae KPN1948ec	ciprofloxacin	Resistant	Laboratory Method	Broth dilution	CLSI
573.66853	Klebsiella pneumoniae KP_NORM_BLD_2008_53804	ciprofloxacin	Resistant	Laboratory Method		EUCAST
573.67415	Klebsiella pneumoniae MGL_K_3	ciprofloxacin	Resistant	Laboratory Method	Disk diffusion	CLSI, EUCAST
573.14161	Klebsiella pneumoniae KPN444ec	ciprofloxacin	Resistant	Laboratory Method	Broth dilution	CLSI
573.24399	Klebsiella pneumoniae strain MUGSI_317	ciprofloxacin	Resistant	Laboratory Method	Broth dilution	CLSI
573.6714	Klebsiella pneumoniae KP_NORM_URN_2013_95533	ciprofloxacin	Resistant	Laboratory Method		EUCAST
573.14066	Klebsiella pneumoniae KPN335ec	ciprofloxacin	Resistant	Laboratory Method	Broth dilution	CLSI
573.26281	Klebsiella pneumoniae strain 5012STDY7626401	ciprofloxacin	Resistant	Laboratory Method	Broth dilution	
573.14149	Klebsiella pneumoniae KPN430ec	ciprofloxacin	Resistant	Laboratory Method	Broth dilution	CLSI
573.13802	Klebsiella pneumoniae KPN1955ec	ciprofloxacin	Resistant	Laboratory Method	Broth dilution	CLSI
573.24267	Klebsiella pneumoniae strain 24	ciprofloxacin	Resistant	Laboratory Method	Broth dilution	CLSI
573.13299	Klebsiella pneumoniae KPN1338ec	ciprofloxacin	Resistant	Laboratory Method	Broth dilution	CLSI
573.13444	Klebsiella pneumoniae KPN1511ec	ciprofloxacin	Resistant	Laboratory Method	Broth dilution	CLSI
573.14405	Klebsiella pneumoniae KPN801ec	ciprofloxacin	Resistant	Laboratory Method	Broth dilution	CLSI
573.13962	Klebsiella pneumoniae KPN2173ec	ciprofloxacin	Resistant	Laboratory Method	Broth dilution	CLSI
573.24427	Klebsiella pneumoniae strain MUGSI_65	ciprofloxacin	Resistant	Laboratory Method	Broth dilution	CLSI
573.14097	Klebsiella pneumoniae KPN374ec	ciprofloxacin	Resistant	Laboratory Method	Broth dilution	CLSI
72407.544	Klebsiella pneumoniae subsp. pneumoniae strain 3189STDY5864771	ciprofloxacin	Resistant	Laboratory Method	Broth dilution	CLSI
573.5818	Klebsiella pneumoniae strain PB497	ciprofloxacin	Resistant	Laboratory Method	Broth dilution	EUCAST
573.14398	Klebsiella pneumoniae KPN788ec	ciprofloxacin	Resistant	Laboratory Method	Broth dilution	CLSI
573.46118	Klebsiella pneumoniae INF050	ciprofloxacin	Resistant	Laboratory Method	Broth dilution	CLSI
573.14063	Klebsiella pneumoniae KPN331ec	ciprofloxacin	Resistant	Laboratory Method	Broth dilution	CLSI
573.13505	Klebsiella pneumoniae KPN157ec	ciprofloxacin	Resistant	Laboratory Method	Broth dilution	CLSI
573.15703	Klebsiella pneumoniae strain K877	ciprofloxacin	Resistant	Laboratory Method	Disk diffusion	EUCAST
573.13964	Klebsiella pneumoniae KPN217ec	ciprofloxacin	Resistant	Laboratory Method	Broth dilution	CLSI
573.24387	Klebsiella pneumoniae strain MUGSI_28	ciprofloxacin	Resistant	Laboratory Method	Broth dilution	CLSI
573.14122	Klebsiella pneumoniae KPN401ec	ciprofloxacin	Resistant	Laboratory Method	Broth dilution	CLSI
573.13253	Klebsiella pneumoniae KPN1274ec	ciprofloxacin	Resistant	Laboratory Method	Broth dilution	CLSI
573.14188	Klebsiella pneumoniae KPN481ec	ciprofloxacin	Resistant	Laboratory Method	Broth dilution	CLSI
573.13638	Klebsiella pneumoniae KPN1739ec	ciprofloxacin	Resistant	Laboratory Method	Broth dilution	CLSI
573.1381	Klebsiella pneumoniae KPN1974ec	ciprofloxacin	Resistant	Laboratory Method	Broth dilution	CLSI
573.13189	Klebsiella pneumoniae KPN1197ec	ciprofloxacin	Resistant	Laboratory Method	Broth dilution	CLSI
72407.582	Klebsiella pneumoniae subsp. pneumoniae strain 3189STDY5864801	ciprofloxacin	Resistant	Laboratory Method	Broth dilution	CLSI
573.24375	Klebsiella pneumoniae strain MUGSI_194	ciprofloxacin	Resistant	Laboratory Method	Broth dilution	CLSI
573.46849	Klebsiella pneumoniae KP-21POB	ciprofloxacin	Resistant	Laboratory Method	Broth dilution	EUCAST
573.13165	Klebsiella pneumoniae KPN1170ec	ciprofloxacin	Resistant	Laboratory Method	Broth dilution	CLSI
573.6741	Klebsiella pneumoniae MGL_169	ciprofloxacin	Resistant	Laboratory Method	Disk diffusion	CLSI, EUCAST
573.13294	Klebsiella pneumoniae KPN1333ec	ciprofloxacin	Resistant	Laboratory Method	Broth dilution	CLSI
573.13208	Klebsiella pneumoniae KPN1218ec	ciprofloxacin	Resistant	Laboratory Method	Broth dilution	CLSI
1284796.3	Klebsiella pneumoniae DMC0526	ciprofloxacin	Resistant	Laboratory Method		
573.15462	Klebsiella pneumoniae strain 10315_6#51	ciprofloxacin	Resistant	Laboratory Method	Disk diffusion	CLSI
573.14352	Klebsiella pneumoniae KPN727ec	ciprofloxacin	Resistant	Laboratory Method	Broth dilution	CLSI
573.13263	Klebsiella pneumoniae KPN1284ec	ciprofloxacin	Resistant	Laboratory Method	Broth dilution	CLSI
573.14521	Klebsiella pneumoniae KPN954ec	ciprofloxacin	Resistant	Laboratory Method	Broth dilution	CLSI
573.66884	Klebsiella pneumoniae KP_NORM_BLD_2011_74841	ciprofloxacin	Resistant	Laboratory Method		EUCAST
573.13558	Klebsiella pneumoniae KPN164ec	ciprofloxacin	Resistant	Laboratory Method	Broth dilution	CLSI
573.1344	Klebsiella pneumoniae KPN1505ec	ciprofloxacin	Resistant	Laboratory Method	Broth dilution	CLSI
573.29886	Klebsiella pneumoniae strain Kpngiani7132579	ciprofloxacin	Resistant	Laboratory Method	Broth dilution	EUCAST
573.1393	Klebsiella pneumoniae KPN2113ec	ciprofloxacin	Resistant	Laboratory Method	Broth dilution	CLSI
1284817.3	Klebsiella pneumoniae UHKPC57	ciprofloxacin	Resistant	Laboratory Method		
573.13485	Klebsiella pneumoniae KPN1557ec	ciprofloxacin	Resistant	Laboratory Method	Broth dilution	CLSI
573.2431	Klebsiella pneumoniae strain 5	ciprofloxacin	Resistant	Laboratory Method	Broth dilution	CLSI
573.13833	Klebsiella pneumoniae KPN2003ec	ciprofloxacin	Resistant	Laboratory Method	Broth dilution	CLSI
573.29989	Klebsiella pneumoniae strain Kpngiani7132516	ciprofloxacin	Resistant	Laboratory Method	Broth dilution	EUCAST
573.62696	Klebsiella pneumoniae MGL_83	ciprofloxacin	Resistant	Laboratory Method	Disk diffusion	
573.13858	Klebsiella pneumoniae KPN2031ec	ciprofloxacin	Resistant	Laboratory Method	Broth dilution	CLSI
573.15491	Klebsiella pneumoniae strain 10315_6#82	ciprofloxacin	Resistant	Laboratory Method	Disk diffusion	CLSI
573.67397	Klebsiella pneumoniae MGL_K_9	ciprofloxacin	Resistant	Laboratory Method	Disk diffusion	CLSI, EUCAST
573.13361	Klebsiella pneumoniae KPN141ec	ciprofloxacin	Resistant	Laboratory Method	Broth dilution	CLSI
573.15441	Klebsiella pneumoniae strain 10315_6#20	ciprofloxacin	Resistant	Laboratory Method	Disk diffusion	CLSI
1438765.3	Klebsiella pneumoniae CHS 59	ciprofloxacin	Resistant	Laboratory Method	Broth dilution	
573.14018	Klebsiella pneumoniae KPN280ec	ciprofloxacin	Resistant	Laboratory Method	Broth dilution	CLSI
573.13933	Klebsiella pneumoniae KPN2116ec	ciprofloxacin	Resistant	Laboratory Method	Broth dilution	CLSI
573.14045	Klebsiella pneumoniae KPN310ec	ciprofloxacin	Resistant	Laboratory Method	Broth dilution	CLSI
573.13289	Klebsiella pneumoniae KPN1329ec	ciprofloxacin	Resistant	Laboratory Method	Broth dilution	CLSI
573.14016	Klebsiella pneumoniae KPN278ec	ciprofloxacin	Resistant	Laboratory Method	Broth dilution	CLSI
573.15704	Klebsiella pneumoniae strain K881	ciprofloxacin	Resistant	Laboratory Method	Disk diffusion	EUCAST
1438754.3	Klebsiella pneumoniae CHS 48	ciprofloxacin	Resistant	Laboratory Method	Broth dilution	
573.13252	Klebsiella pneumoniae KPN1273ec	ciprofloxacin	Resistant	Laboratory Method	Broth dilution	CLSI
573.15658	Klebsiella pneumoniae strain K953	ciprofloxacin	Resistant	Laboratory Method	Disk diffusion	EUCAST
573.14034	Klebsiella pneumoniae KPN299ec	ciprofloxacin	Resistant	Laboratory Method	Broth dilution	CLSI
573.24325	Klebsiella pneumoniae strain MRSN20097	ciprofloxacin	Resistant	Laboratory Method	Broth dilution	CLSI
573.13537	Klebsiella pneumoniae KPN1618ec	ciprofloxacin	Resistant	Laboratory Method	Broth dilution	CLSI
573.24274	Klebsiella pneumoniae strain 28	ciprofloxacin	Resistant	Laboratory Method	Broth dilution	CLSI
573.13209	Klebsiella pneumoniae KPN1219ec	ciprofloxacin	Resistant	Laboratory Method	Broth dilution	CLSI
573.29947	Klebsiella pneumoniae strain Kpngiani7132496	ciprofloxacin	Resistant	Laboratory Method	Broth dilution	EUCAST
573.1378	Klebsiella pneumoniae KPN1928ec	ciprofloxacin	Resistant	Laboratory Method	Broth dilution	CLSI
72407.588	Klebsiella pneumoniae subsp. pneumoniae strain 3189STDY5864816	ciprofloxacin	Resistant	Laboratory Method	Broth dilution	CLSI
573.26244	Klebsiella pneumoniae strain 5012STDY7626364	ciprofloxacin	Resistant	Laboratory Method	Broth dilution	
573.67155	Klebsiella pneumoniae KP_NORM_URN_2014_101205	ciprofloxacin	Resistant	Laboratory Method		EUCAST
573.14124	Klebsiella pneumoniae KPN403ec	ciprofloxacin	Resistant	Laboratory Method	Broth dilution	CLSI
573.13213	Klebsiella pneumoniae KPN1224ec	ciprofloxacin	Resistant	Laboratory Method	Broth dilution	CLSI
573.13341	Klebsiella pneumoniae KPN1393ec	ciprofloxacin	Resistant	Laboratory Method	Broth dilution	CLSI
573.33414	Klebsiella pneumoniae strain PMK21b	ciprofloxacin	Resistant	Laboratory Method	Broth dilution	EUCAST
573.67406	Klebsiella pneumoniae MGL_174	ciprofloxacin	Resistant	Laboratory Method	Disk diffusion	CLSI, EUCAST
573.13522	Klebsiella pneumoniae KPN1598ec	ciprofloxacin	Resistant	Laboratory Method	Broth dilution	CLSI
72407.484	Klebsiella pneumoniae subsp. pneumoniae strain 3189STDY5864845	ciprofloxacin	Resistant	Laboratory Method	Broth dilution	CLSI
573.29944	Klebsiella pneumoniae strain Kpngiani7132486	ciprofloxacin	Resistant	Laboratory Method	Broth dilution	EUCAST
573.33395	Klebsiella pneumoniae strain PMK14	ciprofloxacin	Resistant	Laboratory Method	Broth dilution	EUCAST
573.24358	Klebsiella pneumoniae strain MUGSI_15	ciprofloxacin	Resistant	Laboratory Method	Broth dilution	CLSI
573.12947	Klebsiella pneumoniae 3362	ciprofloxacin	Resistant	Laboratory Method	Broth dilution	CLSI
573.14058	Klebsiella pneumoniae KPN324ec	ciprofloxacin	Resistant	Laboratory Method	Broth dilution	CLSI
573.13214	Klebsiella pneumoniae KPN1226ec	ciprofloxacin	Resistant	Laboratory Method	Broth dilution	CLSI
573.13825	Klebsiella pneumoniae KPN1992ec	ciprofloxacin	Resistant	Laboratory Method	Broth dilution	CLSI
573.14272	Klebsiella pneumoniae KPN601ec	ciprofloxacin	Resistant	Laboratory Method	Broth dilution	CLSI
573.24411	Klebsiella pneumoniae strain MUGSI_42	ciprofloxacin	Resistant	Laboratory Method	Broth dilution	CLSI
573.13306	Klebsiella pneumoniae KPN1346ec	ciprofloxacin	Resistant	Laboratory Method	Broth dilution	CLSI
573.13316	Klebsiella pneumoniae KPN1357ec	ciprofloxacin	Resistant	Laboratory Method	Broth dilution	CLSI
1438720.3	Klebsiella pneumoniae CHS 14	ciprofloxacin	Resistant	Laboratory Method	Broth dilution	
573.14496	Klebsiella pneumoniae KPN924ec	ciprofloxacin	Resistant	Laboratory Method	Broth dilution	CLSI
573.13531	Klebsiella pneumoniae KPN1610ec	ciprofloxacin	Resistant	Laboratory Method	Broth dilution	CLSI
573.12892	Klebsiella pneumoniae 3371	ciprofloxacin	Resistant	Laboratory Method	Broth dilution	CLSI
573.67379	Klebsiella pneumoniae MGL_84	ciprofloxacin	Resistant	Laboratory Method	Disk diffusion	CLSI, EUCAST
573.14424	Klebsiella pneumoniae KPN825ec	ciprofloxacin	Resistant	Laboratory Method	Broth dilution	CLSI
573.14399	Klebsiella pneumoniae KPN790ec	ciprofloxacin	Resistant	Laboratory Method	Broth dilution	CLSI
573.1324	Klebsiella pneumoniae KPN1261ec	ciprofloxacin	Resistant	Laboratory Method	Broth dilution	CLSI
573.13255	Klebsiella pneumoniae KPN1276ec	ciprofloxacin	Resistant	Laboratory Method	Broth dilution	CLSI
573.14092	Klebsiella pneumoniae KPN369ec	ciprofloxacin	Resistant	Laboratory Method	Broth dilution	CLSI
573.13714	Klebsiella pneumoniae KPN1851ec	ciprofloxacin	Resistant	Laboratory Method	Broth dilution	CLSI
573.14379	Klebsiella pneumoniae KPN762ec	ciprofloxacin	Resistant	Laboratory Method	Broth dilution	CLSI
573.3108	Klebsiella pneumoniae strain WU21	ciprofloxacin	Resistant	Laboratory Method	Disk diffusion	CLSI
573.3001	Klebsiella pneumoniae strain Kpngiani7132534	ciprofloxacin	Resistant	Laboratory Method	Broth dilution	EUCAST
573.24454	Klebsiella pneumoniae strain MUGSI_97	ciprofloxacin	Resistant	Laboratory Method	Broth dilution	CLSI
573.13999	Klebsiella pneumoniae KPN260ec	ciprofloxacin	Resistant	Laboratory Method	Broth dilution	CLSI
573.14022	Klebsiella pneumoniae KPN285ec	ciprofloxacin	Resistant	Laboratory Method	Broth dilution	CLSI
573.13997	Klebsiella pneumoniae KPN258ec	ciprofloxacin	Resistant	Laboratory Method	Broth dilution	CLSI
573.1544	Klebsiella pneumoniae strain 10315_6#2	ciprofloxacin	Resistant	Laboratory Method	Disk diffusion	CLSI
573.24355	Klebsiella pneumoniae strain MUGSI_143	ciprofloxacin	Resistant	Laboratory Method	Broth dilution	CLSI
573.14347	Klebsiella pneumoniae KPN721ec	ciprofloxacin	Resistant	Laboratory Method	Broth dilution	CLSI
573.5799	Klebsiella pneumoniae strain PB65	ciprofloxacin	Resistant	Laboratory Method	Broth dilution	EUCAST
573.24418	Klebsiella pneumoniae strain MUGSI_51	ciprofloxacin	Resistant	Laboratory Method	Broth dilution	CLSI
573.1356	Klebsiella pneumoniae KPN1651ec	ciprofloxacin	Resistant	Laboratory Method	Broth dilution	CLSI
573.7029	Klebsiella pneumoniae strain AR_0005	ciprofloxacin	Resistant	Laboratory Method	Broth dilution	CLSI
573.13667	Klebsiella pneumoniae KPN1772ec	ciprofloxacin	Resistant	Laboratory Method	Broth dilution	CLSI
573.13234	Klebsiella pneumoniae KPN1255ec	ciprofloxacin	Resistant	Laboratory Method	Broth dilution	CLSI
573.15455	Klebsiella pneumoniae strain 10315_6#41	ciprofloxacin	Resistant	Laboratory Method	Disk diffusion	CLSI
573.29963	Klebsiella pneumoniae strain Kpngiani7132619	ciprofloxacin	Resistant	Laboratory Method	Broth dilution	EUCAST
573.13811	Klebsiella pneumoniae KPN1975ec	ciprofloxacin	Resistant	Laboratory Method	Broth dilution	CLSI
573.46119	Klebsiella pneumoniae INF115	ciprofloxacin	Resistant	Laboratory Method	Broth dilution	CLSI
573.46071	Klebsiella pneumoniae KSB2_8B	ciprofloxacin	Resistant	Laboratory Method	Broth dilution	CLSI
573.13744	Klebsiella pneumoniae KPN1880ec	ciprofloxacin	Resistant	Laboratory Method	Broth dilution	CLSI
573.13374	Klebsiella pneumoniae KPN1432ec	ciprofloxacin	Resistant	Laboratory Method	Broth dilution	CLSI
573.13179	Klebsiella pneumoniae KPN1187ec	ciprofloxacin	Resistant	Laboratory Method	Broth dilution	CLSI
72407.2891	Klebsiella pneumoniae subsp. pneumoniae MRSN752921	ciprofloxacin	Resistant	Laboratory Method		
573.24374	Klebsiella pneumoniae strain MUGSI_191	ciprofloxacin	Resistant	Laboratory Method	Broth dilution	CLSI
573.13043	Klebsiella pneumoniae KPN1017ec	ciprofloxacin	Resistant	Laboratory Method	Broth dilution	CLSI
573.13491	Klebsiella pneumoniae KPN1562ec	ciprofloxacin	Resistant	Laboratory Method	Broth dilution	CLSI
72407.508	Klebsiella pneumoniae subsp. pneumoniae strain 3189STDY5864847	ciprofloxacin	Resistant	Laboratory Method	Broth dilution	CLSI
72407.482	Klebsiella pneumoniae subsp. pneumoniae strain 3189STDY5864737	ciprofloxacin	Resistant	Laboratory Method	Broth dilution	CLSI
573.144	Klebsiella pneumoniae KPN792ec	ciprofloxacin	Resistant	Laboratory Method	Broth dilution	CLSI
573.13047	Klebsiella pneumoniae KPN1021ec	ciprofloxacin	Resistant	Laboratory Method	Broth dilution	CLSI
573.13681	Klebsiella pneumoniae KPN1789ec	ciprofloxacin	Resistant	Laboratory Method	Broth dilution	CLSI
573.14074	Klebsiella pneumoniae KPN345ec	ciprofloxacin	Resistant	Laboratory Method	Broth dilution	CLSI
573.62732	Klebsiella pneumoniae MGL_152	ciprofloxacin	Resistant	Laboratory Method	Disk diffusion	
573.19877	Klebsiella pneumoniae strain AR_0454	ciprofloxacin	Resistant	Laboratory Method	Broth dilution	CLSI
573.13415	Klebsiella pneumoniae KPN1478ec	ciprofloxacin	Resistant	Laboratory Method	Broth dilution	CLSI
573.15434	Klebsiella pneumoniae strain 10315_6#11	ciprofloxacin	Resistant	Laboratory Method	Disk diffusion	CLSI
573.24305	Klebsiella pneumoniae strain 457	ciprofloxacin	Resistant	Laboratory Method	Broth dilution	CLSI
573.24447	Klebsiella pneumoniae strain MUGSI_88	ciprofloxacin	Resistant	Laboratory Method	Broth dilution	CLSI
573.14307	Klebsiella pneumoniae KPN676ec	ciprofloxacin	Resistant	Laboratory Method	Broth dilution	CLSI
573.13219	Klebsiella pneumoniae KPN1239ec	ciprofloxacin	Resistant	Laboratory Method	Broth dilution	CLSI
573.33399	Klebsiella pneumoniae strain PMK17	ciprofloxacin	Resistant	Laboratory Method	Broth dilution	EUCAST
573.13262	Klebsiella pneumoniae KPN1283ec	ciprofloxacin	Resistant	Laboratory Method	Broth dilution	CLSI
573.13483	Klebsiella pneumoniae KPN1555ec	ciprofloxacin	Resistant	Laboratory Method	Broth dilution	CLSI
573.24386	Klebsiella pneumoniae strain MUGSI_272	ciprofloxacin	Resistant	Laboratory Method	Broth dilution	CLSI
573.58	Klebsiella pneumoniae strain PB121	ciprofloxacin	Resistant	Laboratory Method	Broth dilution	EUCAST
573.14384	Klebsiella pneumoniae KPN769ec	ciprofloxacin	Resistant	Laboratory Method	Broth dilution	CLSI
573.13812	Klebsiella pneumoniae KPN1976ec	ciprofloxacin	Resistant	Laboratory Method	Broth dilution	CLSI
72407.581	Klebsiella pneumoniae subsp. pneumoniae strain 3189STDY5864798	ciprofloxacin	Resistant	Laboratory Method	Broth dilution	CLSI
573.22556	Klebsiella pneumoniae strain SU14	ciprofloxacin	Resistant	Laboratory Method		EUCAST
573.13953	Klebsiella pneumoniae KPN2162ec	ciprofloxacin	Resistant	Laboratory Method	Broth dilution	CLSI
1438769.3	Klebsiella pneumoniae CHS 63	ciprofloxacin	Resistant	Laboratory Method	Broth dilution	
573.13363	Klebsiella pneumoniae KPN1422ec	ciprofloxacin	Resistant	Laboratory Method	Broth dilution	CLSI
573.14133	Klebsiella pneumoniae KPN413ec	ciprofloxacin	Resistant	Laboratory Method	Broth dilution	CLSI
573.14152	Klebsiella pneumoniae KPN434ec	ciprofloxacin	Resistant	Laboratory Method	Broth dilution	CLSI
573.14536	Klebsiella pneumoniae KPN977ec	ciprofloxacin	Resistant	Laboratory Method	Broth dilution	CLSI
573.13402	Klebsiella pneumoniae KPN1464ec	ciprofloxacin	Resistant	Laboratory Method	Broth dilution	CLSI
573.13729	Klebsiella pneumoniae KPN1866ec	ciprofloxacin	Resistant	Laboratory Method	Broth dilution	CLSI
573.14049	Klebsiella pneumoniae KPN315ec	ciprofloxacin	Resistant	Laboratory Method	Broth dilution	CLSI
573.15659	Klebsiella pneumoniae strain K967	ciprofloxacin	Resistant	Laboratory Method	Disk diffusion	EUCAST
573.13319	Klebsiella pneumoniae KPN1361ec	ciprofloxacin	Resistant	Laboratory Method	Broth dilution	CLSI
573.13532	Klebsiella pneumoniae KPN1611ec	ciprofloxacin	Resistant	Laboratory Method	Broth dilution	CLSI
573.13334	Klebsiella pneumoniae KPN1384ec	ciprofloxacin	Resistant	Laboratory Method	Broth dilution	CLSI
573.29866	Klebsiella pneumoniae strain Kpngiani7132568	ciprofloxacin	Resistant	Laboratory Method	Broth dilution	EUCAST
573.13259	Klebsiella pneumoniae KPN1280ec	ciprofloxacin	Resistant	Laboratory Method	Broth dilution	CLSI
573.33413	Klebsiella pneumoniae strain PMK21a	ciprofloxacin	Resistant	Laboratory Method	Broth dilution	EUCAST
573.13889	Klebsiella pneumoniae KPN2065ec	ciprofloxacin	Resistant	Laboratory Method	Broth dilution	CLSI
573.46846	Klebsiella pneumoniae KP-1PI	ciprofloxacin	Resistant	Laboratory Method	Broth dilution	EUCAST
1438748.3	Klebsiella pneumoniae CHS 42	ciprofloxacin	Resistant	Laboratory Method	Broth dilution	
573.13092	Klebsiella pneumoniae KPN1080ec	ciprofloxacin	Resistant	Laboratory Method	Broth dilution	CLSI
573.5645	Klebsiella pneumoniae strain 3_GR_13	ciprofloxacin	Resistant	Laboratory Method	Broth dilution	CLSI
573.14088	Klebsiella pneumoniae KPN364ec	ciprofloxacin	Resistant	Laboratory Method	Broth dilution	CLSI
573.13167	Klebsiella pneumoniae KPN1172ec	ciprofloxacin	Resistant	Laboratory Method	Broth dilution	CLSI
573.26166	Klebsiella pneumoniae strain 5012STDY7312603	ciprofloxacin	Resistant	Laboratory Method	Broth dilution	
573.24317	Klebsiella pneumoniae strain 98	ciprofloxacin	Resistant	Laboratory Method	Broth dilution	CLSI
72407.487	Klebsiella pneumoniae subsp. pneumoniae strain 3189STDY5864837	ciprofloxacin	Resistant	Laboratory Method	Broth dilution	CLSI
573.1729	Klebsiella pneumoniae strain KpVA-11	ciprofloxacin	Resistant	Laboratory Method	Disk diffusion	EUCAST
573.13849	Klebsiella pneumoniae KPN201ec	ciprofloxacin	Resistant	Laboratory Method	Broth dilution	CLSI
72407.5	Klebsiella pneumoniae subsp. pneumoniae strain 3189STDY5864738	ciprofloxacin	Resistant	Laboratory Method	Broth dilution	CLSI
573.14461	Klebsiella pneumoniae KPN879ec	ciprofloxacin	Resistant	Laboratory Method	Broth dilution	CLSI
573.13755	Klebsiella pneumoniae KPN1894ec	ciprofloxacin	Resistant	Laboratory Method	Broth dilution	CLSI
573.14502	Klebsiella pneumoniae KPN930ec	ciprofloxacin	Resistant	Laboratory Method	Broth dilution	CLSI
573.29969	Klebsiella pneumoniae strain Kpngiani7132492	ciprofloxacin	Resistant	Laboratory Method	Broth dilution	EUCAST
573.13992	Klebsiella pneumoniae KPN251ec	ciprofloxacin	Resistant	Laboratory Method	Broth dilution	CLSI
573.23233	Klebsiella pneumoniae strain KP_008	ciprofloxacin	Resistant	Laboratory Method	Disk diffusion	CLSI
573.2988	Klebsiella pneumoniae strain Kpngiani7132582	ciprofloxacin	Resistant	Laboratory Method	Broth dilution	EUCAST
1438758.3	Klebsiella pneumoniae CHS 52	ciprofloxacin	Resistant	Laboratory Method	Broth dilution	
573.13191	Klebsiella pneumoniae KPN1199ec	ciprofloxacin	Resistant	Laboratory Method	Broth dilution	CLSI
573.13762	Klebsiella pneumoniae KPN1903ec	ciprofloxacin	Resistant	Laboratory Method	Broth dilution	CLSI
573.24247	Klebsiella pneumoniae strain 12	ciprofloxacin	Resistant	Laboratory Method	Broth dilution	CLSI
573.13984	Klebsiella pneumoniae KPN240ec	ciprofloxacin	Resistant	Laboratory Method	Broth dilution	CLSI
573.13548	Klebsiella pneumoniae KPN1635ec	ciprofloxacin	Resistant	Laboratory Method	Broth dilution	CLSI
573.12938	Klebsiella pneumoniae 3329	ciprofloxacin	Resistant	Laboratory Method	Broth dilution	CLSI
573.14497	Klebsiella pneumoniae KPN925ec	ciprofloxacin	Resistant	Laboratory Method	Broth dilution	CLSI
573.31063	Klebsiella pneumoniae strain PH24-1	ciprofloxacin	Resistant	Laboratory Method	Disk diffusion	CLSI
573.13696	Klebsiella pneumoniae KPN1831ec	ciprofloxacin	Resistant	Laboratory Method	Broth dilution	CLSI
573.24298	Klebsiella pneumoniae strain 400	ciprofloxacin	Resistant	Laboratory Method	Broth dilution	CLSI
573.14519	Klebsiella pneumoniae KPN951ec	ciprofloxacin	Resistant	Laboratory Method	Broth dilution	CLSI
1284787.3	Klebsiella pneumoniae UHKPC40	ciprofloxacin	Resistant	Laboratory Method		
573.15377	Klebsiella pneumoniae strain KSB1_4E	ciprofloxacin	Resistant	Laboratory Method	Broth dilution	CLSI
573.15443	Klebsiella pneumoniae strain 10315_6#23	ciprofloxacin	Resistant	Laboratory Method	Disk diffusion	CLSI
573.13426	Klebsiella pneumoniae KPN1488ec	ciprofloxacin	Resistant	Laboratory Method	Broth dilution	CLSI
573.22559	Klebsiella pneumoniae strain SU8	ciprofloxacin	Resistant	Laboratory Method		EUCAST
573.24264	Klebsiella pneumoniae strain 212	ciprofloxacin	Resistant	Laboratory Method	Broth dilution	CLSI
573.46074	Klebsiella pneumoniae INF093	ciprofloxacin	Resistant	Laboratory Method	Broth dilution	CLSI
1438745.3	Klebsiella pneumoniae CHS 39	ciprofloxacin	Resistant	Laboratory Method	Broth dilution	
573.13204	Klebsiella pneumoniae KPN1214ec	ciprofloxacin	Resistant	Laboratory Method	Broth dilution	CLSI
573.13771	Klebsiella pneumoniae KPN1917ec	ciprofloxacin	Resistant	Laboratory Method	Broth dilution	CLSI
573.14465	Klebsiella pneumoniae KPN883ec	ciprofloxacin	Resistant	Laboratory Method	Broth dilution	CLSI
573.26237	Klebsiella pneumoniae strain 5012STDY7626506	ciprofloxacin	Resistant	Laboratory Method	Broth dilution	
573.13994	Klebsiella pneumoniae KPN254ec	ciprofloxacin	Resistant	Laboratory Method	Broth dilution	CLSI
573.5766	Klebsiella pneumoniae strain 1_GR_13	ciprofloxacin	Resistant	Laboratory Method	Broth dilution	CLSI
573.33401	Klebsiella pneumoniae strain PMK20a	ciprofloxacin	Resistant	Laboratory Method	Broth dilution	EUCAST
573.13839	Klebsiella pneumoniae KPN2009ec	ciprofloxacin	Resistant	Laboratory Method	Broth dilution	CLSI
573.1318	Klebsiella pneumoniae KPN1188ec	ciprofloxacin	Resistant	Laboratory Method	Broth dilution	CLSI
1438763.3	Klebsiella pneumoniae CHS 57	ciprofloxacin	Resistant	Laboratory Method	Broth dilution	
573.67025	Klebsiella pneumoniae KP_NORM_BLD_61295	ciprofloxacin	Resistant	Laboratory Method		EUCAST
573.1329	Klebsiella pneumoniae KPN132ec	ciprofloxacin	Resistant	Laboratory Method	Broth dilution	CLSI
573.14449	Klebsiella pneumoniae KPN864ec	ciprofloxacin	Resistant	Laboratory Method	Broth dilution	CLSI
573.26104	Klebsiella pneumoniae strain 5012STDY7312710	ciprofloxacin	Resistant	Laboratory Method	Broth dilution	
573.13138	Klebsiella pneumoniae KPN1137ec	ciprofloxacin	Resistant	Laboratory Method	Broth dilution	CLSI
573.67177	Klebsiella pneumoniae KP_NORM_URN_2015_111534	ciprofloxacin	Resistant	Laboratory Method		EUCAST
573.15687	Klebsiella pneumoniae strain K810	ciprofloxacin	Resistant	Laboratory Method	Disk diffusion	EUCAST
573.13049	Klebsiella pneumoniae KPN1023ec	ciprofloxacin	Resistant	Laboratory Method	Broth dilution	CLSI
573.67417	Klebsiella pneumoniae MGL_152	ciprofloxacin	Resistant	Laboratory Method	Disk diffusion	CLSI, EUCAST
573.13516	Klebsiella pneumoniae KPN1592ec	ciprofloxacin	Resistant	Laboratory Method	Broth dilution	CLSI
573.29934	Klebsiella pneumoniae strain Kpngiani7132623	ciprofloxacin	Resistant	Laboratory Method	Broth dilution	EUCAST
573.15626	Klebsiella pneumoniae strain KSB1_1H	ciprofloxacin	Resistant	Laboratory Method	Broth dilution	CLSI
573.13235	Klebsiella pneumoniae KPN1256ec	ciprofloxacin	Resistant	Laboratory Method	Broth dilution	CLSI
573.29964	Klebsiella pneumoniae strain Kpngiani7132482	ciprofloxacin	Resistant	Laboratory Method	Broth dilution	EUCAST
573.14008	Klebsiella pneumoniae KPN270ec	ciprofloxacin	Resistant	Laboratory Method	Broth dilution	CLSI
573.46838	Klebsiella pneumoniae KP-13LU	ciprofloxacin	Resistant	Laboratory Method	Broth dilution	EUCAST
573.1343	Klebsiella pneumoniae KPN1493ec	ciprofloxacin	Resistant	Laboratory Method	Broth dilution	CLSI
573.13106	Klebsiella pneumoniae KPN1102ec	ciprofloxacin	Resistant	Laboratory Method	Broth dilution	CLSI
1284821.3	Klebsiella pneumoniae UHKPC29	ciprofloxacin	Resistant	Laboratory Method		
573.5716	Klebsiella pneumoniae strain W2-13-ERG4	ciprofloxacin	Resistant	Laboratory Method	Broth dilution	EUCAST
573.13949	Klebsiella pneumoniae KPN2157ec	ciprofloxacin	Resistant	Laboratory Method	Broth dilution	CLSI
573.13823	Klebsiella pneumoniae KPN198ec	ciprofloxacin	Resistant	Laboratory Method	Broth dilution	CLSI
573.13772	Klebsiella pneumoniae KPN1918ec	ciprofloxacin	Resistant	Laboratory Method	Broth dilution	CLSI
573.13373	Klebsiella pneumoniae KPN1431ec	ciprofloxacin	Resistant	Laboratory Method	Broth dilution	CLSI
573.15449	Klebsiella pneumoniae strain 10315_6#31	ciprofloxacin	Resistant	Laboratory Method	Disk diffusion	CLSI
573.1384	Klebsiella pneumoniae KPN200ec	ciprofloxacin	Resistant	Laboratory Method	Broth dilution	CLSI
573.15711	Klebsiella pneumoniae strain K1004	ciprofloxacin	Resistant	Laboratory Method	Disk diffusion	EUCAST
72407.2893	Klebsiella pneumoniae subsp. pneumoniae MRSN849636	ciprofloxacin	Resistant	Laboratory Method		
573.13243	Klebsiella pneumoniae KPN1264ec	ciprofloxacin	Resistant	Laboratory Method	Broth dilution	CLSI
573.46863	Klebsiella pneumoniae KP-39LI	ciprofloxacin	Resistant	Laboratory Method	Broth dilution	EUCAST
1284819.3	Klebsiella pneumoniae UHKPC45	ciprofloxacin	Resistant	Laboratory Method		
573.13506	Klebsiella pneumoniae KPN1580ec	ciprofloxacin	Resistant	Laboratory Method	Broth dilution	CLSI
573.14417	Klebsiella pneumoniae KPN817ec	ciprofloxacin	Resistant	Laboratory Method	Broth dilution	CLSI
573.14281	Klebsiella pneumoniae KPN614ec	ciprofloxacin	Resistant	Laboratory Method	Broth dilution	CLSI
573.30013	Klebsiella pneumoniae strain Kpngiani7132548	ciprofloxacin	Resistant	Laboratory Method	Broth dilution	EUCAST
573.13161	Klebsiella pneumoniae KPN1166ec	ciprofloxacin	Resistant	Laboratory Method	Broth dilution	CLSI
573.13692	Klebsiella pneumoniae KPN1827ec	ciprofloxacin	Resistant	Laboratory Method	Broth dilution	CLSI
573.26262	Klebsiella pneumoniae strain 5012STDY7626380	ciprofloxacin	Resistant	Laboratory Method	Broth dilution	
573.12981	Klebsiella pneumoniae 3332	ciprofloxacin	Resistant	Laboratory Method	Broth dilution	CLSI
573.13893	Klebsiella pneumoniae KPN206ec	ciprofloxacin	Resistant	Laboratory Method	Broth dilution	CLSI
573.66863	Klebsiella pneumoniae KP_NORM_BLD_2009_62172	ciprofloxacin	Resistant	Laboratory Method		EUCAST
573.14105	Klebsiella pneumoniae KPN382ec	ciprofloxacin	Resistant	Laboratory Method	Broth dilution	CLSI
573.2426	Klebsiella pneumoniae strain 2	ciprofloxacin	Resistant	Laboratory Method	Broth dilution	CLSI
573.14312	Klebsiella pneumoniae KPN681ec	ciprofloxacin	Resistant	Laboratory Method	Broth dilution	CLSI
573.2997	Klebsiella pneumoniae strain Kpngiani7132498	ciprofloxacin	Resistant	Laboratory Method	Broth dilution	EUCAST
72407.569	Klebsiella pneumoniae subsp. pneumoniae strain 3189STDY5864793	ciprofloxacin	Resistant	Laboratory Method	Broth dilution	CLSI
573.5672	Klebsiella pneumoniae strain PB366	ciprofloxacin	Resistant	Laboratory Method	Broth dilution	EUCAST
573.14246	Klebsiella pneumoniae KPN572ec	ciprofloxacin	Resistant	Laboratory Method	Broth dilution	CLSI
573.13517	Klebsiella pneumoniae KPN1593ec	ciprofloxacin	Resistant	Laboratory Method	Broth dilution	CLSI
573.13272	Klebsiella pneumoniae KPN1307ec	ciprofloxacin	Resistant	Laboratory Method	Broth dilution	CLSI
573.6688	Klebsiella pneumoniae KP_NORM_BLD_2011_74829	ciprofloxacin	Resistant	Laboratory Method		EUCAST
573.13314	Klebsiella pneumoniae KPN1355ec	ciprofloxacin	Resistant	Laboratory Method	Broth dilution	CLSI
573.1724	Klebsiella pneumoniae strain KpVA-6	ciprofloxacin	Resistant	Laboratory Method	Disk diffusion	EUCAST
573.14438	Klebsiella pneumoniae KPN844ec	ciprofloxacin	Resistant	Laboratory Method	Broth dilution	CLSI
573.13513	Klebsiella pneumoniae KPN1588ec	ciprofloxacin	Resistant	Laboratory Method	Broth dilution	CLSI
573.15592	Klebsiella pneumoniae strain MSB1_8A	ciprofloxacin	Resistant	Laboratory Method	Broth dilution	CLSI
573.67412	Klebsiella pneumoniae 20200317_MGL_39	ciprofloxacin	Resistant	Laboratory Method	Disk diffusion	CLSI, EUCAST
573.13051	Klebsiella pneumoniae KPN1026ec	ciprofloxacin	Resistant	Laboratory Method	Broth dilution	CLSI
573.14284	Klebsiella pneumoniae KPN617ec	ciprofloxacin	Resistant	Laboratory Method	Broth dilution	CLSI
573.13112	Klebsiella pneumoniae KPN1108ec	ciprofloxacin	Resistant	Laboratory Method	Broth dilution	CLSI
573.13492	Klebsiella pneumoniae KPN1564ec	ciprofloxacin	Resistant	Laboratory Method	Broth dilution	CLSI
573.13807	Klebsiella pneumoniae KPN1968ec	ciprofloxacin	Resistant	Laboratory Method	Broth dilution	CLSI
573.24371	Klebsiella pneumoniae strain MUGSI_184	ciprofloxacin	Resistant	Laboratory Method	Broth dilution	CLSI
573.13983	Klebsiella pneumoniae KPN238ec	ciprofloxacin	Resistant	Laboratory Method	Broth dilution	CLSI
573.14374	Klebsiella pneumoniae KPN755ec	ciprofloxacin	Resistant	Laboratory Method	Broth dilution	CLSI
573.14156	Klebsiella pneumoniae KPN438ec	ciprofloxacin	Resistant	Laboratory Method	Broth dilution	CLSI
573.13008	Klebsiella pneumoniae 3302	ciprofloxacin	Resistant	Laboratory Method	Broth dilution	CLSI
573.14514	Klebsiella pneumoniae KPN946ec	ciprofloxacin	Resistant	Laboratory Method	Broth dilution	CLSI
573.13386	Klebsiella pneumoniae KPN1445ec	ciprofloxacin	Resistant	Laboratory Method	Broth dilution	CLSI
573.13613	Klebsiella pneumoniae KPN1710ec	ciprofloxacin	Resistant	Laboratory Method	Broth dilution	CLSI
573.13934	Klebsiella pneumoniae KPN2118ec	ciprofloxacin	Resistant	Laboratory Method	Broth dilution	CLSI
573.13615	Klebsiella pneumoniae KPN1712ec	ciprofloxacin	Resistant	Laboratory Method	Broth dilution	CLSI
573.3	Klebsiella pneumoniae strain Kpngiani7132542	ciprofloxacin	Resistant	Laboratory Method	Broth dilution	EUCAST
573.13512	Klebsiella pneumoniae KPN1587ec	ciprofloxacin	Resistant	Laboratory Method	Broth dilution	CLSI
573.1537	Klebsiella pneumoniae strain INF157	ciprofloxacin	Resistant	Laboratory Method	Broth dilution	CLSI
573.12879	Klebsiella pneumoniae 3289	ciprofloxacin	Resistant	Laboratory Method	Broth dilution	CLSI
573.46834	Klebsiella pneumoniae KP-122LU	ciprofloxacin	Resistant	Laboratory Method	Broth dilution	EUCAST
573.33405	Klebsiella pneumoniae strain PMK26a	ciprofloxacin	Resistant	Laboratory Method	Broth dilution	EUCAST
573.26315	Klebsiella pneumoniae strain 5012STDY7626437	ciprofloxacin	Resistant	Laboratory Method	Broth dilution	
573.1411	Klebsiella pneumoniae KPN387ec	ciprofloxacin	Resistant	Laboratory Method	Broth dilution	CLSI
573.13946	Klebsiella pneumoniae KPN2154ec	ciprofloxacin	Resistant	Laboratory Method	Broth dilution	CLSI
573.29903	Klebsiella pneumoniae strain Kpngiani7132604	ciprofloxacin	Resistant	Laboratory Method	Broth dilution	EUCAST
573.14389	Klebsiella pneumoniae KPN775ec	ciprofloxacin	Resistant	Laboratory Method	Broth dilution	CLSI
573.14039	Klebsiella pneumoniae KPN304ec	ciprofloxacin	Resistant	Laboratory Method	Broth dilution	CLSI
573.13431	Klebsiella pneumoniae KPN1494ec	ciprofloxacin	Resistant	Laboratory Method	Broth dilution	CLSI
573.62721	Klebsiella pneumoniae MGL_174	ciprofloxacin	Resistant	Laboratory Method	Disk diffusion	
573.15695	Klebsiella pneumoniae strain K892	ciprofloxacin	Resistant	Laboratory Method	Disk diffusion	EUCAST
573.62703	Klebsiella pneumoniae 20200622_MGL_63	ciprofloxacin	Resistant	Laboratory Method	Disk diffusion	
573.67173	Klebsiella pneumoniae KP_NORM_URN_2015_111149	ciprofloxacin	Resistant	Laboratory Method		EUCAST
573.569	Klebsiella pneumoniae strain PB226	ciprofloxacin	Resistant	Laboratory Method	Broth dilution	EUCAST
573.66922	Klebsiella pneumoniae KP_NORM_BLD_2014_100833	ciprofloxacin	Resistant	Laboratory Method		EUCAST
573.14261	Klebsiella pneumoniae KPN588ec	ciprofloxacin	Resistant	Laboratory Method	Broth dilution	CLSI
1284824.3	Klebsiella pneumoniae VAKPC252	ciprofloxacin	Resistant	Laboratory Method		
573.33406	Klebsiella pneumoniae strain PMK21d	ciprofloxacin	Resistant	Laboratory Method	Broth dilution	EUCAST
573.13965	Klebsiella pneumoniae KPN218ec	ciprofloxacin	Resistant	Laboratory Method	Broth dilution	CLSI
573.62722	Klebsiella pneumoniae MGL_171	ciprofloxacin	Resistant	Laboratory Method	Disk diffusion	
573.24256	Klebsiella pneumoniae strain 18	ciprofloxacin	Resistant	Laboratory Method	Broth dilution	CLSI
573.13552	Klebsiella pneumoniae KPN1643ec	ciprofloxacin	Resistant	Laboratory Method	Broth dilution	CLSI
573.13119	Klebsiella pneumoniae KPN1117ec	ciprofloxacin	Resistant	Laboratory Method	Broth dilution	CLSI
573.12896	Klebsiella pneumoniae 3300	ciprofloxacin	Resistant	Laboratory Method	Broth dilution	CLSI
573.24373	Klebsiella pneumoniae strain MUGSI_190	ciprofloxacin	Resistant	Laboratory Method	Broth dilution	CLSI
573.67382	Klebsiella pneumoniae MGL_76	ciprofloxacin	Resistant	Laboratory Method	Disk diffusion	CLSI, EUCAST
573.13441	Klebsiella pneumoniae KPN1507ec	ciprofloxacin	Resistant	Laboratory Method	Broth dilution	CLSI
573.13902	Klebsiella pneumoniae KPN207ec	ciprofloxacin	Resistant	Laboratory Method	Broth dilution	CLSI
573.14232	Klebsiella pneumoniae KPN554ec	ciprofloxacin	Resistant	Laboratory Method	Broth dilution	CLSI
573.14356	Klebsiella pneumoniae KPN733ec	ciprofloxacin	Resistant	Laboratory Method	Broth dilution	CLSI
573.24394	Klebsiella pneumoniae strain MUGSI_310	ciprofloxacin	Resistant	Laboratory Method	Broth dilution	CLSI
573.31072	Klebsiella pneumoniae strain PH44	ciprofloxacin	Resistant	Laboratory Method	Disk diffusion	CLSI
573.14148	Klebsiella pneumoniae KPN428ec	ciprofloxacin	Resistant	Laboratory Method	Broth dilution	CLSI
573.14293	Klebsiella pneumoniae KPN630ec	ciprofloxacin	Resistant	Laboratory Method	Broth dilution	CLSI
573.29957	Klebsiella pneumoniae strain Kpngiani7132490	ciprofloxacin	Resistant	Laboratory Method	Broth dilution	EUCAST
573.22568	Klebsiella pneumoniae strain SU9	ciprofloxacin	Resistant	Laboratory Method		EUCAST
573.15689	Klebsiella pneumoniae strain K893	ciprofloxacin	Resistant	Laboratory Method	Disk diffusion	EUCAST
573.2435	Klebsiella pneumoniae strain MUGSI_136	ciprofloxacin	Resistant	Laboratory Method	Broth dilution	CLSI
573.1361	Klebsiella pneumoniae KPN1707ec	ciprofloxacin	Resistant	Laboratory Method	Broth dilution	CLSI
1438740.3	Klebsiella pneumoniae CHS 34	ciprofloxacin	Resistant	Laboratory Method	Broth dilution	
573.14162	Klebsiella pneumoniae KPN446ec	ciprofloxacin	Resistant	Laboratory Method	Broth dilution	CLSI
573.14023	Klebsiella pneumoniae KPN286ec	ciprofloxacin	Resistant	Laboratory Method	Broth dilution	CLSI
573.66735	Klebsiella pneumoniae KP_NORM_BLD_116604	ciprofloxacin	Resistant	Laboratory Method		EUCAST
573.15662	Klebsiella pneumoniae strain K1031	ciprofloxacin	Resistant	Laboratory Method	Disk diffusion	EUCAST
573.29961	Klebsiella pneumoniae strain Kpngiani7132504	ciprofloxacin	Resistant	Laboratory Method	Broth dilution	EUCAST
573.14175	Klebsiella pneumoniae KPN464ec	ciprofloxacin	Resistant	Laboratory Method	Broth dilution	CLSI
573.23229	Klebsiella pneumoniae strain KP_328	ciprofloxacin	Resistant	Laboratory Method	Disk diffusion	CLSI
573.14484	Klebsiella pneumoniae KPN911ec	ciprofloxacin	Resistant	Laboratory Method	Broth dilution	CLSI
1438764.3	Klebsiella pneumoniae CHS 58	ciprofloxacin	Resistant	Laboratory Method	Broth dilution	
573.14087	Klebsiella pneumoniae KPN362ec	ciprofloxacin	Resistant	Laboratory Method	Broth dilution	CLSI
573.67407	Klebsiella pneumoniae MGL_173	ciprofloxacin	Resistant	Laboratory Method	Disk diffusion	CLSI, EUCAST
573.13691	Klebsiella pneumoniae KPN1826ec	ciprofloxacin	Resistant	Laboratory Method	Broth dilution	CLSI
573.13592	Klebsiella pneumoniae KPN1689ec	ciprofloxacin	Resistant	Laboratory Method	Broth dilution	CLSI
573.22566	Klebsiella pneumoniae strain SU7	ciprofloxacin	Resistant	Laboratory Method		EUCAST
573.30016	Klebsiella pneumoniae strain Kpngiani7132537	ciprofloxacin	Resistant	Laboratory Method	Broth dilution	EUCAST
573.24252	Klebsiella pneumoniae strain 16	ciprofloxacin	Resistant	Laboratory Method	Broth dilution	CLSI
72407.572	Klebsiella pneumoniae subsp. pneumoniae strain 3189STDY5864795	ciprofloxacin	Resistant	Laboratory Method	Broth dilution	CLSI
72407.485	Klebsiella pneumoniae subsp. pneumoniae strain 3189STDY5864748	ciprofloxacin	Resistant	Laboratory Method	Broth dilution	CLSI
573.6742	Klebsiella pneumoniae MGL_135	ciprofloxacin	Resistant	Laboratory Method	Disk diffusion	CLSI, EUCAST
573.24381	Klebsiella pneumoniae strain MUGSI_227	ciprofloxacin	Resistant	Laboratory Method	Broth dilution	CLSI
573.14539	Klebsiella pneumoniae KPN981ec	ciprofloxacin	Resistant	Laboratory Method	Broth dilution	CLSI
573.627	Klebsiella pneumoniae 20200622_MGL_70	ciprofloxacin	Resistant	Laboratory Method	Disk diffusion	
573.14421	Klebsiella pneumoniae KPN822ec	ciprofloxacin	Resistant	Laboratory Method	Broth dilution	CLSI
573.14381	Klebsiella pneumoniae KPN765ec	ciprofloxacin	Resistant	Laboratory Method	Broth dilution	CLSI
573.14129	Klebsiella pneumoniae KPN408ec	ciprofloxacin	Resistant	Laboratory Method	Broth dilution	CLSI
573.13079	Klebsiella pneumoniae KPN1064ec	ciprofloxacin	Resistant	Laboratory Method	Broth dilution	CLSI
573.1312	Klebsiella pneumoniae KPN1118ec	ciprofloxacin	Resistant	Laboratory Method	Broth dilution	CLSI
573.24416	Klebsiella pneumoniae strain MUGSI_5	ciprofloxacin	Resistant	Laboratory Method	Broth dilution	CLSI
573.13394	Klebsiella pneumoniae KPN1453ec	ciprofloxacin	Resistant	Laboratory Method	Broth dilution	CLSI
573.1549	Klebsiella pneumoniae strain 10315_6#80	ciprofloxacin	Resistant	Laboratory Method	Disk diffusion	CLSI
573.15681	Klebsiella pneumoniae strain K757	ciprofloxacin	Resistant	Laboratory Method	Disk diffusion	EUCAST
573.62702	Klebsiella pneumoniae 20200622_MGL_68	ciprofloxacin	Resistant	Laboratory Method	Disk diffusion	
573.14259	Klebsiella pneumoniae KPN585ec	ciprofloxacin	Resistant	Laboratory Method	Broth dilution	CLSI
573.29952	Klebsiella pneumoniae strain Kpngiani7132503	ciprofloxacin	Resistant	Laboratory Method	Broth dilution	EUCAST
573.13399	Klebsiella pneumoniae KPN145ec	ciprofloxacin	Resistant	Laboratory Method	Broth dilution	CLSI
573.14486	Klebsiella pneumoniae KPN912ec	ciprofloxacin	Resistant	Laboratory Method	Broth dilution	CLSI
573.29871	Klebsiella pneumoniae strain Kpngiani7132572	ciprofloxacin	Resistant	Laboratory Method	Broth dilution	EUCAST
573.15593	Klebsiella pneumoniae strain INF302	ciprofloxacin	Resistant	Laboratory Method	Broth dilution	CLSI
573.14182	Klebsiella pneumoniae KPN472ec	ciprofloxacin	Resistant	Laboratory Method	Broth dilution	CLSI
573.13736	Klebsiella pneumoniae KPN1872ec	ciprofloxacin	Resistant	Laboratory Method	Broth dilution	CLSI
573.14036	Klebsiella pneumoniae KPN301ec	ciprofloxacin	Resistant	Laboratory Method	Broth dilution	CLSI
573.12909	Klebsiella pneumoniae 3317	ciprofloxacin	Resistant	Laboratory Method	Broth dilution	CLSI
573.13185	Klebsiella pneumoniae KPN1193ec	ciprofloxacin	Resistant	Laboratory Method	Broth dilution	CLSI
573.15437	Klebsiella pneumoniae strain 10315_6#12	ciprofloxacin	Resistant	Laboratory Method	Disk diffusion	CLSI
573.13054	Klebsiella pneumoniae KPN1031ec	ciprofloxacin	Resistant	Laboratory Method	Broth dilution	CLSI
573.15716	Klebsiella pneumoniae strain K1257	ciprofloxacin	Resistant	Laboratory Method	Disk diffusion	EUCAST
573.13494	Klebsiella pneumoniae KPN1566ec	ciprofloxacin	Resistant	Laboratory Method	Broth dilution	CLSI
573.13459	Klebsiella pneumoniae KPN1527ec	ciprofloxacin	Resistant	Laboratory Method	Broth dilution	CLSI
573.13132	Klebsiella pneumoniae KPN1131ec	ciprofloxacin	Resistant	Laboratory Method	Broth dilution	CLSI
573.12948	Klebsiella pneumoniae 3291	ciprofloxacin	Resistant	Laboratory Method	Broth dilution	CLSI
573.24322	Klebsiella pneumoniae strain MRSN14213	ciprofloxacin	Resistant	Laboratory Method	Broth dilution	CLSI
573.23228	Klebsiella pneumoniae strain KP_343	ciprofloxacin	Resistant	Laboratory Method	Disk diffusion	CLSI
573.15645	Klebsiella pneumoniae strain K1288	ciprofloxacin	Resistant	Laboratory Method	Disk diffusion	EUCAST
573.67133	Klebsiella pneumoniae KP_NORM_URN_2012_80681	ciprofloxacin	Resistant	Laboratory Method		EUCAST
573.1728	Klebsiella pneumoniae strain KpVA-10	ciprofloxacin	Resistant	Laboratory Method	Disk diffusion	EUCAST
573.13488	Klebsiella pneumoniae KPN155ec	ciprofloxacin	Resistant	Laboratory Method	Broth dilution	CLSI
573.15375	Klebsiella pneumoniae strain INF164	ciprofloxacin	Resistant	Laboratory Method	Broth dilution	CLSI
573.14371	Klebsiella pneumoniae KPN752ec	ciprofloxacin	Resistant	Laboratory Method	Broth dilution	CLSI
573.1446	Klebsiella pneumoniae KPN878ec	ciprofloxacin	Resistant	Laboratory Method	Broth dilution	CLSI
1284816.3	Klebsiella pneumoniae UHKPC26	ciprofloxacin	Resistant	Laboratory Method		
573.15602	Klebsiella pneumoniae strain INF277	ciprofloxacin	Resistant	Laboratory Method	Broth dilution	CLSI
573.13605	Klebsiella pneumoniae KPN1701ec	ciprofloxacin	Resistant	Laboratory Method	Broth dilution	CLSI
573.14458	Klebsiella pneumoniae KPN876ec	ciprofloxacin	Resistant	Laboratory Method	Broth dilution	CLSI
573.14221	Klebsiella pneumoniae KPN538ec	ciprofloxacin	Resistant	Laboratory Method	Broth dilution	CLSI
573.14056	Klebsiella pneumoniae KPN322ec	ciprofloxacin	Resistant	Laboratory Method	Broth dilution	CLSI
573.26303	Klebsiella pneumoniae strain 5012STDY7626423	ciprofloxacin	Resistant	Laboratory Method	Broth dilution	
573.24393	Klebsiella pneumoniae strain MUGSI_31	ciprofloxacin	Resistant	Laboratory Method	Broth dilution	CLSI
573.13265	Klebsiella pneumoniae KPN1286ec	ciprofloxacin	Resistant	Laboratory Method	Broth dilution	CLSI
573.13197	Klebsiella pneumoniae KPN1206ec	ciprofloxacin	Resistant	Laboratory Method	Broth dilution	CLSI
573.669	Klebsiella pneumoniae KP_NORM_BLD_2012_85067	ciprofloxacin	Resistant	Laboratory Method		EUCAST
573.13687	Klebsiella pneumoniae KPN1819ec	ciprofloxacin	Resistant	Laboratory Method	Broth dilution	CLSI
573.24343	Klebsiella pneumoniae strain MUGSI_126	ciprofloxacin	Resistant	Laboratory Method	Broth dilution	CLSI
573.22562	Klebsiella pneumoniae strain SU3	ciprofloxacin	Resistant	Laboratory Method		EUCAST
573.13742	Klebsiella pneumoniae KPN1879ec	ciprofloxacin	Resistant	Laboratory Method	Broth dilution	CLSI
573.14128	Klebsiella pneumoniae KPN407ec	ciprofloxacin	Resistant	Laboratory Method	Broth dilution	CLSI
573.26137	Klebsiella pneumoniae strain 5012STDY7312753	ciprofloxacin	Resistant	Laboratory Method	Broth dilution	
573.29988	Klebsiella pneumoniae strain Kpngiani7132512	ciprofloxacin	Resistant	Laboratory Method	Broth dilution	EUCAST
72407.499	Klebsiella pneumoniae subsp. pneumoniae strain 3189STDY5864838	ciprofloxacin	Resistant	Laboratory Method	Broth dilution	CLSI
573.13451	Klebsiella pneumoniae KPN1518ec	ciprofloxacin	Resistant	Laboratory Method	Broth dilution	CLSI
573.14471	Klebsiella pneumoniae KPN892ec	ciprofloxacin	Resistant	Laboratory Method	Broth dilution	CLSI
573.13212	Klebsiella pneumoniae KPN1222ec	ciprofloxacin	Resistant	Laboratory Method	Broth dilution	CLSI
573.14006	Klebsiella pneumoniae KPN268ec	ciprofloxacin	Resistant	Laboratory Method	Broth dilution	CLSI
573.13972	Klebsiella pneumoniae KPN226ec	ciprofloxacin	Resistant	Laboratory Method	Broth dilution	CLSI
573.13631	Klebsiella pneumoniae KPN1729ec	ciprofloxacin	Resistant	Laboratory Method	Broth dilution	CLSI
573.13028	Klebsiella pneumoniae 3254	ciprofloxacin	Resistant	Laboratory Method	Broth dilution	CLSI
573.29878	Klebsiella pneumoniae strain Kpngiani7132576	ciprofloxacin	Resistant	Laboratory Method	Broth dilution	EUCAST
573.13526	Klebsiella pneumoniae KPN1605ec	ciprofloxacin	Resistant	Laboratory Method	Broth dilution	CLSI
573.13741	Klebsiella pneumoniae KPN1878ec	ciprofloxacin	Resistant	Laboratory Method	Broth dilution	CLSI
573.14078	Klebsiella pneumoniae KPN353ec	ciprofloxacin	Resistant	Laboratory Method	Broth dilution	CLSI
1438752.3	Klebsiella pneumoniae CHS 46	ciprofloxacin	Resistant	Laboratory Method	Broth dilution	
573.5807	Klebsiella pneumoniae strain PB129	ciprofloxacin	Resistant	Laboratory Method	Broth dilution	EUCAST
573.1342	Klebsiella pneumoniae KPN1482ec	ciprofloxacin	Resistant	Laboratory Method	Broth dilution	CLSI
573.14433	Klebsiella pneumoniae KPN838ec	ciprofloxacin	Resistant	Laboratory Method	Broth dilution	CLSI
573.6687	Klebsiella pneumoniae KP_NORM_BLD_2010_70236	ciprofloxacin	Resistant	Laboratory Method		EUCAST
573.13555	Klebsiella pneumoniae KPN1647ec	ciprofloxacin	Resistant	Laboratory Method	Broth dilution	CLSI
573.31074	Klebsiella pneumoniae strain WU12	ciprofloxacin	Resistant	Laboratory Method	Disk diffusion	CLSI
573.12978	Klebsiella pneumoniae 82	ciprofloxacin	Resistant	Laboratory Method	Broth dilution	CLSI
573.24413	Klebsiella pneumoniae strain MUGSI_45	ciprofloxacin	Resistant	Laboratory Method	Broth dilution	CLSI
573.26201	Klebsiella pneumoniae strain 5012STDY7312667	ciprofloxacin	Resistant	Laboratory Method	Broth dilution	
573.15674	Klebsiella pneumoniae strain K1072	ciprofloxacin	Resistant	Laboratory Method	Disk diffusion	EUCAST
573.29959	Klebsiella pneumoniae strain Kpngiani7132485	ciprofloxacin	Resistant	Laboratory Method	Broth dilution	EUCAST
573.13963	Klebsiella pneumoniae KPN2174ec	ciprofloxacin	Resistant	Laboratory Method	Broth dilution	CLSI
573.14359	Klebsiella pneumoniae KPN736ec	ciprofloxacin	Resistant	Laboratory Method	Broth dilution	CLSI
573.26089	Klebsiella pneumoniae strain 5012STDY7312703	ciprofloxacin	Resistant	Laboratory Method	Broth dilution	
573.13244	Klebsiella pneumoniae KPN1265ec	ciprofloxacin	Resistant	Laboratory Method	Broth dilution	CLSI
573.14153	Klebsiella pneumoniae KPN435ec	ciprofloxacin	Resistant	Laboratory Method	Broth dilution	CLSI
573.12884	Klebsiella pneumoniae 3335	ciprofloxacin	Resistant	Laboratory Method	Broth dilution	CLSI
573.2434	Klebsiella pneumoniae strain MUGSI_122	ciprofloxacin	Resistant	Laboratory Method	Broth dilution	CLSI
573.66195	Klebsiella pneumoniae KP_NORM_URN_2015_108575	ciprofloxacin	Resistant	Laboratory Method		EUCAST
573.13037	Klebsiella pneumoniae KPN1010ec	ciprofloxacin	Resistant	Laboratory Method	Broth dilution	CLSI
573.13087	Klebsiella pneumoniae KPN1074ec	ciprofloxacin	Resistant	Laboratory Method	Broth dilution	CLSI
573.14077	Klebsiella pneumoniae KPN350ec	ciprofloxacin	Resistant	Laboratory Method	Broth dilution	CLSI
573.1429	Klebsiella pneumoniae KPN623ec	ciprofloxacin	Resistant	Laboratory Method	Broth dilution	CLSI
573.1726	Klebsiella pneumoniae strain KpVA-8	ciprofloxacin	Resistant	Laboratory Method	Disk diffusion	EUCAST
573.15629	Klebsiella pneumoniae strain INF158	ciprofloxacin	Resistant	Laboratory Method	Broth dilution	CLSI
573.13131	Klebsiella pneumoniae KPN1129ec	ciprofloxacin	Resistant	Laboratory Method	Broth dilution	CLSI
573.13766	Klebsiella pneumoniae KPN190ec	ciprofloxacin	Resistant	Laboratory Method	Broth dilution	CLSI
573.24408	Klebsiella pneumoniae strain MUGSI_39	ciprofloxacin	Resistant	Laboratory Method	Broth dilution	CLSI
573.13338	Klebsiella pneumoniae KPN1388ec	ciprofloxacin	Resistant	Laboratory Method	Broth dilution	CLSI
1284804.4	Klebsiella pneumoniae UHKPC07	ciprofloxacin	Resistant	Laboratory Method		
573.13282	Klebsiella pneumoniae KPN1321ec	ciprofloxacin	Resistant	Laboratory Method	Broth dilution	CLSI
573.67149	Klebsiella pneumoniae KP_NORM_URN_2013_95870	ciprofloxacin	Resistant	Laboratory Method		EUCAST
573.1453	Klebsiella pneumoniae KPN966ec	ciprofloxacin	Resistant	Laboratory Method	Broth dilution	CLSI
573.14061	Klebsiella pneumoniae KPN329ec	ciprofloxacin	Resistant	Laboratory Method	Broth dilution	CLSI
573.14001	Klebsiella pneumoniae KPN262ec	ciprofloxacin	Resistant	Laboratory Method	Broth dilution	CLSI
573.14339	Klebsiella pneumoniae KPN713ec	ciprofloxacin	Resistant	Laboratory Method	Broth dilution	CLSI
72407.537	Klebsiella pneumoniae subsp. pneumoniae strain 3189STDY5864775	ciprofloxacin	Resistant	Laboratory Method	Broth dilution	CLSI
573.66172	Klebsiella pneumoniae KP_NORM_BLD_2012_84087	ciprofloxacin	Resistant	Laboratory Method		EUCAST
573.13376	Klebsiella pneumoniae KPN1434ec	ciprofloxacin	Resistant	Laboratory Method	Broth dilution	CLSI
573.13297	Klebsiella pneumoniae KPN1336ec	ciprofloxacin	Resistant	Laboratory Method	Broth dilution	CLSI
573.14065	Klebsiella pneumoniae KPN333ec	ciprofloxacin	Resistant	Laboratory Method	Broth dilution	CLSI
573.67416	Klebsiella pneumoniae MGL_K_1	ciprofloxacin	Resistant	Laboratory Method	Disk diffusion	CLSI, EUCAST
573.1349	Klebsiella pneumoniae KPN1561ec	ciprofloxacin	Resistant	Laboratory Method	Broth dilution	CLSI
573.13163	Klebsiella pneumoniae KPN1168ec	ciprofloxacin	Resistant	Laboratory Method	Broth dilution	CLSI
573.26319	Klebsiella pneumoniae strain 5012STDY7626439	ciprofloxacin	Resistant	Laboratory Method	Broth dilution	
573.1319	Klebsiella pneumoniae KPN1198ec	ciprofloxacin	Resistant	Laboratory Method	Broth dilution	CLSI
573.12877	Klebsiella pneumoniae 3400	ciprofloxacin	Resistant	Laboratory Method	Broth dilution	CLSI
573.46837	Klebsiella pneumoniae KP-135LU	ciprofloxacin	Resistant	Laboratory Method	Broth dilution	EUCAST
573.14494	Klebsiella pneumoniae KPN922ec	ciprofloxacin	Resistant	Laboratory Method	Broth dilution	CLSI
573.29914	Klebsiella pneumoniae strain Kpngiani7132601	ciprofloxacin	Resistant	Laboratory Method	Broth dilution	EUCAST
573.14427	Klebsiella pneumoniae KPN830ec	ciprofloxacin	Resistant	Laboratory Method	Broth dilution	CLSI
573.66866	Klebsiella pneumoniae KP_NORM_BLD_2009_62777	ciprofloxacin	Resistant	Laboratory Method		EUCAST
573.24378	Klebsiella pneumoniae strain MUGSI_21	ciprofloxacin	Resistant	Laboratory Method	Broth dilution	CLSI
573.13368	Klebsiella pneumoniae KPN1427ec	ciprofloxacin	Resistant	Laboratory Method	Broth dilution	CLSI
573.14549	Klebsiella pneumoniae KPN997ec	ciprofloxacin	Resistant	Laboratory Method	Broth dilution	CLSI
573.13543	Klebsiella pneumoniae KPN1626ec	ciprofloxacin	Resistant	Laboratory Method	Broth dilution	CLSI
573.14112	Klebsiella pneumoniae KPN389ec	ciprofloxacin	Resistant	Laboratory Method	Broth dilution	CLSI
72407.531	Klebsiella pneumoniae subsp. pneumoniae strain 3189STDY5864862	ciprofloxacin	Resistant	Laboratory Method	Broth dilution	CLSI
573.14252	Klebsiella pneumoniae KPN578ec	ciprofloxacin	Resistant	Laboratory Method	Broth dilution	CLSI
573.5794	Klebsiella pneumoniae strain PB450	ciprofloxacin	Resistant	Laboratory Method	Broth dilution	EUCAST
573.14349	Klebsiella pneumoniae KPN723ec	ciprofloxacin	Resistant	Laboratory Method	Broth dilution	CLSI
573.66876	Klebsiella pneumoniae KP_NORM_BLD_2010_72046	ciprofloxacin	Resistant	Laboratory Method		EUCAST
573.46873	Klebsiella pneumoniae KP-8PI	ciprofloxacin	Resistant	Laboratory Method	Broth dilution	EUCAST
573.15638	Klebsiella pneumoniae strain K1035	ciprofloxacin	Resistant	Laboratory Method	Disk diffusion	EUCAST
573.14416	Klebsiella pneumoniae KPN816ec	ciprofloxacin	Resistant	Laboratory Method	Broth dilution	CLSI
1328381.3	Klebsiella pneumoniae BWH 2	ciprofloxacin	Resistant	Laboratory Method	Broth dilution	
573.13808	Klebsiella pneumoniae KPN196ec	ciprofloxacin	Resistant	Laboratory Method	Broth dilution	CLSI
573.29935	Klebsiella pneumoniae strain Kpngiani7132630	ciprofloxacin	Resistant	Laboratory Method	Broth dilution	EUCAST
573.29968	Klebsiella pneumoniae strain Kpngiani7132509	ciprofloxacin	Resistant	Laboratory Method	Broth dilution	EUCAST
573.66198	Klebsiella pneumoniae KP_NORM_BLD_2014_102946	ciprofloxacin	Resistant	Laboratory Method		EUCAST
573.24389	Klebsiella pneumoniae strain MUGSI_30	ciprofloxacin	Resistant	Laboratory Method	Broth dilution	CLSI
72407.493	Klebsiella pneumoniae subsp. pneumoniae strain 3189STDY5864844	ciprofloxacin	Resistant	Laboratory Method	Broth dilution	CLSI
573.7033	Klebsiella pneumoniae strain AR_0044	ciprofloxacin	Resistant	Laboratory Method	Broth dilution	CLSI
573.14159	Klebsiella pneumoniae KPN442ec	ciprofloxacin	Resistant	Laboratory Method	Broth dilution	CLSI
573.1402	Klebsiella pneumoniae KPN282ec	ciprofloxacin	Resistant	Laboratory Method	Broth dilution	CLSI
573.15671	Klebsiella pneumoniae strain K1069	ciprofloxacin	Resistant	Laboratory Method	Disk diffusion	EUCAST
573.14267	Klebsiella pneumoniae KPN596ec	ciprofloxacin	Resistant	Laboratory Method	Broth dilution	CLSI
573.13538	Klebsiella pneumoniae KPN161ec	ciprofloxacin	Resistant	Laboratory Method	Broth dilution	CLSI
573.5817	Klebsiella pneumoniae strain PB525	ciprofloxacin	Resistant	Laboratory Method	Broth dilution	EUCAST
573.13574	Klebsiella pneumoniae KPN1668ec	ciprofloxacin	Resistant	Laboratory Method	Broth dilution	CLSI
72407.574	Klebsiella pneumoniae subsp. pneumoniae strain 3189STDY5864794	ciprofloxacin	Resistant	Laboratory Method	Broth dilution	CLSI
573.14543	Klebsiella pneumoniae KPN986ec	ciprofloxacin	Resistant	Laboratory Method	Broth dilution	CLSI
72407.503	Klebsiella pneumoniae subsp. pneumoniae strain 3189STDY5864746	ciprofloxacin	Resistant	Laboratory Method	Broth dilution	CLSI
573.1564	Klebsiella pneumoniae strain K1057	ciprofloxacin	Resistant	Laboratory Method	Disk diffusion	EUCAST
72407.2889	Klebsiella pneumoniae subsp. pneumoniae MRSN752623	ciprofloxacin	Resistant	Laboratory Method		
573.14004	Klebsiella pneumoniae KPN265ec	ciprofloxacin	Resistant	Laboratory Method	Broth dilution	CLSI
573.13323	Klebsiella pneumoniae KPN1365ec	ciprofloxacin	Resistant	Laboratory Method	Broth dilution	CLSI
573.24276	Klebsiella pneumoniae strain 29	ciprofloxacin	Resistant	Laboratory Method	Broth dilution	CLSI
573.66177	Klebsiella pneumoniae KP_NORM_BLD_2014_100998	ciprofloxacin	Resistant	Laboratory Method		EUCAST
573.13733	Klebsiella pneumoniae KPN186ec	ciprofloxacin	Resistant	Laboratory Method	Broth dilution	CLSI
573.578	Klebsiella pneumoniae strain 9_GR_12	ciprofloxacin	Resistant	Laboratory Method	Broth dilution	CLSI
573.66913	Klebsiella pneumoniae KP_NORM_BLD_2013_91444	ciprofloxacin	Resistant	Laboratory Method		EUCAST
573.13777	Klebsiella pneumoniae KPN1925ec	ciprofloxacin	Resistant	Laboratory Method	Broth dilution	CLSI
573.18093	Klebsiella pneumoniae strain AR_0153	ciprofloxacin	Resistant	Laboratory Method	Broth dilution	CLSI
573.13044	Klebsiella pneumoniae KPN1018ec	ciprofloxacin	Resistant	Laboratory Method	Broth dilution	CLSI
573.13365	Klebsiella pneumoniae KPN1424ec	ciprofloxacin	Resistant	Laboratory Method	Broth dilution	CLSI
573.1365	Klebsiella pneumoniae KPN1754ec	ciprofloxacin	Resistant	Laboratory Method	Broth dilution	CLSI
573.14098	Klebsiella pneumoniae KPN375ec	ciprofloxacin	Resistant	Laboratory Method	Broth dilution	CLSI
573.24329	Klebsiella pneumoniae strain MUGSI_111	ciprofloxacin	Resistant	Laboratory Method	Broth dilution	CLSI
573.1368	Klebsiella pneumoniae KPN1788ec	ciprofloxacin	Resistant	Laboratory Method	Broth dilution	CLSI
573.24254	Klebsiella pneumoniae strain 17	ciprofloxacin	Resistant	Laboratory Method	Broth dilution	CLSI
573.14286	Klebsiella pneumoniae KPN619ec	ciprofloxacin	Resistant	Laboratory Method	Broth dilution	CLSI
573.15655	Klebsiella pneumoniae strain K921	ciprofloxacin	Resistant	Laboratory Method	Disk diffusion	EUCAST
573.13519	Klebsiella pneumoniae KPN1595ec	ciprofloxacin	Resistant	Laboratory Method	Broth dilution	CLSI
573.1449	Klebsiella pneumoniae KPN916ec	ciprofloxacin	Resistant	Laboratory Method	Broth dilution	CLSI
573.662	Klebsiella pneumoniae KP_NORM_URN_2015_109604	ciprofloxacin	Resistant	Laboratory Method		EUCAST
573.26321	Klebsiella pneumoniae strain 5012STDY7626441	ciprofloxacin	Resistant	Laboratory Method	Broth dilution	
573.15329	Klebsiella pneumoniae strain KSB1_5D	ciprofloxacin	Resistant	Laboratory Method	Broth dilution	CLSI
573.13525	Klebsiella pneumoniae KPN1604ec	ciprofloxacin	Resistant	Laboratory Method	Broth dilution	CLSI
1304923.3	Klebsiella pneumoniae 540_1460	ciprofloxacin	Resistant	Laboratory Method		
573.14222	Klebsiella pneumoniae KPN539ec	ciprofloxacin	Resistant	Laboratory Method	Broth dilution	CLSI
573.13805	Klebsiella pneumoniae KPN1960ec	ciprofloxacin	Resistant	Laboratory Method	Broth dilution	CLSI
573.13523	Klebsiella pneumoniae KPN159ec	ciprofloxacin	Resistant	Laboratory Method	Broth dilution	CLSI
573.30001	Klebsiella pneumoniae strain Kpngiani7132539	ciprofloxacin	Resistant	Laboratory Method	Broth dilution	EUCAST
573.14257	Klebsiella pneumoniae KPN583ec	ciprofloxacin	Resistant	Laboratory Method	Broth dilution	CLSI
1284827.3	Klebsiella pneumoniae VAKPC278	ciprofloxacin	Resistant	Laboratory Method		
573.13723	Klebsiella pneumoniae KPN1860ec	ciprofloxacin	Resistant	Laboratory Method	Broth dilution	CLSI
573.15616	Klebsiella pneumoniae strain INF298	ciprofloxacin	Resistant	Laboratory Method	Broth dilution	CLSI
573.13861	Klebsiella pneumoniae KPN2035ec	ciprofloxacin	Resistant	Laboratory Method	Broth dilution	CLSI
573.13863	Klebsiella pneumoniae KPN2037ec	ciprofloxacin	Resistant	Laboratory Method	Broth dilution	CLSI
573.24422	Klebsiella pneumoniae strain MUGSI_58	ciprofloxacin	Resistant	Laboratory Method	Broth dilution	CLSI
72407.54	Klebsiella pneumoniae subsp. pneumoniae strain 3189STDY5864869	ciprofloxacin	Resistant	Laboratory Method	Broth dilution	CLSI
573.14393	Klebsiella pneumoniae KPN781ec	ciprofloxacin	Resistant	Laboratory Method	Broth dilution	CLSI
573.14215	Klebsiella pneumoniae KPN530ec	ciprofloxacin	Resistant	Laboratory Method	Broth dilution	CLSI
573.14024	Klebsiella pneumoniae KPN287ec	ciprofloxacin	Resistant	Laboratory Method	Broth dilution	CLSI
573.14183	Klebsiella pneumoniae KPN473ec	ciprofloxacin	Resistant	Laboratory Method	Broth dilution	CLSI
573.25569	Klebsiella pneumoniae strain 6_GR_12	ciprofloxacin	Resistant	Laboratory Method	Broth dilution	CLSI
573.2444	Klebsiella pneumoniae strain MUGSI_80	ciprofloxacin	Resistant	Laboratory Method	Broth dilution	CLSI
573.13407	Klebsiella pneumoniae KPN146ec	ciprofloxacin	Resistant	Laboratory Method	Broth dilution	CLSI
573.66926	Klebsiella pneumoniae KP_NORM_BLD_2014_104308	ciprofloxacin	Resistant	Laboratory Method		EUCAST
573.5706	Klebsiella pneumoniae strain W2-4-ERG4	ciprofloxacin	Resistant	Laboratory Method	Broth dilution	EUCAST
573.2437	Klebsiella pneumoniae strain MUGSI_181	ciprofloxacin	Resistant	Laboratory Method	Broth dilution	CLSI
573.13396	Klebsiella pneumoniae KPN1455ec	ciprofloxacin	Resistant	Laboratory Method	Broth dilution	CLSI
573.14054	Klebsiella pneumoniae KPN320ec	ciprofloxacin	Resistant	Laboratory Method	Broth dilution	CLSI
573.29998	Klebsiella pneumoniae strain Kpngiani7132552	ciprofloxacin	Resistant	Laboratory Method	Broth dilution	EUCAST
573.31133	Klebsiella pneumoniae strain 1007011	ciprofloxacin	Resistant	Laboratory Method	Disk diffusion	British Society for Antimicrobial Chemotherapy (BSAC)
573.142	Klebsiella pneumoniae KPN511ec	ciprofloxacin	Resistant	Laboratory Method	Broth dilution	CLSI
573.13205	Klebsiella pneumoniae KPN1215ec	ciprofloxacin	Resistant	Laboratory Method	Broth dilution	CLSI
573.13036	Klebsiella pneumoniae KPN1007ec	ciprofloxacin	Resistant	Laboratory Method	Broth dilution	CLSI
573.26298	Klebsiella pneumoniae strain 5012STDY7626415	ciprofloxacin	Resistant	Laboratory Method	Broth dilution	
573.1371	Klebsiella pneumoniae KPN1848ec	ciprofloxacin	Resistant	Laboratory Method	Broth dilution	CLSI
573.13803	Klebsiella pneumoniae KPN1956ec	ciprofloxacin	Resistant	Laboratory Method	Broth dilution	CLSI
573.23225	Klebsiella pneumoniae strain KP_307	ciprofloxacin	Resistant	Laboratory Method	Disk diffusion	CLSI
573.33419	Klebsiella pneumoniae strain PMK6	ciprofloxacin	Resistant	Laboratory Method	Broth dilution	EUCAST
573.31095	Klebsiella pneumoniae strain D42680	ciprofloxacin	Resistant	Laboratory Method	Disk diffusion	British Society for Antimicrobial Chemotherapy (BSAC)
573.14534	Klebsiella pneumoniae KPN974ec	ciprofloxacin	Resistant	Laboratory Method	Broth dilution	CLSI
573.14266	Klebsiella pneumoniae KPN594ec	ciprofloxacin	Resistant	Laboratory Method	Broth dilution	CLSI
1284795.4	Klebsiella pneumoniae UHKPC96	ciprofloxacin	Resistant	Laboratory Method		
573.2625	Klebsiella pneumoniae strain 5012STDY7626370	ciprofloxacin	Resistant	Laboratory Method	Broth dilution	
573.62715	Klebsiella pneumoniae MGL_121	ciprofloxacin	Resistant	Laboratory Method	Disk diffusion	
1438762.3	Klebsiella pneumoniae CHS 56	ciprofloxacin	Resistant	Laboratory Method	Broth dilution	
573.67164	Klebsiella pneumoniae KP_NORM_URN_2015_106696	ciprofloxacin	Resistant	Laboratory Method		EUCAST
573.14011	Klebsiella pneumoniae KPN273ec	ciprofloxacin	Resistant	Laboratory Method	Broth dilution	CLSI
573.12953	Klebsiella pneumoniae 3256	ciprofloxacin	Resistant	Laboratory Method	Broth dilution	CLSI
573.13871	Klebsiella pneumoniae KPN2045ec	ciprofloxacin	Resistant	Laboratory Method	Broth dilution	CLSI
573.29945	Klebsiella pneumoniae strain Kpngiani7132637	ciprofloxacin	Resistant	Laboratory Method	Broth dilution	EUCAST
573.67095	Klebsiella pneumoniae KP_NORM_BLD_63321	ciprofloxacin	Resistant	Laboratory Method		EUCAST
573.67376	Klebsiella pneumoniae 20200203_MGL_09	ciprofloxacin	Resistant	Laboratory Method	Disk diffusion	CLSI, EUCAST
573.15442	Klebsiella pneumoniae strain 10315_6#22	ciprofloxacin	Resistant	Laboratory Method	Disk diffusion	CLSI
573.14206	Klebsiella pneumoniae KPN520ec	ciprofloxacin	Resistant	Laboratory Method	Broth dilution	CLSI
573.13304	Klebsiella pneumoniae KPN1344ec	ciprofloxacin	Resistant	Laboratory Method	Broth dilution	CLSI
573.66744	Klebsiella pneumoniae KP_NORM_BLD_117562	ciprofloxacin	Resistant	Laboratory Method		EUCAST
573.13575	Klebsiella pneumoniae KPN1669ec	ciprofloxacin	Resistant	Laboratory Method	Broth dilution	CLSI
573.13336	Klebsiella pneumoniae KPN1386ec	ciprofloxacin	Resistant	Laboratory Method	Broth dilution	CLSI
573.13382	Klebsiella pneumoniae KPN1440ec	ciprofloxacin	Resistant	Laboratory Method	Broth dilution	CLSI
573.6659	Klebsiella pneumoniae KP_NORM_BLD_111579	ciprofloxacin	Resistant	Laboratory Method		EUCAST
573.13883	Klebsiella pneumoniae KPN2060ec	ciprofloxacin	Resistant	Laboratory Method	Broth dilution	CLSI
573.14091	Klebsiella pneumoniae KPN368ec	ciprofloxacin	Resistant	Laboratory Method	Broth dilution	CLSI
573.13364	Klebsiella pneumoniae KPN1423ec	ciprofloxacin	Resistant	Laboratory Method	Broth dilution	CLSI
573.5781	Klebsiella pneumoniae strain 10_GR_13	ciprofloxacin	Resistant	Laboratory Method	Broth dilution	CLSI
573.14531	Klebsiella pneumoniae KPN967ec	ciprofloxacin	Resistant	Laboratory Method	Broth dilution	CLSI
573.13308	Klebsiella pneumoniae KPN1348ec	ciprofloxacin	Resistant	Laboratory Method	Broth dilution	CLSI
1438744.3	Klebsiella pneumoniae CHS 38	ciprofloxacin	Resistant	Laboratory Method	Broth dilution	
573.13218	Klebsiella pneumoniae KPN1237ec	ciprofloxacin	Resistant	Laboratory Method	Broth dilution	CLSI
573.12905	Klebsiella pneumoniae 3263	ciprofloxacin	Resistant	Laboratory Method	Broth dilution	CLSI
573.14372	Klebsiella pneumoniae KPN753ec	ciprofloxacin	Resistant	Laboratory Method	Broth dilution	CLSI
573.13981	Klebsiella pneumoniae KPN236ec	ciprofloxacin	Resistant	Laboratory Method	Broth dilution	CLSI
573.13097	Klebsiella pneumoniae KPN1091ec	ciprofloxacin	Resistant	Laboratory Method	Broth dilution	CLSI
573.13518	Klebsiella pneumoniae KPN1594ec	ciprofloxacin	Resistant	Laboratory Method	Broth dilution	CLSI
573.13836	Klebsiella pneumoniae KPN2006ec	ciprofloxacin	Resistant	Laboratory Method	Broth dilution	CLSI
573.67143	Klebsiella pneumoniae KP_NORM_URN_2013_96191	ciprofloxacin	Resistant	Laboratory Method		EUCAST
573.66776	Klebsiella pneumoniae KP_NORM_BLD_13373	ciprofloxacin	Resistant	Laboratory Method		EUCAST
573.13059	Klebsiella pneumoniae KPN1037ec	ciprofloxacin	Resistant	Laboratory Method	Broth dilution	CLSI
573.13039	Klebsiella pneumoniae KPN1012ec	ciprofloxacin	Resistant	Laboratory Method	Broth dilution	CLSI
573.15507	Klebsiella pneumoniae strain 10356_5#82	ciprofloxacin	Resistant	Laboratory Method	Disk diffusion	CLSI
573.29909	Klebsiella pneumoniae strain Kpngiani7132597	ciprofloxacin	Resistant	Laboratory Method	Broth dilution	EUCAST
573.29942	Klebsiella pneumoniae strain Kpngiani7132479	ciprofloxacin	Resistant	Laboratory Method	Broth dilution	EUCAST
72407.297	Klebsiella pneumoniae subsp. pneumoniae MRSN849862	ciprofloxacin	Resistant	Laboratory Method		
573.13894	Klebsiella pneumoniae KPN2070ec	ciprofloxacin	Resistant	Laboratory Method	Broth dilution	CLSI
573.13912	Klebsiella pneumoniae KPN208ec	ciprofloxacin	Resistant	Laboratory Method	Broth dilution	CLSI
573.13959	Klebsiella pneumoniae KPN216ec	ciprofloxacin	Resistant	Laboratory Method	Broth dilution	CLSI
573.13751	Klebsiella pneumoniae KPN188ec	ciprofloxacin	Resistant	Laboratory Method	Broth dilution	CLSI
573.46861	Klebsiella pneumoniae KP-37LI	ciprofloxacin	Resistant	Laboratory Method	Broth dilution	EUCAST
573.14289	Klebsiella pneumoniae KPN622ec	ciprofloxacin	Resistant	Laboratory Method	Broth dilution	CLSI
1284814.3	Klebsiella pneumoniae UHKPC 52	ciprofloxacin	Resistant	Laboratory Method		
573.13945	Klebsiella pneumoniae KPN2152ec	ciprofloxacin	Resistant	Laboratory Method	Broth dilution	CLSI
573.66885	Klebsiella pneumoniae KP_NORM_BLD_2011_74861	ciprofloxacin	Resistant	Laboratory Method		EUCAST
573.14423	Klebsiella pneumoniae KPN824ec	ciprofloxacin	Resistant	Laboratory Method	Broth dilution	CLSI
573.13354	Klebsiella pneumoniae KPN1410ec	ciprofloxacin	Resistant	Laboratory Method	Broth dilution	CLSI
573.13988	Klebsiella pneumoniae KPN247ec	ciprofloxacin	Resistant	Laboratory Method	Broth dilution	CLSI
573.1396	Klebsiella pneumoniae KPN2171ec	ciprofloxacin	Resistant	Laboratory Method	Broth dilution	CLSI
72407.511	Klebsiella pneumoniae subsp. pneumoniae strain 3189STDY5864752	ciprofloxacin	Resistant	Laboratory Method	Broth dilution	CLSI
573.13417	Klebsiella pneumoniae KPN1479ec	ciprofloxacin	Resistant	Laboratory Method	Broth dilution	CLSI
573.14437	Klebsiella pneumoniae KPN843ec	ciprofloxacin	Resistant	Laboratory Method	Broth dilution	CLSI
573.66175	Klebsiella pneumoniae KP_NORM_BLD_2014_100991	ciprofloxacin	Resistant	Laboratory Method		EUCAST
573.13856	Klebsiella pneumoniae KPN2029ec	ciprofloxacin	Resistant	Laboratory Method	Broth dilution	CLSI
573.13305	Klebsiella pneumoniae KPN1345ec	ciprofloxacin	Resistant	Laboratory Method	Broth dilution	CLSI
573.13082	Klebsiella pneumoniae KPN1067ec	ciprofloxacin	Resistant	Laboratory Method	Broth dilution	CLSI
573.14361	Klebsiella pneumoniae KPN738ec	ciprofloxacin	Resistant	Laboratory Method	Broth dilution	CLSI
573.26132	Klebsiella pneumoniae strain 5012STDY7312745	ciprofloxacin	Resistant	Laboratory Method	Broth dilution	
573.13931	Klebsiella pneumoniae KPN2114ec	ciprofloxacin	Resistant	Laboratory Method	Broth dilution	CLSI
573.2439	Klebsiella pneumoniae strain MUGSI_307	ciprofloxacin	Resistant	Laboratory Method	Broth dilution	CLSI
573.24314	Klebsiella pneumoniae strain 66	ciprofloxacin	Resistant	Laboratory Method	Disk diffusion	CLSI
573.14385	Klebsiella pneumoniae KPN770ec	ciprofloxacin	Resistant	Laboratory Method	Broth dilution	CLSI
573.1325	Klebsiella pneumoniae KPN1271ec	ciprofloxacin	Resistant	Laboratory Method	Broth dilution	CLSI
573.67176	Klebsiella pneumoniae KP_NORM_URN_2015_111577	ciprofloxacin	Resistant	Laboratory Method		EUCAST
573.13602	Klebsiella pneumoniae KPN1699ec	ciprofloxacin	Resistant	Laboratory Method	Broth dilution	CLSI
573.13622	Klebsiella pneumoniae KPN1719ec	ciprofloxacin	Resistant	Laboratory Method	Broth dilution	CLSI
573.13788	Klebsiella pneumoniae KPN1937ec	ciprofloxacin	Resistant	Laboratory Method	Broth dilution	CLSI
573.24261	Klebsiella pneumoniae strain 20	ciprofloxacin	Resistant	Laboratory Method	Broth dilution	CLSI
573.14028	Klebsiella pneumoniae KPN291ec	ciprofloxacin	Resistant	Laboratory Method	Broth dilution	CLSI
573.7032	Klebsiella pneumoniae strain AR_0041	ciprofloxacin	Resistant	Laboratory Method	Broth dilution	CLSI
72407.561	Klebsiella pneumoniae subsp. pneumoniae strain 3189STDY5864884	ciprofloxacin	Resistant	Laboratory Method	Broth dilution	CLSI
573.13142	Klebsiella pneumoniae KPN1143ec	ciprofloxacin	Resistant	Laboratory Method	Broth dilution	CLSI
573.13867	Klebsiella pneumoniae KPN2041ec	ciprofloxacin	Resistant	Laboratory Method	Broth dilution	CLSI
573.14548	Klebsiella pneumoniae KPN995ec	ciprofloxacin	Resistant	Laboratory Method	Broth dilution	CLSI
573.1323	Klebsiella pneumoniae KPN124ec	ciprofloxacin	Resistant	Laboratory Method	Broth dilution	CLSI
573.5798	Klebsiella pneumoniae strain PB327	ciprofloxacin	Resistant	Laboratory Method	Broth dilution	EUCAST
573.12891	Klebsiella pneumoniae 3310	ciprofloxacin	Resistant	Laboratory Method	Broth dilution	CLSI
573.5644	Klebsiella pneumoniae strain 5_GR_13	ciprofloxacin	Resistant	Laboratory Method	Broth dilution	CLSI
72407.585	Klebsiella pneumoniae subsp. pneumoniae strain 3189STDY5864814	ciprofloxacin	Resistant	Laboratory Method	Broth dilution	CLSI
573.13534	Klebsiella pneumoniae KPN1613ec	ciprofloxacin	Resistant	Laboratory Method	Broth dilution	CLSI
72407.534	Klebsiella pneumoniae subsp. pneumoniae strain 3189STDY5864867	ciprofloxacin	Resistant	Laboratory Method	Broth dilution	CLSI
573.13315	Klebsiella pneumoniae KPN1356ec	ciprofloxacin	Resistant	Laboratory Method	Broth dilution	CLSI
573.14041	Klebsiella pneumoniae KPN306ec	ciprofloxacin	Resistant	Laboratory Method	Broth dilution	CLSI
573.13524	Klebsiella pneumoniae KPN1603ec	ciprofloxacin	Resistant	Laboratory Method	Broth dilution	CLSI
573.15498	Klebsiella pneumoniae strain 10315_6#93	ciprofloxacin	Resistant	Laboratory Method	Disk diffusion	CLSI
573.14217	Klebsiella pneumoniae KPN533ec	ciprofloxacin	Resistant	Laboratory Method	Broth dilution	CLSI
573.24446	Klebsiella pneumoniae strain MUGSI_87	ciprofloxacin	Resistant	Laboratory Method	Broth dilution	CLSI
573.13557	Klebsiella pneumoniae KPN1649ec	ciprofloxacin	Resistant	Laboratory Method	Broth dilution	CLSI
573.13392	Klebsiella pneumoniae KPN1450ec	ciprofloxacin	Resistant	Laboratory Method	Broth dilution	CLSI
573.24243	Klebsiella pneumoniae strain 10	ciprofloxacin	Resistant	Laboratory Method	Broth dilution	CLSI
573.5779	Klebsiella pneumoniae strain 11_BR_13	ciprofloxacin	Resistant	Laboratory Method	Broth dilution	CLSI
573.13001	Klebsiella pneumoniae 3290	ciprofloxacin	Resistant	Laboratory Method	Broth dilution	CLSI
573.14325	Klebsiella pneumoniae KPN696ec	ciprofloxacin	Resistant	Laboratory Method	Broth dilution	CLSI
573.14127	Klebsiella pneumoniae KPN406ec	ciprofloxacin	Resistant	Laboratory Method	Broth dilution	CLSI
573.15452	Klebsiella pneumoniae strain 10315_6#38	ciprofloxacin	Resistant	Laboratory Method	Disk diffusion	CLSI
573.24337	Klebsiella pneumoniae strain MUGSI_119	ciprofloxacin	Resistant	Laboratory Method	Broth dilution	CLSI
1438735.3	Klebsiella pneumoniae CHS 29	ciprofloxacin	Resistant	Laboratory Method	Broth dilution	
1438739.3	Klebsiella pneumoniae CHS 33	ciprofloxacin	Resistant	Laboratory Method	Broth dilution	
573.62734	Klebsiella pneumoniae MGL_134	ciprofloxacin	Resistant	Laboratory Method	Disk diffusion	
573.13159	Klebsiella pneumoniae KPN1164ec	ciprofloxacin	Resistant	Laboratory Method	Broth dilution	CLSI
573.13352	Klebsiella pneumoniae KPN1409ec	ciprofloxacin	Resistant	Laboratory Method	Broth dilution	CLSI
573.1364	Klebsiella pneumoniae KPN1741ec	ciprofloxacin	Resistant	Laboratory Method	Broth dilution	CLSI
573.13414	Klebsiella pneumoniae KPN1476ec	ciprofloxacin	Resistant	Laboratory Method	Broth dilution	CLSI
573.1397	Klebsiella pneumoniae KPN223ec	ciprofloxacin	Resistant	Laboratory Method	Broth dilution	CLSI
573.13545	Klebsiella pneumoniae KPN1629ec	ciprofloxacin	Resistant	Laboratory Method	Broth dilution	CLSI
573.12862	Klebsiella pneumoniae 3288	ciprofloxacin	Resistant	Laboratory Method	Broth dilution	CLSI
573.15451	Klebsiella pneumoniae strain 10315_6#34	ciprofloxacin	Resistant	Laboratory Method	Disk diffusion	CLSI
573.15447	Klebsiella pneumoniae strain 10315_6#29	ciprofloxacin	Resistant	Laboratory Method	Disk diffusion	CLSI
1304916.4	Klebsiella pneumoniae 140_1040	ciprofloxacin	Resistant	Laboratory Method		
573.67404	Klebsiella pneumoniae MGL_171	ciprofloxacin	Resistant	Laboratory Method	Disk diffusion	CLSI, EUCAST
573.24258	Klebsiella pneumoniae strain 19	ciprofloxacin	Resistant	Laboratory Method	Broth dilution	CLSI
573.29864	Klebsiella pneumoniae strain Kpngiani7132571	ciprofloxacin	Resistant	Laboratory Method	Broth dilution	EUCAST
573.15686	Klebsiella pneumoniae strain K796	ciprofloxacin	Resistant	Laboratory Method	Disk diffusion	EUCAST
1284800.4	Klebsiella pneumoniae UHKPC61	ciprofloxacin	Resistant	Laboratory Method		
573.1447	Klebsiella pneumoniae KPN891ec	ciprofloxacin	Resistant	Laboratory Method	Broth dilution	CLSI
573.13108	Klebsiella pneumoniae KPN1104ec	ciprofloxacin	Resistant	Laboratory Method	Broth dilution	CLSI
573.23222	Klebsiella pneumoniae strain KP_040	ciprofloxacin	Resistant	Laboratory Method	Disk diffusion	CLSI
573.26102	Klebsiella pneumoniae strain 5012STDY7312705	ciprofloxacin	Resistant	Laboratory Method	Broth dilution	
1438767.3	Klebsiella pneumoniae CHS 61	ciprofloxacin	Resistant	Laboratory Method	Broth dilution	
573.15707	Klebsiella pneumoniae strain K830	ciprofloxacin	Resistant	Laboratory Method	Disk diffusion	EUCAST
72407.2897	Klebsiella pneumoniae subsp. pneumoniae MRSN849896	ciprofloxacin	Resistant	Laboratory Method		
573.33421	Klebsiella pneumoniae strain PMK7	ciprofloxacin	Resistant	Laboratory Method	Broth dilution	EUCAST
573.13666	Klebsiella pneumoniae KPN1771ec	ciprofloxacin	Resistant	Laboratory Method	Broth dilution	CLSI
573.13301	Klebsiella pneumoniae KPN1340ec	ciprofloxacin	Resistant	Laboratory Method	Broth dilution	CLSI
573.14392	Klebsiella pneumoniae KPN780ec	ciprofloxacin	Resistant	Laboratory Method	Broth dilution	CLSI
573.13232	Klebsiella pneumoniae KPN1252ec	ciprofloxacin	Resistant	Laboratory Method	Broth dilution	CLSI
1284811.3	Klebsiella pneumoniae UHKPC01	ciprofloxacin	Resistant	Laboratory Method		
573.13145	Klebsiella pneumoniae KPN1147ec	ciprofloxacin	Resistant	Laboratory Method	Broth dilution	CLSI
573.134	Klebsiella pneumoniae KPN1460ec	ciprofloxacin	Resistant	Laboratory Method	Broth dilution	CLSI
573.26304	Klebsiella pneumoniae strain 5012STDY7626421	ciprofloxacin	Resistant	Laboratory Method	Broth dilution	
573.6693	Klebsiella pneumoniae KP_NORM_BLD_2015_113891	ciprofloxacin	Resistant	Laboratory Method		EUCAST
1438713.3	Klebsiella pneumoniae CHS 07	ciprofloxacin	Resistant	Laboratory Method	Broth dilution	
573.13907	Klebsiella pneumoniae KPN2084ec	ciprofloxacin	Resistant	Laboratory Method	Broth dilution	CLSI
573.13872	Klebsiella pneumoniae KPN2046ec	ciprofloxacin	Resistant	Laboratory Method	Broth dilution	CLSI
573.13906	Klebsiella pneumoniae KPN2083ec	ciprofloxacin	Resistant	Laboratory Method	Broth dilution	CLSI
573.24291	Klebsiella pneumoniae strain 361	ciprofloxacin	Resistant	Laboratory Method	Broth dilution	CLSI
573.13509	Klebsiella pneumoniae KPN1584ec	ciprofloxacin	Resistant	Laboratory Method	Broth dilution	CLSI
573.13328	Klebsiella pneumoniae KPN1377ec	ciprofloxacin	Resistant	Laboratory Method	Broth dilution	CLSI
573.13787	Klebsiella pneumoniae KPN1936ec	ciprofloxacin	Resistant	Laboratory Method	Broth dilution	CLSI
573.29972	Klebsiella pneumoniae strain Kpngiani7132508	ciprofloxacin	Resistant	Laboratory Method	Broth dilution	EUCAST
573.14265	Klebsiella pneumoniae KPN593ec	ciprofloxacin	Resistant	Laboratory Method	Broth dilution	CLSI
573.13794	Klebsiella pneumoniae KPN1947ec	ciprofloxacin	Resistant	Laboratory Method	Broth dilution	CLSI
573.14155	Klebsiella pneumoniae KPN437ec	ciprofloxacin	Resistant	Laboratory Method	Broth dilution	CLSI
573.14111	Klebsiella pneumoniae KPN388ec	ciprofloxacin	Resistant	Laboratory Method	Broth dilution	CLSI
573.46874	Klebsiella pneumoniae KP-8POA	ciprofloxacin	Resistant	Laboratory Method	Broth dilution	EUCAST
72407.507	Klebsiella pneumoniae subsp. pneumoniae strain 3189STDY5864942	ciprofloxacin	Resistant	Laboratory Method	Broth dilution	CLSI
573.2611	Klebsiella pneumoniae strain 5012STDY7312727	ciprofloxacin	Resistant	Laboratory Method	Broth dilution	
573.13295	Klebsiella pneumoniae KPN1334ec	ciprofloxacin	Resistant	Laboratory Method	Broth dilution	CLSI
573.31102	Klebsiella pneumoniae strain BKR2U6	ciprofloxacin	Resistant	Laboratory Method	Disk diffusion	British Society for Antimicrobial Chemotherapy (BSAC)
573.14143	Klebsiella pneumoniae KPN423ec	ciprofloxacin	Resistant	Laboratory Method	Broth dilution	CLSI
573.6717	Klebsiella pneumoniae KP_NORM_URN_2015_109221	ciprofloxacin	Resistant	Laboratory Method		EUCAST
573.14383	Klebsiella pneumoniae KPN768ec	ciprofloxacin	Resistant	Laboratory Method	Broth dilution	CLSI
573.14477	Klebsiella pneumoniae KPN900ec	ciprofloxacin	Resistant	Laboratory Method	Broth dilution	CLSI
573.5778	Klebsiella pneumoniae strain 20_GR_12	ciprofloxacin	Resistant	Laboratory Method	Broth dilution	CLSI
573.62709	Klebsiella pneumoniae MGL_K_15	ciprofloxacin	Resistant	Laboratory Method	Disk diffusion	
573.13648	Klebsiella pneumoniae KPN1752ec	ciprofloxacin	Resistant	Laboratory Method	Broth dilution	CLSI
573.14515	Klebsiella pneumoniae KPN947ec	ciprofloxacin	Resistant	Laboratory Method	Broth dilution	CLSI
573.1419	Klebsiella pneumoniae KPN483ec	ciprofloxacin	Resistant	Laboratory Method	Broth dilution	CLSI
573.29965	Klebsiella pneumoniae strain Kpngiani7132523	ciprofloxacin	Resistant	Laboratory Method	Broth dilution	EUCAST
573.13857	Klebsiella pneumoniae KPN202ec	ciprofloxacin	Resistant	Laboratory Method	Broth dilution	CLSI
573.14512	Klebsiella pneumoniae KPN944ec	ciprofloxacin	Resistant	Laboratory Method	Broth dilution	CLSI
1284826.3	Klebsiella pneumoniae VAKPC269	ciprofloxacin	Resistant	Laboratory Method		
573.15508	Klebsiella pneumoniae strain 10356_5#85	ciprofloxacin	Resistant	Laboratory Method	Disk diffusion	CLSI
573.13144	Klebsiella pneumoniae KPN1146ec	ciprofloxacin	Resistant	Laboratory Method	Broth dilution	CLSI
573.67418	Klebsiella pneumoniae 20200203_MGL_14	ciprofloxacin	Resistant	Laboratory Method	Disk diffusion	CLSI, EUCAST
573.13457	Klebsiella pneumoniae KPN1525ec	ciprofloxacin	Resistant	Laboratory Method	Broth dilution	CLSI
72407.541	Klebsiella pneumoniae subsp. pneumoniae strain 3189STDY5864770	ciprofloxacin	Resistant	Laboratory Method	Broth dilution	CLSI
573.13285	Klebsiella pneumoniae KPN1325ec	ciprofloxacin	Resistant	Laboratory Method	Broth dilution	CLSI
573.1558	Klebsiella pneumoniae strain KSB2_10B	ciprofloxacin	Resistant	Laboratory Method	Broth dilution	CLSI
573.13089	Klebsiella pneumoniae KPN1077ec	ciprofloxacin	Resistant	Laboratory Method	Broth dilution	CLSI
1284818.4	Klebsiella pneumoniae UHKPC179	ciprofloxacin	Resistant	Laboratory Method		
573.13929	Klebsiella pneumoniae KPN2111ec	ciprofloxacin	Resistant	Laboratory Method	Broth dilution	CLSI
573.12876	Klebsiella pneumoniae 3296	ciprofloxacin	Resistant	Laboratory Method	Broth dilution	CLSI
573.15484	Klebsiella pneumoniae strain 10315_6#75	ciprofloxacin	Resistant	Laboratory Method	Disk diffusion	CLSI
573.33417	Klebsiella pneumoniae strain PMK4b	ciprofloxacin	Resistant	Laboratory Method	Broth dilution	EUCAST
573.5803	Klebsiella pneumoniae strain PB171	ciprofloxacin	Resistant	Laboratory Method	Broth dilution	EUCAST
573.13569	Klebsiella pneumoniae KPN1663ec	ciprofloxacin	Resistant	Laboratory Method	Broth dilution	CLSI
573.13502	Klebsiella pneumoniae KPN1575ec	ciprofloxacin	Resistant	Laboratory Method	Broth dilution	CLSI
573.13758	Klebsiella pneumoniae KPN1898ec	ciprofloxacin	Resistant	Laboratory Method	Broth dilution	CLSI
573.23198	Klebsiella pneumoniae strain KP_208	ciprofloxacin	Resistant	Laboratory Method	Disk diffusion	CLSI
573.24321	Klebsiella pneumoniae strain MRSN14170	ciprofloxacin	Resistant	Laboratory Method	Broth dilution	CLSI
573.14439	Klebsiella pneumoniae KPN849ec	ciprofloxacin	Resistant	Laboratory Method	Broth dilution	CLSI
573.26107	Klebsiella pneumoniae strain 5012STDY7312709	ciprofloxacin	Resistant	Laboratory Method	Broth dilution	
573.14473	Klebsiella pneumoniae KPN894ec	ciprofloxacin	Resistant	Laboratory Method	Broth dilution	CLSI
573.1723	Klebsiella pneumoniae strain KpVA-5	ciprofloxacin	Resistant	Laboratory Method	Disk diffusion	EUCAST
573.34239	Klebsiella pneumoniae strain INF133-sc-2279960	ciprofloxacin	Resistant	Laboratory Method	Broth dilution	CLSI
573.24288	Klebsiella pneumoniae strain 350	ciprofloxacin	Resistant	Laboratory Method	Broth dilution	CLSI
573.14348	Klebsiella pneumoniae KPN722ec	ciprofloxacin	Resistant	Laboratory Method	Broth dilution	CLSI
72407.48	Klebsiella pneumoniae subsp. pneumoniae strain 3189STDY5864742	ciprofloxacin	Resistant	Laboratory Method	Broth dilution	CLSI
573.13391	Klebsiella pneumoniae KPN144ec	ciprofloxacin	Resistant	Laboratory Method	Broth dilution	CLSI
573.29916	Klebsiella pneumoniae strain Kpngiani7132616	ciprofloxacin	Resistant	Laboratory Method	Broth dilution	EUCAST
72407.29	Klebsiella pneumoniae subsp. pneumoniae MRSN849888	ciprofloxacin	Resistant	Laboratory Method		
573.2999	Klebsiella pneumoniae strain Kpngiani7132517	ciprofloxacin	Resistant	Laboratory Method	Broth dilution	EUCAST
573.14446	Klebsiella pneumoniae KPN858ec	ciprofloxacin	Resistant	Laboratory Method	Broth dilution	CLSI
573.14319	Klebsiella pneumoniae KPN688ec	ciprofloxacin	Resistant	Laboratory Method	Broth dilution	CLSI
573.1438	Klebsiella pneumoniae KPN763ec	ciprofloxacin	Resistant	Laboratory Method	Broth dilution	CLSI
573.67378	Klebsiella pneumoniae MGL_88	ciprofloxacin	Resistant	Laboratory Method	Disk diffusion	CLSI, EUCAST
573.14503	Klebsiella pneumoniae KPN931ec	ciprofloxacin	Resistant	Laboratory Method	Broth dilution	CLSI
573.1722	Klebsiella pneumoniae strain KpVA-4	ciprofloxacin	Resistant	Laboratory Method	Disk diffusion	EUCAST
573.1374	Klebsiella pneumoniae KPN1877ec	ciprofloxacin	Resistant	Laboratory Method	Broth dilution	CLSI
1284791.4	Klebsiella pneumoniae UHKPC47	ciprofloxacin	Resistant	Laboratory Method		
573.13226	Klebsiella pneumoniae KPN1245ec	ciprofloxacin	Resistant	Laboratory Method	Broth dilution	CLSI
573.14203	Klebsiella pneumoniae KPN514ec	ciprofloxacin	Resistant	Laboratory Method	Broth dilution	CLSI
573.22558	Klebsiella pneumoniae strain SU6	ciprofloxacin	Resistant	Laboratory Method		EUCAST
573.26081	Klebsiella pneumoniae strain 5012STDY7312716	ciprofloxacin	Resistant	Laboratory Method	Broth dilution	
573.31114	Klebsiella pneumoniae strain 1022430	ciprofloxacin	Resistant	Laboratory Method	Disk diffusion	British Society for Antimicrobial Chemotherapy (BSAC)
573.13499	Klebsiella pneumoniae KPN1571ec	ciprofloxacin	Resistant	Laboratory Method	Broth dilution	CLSI
573.6273	Klebsiella pneumoniae MGL_K_1	ciprofloxacin	Resistant	Laboratory Method	Disk diffusion	
573.24271	Klebsiella pneumoniae strain 26	ciprofloxacin	Resistant	Laboratory Method	Broth dilution	CLSI
573.15613	Klebsiella pneumoniae strain KSB2_8B	ciprofloxacin	Resistant	Laboratory Method	Broth dilution	CLSI
573.13653	Klebsiella pneumoniae KPN1757ec	ciprofloxacin	Resistant	Laboratory Method	Broth dilution	CLSI
573.13206	Klebsiella pneumoniae KPN1216ec	ciprofloxacin	Resistant	Laboratory Method	Broth dilution	CLSI
573.14239	Klebsiella pneumoniae KPN563ec	ciprofloxacin	Resistant	Laboratory Method	Broth dilution	CLSI
573.13085	Klebsiella pneumoniae KPN1071ec	ciprofloxacin	Resistant	Laboratory Method	Broth dilution	CLSI
573.1395	Klebsiella pneumoniae KPN2158ec	ciprofloxacin	Resistant	Laboratory Method	Broth dilution	CLSI
1438751.3	Klebsiella pneumoniae CHS 45	ciprofloxacin	Resistant	Laboratory Method	Broth dilution	
573.13194	Klebsiella pneumoniae KPN1203ec	ciprofloxacin	Resistant	Laboratory Method	Broth dilution	CLSI
573.62707	Klebsiella pneumoniae MGL_K_12	ciprofloxacin	Resistant	Laboratory Method	Disk diffusion	
1438772.3	Klebsiella pneumoniae CHS 66	ciprofloxacin	Resistant	Laboratory Method	Broth dilution	
573.13331	Klebsiella pneumoniae KPN1381ec	ciprofloxacin	Resistant	Laboratory Method	Broth dilution	CLSI
573.13565	Klebsiella pneumoniae KPN1658ec	ciprofloxacin	Resistant	Laboratory Method	Broth dilution	CLSI
573.5646	Klebsiella pneumoniae strain 4_GR_12	ciprofloxacin	Resistant	Laboratory Method	Broth dilution	CLSI
573.14067	Klebsiella pneumoniae KPN336ec	ciprofloxacin	Resistant	Laboratory Method	Broth dilution	CLSI
573.24313	Klebsiella pneumoniae strain 7	ciprofloxacin	Resistant	Laboratory Method	Broth dilution	CLSI
573.29991	Klebsiella pneumoniae strain Kpngiani7132550	ciprofloxacin	Resistant	Laboratory Method	Broth dilution	EUCAST
573.1286	Klebsiella pneumoniae 3316	ciprofloxacin	Resistant	Laboratory Method	Broth dilution	CLSI
573.24409	Klebsiella pneumoniae strain MUGSI_4	ciprofloxacin	Resistant	Laboratory Method	Broth dilution	CLSI
573.13303	Klebsiella pneumoniae KPN1342ec	ciprofloxacin	Resistant	Laboratory Method	Broth dilution	CLSI
573.24382	Klebsiella pneumoniae strain MUGSI_23	ciprofloxacin	Resistant	Laboratory Method	Broth dilution	CLSI
573.14231	Klebsiella pneumoniae KPN553ec	ciprofloxacin	Resistant	Laboratory Method	Broth dilution	CLSI
573.14408	Klebsiella pneumoniae KPN802ec	ciprofloxacin	Resistant	Laboratory Method	Broth dilution	CLSI
573.13453	Klebsiella pneumoniae KPN1520ec	ciprofloxacin	Resistant	Laboratory Method	Broth dilution	CLSI
573.13063	Klebsiella pneumoniae KPN1041ec	ciprofloxacin	Resistant	Laboratory Method	Broth dilution	CLSI
573.67385	Klebsiella pneumoniae 20200622_MGL_64	ciprofloxacin	Resistant	Laboratory Method	Disk diffusion	CLSI, EUCAST
573.14429	Klebsiella pneumoniae KPN832ec	ciprofloxacin	Resistant	Laboratory Method	Broth dilution	CLSI
573.1328	Klebsiella pneumoniae KPN1317ec	ciprofloxacin	Resistant	Laboratory Method	Broth dilution	CLSI
573.13447	Klebsiella pneumoniae KPN1514ec	ciprofloxacin	Resistant	Laboratory Method	Broth dilution	CLSI
573.13647	Klebsiella pneumoniae KPN1751ec	ciprofloxacin	Resistant	Laboratory Method	Broth dilution	CLSI
72407.545	Klebsiella pneumoniae subsp. pneumoniae strain 3189STDY5864873	ciprofloxacin	Resistant	Laboratory Method	Broth dilution	CLSI
1328386.3	Klebsiella pneumoniae BWH 36	ciprofloxacin	Resistant	Laboratory Method	Broth dilution	
573.12869	Klebsiella pneumoniae 3229	ciprofloxacin	Resistant	Laboratory Method	Broth dilution	CLSI
573.13176	Klebsiella pneumoniae KPN1184ec	ciprofloxacin	Resistant	Laboratory Method	Broth dilution	CLSI
573.14491	Klebsiella pneumoniae KPN918ec	ciprofloxacin	Resistant	Laboratory Method	Broth dilution	CLSI
573.14298	Klebsiella pneumoniae KPN641ec	ciprofloxacin	Resistant	Laboratory Method	Broth dilution	CLSI
573.15632	Klebsiella pneumoniae strain K792	ciprofloxacin	Resistant	Laboratory Method	Disk diffusion	EUCAST
573.1383	Klebsiella pneumoniae KPN1999ec	ciprofloxacin	Resistant	Laboratory Method	Broth dilution	CLSI
573.33392	Klebsiella pneumoniae strain PMK1	ciprofloxacin	Resistant	Laboratory Method	Broth dilution	EUCAST
573.14533	Klebsiella pneumoniae KPN973ec	ciprofloxacin	Resistant	Laboratory Method	Broth dilution	CLSI
573.15483	Klebsiella pneumoniae strain 10315_6#74	ciprofloxacin	Resistant	Laboratory Method	Disk diffusion	CLSI
573.13073	Klebsiella pneumoniae KPN1055ec	ciprofloxacin	Resistant	Laboratory Method	Broth dilution	CLSI
573.13604	Klebsiella pneumoniae KPN1700ec	ciprofloxacin	Resistant	Laboratory Method	Broth dilution	CLSI
1438733.3	Klebsiella pneumoniae CHS 27	ciprofloxacin	Resistant	Laboratory Method	Broth dilution	
573.20065	Klebsiella pneumoniae strain AR_0046	ciprofloxacin	Resistant	Laboratory Method	Broth dilution	CLSI
573.13381	Klebsiella pneumoniae KPN143ec	ciprofloxacin	Resistant	Laboratory Method	Broth dilution	CLSI
573.66878	Klebsiella pneumoniae KP_NORM_BLD_2011_72749	ciprofloxacin	Resistant	Laboratory Method		EUCAST
573.13258	Klebsiella pneumoniae KPN1279ec	ciprofloxacin	Resistant	Laboratory Method	Broth dilution	CLSI
573.7362	Klebsiella pneumoniae strain AR_0049	ciprofloxacin	Resistant	Laboratory Method	Broth dilution	CLSI
573.29966	Klebsiella pneumoniae strain Kpngiani7132519	ciprofloxacin	Resistant	Laboratory Method	Broth dilution	EUCAST
573.14382	Klebsiella pneumoniae KPN766ec	ciprofloxacin	Resistant	Laboratory Method	Broth dilution	CLSI
573.13541	Klebsiella pneumoniae KPN1624ec	ciprofloxacin	Resistant	Laboratory Method	Broth dilution	CLSI
573.66912	Klebsiella pneumoniae KP_NORM_BLD_2013_91198	ciprofloxacin	Resistant	Laboratory Method		EUCAST
1304917.4	Klebsiella pneumoniae 160_1080	ciprofloxacin	Resistant	Laboratory Method		
573.15376	Klebsiella pneumoniae strain INF274	ciprofloxacin	Resistant	Laboratory Method	Broth dilution	CLSI
573.15107	Klebsiella pneumoniae strain AR_0129	ciprofloxacin	Resistant	Laboratory Method	Broth dilution	CLSI
573.29983	Klebsiella pneumoniae strain Kpngiani7132527	ciprofloxacin	Resistant	Laboratory Method	Broth dilution	EUCAST
573.67375	Klebsiella pneumoniae 20200203_MGL_10	ciprofloxacin	Resistant	Laboratory Method	Disk diffusion	CLSI, EUCAST
573.13955	Klebsiella pneumoniae KPN2166ec	ciprofloxacin	Resistant	Laboratory Method	Broth dilution	CLSI
573.13939	Klebsiella pneumoniae KPN2128ec	ciprofloxacin	Resistant	Laboratory Method	Broth dilution	CLSI
573.14208	Klebsiella pneumoniae KPN522ec	ciprofloxacin	Resistant	Laboratory Method	Broth dilution	CLSI
573.13088	Klebsiella pneumoniae KPN1075ec	ciprofloxacin	Resistant	Laboratory Method	Broth dilution	CLSI
573.23204	Klebsiella pneumoniae strain KP_346	ciprofloxacin	Resistant	Laboratory Method	Disk diffusion	CLSI
72407.495	Klebsiella pneumoniae subsp. pneumoniae strain 3189STDY5864747	ciprofloxacin	Resistant	Laboratory Method	Broth dilution	CLSI
573.14335	Klebsiella pneumoniae KPN708ec	ciprofloxacin	Resistant	Laboratory Method	Broth dilution	CLSI
573.14469	Klebsiella pneumoniae KPN890ec	ciprofloxacin	Resistant	Laboratory Method	Broth dilution	CLSI
573.15657	Klebsiella pneumoniae strain K924	ciprofloxacin	Resistant	Laboratory Method	Disk diffusion	EUCAST
573.13927	Klebsiella pneumoniae KPN2109ec	ciprofloxacin	Resistant	Laboratory Method	Broth dilution	CLSI
573.15108	Klebsiella pneumoniae strain AR_0143	ciprofloxacin	Resistant	Laboratory Method	Broth dilution	CLSI
573.24314	Klebsiella pneumoniae strain 66	ciprofloxacin	Resistant	Laboratory Method	Broth dilution	CLSI
1438726.3	Klebsiella pneumoniae CHS 20	ciprofloxacin	Resistant	Laboratory Method	Broth dilution	
573.2631	Klebsiella pneumoniae strain 5012STDY7626428	ciprofloxacin	Resistant	Laboratory Method	Broth dilution	
573.13404	Klebsiella pneumoniae KPN1465ec	ciprofloxacin	Resistant	Laboratory Method	Broth dilution	CLSI
573.66893	Klebsiella pneumoniae KP_NORM_BLD_2011_76225	ciprofloxacin	Resistant	Laboratory Method		EUCAST
573.13486	Klebsiella pneumoniae KPN1558ec	ciprofloxacin	Resistant	Laboratory Method	Broth dilution	CLSI
72407.56	Klebsiella pneumoniae subsp. pneumoniae strain 3189STDY5864883	ciprofloxacin	Resistant	Laboratory Method	Broth dilution	CLSI
573.29986	Klebsiella pneumoniae strain Kpngiani7132511	ciprofloxacin	Resistant	Laboratory Method	Broth dilution	EUCAST
573.13658	Klebsiella pneumoniae KPN1763ec	ciprofloxacin	Resistant	Laboratory Method	Broth dilution	CLSI
573.1548	Klebsiella pneumoniae strain 10315_6#71	ciprofloxacin	Resistant	Laboratory Method	Disk diffusion	CLSI
573.13851	Klebsiella pneumoniae KPN2023ec	ciprofloxacin	Resistant	Laboratory Method	Broth dilution	CLSI
573.29917	Klebsiella pneumoniae strain Kpngiani7132613	ciprofloxacin	Resistant	Laboratory Method	Broth dilution	EUCAST
573.24326	Klebsiella pneumoniae strain MUGSI_102	ciprofloxacin	Resistant	Laboratory Method	Broth dilution	CLSI
573.24345	Klebsiella pneumoniae strain MUGSI_128	ciprofloxacin	Resistant	Laboratory Method	Broth dilution	CLSI
573.13549	Klebsiella pneumoniae KPN1639ec	ciprofloxacin	Resistant	Laboratory Method	Broth dilution	CLSI
573.15694	Klebsiella pneumoniae strain K879	ciprofloxacin	Resistant	Laboratory Method	Disk diffusion	EUCAST
573.14164	Klebsiella pneumoniae KPN448ec	ciprofloxacin	Resistant	Laboratory Method	Broth dilution	CLSI
573.172	Klebsiella pneumoniae strain KpVA-2	ciprofloxacin	Resistant	Laboratory Method	Disk diffusion	EUCAST
573.12781	Klebsiella pneumoniae strain AR_0152	ciprofloxacin	Resistant	Laboratory Method	Broth dilution	CLSI
573.13747	Klebsiella pneumoniae KPN1883ec	ciprofloxacin	Resistant	Laboratory Method	Broth dilution	CLSI
573.12975	Klebsiella pneumoniae 3285	ciprofloxacin	Resistant	Laboratory Method	Broth dilution	CLSI
72407.2899	Klebsiella pneumoniae subsp. pneumoniae MRSN752085	ciprofloxacin	Resistant	Laboratory Method		
573.13789	Klebsiella pneumoniae KPN1938ec	ciprofloxacin	Resistant	Laboratory Method	Broth dilution	CLSI
573.14422	Klebsiella pneumoniae KPN823ec	ciprofloxacin	Resistant	Laboratory Method	Broth dilution	CLSI
1438770.3	Klebsiella pneumoniae CHS 64	ciprofloxacin	Resistant	Laboratory Method	Broth dilution	
573.24452	Klebsiella pneumoniae strain MUGSI_95	ciprofloxacin	Resistant	Laboratory Method	Broth dilution	CLSI
573.15474	Klebsiella pneumoniae strain 10315_6#66	ciprofloxacin	Resistant	Laboratory Method	Disk diffusion	CLSI
573.14295	Klebsiella pneumoniae KPN635ec	ciprofloxacin	Resistant	Laboratory Method	Broth dilution	CLSI
573.14057	Klebsiella pneumoniae KPN323ec	ciprofloxacin	Resistant	Laboratory Method	Broth dilution	CLSI
72407.509	Klebsiella pneumoniae subsp. pneumoniae strain 3189STDY5864739	ciprofloxacin	Resistant	Laboratory Method	Broth dilution	CLSI
573.13245	Klebsiella pneumoniae KPN1267ec	ciprofloxacin	Resistant	Laboratory Method	Broth dilution	CLSI
573.29977	Klebsiella pneumoniae strain Kpngiani7132518	ciprofloxacin	Resistant	Laboratory Method	Broth dilution	EUCAST
573.13109	Klebsiella pneumoniae KPN1105ec	ciprofloxacin	Resistant	Laboratory Method	Broth dilution	CLSI
573.1406	Klebsiella pneumoniae KPN327ec	ciprofloxacin	Resistant	Laboratory Method	Broth dilution	CLSI
573.15729	Klebsiella pneumoniae strain K1539	ciprofloxacin	Resistant	Laboratory Method	Disk diffusion	EUCAST
573.15369	Klebsiella pneumoniae strain INF158	ciprofloxacin	Resistant	Laboratory Method	Broth dilution	CLSI
1284820.3	Klebsiella pneumoniae UHKPC22	ciprofloxacin	Resistant	Laboratory Method		
573.13676	Klebsiella pneumoniae KPN1783ec	ciprofloxacin	Resistant	Laboratory Method	Broth dilution	CLSI
573.13211	Klebsiella pneumoniae KPN1221ec	ciprofloxacin	Resistant	Laboratory Method	Broth dilution	CLSI
573.29962	Klebsiella pneumoniae strain Kpngiani7132499	ciprofloxacin	Resistant	Laboratory Method	Broth dilution	EUCAST
573.13688	Klebsiella pneumoniae KPN181ec	ciprofloxacin	Resistant	Laboratory Method	Broth dilution	CLSI
573.15503	Klebsiella pneumoniae strain 10356_5#78	ciprofloxacin	Resistant	Laboratory Method	Disk diffusion	CLSI
573.13847	Klebsiella pneumoniae KPN2017ec	ciprofloxacin	Resistant	Laboratory Method	Broth dilution	CLSI
573.24435	Klebsiella pneumoniae strain MUGSI_76	ciprofloxacin	Resistant	Laboratory Method	Broth dilution	CLSI
573.13312	Klebsiella pneumoniae KPN1352ec	ciprofloxacin	Resistant	Laboratory Method	Broth dilution	CLSI
573.1423	Klebsiella pneumoniae KPN552ec	ciprofloxacin	Resistant	Laboratory Method	Broth dilution	CLSI
573.13596	Klebsiella pneumoniae KPN1693ec	ciprofloxacin	Resistant	Laboratory Method	Broth dilution	CLSI
573.13313	Klebsiella pneumoniae KPN1354ec	ciprofloxacin	Resistant	Laboratory Method	Broth dilution	CLSI
573.66943	Klebsiella pneumoniae KP_NORM_BLD_2015_116590	ciprofloxacin	Resistant	Laboratory Method		EUCAST
573.5684	Klebsiella pneumoniae strain PB506	ciprofloxacin	Resistant	Laboratory Method	Broth dilution	EUCAST
573.13961	Klebsiella pneumoniae KPN2172ec	ciprofloxacin	Resistant	Laboratory Method	Broth dilution	CLSI
573.13128	Klebsiella pneumoniae KPN1126ec	ciprofloxacin	Resistant	Laboratory Method	Broth dilution	CLSI
573.1547	Klebsiella pneumoniae strain 10315_6#61	ciprofloxacin	Resistant	Laboratory Method	Disk diffusion	CLSI
573.14282	Klebsiella pneumoniae KPN615ec	ciprofloxacin	Resistant	Laboratory Method	Broth dilution	CLSI
573.13623	Klebsiella pneumoniae KPN1720ec	ciprofloxacin	Resistant	Laboratory Method	Broth dilution	CLSI
573.13841	Klebsiella pneumoniae KPN2010ec	ciprofloxacin	Resistant	Laboratory Method	Broth dilution	CLSI
573.13007	Klebsiella pneumoniae 3381	ciprofloxacin	Resistant	Laboratory Method	Broth dilution	CLSI
573.13773	Klebsiella pneumoniae KPN191ec	ciprofloxacin	Resistant	Laboratory Method	Broth dilution	CLSI
72407.519	Klebsiella pneumoniae subsp. pneumoniae strain 3189STDY5864856	ciprofloxacin	Resistant	Laboratory Method	Broth dilution	CLSI
573.13174	Klebsiella pneumoniae KPN1182ec	ciprofloxacin	Resistant	Laboratory Method	Broth dilution	CLSI
573.14103	Klebsiella pneumoniae KPN380ec	ciprofloxacin	Resistant	Laboratory Method	Broth dilution	CLSI
573.24403	Klebsiella pneumoniae strain MUGSI_33	ciprofloxacin	Resistant	Laboratory Method	Broth dilution	CLSI
1438718.3	Klebsiella pneumoniae CHS 12	ciprofloxacin	Resistant	Laboratory Method	Broth dilution	
573.13769	Klebsiella pneumoniae KPN1914ec	ciprofloxacin	Resistant	Laboratory Method	Broth dilution	CLSI
573.24436	Klebsiella pneumoniae strain MUGSI_77	ciprofloxacin	Resistant	Laboratory Method	Broth dilution	CLSI
573.13587	Klebsiella pneumoniae KPN1684ec	ciprofloxacin	Resistant	Laboratory Method	Broth dilution	CLSI
573.24273	Klebsiella pneumoniae strain 275	ciprofloxacin	Resistant	Laboratory Method	Broth dilution	CLSI
573.14138	Klebsiella pneumoniae KPN418ec	ciprofloxacin	Resistant	Laboratory Method	Broth dilution	CLSI
573.2991	Klebsiella pneumoniae strain Kpngiani7132592	ciprofloxacin	Resistant	Laboratory Method	Broth dilution	EUCAST
573.15702	Klebsiella pneumoniae strain K876	ciprofloxacin	Resistant	Laboratory Method	Disk diffusion	EUCAST
573.67405	Klebsiella pneumoniae MGL_170	ciprofloxacin	Resistant	Laboratory Method	Disk diffusion	CLSI, EUCAST
573.67152	Klebsiella pneumoniae KP_NORM_URN_2014_100419	ciprofloxacin	Resistant	Laboratory Method		EUCAST
573.12976	Klebsiella pneumoniae 3277	ciprofloxacin	Resistant	Laboratory Method	Broth dilution	CLSI
573.14269	Klebsiella pneumoniae KPN598ec	ciprofloxacin	Resistant	Laboratory Method	Broth dilution	CLSI
573.5722	Klebsiella pneumoniae strain W2-13-ERG11	ciprofloxacin	Resistant	Laboratory Method	Broth dilution	EUCAST
573.13577	Klebsiella pneumoniae KPN1671ec	ciprofloxacin	Resistant	Laboratory Method	Broth dilution	CLSI
573.1358	Klebsiella pneumoniae KPN1676ec	ciprofloxacin	Resistant	Laboratory Method	Broth dilution	CLSI
573.24324	Klebsiella pneumoniae strain MRSN20094	ciprofloxacin	Resistant	Laboratory Method	Broth dilution	CLSI
573.13461	Klebsiella pneumoniae KPN1530ec	ciprofloxacin	Resistant	Laboratory Method	Broth dilution	CLSI
573.13584	Klebsiella pneumoniae KPN167ec	ciprofloxacin	Resistant	Laboratory Method	Broth dilution	CLSI
573.15721	Klebsiella pneumoniae strain K1387	ciprofloxacin	Resistant	Laboratory Method	Disk diffusion	EUCAST
573.29973	Klebsiella pneumoniae strain Kpngiani7132502	ciprofloxacin	Resistant	Laboratory Method	Broth dilution	EUCAST
573.1721	Klebsiella pneumoniae strain KpVA-3	ciprofloxacin	Resistant	Laboratory Method	Disk diffusion	EUCAST
573.14407	Klebsiella pneumoniae KPN800ec	ciprofloxacin	Resistant	Laboratory Method	Broth dilution	CLSI
573.14194	Klebsiella pneumoniae KPN503ec	ciprofloxacin	Resistant	Laboratory Method	Broth dilution	CLSI
573.1732	Klebsiella pneumoniae strain KpVA-14	ciprofloxacin	Resistant	Laboratory Method	Disk diffusion	EUCAST
573.13553	Klebsiella pneumoniae KPN1645ec	ciprofloxacin	Resistant	Laboratory Method	Broth dilution	CLSI
573.14546	Klebsiella pneumoniae KPN990ec	ciprofloxacin	Resistant	Laboratory Method	Broth dilution	CLSI
573.13475	Klebsiella pneumoniae KPN1546ec	ciprofloxacin	Resistant	Laboratory Method	Broth dilution	CLSI
573.5811	Klebsiella pneumoniae strain PB509	ciprofloxacin	Resistant	Laboratory Method	Broth dilution	EUCAST
573.139	Klebsiella pneumoniae KPN2078ec	ciprofloxacin	Resistant	Laboratory Method	Broth dilution	CLSI
573.29874	Klebsiella pneumoniae strain Kpngiani7132569	ciprofloxacin	Resistant	Laboratory Method	Broth dilution	EUCAST
573.15647	Klebsiella pneumoniae strain K863	ciprofloxacin	Resistant	Laboratory Method	Disk diffusion	EUCAST
573.138	Klebsiella pneumoniae KPN1952ec	ciprofloxacin	Resistant	Laboratory Method	Broth dilution	CLSI
573.13884	Klebsiella pneumoniae KPN205ec	ciprofloxacin	Resistant	Laboratory Method	Broth dilution	CLSI
573.14425	Klebsiella pneumoniae KPN826ec	ciprofloxacin	Resistant	Laboratory Method	Broth dilution	CLSI
573.14238	Klebsiella pneumoniae KPN561ec	ciprofloxacin	Resistant	Laboratory Method	Broth dilution	CLSI
573.13427	Klebsiella pneumoniae KPN1489ec	ciprofloxacin	Resistant	Laboratory Method	Broth dilution	CLSI
573.6685	Klebsiella pneumoniae KP_NORM_BLD_2007_48130	ciprofloxacin	Resistant	Laboratory Method		EUCAST
573.13503	Klebsiella pneumoniae KPN1577ec	ciprofloxacin	Resistant	Laboratory Method	Broth dilution	CLSI
573.46073	Klebsiella pneumoniae INF302	ciprofloxacin	Resistant	Laboratory Method	Broth dilution	CLSI
573.15706	Klebsiella pneumoniae strain K884	ciprofloxacin	Resistant	Laboratory Method	Disk diffusion	EUCAST
573.14247	Klebsiella pneumoniae KPN573ec	ciprofloxacin	Resistant	Laboratory Method	Broth dilution	CLSI
573.13479	Klebsiella pneumoniae KPN154ec	ciprofloxacin	Resistant	Laboratory Method	Broth dilution	CLSI
573.1307	Klebsiella pneumoniae KPN1049ec	ciprofloxacin	Resistant	Laboratory Method	Broth dilution	CLSI
573.24323	Klebsiella pneumoniae strain MRSN19181	ciprofloxacin	Resistant	Laboratory Method	Broth dilution	CLSI
1438761.3	Klebsiella pneumoniae CHS 55	ciprofloxacin	Resistant	Laboratory Method	Broth dilution	
573.13966	Klebsiella pneumoniae KPN219ec	ciprofloxacin	Resistant	Laboratory Method	Broth dilution	CLSI
573.14316	Klebsiella pneumoniae KPN685ec	ciprofloxacin	Resistant	Laboratory Method	Broth dilution	CLSI
573.13183	Klebsiella pneumoniae KPN1191ec	ciprofloxacin	Resistant	Laboratory Method	Broth dilution	CLSI
573.15477	Klebsiella pneumoniae strain 10315_6#69	ciprofloxacin	Resistant	Laboratory Method	Disk diffusion	CLSI
573.5679	Klebsiella pneumoniae strain PB466	ciprofloxacin	Resistant	Laboratory Method	Broth dilution	EUCAST
573.13196	Klebsiella pneumoniae KPN1205ec	ciprofloxacin	Resistant	Laboratory Method	Broth dilution	CLSI
573.15701	Klebsiella pneumoniae strain K889	ciprofloxacin	Resistant	Laboratory Method	Disk diffusion	EUCAST
573.141	Klebsiella pneumoniae KPN377ec	ciprofloxacin	Resistant	Laboratory Method	Broth dilution	CLSI
573.14264	Klebsiella pneumoniae KPN592ec	ciprofloxacin	Resistant	Laboratory Method	Broth dilution	CLSI
1328383.3	Klebsiella pneumoniae BWH 22	ciprofloxacin	Resistant	Laboratory Method	Broth dilution	
573.13113	Klebsiella pneumoniae KPN1109ec	ciprofloxacin	Resistant	Laboratory Method	Broth dilution	CLSI
573.24419	Klebsiella pneumoniae strain MUGSI_52	ciprofloxacin	Resistant	Laboratory Method	Broth dilution	CLSI
573.15446	Klebsiella pneumoniae strain 10315_6#28	ciprofloxacin	Resistant	Laboratory Method	Disk diffusion	CLSI
573.31136	Klebsiella pneumoniae strain D49363	ciprofloxacin	Resistant	Laboratory Method	Disk diffusion	British Society for Antimicrobial Chemotherapy (BSAC)
72407.549	Klebsiella pneumoniae subsp. pneumoniae strain 3189STDY5864874	ciprofloxacin	Resistant	Laboratory Method	Broth dilution	CLSI
573.1386	Klebsiella pneumoniae KPN2034ec	ciprofloxacin	Resistant	Laboratory Method	Broth dilution	CLSI
573.13223	Klebsiella pneumoniae KPN1242ec	ciprofloxacin	Resistant	Laboratory Method	Broth dilution	CLSI
573.14195	Klebsiella pneumoniae KPN504ec	ciprofloxacin	Resistant	Laboratory Method	Broth dilution	CLSI
573.15705	Klebsiella pneumoniae strain K882	ciprofloxacin	Resistant	Laboratory Method	Disk diffusion	EUCAST
573.24453	Klebsiella pneumoniae strain MUGSI_96	ciprofloxacin	Resistant	Laboratory Method	Broth dilution	CLSI
573.14545	Klebsiella pneumoniae KPN989ec	ciprofloxacin	Resistant	Laboratory Method	Broth dilution	CLSI
573.67391	Klebsiella pneumoniae MGL_K_15	ciprofloxacin	Resistant	Laboratory Method	Disk diffusion	CLSI, EUCAST
573.15633	Klebsiella pneumoniae strain K946	ciprofloxacin	Resistant	Laboratory Method	Disk diffusion	EUCAST
573.66211	Klebsiella pneumoniae KP_NORM_URN_2013_95579	ciprofloxacin	Resistant	Laboratory Method		EUCAST
1304920.3	Klebsiella pneumoniae 361_1301	ciprofloxacin	Resistant	Laboratory Method		
573.14498	Klebsiella pneumoniae KPN926ec	ciprofloxacin	Resistant	Laboratory Method	Broth dilution	CLSI
573.15656	Klebsiella pneumoniae strain K922	ciprofloxacin	Resistant	Laboratory Method	Disk diffusion	EUCAST
573.14184	Klebsiella pneumoniae KPN475ec	ciprofloxacin	Resistant	Laboratory Method	Broth dilution	CLSI
573.26229	Klebsiella pneumoniae strain 5012STDY7312691	ciprofloxacin	Resistant	Laboratory Method	Broth dilution	
573.1734	Klebsiella pneumoniae strain KpVA-16	ciprofloxacin	Resistant	Laboratory Method	Disk diffusion	EUCAST
573.15649	Klebsiella pneumoniae strain K943	ciprofloxacin	Resistant	Laboratory Method	Disk diffusion	EUCAST
573.14228	Klebsiella pneumoniae KPN547ec	ciprofloxacin	Resistant	Laboratory Method	Broth dilution	CLSI
573.13712	Klebsiella pneumoniae KPN184ec	ciprofloxacin	Resistant	Laboratory Method	Broth dilution	CLSI
573.67413	Klebsiella pneumoniae 20200317_MGL_34	ciprofloxacin	Resistant	Laboratory Method	Disk diffusion	CLSI, EUCAST
573.5767	Klebsiella pneumoniae strain 7_GR_13	ciprofloxacin	Resistant	Laboratory Method	Broth dilution	CLSI
573.1427	Klebsiella pneumoniae KPN599ec	ciprofloxacin	Resistant	Laboratory Method	Broth dilution	CLSI
573.24423	Klebsiella pneumoniae strain MUGSI_59	ciprofloxacin	Resistant	Laboratory Method	Broth dilution	CLSI
573.18088	Klebsiella pneumoniae strain AR_0079	ciprofloxacin	Resistant	Laboratory Method	Broth dilution	CLSI
573.66848	Klebsiella pneumoniae KP_NORM_BLD_2006_37102	ciprofloxacin	Resistant	Laboratory Method		EUCAST
573.13224	Klebsiella pneumoniae KPN1243ec	ciprofloxacin	Resistant	Laboratory Method	Broth dilution	CLSI
573.13387	Klebsiella pneumoniae KPN1446ec	ciprofloxacin	Resistant	Laboratory Method	Broth dilution	CLSI
573.24338	Klebsiella pneumoniae strain MUGSI_120	ciprofloxacin	Resistant	Laboratory Method	Broth dilution	CLSI
573.14141	Klebsiella pneumoniae KPN421ec	ciprofloxacin	Resistant	Laboratory Method	Broth dilution	CLSI
573.22564	Klebsiella pneumoniae strain SU1	ciprofloxacin	Resistant	Laboratory Method		EUCAST
573.13971	Klebsiella pneumoniae KPN224ec	ciprofloxacin	Resistant	Laboratory Method	Broth dilution	CLSI
573.29926	Klebsiella pneumoniae strain Kpngiani7132626	ciprofloxacin	Resistant	Laboratory Method	Broth dilution	EUCAST
573.13865	Klebsiella pneumoniae KPN2039ec	ciprofloxacin	Resistant	Laboratory Method	Broth dilution	CLSI
573.2993	Klebsiella pneumoniae strain Kpngiani7132622	ciprofloxacin	Resistant	Laboratory Method	Broth dilution	EUCAST
573.12919	Klebsiella pneumoniae 3346	ciprofloxacin	Resistant	Laboratory Method	Broth dilution	CLSI
1438732.3	Klebsiella pneumoniae CHS 26	ciprofloxacin	Resistant	Laboratory Method	Broth dilution	
573.14227	Klebsiella pneumoniae KPN546ec	ciprofloxacin	Resistant	Laboratory Method	Broth dilution	CLSI
573.29902	Klebsiella pneumoniae strain Kpngiani7132607	ciprofloxacin	Resistant	Laboratory Method	Broth dilution	EUCAST
573.14311	Klebsiella pneumoniae KPN680ec	ciprofloxacin	Resistant	Laboratory Method	Broth dilution	CLSI
1438734.3	Klebsiella pneumoniae CHS 28	ciprofloxacin	Resistant	Laboratory Method	Broth dilution	
573.13895	Klebsiella pneumoniae KPN2072ec	ciprofloxacin	Resistant	Laboratory Method	Broth dilution	CLSI
573.13926	Klebsiella pneumoniae KPN2108ec	ciprofloxacin	Resistant	Laboratory Method	Broth dilution	CLSI
573.24336	Klebsiella pneumoniae strain MUGSI_118	ciprofloxacin	Resistant	Laboratory Method	Broth dilution	CLSI
573.33422	Klebsiella pneumoniae strain PMK3	ciprofloxacin	Resistant	Laboratory Method	Broth dilution	EUCAST
573.13683	Klebsiella pneumoniae KPN179ec	ciprofloxacin	Resistant	Laboratory Method	Broth dilution	CLSI
573.26279	Klebsiella pneumoniae strain 5012STDY7626395	ciprofloxacin	Resistant	Laboratory Method	Broth dilution	
72407.489	Klebsiella pneumoniae subsp. pneumoniae strain 3189STDY5864850	ciprofloxacin	Resistant	Laboratory Method	Broth dilution	CLSI
573.1401	Klebsiella pneumoniae KPN272ec	ciprofloxacin	Resistant	Laboratory Method	Broth dilution	CLSI
573.2995	Klebsiella pneumoniae strain Kpngiani7132636	ciprofloxacin	Resistant	Laboratory Method	Broth dilution	EUCAST
573.46876	Klebsiella pneumoniae KP-93LU	ciprofloxacin	Resistant	Laboratory Method	Broth dilution	EUCAST
573.14068	Klebsiella pneumoniae KPN337ec	ciprofloxacin	Resistant	Laboratory Method	Broth dilution	CLSI
573.12893	Klebsiella pneumoniae 3238	ciprofloxacin	Resistant	Laboratory Method	Broth dilution	CLSI
573.14396	Klebsiella pneumoniae KPN785ec	ciprofloxacin	Resistant	Laboratory Method	Broth dilution	CLSI
573.13832	Klebsiella pneumoniae KPN2002ec	ciprofloxacin	Resistant	Laboratory Method	Broth dilution	CLSI
573.24406	Klebsiella pneumoniae strain MUGSI_37	ciprofloxacin	Resistant	Laboratory Method	Broth dilution	CLSI
573.14211	Klebsiella pneumoniae KPN525ec	ciprofloxacin	Resistant	Laboratory Method	Broth dilution	CLSI
573.67386	Klebsiella pneumoniae 20200622_MGL_63	ciprofloxacin	Resistant	Laboratory Method	Disk diffusion	CLSI, EUCAST
573.31124	Klebsiella pneumoniae strain C21	ciprofloxacin	Resistant	Laboratory Method	Disk diffusion	British Society for Antimicrobial Chemotherapy (BSAC)
573.12779	Klebsiella pneumoniae strain AR_0139	ciprofloxacin	Resistant	Laboratory Method	Broth dilution	CLSI
573.66929	Klebsiella pneumoniae KP_NORM_BLD_2014_101841	ciprofloxacin	Resistant	Laboratory Method		EUCAST
573.13075	Klebsiella pneumoniae KPN1057ec	ciprofloxacin	Resistant	Laboratory Method	Broth dilution	CLSI
573.13246	Klebsiella pneumoniae KPN1268ec	ciprofloxacin	Resistant	Laboratory Method	Broth dilution	CLSI
1438781.3	Klebsiella pneumoniae CHS 80	ciprofloxacin	Resistant	Laboratory Method	Broth dilution	
1284815.3	Klebsiella pneumoniae UHKPC24	ciprofloxacin	Resistant	Laboratory Method		
573.23224	Klebsiella pneumoniae strain KP_144	ciprofloxacin	Resistant	Laboratory Method	Disk diffusion	CLSI
573.29889	Klebsiella pneumoniae strain Kpngiani7132573	ciprofloxacin	Resistant	Laboratory Method	Broth dilution	EUCAST
72407.58	Klebsiella pneumoniae subsp. pneumoniae strain 3189STDY5864893	ciprofloxacin	Resistant	Laboratory Method	Broth dilution	CLSI
573.13921	Klebsiella pneumoniae KPN2100ec	ciprofloxacin	Resistant	Laboratory Method	Broth dilution	CLSI
573.14369	Klebsiella pneumoniae KPN749ec	ciprofloxacin	Resistant	Laboratory Method	Broth dilution	CLSI
573.66204	Klebsiella pneumoniae KP_NORM_URN_2013_96219	ciprofloxacin	Resistant	Laboratory Method		EUCAST
573.15636	Klebsiella pneumoniae strain K779	ciprofloxacin	Resistant	Laboratory Method	Disk diffusion	EUCAST
573.13463	Klebsiella pneumoniae KPN1532ec	ciprofloxacin	Resistant	Laboratory Method	Broth dilution	CLSI
573.13335	Klebsiella pneumoniae KPN1385ec	ciprofloxacin	Resistant	Laboratory Method	Broth dilution	CLSI
573.14395	Klebsiella pneumoniae KPN783ec	ciprofloxacin	Resistant	Laboratory Method	Broth dilution	CLSI
573.29971	Klebsiella pneumoniae strain Kpngiani7132494	ciprofloxacin	Resistant	Laboratory Method	Broth dilution	EUCAST
573.2994	Klebsiella pneumoniae strain Kpngiani7132506	ciprofloxacin	Resistant	Laboratory Method	Broth dilution	EUCAST
573.13405	Klebsiella pneumoniae KPN1467ec	ciprofloxacin	Resistant	Laboratory Method	Broth dilution	CLSI
573.24426	Klebsiella pneumoniae strain MUGSI_64	ciprofloxacin	Resistant	Laboratory Method	Broth dilution	CLSI
573.13641	Klebsiella pneumoniae KPN1743ec	ciprofloxacin	Resistant	Laboratory Method	Broth dilution	CLSI
573.13799	Klebsiella pneumoniae KPN1951ec	ciprofloxacin	Resistant	Laboratory Method	Broth dilution	CLSI
573.29918	Klebsiella pneumoniae strain Kpngiani7132621	ciprofloxacin	Resistant	Laboratory Method	Broth dilution	EUCAST
573.12987	Klebsiella pneumoniae 3386	ciprofloxacin	Resistant	Laboratory Method	Broth dilution	CLSI
573.13896	Klebsiella pneumoniae KPN2073ec	ciprofloxacin	Resistant	Laboratory Method	Broth dilution	CLSI
573.13899	Klebsiella pneumoniae KPN2077ec	ciprofloxacin	Resistant	Laboratory Method	Broth dilution	CLSI
573.12944	Klebsiella pneumoniae 3273	ciprofloxacin	Resistant	Laboratory Method	Broth dilution	CLSI
573.23215	Klebsiella pneumoniae strain KP_084	ciprofloxacin	Resistant	Laboratory Method	Disk diffusion	CLSI
573.15666	Klebsiella pneumoniae strain K1050	ciprofloxacin	Resistant	Laboratory Method	Disk diffusion	EUCAST
573.14255	Klebsiella pneumoniae KPN581ec	ciprofloxacin	Resistant	Laboratory Method	Broth dilution	CLSI
573.2432	Klebsiella pneumoniae strain MRSN12232	ciprofloxacin	Resistant	Laboratory Method	Broth dilution	CLSI
573.24316	Klebsiella pneumoniae strain 9	ciprofloxacin	Resistant	Laboratory Method	Broth dilution	CLSI
573.29936	Klebsiella pneumoniae strain Kpngiani7132484	ciprofloxacin	Resistant	Laboratory Method	Broth dilution	EUCAST
72407.593	Klebsiella pneumoniae subsp. pneumoniae strain 3189STDY5864822	ciprofloxacin	Resistant	Laboratory Method	Broth dilution	CLSI
1438743.3	Klebsiella pneumoniae CHS 37	ciprofloxacin	Resistant	Laboratory Method	Broth dilution	
573.13168	Klebsiella pneumoniae KPN1174ec	ciprofloxacin	Resistant	Laboratory Method	Broth dilution	CLSI
573.24448	Klebsiella pneumoniae strain MUGSI_89	ciprofloxacin	Resistant	Laboratory Method	Broth dilution	CLSI
573.5806	Klebsiella pneumoniae strain PB107	ciprofloxacin	Resistant	Laboratory Method	Broth dilution	EUCAST
573.14467	Klebsiella pneumoniae KPN887ec	ciprofloxacin	Resistant	Laboratory Method	Broth dilution	CLSI
573.66855	Klebsiella pneumoniae KP_NORM_BLD_2008_55014	ciprofloxacin	Resistant	Laboratory Method		EUCAST
573.14275	Klebsiella pneumoniae KPN606ec	ciprofloxacin	Resistant	Laboratory Method	Broth dilution	CLSI
573.23206	Klebsiella pneumoniae strain KP_241	ciprofloxacin	Resistant	Laboratory Method	Disk diffusion	CLSI
573.1442	Klebsiella pneumoniae KPN821ec	ciprofloxacin	Resistant	Laboratory Method	Broth dilution	CLSI
573.13974	Klebsiella pneumoniae KPN228ec	ciprofloxacin	Resistant	Laboratory Method	Broth dilution	CLSI
573.15459	Klebsiella pneumoniae strain 10315_6#43	ciprofloxacin	Resistant	Laboratory Method	Disk diffusion	CLSI
573.13708	Klebsiella pneumoniae KPN1845ec	ciprofloxacin	Resistant	Laboratory Method	Broth dilution	CLSI
72407.597	Klebsiella pneumoniae subsp. pneumoniae strain 3189STDY5864876	ciprofloxacin	Resistant	Laboratory Method	Broth dilution	CLSI
573.13125	Klebsiella pneumoniae KPN1123ec	ciprofloxacin	Resistant	Laboratory Method	Broth dilution	CLSI
573.13228	Klebsiella pneumoniae KPN1248ec	ciprofloxacin	Resistant	Laboratory Method	Broth dilution	CLSI
573.13181	Klebsiella pneumoniae KPN1189ec	ciprofloxacin	Resistant	Laboratory Method	Broth dilution	CLSI
573.13888	Klebsiella pneumoniae KPN2064ec	ciprofloxacin	Resistant	Laboratory Method	Broth dilution	CLSI
573.14038	Klebsiella pneumoniae KPN303ec	ciprofloxacin	Resistant	Laboratory Method	Broth dilution	CLSI
573.13694	Klebsiella pneumoniae KPN182ec	ciprofloxacin	Resistant	Laboratory Method	Broth dilution	CLSI
573.12878	Klebsiella pneumoniae 3262	ciprofloxacin	Resistant	Laboratory Method	Broth dilution	CLSI
573.13418	Klebsiella pneumoniae KPN147ec	ciprofloxacin	Resistant	Laboratory Method	Broth dilution	CLSI
573.24383	Klebsiella pneumoniae strain MUGSI_237	ciprofloxacin	Resistant	Laboratory Method	Broth dilution	CLSI
573.15685	Klebsiella pneumoniae strain K763	ciprofloxacin	Resistant	Laboratory Method	Disk diffusion	EUCAST
573.13822	Klebsiella pneumoniae KPN1989ec	ciprofloxacin	Resistant	Laboratory Method	Broth dilution	CLSI
573.26271	Klebsiella pneumoniae strain 5012STDY7626390	ciprofloxacin	Resistant	Laboratory Method	Broth dilution	
573.13076	Klebsiella pneumoniae KPN1058ec	ciprofloxacin	Resistant	Laboratory Method	Broth dilution	CLSI
573.1727	Klebsiella pneumoniae strain KpVA-9	ciprofloxacin	Resistant	Laboratory Method	Disk diffusion	EUCAST
573.46851	Klebsiella pneumoniae KP-23PA	ciprofloxacin	Resistant	Laboratory Method	Broth dilution	EUCAST
573.46844	Klebsiella pneumoniae KP-18PI	ciprofloxacin	Resistant	Laboratory Method	Broth dilution	EUCAST
573.13048	Klebsiella pneumoniae KPN1022ec	ciprofloxacin	Resistant	Laboratory Method	Broth dilution	CLSI
573.66904	Klebsiella pneumoniae KP_NORM_BLD_2013_89829	ciprofloxacin	Resistant	Laboratory Method		EUCAST
573.13267	Klebsiella pneumoniae KPN129ec	ciprofloxacin	Resistant	Laboratory Method	Broth dilution	CLSI
573.13302	Klebsiella pneumoniae KPN1341ec	ciprofloxacin	Resistant	Laboratory Method	Broth dilution	CLSI
573.29941	Klebsiella pneumoniae strain Kpngiani7132493	ciprofloxacin	Resistant	Laboratory Method	Broth dilution	EUCAST
573.13067	Klebsiella pneumoniae KPN1045ec	ciprofloxacin	Resistant	Laboratory Method	Broth dilution	CLSI
573.26293	Klebsiella pneumoniae strain 5012STDY7626410	ciprofloxacin	Resistant	Laboratory Method	Broth dilution	
573.13877	Klebsiella pneumoniae KPN2052ec	ciprofloxacin	Resistant	Laboratory Method	Broth dilution	CLSI
573.31064	Klebsiella pneumoniae strain PH25	ciprofloxacin	Resistant	Laboratory Method	Disk diffusion	CLSI
573.14296	Klebsiella pneumoniae KPN636ec	ciprofloxacin	Resistant	Laboratory Method	Broth dilution	CLSI
573.14116	Klebsiella pneumoniae KPN394ec	ciprofloxacin	Resistant	Laboratory Method	Broth dilution	CLSI
573.24377	Klebsiella pneumoniae strain MUGSI_200	ciprofloxacin	Resistant	Laboratory Method	Broth dilution	CLSI
573.13349	Klebsiella pneumoniae KPN1405ec	ciprofloxacin	Resistant	Laboratory Method	Broth dilution	CLSI
573.3112	Klebsiella pneumoniae strain C24a	ciprofloxacin	Resistant	Laboratory Method	Disk diffusion	British Society for Antimicrobial Chemotherapy (BSAC)
573.23216	Klebsiella pneumoniae strain KP_063	ciprofloxacin	Resistant	Laboratory Method	Disk diffusion	CLSI
573.14528	Klebsiella pneumoniae KPN963ec	ciprofloxacin	Resistant	Laboratory Method	Broth dilution	CLSI
573.14173	Klebsiella pneumoniae KPN462ec	ciprofloxacin	Resistant	Laboratory Method	Broth dilution	CLSI
573.13757	Klebsiella pneumoniae KPN1897ec	ciprofloxacin	Resistant	Laboratory Method	Broth dilution	CLSI
573.13957	Klebsiella pneumoniae KPN2168ec	ciprofloxacin	Resistant	Laboratory Method	Broth dilution	CLSI
573.13236	Klebsiella pneumoniae KPN1257ec	ciprofloxacin	Resistant	Laboratory Method	Broth dilution	CLSI
573.5624	Klebsiella pneumoniae strain 23_GR_12	ciprofloxacin	Resistant	Laboratory Method	Broth dilution	CLSI
573.24391	Klebsiella pneumoniae strain MUGSI_309	ciprofloxacin	Resistant	Laboratory Method	Broth dilution	CLSI
573.13753	Klebsiella pneumoniae KPN1891ec	ciprofloxacin	Resistant	Laboratory Method	Broth dilution	CLSI
573.13938	Klebsiella pneumoniae KPN2127ec	ciprofloxacin	Resistant	Laboratory Method	Broth dilution	CLSI
573.14294	Klebsiella pneumoniae KPN632ec	ciprofloxacin	Resistant	Laboratory Method	Broth dilution	CLSI
573.1293	Klebsiella pneumoniae 58	ciprofloxacin	Resistant	Laboratory Method	Broth dilution	CLSI
1284813.3	Klebsiella pneumoniae UHKPC27	ciprofloxacin	Resistant	Laboratory Method		
573.1403	Klebsiella pneumoniae KPN293ec	ciprofloxacin	Resistant	Laboratory Method	Broth dilution	CLSI
573.1352	Klebsiella pneumoniae KPN1596ec	ciprofloxacin	Resistant	Laboratory Method	Broth dilution	CLSI
573.67165	Klebsiella pneumoniae KP_NORM_URN_2015_107962	ciprofloxacin	Resistant	Laboratory Method		EUCAST
573.299	Klebsiella pneumoniae strain Kpngiani7132610	ciprofloxacin	Resistant	Laboratory Method	Broth dilution	EUCAST
573.23203	Klebsiella pneumoniae strain KP_017	ciprofloxacin	Resistant	Laboratory Method	Disk diffusion	CLSI
573.13153	Klebsiella pneumoniae KPN1155ec	ciprofloxacin	Resistant	Laboratory Method	Broth dilution	CLSI
573.1409	Klebsiella pneumoniae KPN367ec	ciprofloxacin	Resistant	Laboratory Method	Broth dilution	CLSI
573.14233	Klebsiella pneumoniae KPN555ec	ciprofloxacin	Resistant	Laboratory Method	Broth dilution	CLSI
573.14443	Klebsiella pneumoniae KPN853ec	ciprofloxacin	Resistant	Laboratory Method	Broth dilution	CLSI
573.14029	Klebsiella pneumoniae KPN292ec	ciprofloxacin	Resistant	Laboratory Method	Broth dilution	CLSI
573.46868	Klebsiella pneumoniae KP-74LU	ciprofloxacin	Resistant	Laboratory Method	Broth dilution	EUCAST
573.26317	Klebsiella pneumoniae strain 5012STDY7626435	ciprofloxacin	Resistant	Laboratory Method	Broth dilution	
1284807.4	Klebsiella pneumoniae UHKPC31	ciprofloxacin	Resistant	Laboratory Method		
573.13954	Klebsiella pneumoniae KPN2163ec	ciprofloxacin	Resistant	Laboratory Method	Broth dilution	CLSI
573.13944	Klebsiella pneumoniae KPN2151ec	ciprofloxacin	Resistant	Laboratory Method	Broth dilution	CLSI
573.13873	Klebsiella pneumoniae KPN2047ec	ciprofloxacin	Resistant	Laboratory Method	Broth dilution	CLSI
573.13296	Klebsiella pneumoniae KPN1335ec	ciprofloxacin	Resistant	Laboratory Method	Broth dilution	CLSI
1438727.3	Klebsiella pneumoniae CHS 21	ciprofloxacin	Resistant	Laboratory Method	Broth dilution	
573.14544	Klebsiella pneumoniae KPN988ec	ciprofloxacin	Resistant	Laboratory Method	Broth dilution	CLSI
573.66934	Klebsiella pneumoniae KP_NORM_BLD_2014_104728	ciprofloxacin	Resistant	Laboratory Method		EUCAST
573.5764	Klebsiella pneumoniae strain 13_GR_14	ciprofloxacin	Resistant	Laboratory Method	Broth dilution	CLSI
573.13566	Klebsiella pneumoniae KPN1659ec	ciprofloxacin	Resistant	Laboratory Method	Broth dilution	CLSI
573.14033	Klebsiella pneumoniae KPN297ec	ciprofloxacin	Resistant	Laboratory Method	Broth dilution	CLSI
573.14283	Klebsiella pneumoniae KPN616ec	ciprofloxacin	Resistant	Laboratory Method	Broth dilution	CLSI
573.13564	Klebsiella pneumoniae KPN1655ec	ciprofloxacin	Resistant	Laboratory Method	Broth dilution	CLSI
573.13207	Klebsiella pneumoniae KPN1217ec	ciprofloxacin	Resistant	Laboratory Method	Broth dilution	CLSI
573.13586	Klebsiella pneumoniae KPN1682ec	ciprofloxacin	Resistant	Laboratory Method	Broth dilution	CLSI
573.136	Klebsiella pneumoniae KPN1697ec	ciprofloxacin	Resistant	Laboratory Method	Broth dilution	CLSI
573.14035	Klebsiella pneumoniae KPN300ec	ciprofloxacin	Resistant	Laboratory Method	Broth dilution	CLSI
573.13458	Klebsiella pneumoniae KPN1526ec	ciprofloxacin	Resistant	Laboratory Method	Broth dilution	CLSI
573.14464	Klebsiella pneumoniae KPN882ec	ciprofloxacin	Resistant	Laboratory Method	Broth dilution	CLSI
573.29993	Klebsiella pneumoniae strain Kpngiani7132554	ciprofloxacin	Resistant	Laboratory Method	Broth dilution	EUCAST
72407.533	Klebsiella pneumoniae subsp. pneumoniae strain 3189STDY5864866	ciprofloxacin	Resistant	Laboratory Method	Broth dilution	CLSI
573.14119	Klebsiella pneumoniae KPN397ec	ciprofloxacin	Resistant	Laboratory Method	Broth dilution	CLSI
573.13288	Klebsiella pneumoniae KPN1328ec	ciprofloxacin	Resistant	Laboratory Method	Broth dilution	CLSI
573.24332	Klebsiella pneumoniae strain MUGSI_114	ciprofloxacin	Resistant	Laboratory Method	Broth dilution	CLSI
573.13669	Klebsiella pneumoniae KPN1775ec	ciprofloxacin	Resistant	Laboratory Method	Broth dilution	CLSI
573.13674	Klebsiella pneumoniae KPN1781ec	ciprofloxacin	Resistant	Laboratory Method	Broth dilution	CLSI
573.1565	Klebsiella pneumoniae strain K944	ciprofloxacin	Resistant	Laboratory Method	Disk diffusion	EUCAST
573.24361	Klebsiella pneumoniae strain MUGSI_158	ciprofloxacin	Resistant	Laboratory Method	Broth dilution	CLSI
573.29868	Klebsiella pneumoniae strain Kpngiani7132567	ciprofloxacin	Resistant	Laboratory Method	Broth dilution	EUCAST
573.29919	Klebsiella pneumoniae strain Kpngiani7132627	ciprofloxacin	Resistant	Laboratory Method	Broth dilution	EUCAST
573.14204	Klebsiella pneumoniae KPN515ec	ciprofloxacin	Resistant	Laboratory Method	Broth dilution	CLSI
573.29984	Klebsiella pneumoniae strain Kpngiani7132524	ciprofloxacin	Resistant	Laboratory Method	Broth dilution	EUCAST
573.13846	Klebsiella pneumoniae KPN2016ec	ciprofloxacin	Resistant	Laboratory Method	Broth dilution	CLSI
573.31117	Klebsiella pneumoniae strain D25466	ciprofloxacin	Resistant	Laboratory Method	Disk diffusion	British Society for Antimicrobial Chemotherapy (BSAC)
573.1369	Klebsiella pneumoniae KPN1824ec	ciprofloxacin	Resistant	Laboratory Method	Broth dilution	CLSI
573.12783	Klebsiella pneumoniae strain AR_0107	ciprofloxacin	Resistant	Laboratory Method	Broth dilution	CLSI
573.1563	Klebsiella pneumoniae strain K750	ciprofloxacin	Resistant	Laboratory Method	Disk diffusion	EUCAST
573.14547	Klebsiella pneumoniae KPN994ec	ciprofloxacin	Resistant	Laboratory Method	Broth dilution	CLSI
573.133	Klebsiella pneumoniae KPN133ec	ciprofloxacin	Resistant	Laboratory Method	Broth dilution	CLSI
1284793.4	Klebsiella pneumoniae UHKPC69	ciprofloxacin	Resistant	Laboratory Method		
573.13467	Klebsiella pneumoniae KPN1536ec	ciprofloxacin	Resistant	Laboratory Method	Broth dilution	CLSI
573.15432	Klebsiella pneumoniae strain 10315_6#1	ciprofloxacin	Resistant	Laboratory Method	Disk diffusion	CLSI
573.13435	Klebsiella pneumoniae KPN1498ec	ciprofloxacin	Resistant	Laboratory Method	Broth dilution	CLSI
573.66895	Klebsiella pneumoniae KP_NORM_BLD_2011_76220	ciprofloxacin	Resistant	Laboratory Method		EUCAST
573.15371	Klebsiella pneumoniae strain KSB1_9D	ciprofloxacin	Resistant	Laboratory Method	Broth dilution	CLSI
573.13149	Klebsiella pneumoniae KPN1151ec	ciprofloxacin	Resistant	Laboratory Method	Broth dilution	CLSI
573.66197	Klebsiella pneumoniae KP_NORM_BLD_2011_74835	ciprofloxacin	Resistant	Laboratory Method		EUCAST
573.14327	Klebsiella pneumoniae KPN698ec	ciprofloxacin	Resistant	Laboratory Method	Broth dilution	CLSI
573.1392	Klebsiella pneumoniae KPN209ec	ciprofloxacin	Resistant	Laboratory Method	Broth dilution	CLSI
573.14226	Klebsiella pneumoniae KPN545ec	ciprofloxacin	Resistant	Laboratory Method	Broth dilution	CLSI
573.24301	Klebsiella pneumoniae strain 414	ciprofloxacin	Resistant	Laboratory Method	Broth dilution	CLSI
573.66723	Klebsiella pneumoniae KP_NORM_BLD_116441	ciprofloxacin	Resistant	Laboratory Method		EUCAST
573.24404	Klebsiella pneumoniae strain MUGSI_34	ciprofloxacin	Resistant	Laboratory Method	Broth dilution	CLSI
573.31067	Klebsiella pneumoniae strain PH12	ciprofloxacin	Resistant	Laboratory Method	Disk diffusion	CLSI
573.13783	Klebsiella pneumoniae KPN1931ec	ciprofloxacin	Resistant	Laboratory Method	Broth dilution	CLSI
573.14426	Klebsiella pneumoniae KPN828ec	ciprofloxacin	Resistant	Laboratory Method	Broth dilution	CLSI
573.62697	Klebsiella pneumoniae MGL_76	ciprofloxacin	Resistant	Laboratory Method	Disk diffusion	
573.12999	Klebsiella pneumoniae 3234	ciprofloxacin	Resistant	Laboratory Method	Broth dilution	CLSI
72407.575	Klebsiella pneumoniae subsp. pneumoniae strain 3189STDY5864892	ciprofloxacin	Resistant	Laboratory Method	Broth dilution	CLSI
573.46832	Klebsiella pneumoniae KP-10PI	ciprofloxacin	Resistant	Laboratory Method	Broth dilution	EUCAST
573.13121	Klebsiella pneumoniae KPN1119ec	ciprofloxacin	Resistant	Laboratory Method	Broth dilution	CLSI
573.15682	Klebsiella pneumoniae strain K758	ciprofloxacin	Resistant	Laboratory Method	Disk diffusion	EUCAST
573.1345	Klebsiella pneumoniae KPN1517ec	ciprofloxacin	Resistant	Laboratory Method	Broth dilution	CLSI
573.62729	Klebsiella pneumoniae MGL_K_3	ciprofloxacin	Resistant	Laboratory Method	Disk diffusion	
573.66882	Klebsiella pneumoniae KP_NORM_BLD_2011_73881	ciprofloxacin	Resistant	Laboratory Method		EUCAST
573.12945	Klebsiella pneumoniae 3354	ciprofloxacin	Resistant	Laboratory Method	Broth dilution	CLSI
573.15652	Klebsiella pneumoniae strain K966	ciprofloxacin	Resistant	Laboratory Method	Disk diffusion	EUCAST
573.13711	Klebsiella pneumoniae KPN1849ec	ciprofloxacin	Resistant	Laboratory Method	Broth dilution	CLSI
72407.554	Klebsiella pneumoniae subsp. pneumoniae strain 3189STDY5864782	ciprofloxacin	Resistant	Laboratory Method	Broth dilution	CLSI
1284812.3	Klebsiella pneumoniae UHKPC81	ciprofloxacin	Resistant	Laboratory Method		
573.13814	Klebsiella pneumoniae KPN1980ec	ciprofloxacin	Resistant	Laboratory Method	Broth dilution	CLSI
573.67402	Klebsiella pneumoniae 20200203_MGL_18	ciprofloxacin	Resistant	Laboratory Method	Disk diffusion	CLSI, EUCAST
573.15668	Klebsiella pneumoniae strain K1063	ciprofloxacin	Resistant	Laboratory Method	Disk diffusion	EUCAST
573.13969	Klebsiella pneumoniae KPN222ec	ciprofloxacin	Resistant	Laboratory Method	Broth dilution	CLSI
573.1452	Klebsiella pneumoniae KPN953ec	ciprofloxacin	Resistant	Laboratory Method	Broth dilution	CLSI
573.13677	Klebsiella pneumoniae KPN1784ec	ciprofloxacin	Resistant	Laboratory Method	Broth dilution	CLSI
573.13941	Klebsiella pneumoniae KPN2130ec	ciprofloxacin	Resistant	Laboratory Method	Broth dilution	CLSI
573.2441	Klebsiella pneumoniae strain MUGSI_41	ciprofloxacin	Resistant	Laboratory Method	Broth dilution	CLSI
573.13979	Klebsiella pneumoniae KPN234ec	ciprofloxacin	Resistant	Laboratory Method	Broth dilution	CLSI
573.62693	Klebsiella pneumoniae 20200203_MGL_09	ciprofloxacin	Resistant	Laboratory Method	Disk diffusion	
573.14096	Klebsiella pneumoniae KPN373ec	ciprofloxacin	Resistant	Laboratory Method	Broth dilution	CLSI
573.29891	Klebsiella pneumoniae strain Kpngiani7132583	ciprofloxacin	Resistant	Laboratory Method	Broth dilution	EUCAST
573.29907	Klebsiella pneumoniae strain Kpngiani7132599	ciprofloxacin	Resistant	Laboratory Method	Broth dilution	EUCAST
573.66772	Klebsiella pneumoniae KP_NORM_BLD_13375	ciprofloxacin	Resistant	Laboratory Method		EUCAST
573.18477	Klebsiella pneumoniae strain CCUG 70747	ciprofloxacin	Resistant	Laboratory Method	Broth dilution	EUCAST
72407.591	Klebsiella pneumoniae subsp. pneumoniae strain 3189STDY5864820	ciprofloxacin	Resistant	Laboratory Method	Broth dilution	CLSI
573.1304	Klebsiella pneumoniae KPN1013ec	ciprofloxacin	Resistant	Laboratory Method	Broth dilution	CLSI
573.13099	Klebsiella pneumoniae KPN1093ec	ciprofloxacin	Resistant	Laboratory Method	Broth dilution	CLSI
573.14337	Klebsiella pneumoniae KPN711ec	ciprofloxacin	Resistant	Laboratory Method	Broth dilution	CLSI
573.29899	Klebsiella pneumoniae strain Kpngiani7132602	ciprofloxacin	Resistant	Laboratory Method	Broth dilution	EUCAST
573.2989	Klebsiella pneumoniae strain Kpngiani7132581	ciprofloxacin	Resistant	Laboratory Method	Broth dilution	EUCAST
573.13859	Klebsiella pneumoniae KPN2032ec	ciprofloxacin	Resistant	Laboratory Method	Broth dilution	CLSI
573.7024	Klebsiella pneumoniae strain AR_0012	ciprofloxacin	Resistant	Laboratory Method	Broth dilution	CLSI
573.13824	Klebsiella pneumoniae KPN1991ec	ciprofloxacin	Resistant	Laboratory Method	Broth dilution	CLSI
573.13497	Klebsiella pneumoniae KPN1569ec	ciprofloxacin	Resistant	Laboratory Method	Broth dilution	CLSI
573.29974	Klebsiella pneumoniae strain Kpngiani7132513	ciprofloxacin	Resistant	Laboratory Method	Broth dilution	EUCAST
573.15719	Klebsiella pneumoniae strain K1287	ciprofloxacin	Resistant	Laboratory Method	Disk diffusion	EUCAST
573.24283	Klebsiella pneumoniae strain 313	ciprofloxacin	Resistant	Laboratory Method	Broth dilution	CLSI
573.13704	Klebsiella pneumoniae KPN1841ec	ciprofloxacin	Resistant	Laboratory Method	Broth dilution	CLSI
573.62698	Klebsiella pneumoniae 20200622_MGL_72	ciprofloxacin	Resistant	Laboratory Method	Disk diffusion	
573.29895	Klebsiella pneumoniae strain Kpngiani7132574	ciprofloxacin	Resistant	Laboratory Method	Broth dilution	EUCAST
573.1569	Klebsiella pneumoniae strain K870	ciprofloxacin	Resistant	Laboratory Method	Disk diffusion	EUCAST
573.24417	Klebsiella pneumoniae strain MUGSI_50	ciprofloxacin	Resistant	Laboratory Method	Broth dilution	CLSI
72407.543	Klebsiella pneumoniae subsp. pneumoniae strain 3189STDY5864778	ciprofloxacin	Resistant	Laboratory Method	Broth dilution	CLSI
573.14442	Klebsiella pneumoniae KPN852ec	ciprofloxacin	Resistant	Laboratory Method	Broth dilution	CLSI
574.27	Klebsiella pneumoniae subsp. ozaenae strain FDA-CDC-AR_0051	ciprofloxacin	Resistant	Laboratory Method	Broth dilution	CLSI
1438757.3	Klebsiella pneumoniae CHS 51	ciprofloxacin	Resistant	Laboratory Method	Broth dilution	
573.57	Klebsiella pneumoniae strain PB122	ciprofloxacin	Resistant	Laboratory Method	Broth dilution	EUCAST
573.13594	Klebsiella pneumoniae KPN1691ec	ciprofloxacin	Resistant	Laboratory Method	Broth dilution	CLSI
573.13528	Klebsiella pneumoniae KPN1608ec	ciprofloxacin	Resistant	Laboratory Method	Broth dilution	CLSI
573.29887	Klebsiella pneumoniae strain Kpngiani7132577	ciprofloxacin	Resistant	Laboratory Method	Broth dilution	EUCAST
573.13398	Klebsiella pneumoniae KPN1458ec	ciprofloxacin	Resistant	Laboratory Method	Broth dilution	CLSI
573.6272	Klebsiella pneumoniae MGL_173	ciprofloxacin	Resistant	Laboratory Method	Disk diffusion	
573.66201	Klebsiella pneumoniae KP_NORM_URN_2015_109627	ciprofloxacin	Resistant	Laboratory Method		EUCAST
573.66191	Klebsiella pneumoniae KP_NORM_BLD_2015_117563	ciprofloxacin	Resistant	Laboratory Method		EUCAST
573.1424	Klebsiella pneumoniae KPN564ec	ciprofloxacin	Resistant	Laboratory Method	Broth dilution	CLSI
573.15731	Klebsiella pneumoniae strain K1641	ciprofloxacin	Resistant	Laboratory Method	Disk diffusion	EUCAST
573.1287	Klebsiella pneumoniae 3399	ciprofloxacin	Resistant	Laboratory Method	Broth dilution	CLSI
573.1542	Klebsiella pneumoniae strain AR_0112	ciprofloxacin	Resistant	Laboratory Method	Broth dilution	CLSI
573.13922	Klebsiella pneumoniae KPN2101ec	ciprofloxacin	Resistant	Laboratory Method	Broth dilution	CLSI
573.66209	Klebsiella pneumoniae KP_NORM_BLD_2015_112126	ciprofloxacin	Resistant	Laboratory Method		EUCAST
573.13101	Klebsiella pneumoniae KPN1095ec	ciprofloxacin	Resistant	Laboratory Method	Broth dilution	CLSI
573.24445	Klebsiella pneumoniae strain MUGSI_86	ciprofloxacin	Resistant	Laboratory Method	Broth dilution	CLSI
573.14541	Klebsiella pneumoniae KPN983ec	ciprofloxacin	Resistant	Laboratory Method	Broth dilution	CLSI
573.5768	Klebsiella pneumoniae strain 15_GR_13	ciprofloxacin	Resistant	Laboratory Method	Broth dilution	CLSI
573.15653	Klebsiella pneumoniae strain K1026	ciprofloxacin	Resistant	Laboratory Method	Disk diffusion	EUCAST
573.15643	Klebsiella pneumoniae strain K1299	ciprofloxacin	Resistant	Laboratory Method	Disk diffusion	EUCAST
573.155	Klebsiella pneumoniae strain 10315_6#96	ciprofloxacin	Resistant	Laboratory Method	Disk diffusion	CLSI
573.13111	Klebsiella pneumoniae KPN1107ec	ciprofloxacin	Resistant	Laboratory Method	Broth dilution	CLSI
573.14146	Klebsiella pneumoniae KPN426ec	ciprofloxacin	Resistant	Laboratory Method	Broth dilution	CLSI
573.14256	Klebsiella pneumoniae KPN582ec	ciprofloxacin	Resistant	Laboratory Method	Broth dilution	CLSI
573.33404	Klebsiella pneumoniae strain PMK26b	ciprofloxacin	Resistant	Laboratory Method	Broth dilution	EUCAST
573.24275	Klebsiella pneumoniae strain 285	ciprofloxacin	Resistant	Laboratory Method	Broth dilution	CLSI
573.5692	Klebsiella pneumoniae strain PB21	ciprofloxacin	Resistant	Laboratory Method	Broth dilution	EUCAST
72407.504	Klebsiella pneumoniae subsp. pneumoniae strain 3189STDY5864834	ciprofloxacin	Resistant	Laboratory Method	Broth dilution	CLSI
573.14485	Klebsiella pneumoniae KPN909ec	ciprofloxacin	Resistant	Laboratory Method	Broth dilution	CLSI
573.12982	Klebsiella pneumoniae 3305	ciprofloxacin	Resistant	Laboratory Method	Broth dilution	CLSI
573.13175	Klebsiella pneumoniae KPN1183ec	ciprofloxacin	Resistant	Laboratory Method	Broth dilution	CLSI
573.13495	Klebsiella pneumoniae KPN1567ec	ciprofloxacin	Resistant	Laboratory Method	Broth dilution	CLSI
573.13233	Klebsiella pneumoniae KPN1254ec	ciprofloxacin	Resistant	Laboratory Method	Broth dilution	CLSI
573.67395	Klebsiella pneumoniae MGL_K_10	ciprofloxacin	Resistant	Laboratory Method	Disk diffusion	CLSI, EUCAST
573.24339	Klebsiella pneumoniae strain MUGSI_121	ciprofloxacin	Resistant	Laboratory Method	Broth dilution	CLSI
573.66207	Klebsiella pneumoniae KP_NORM_URN_2012_81473	ciprofloxacin	Resistant	Laboratory Method		EUCAST
573.13982	Klebsiella pneumoniae KPN237ec	ciprofloxacin	Resistant	Laboratory Method	Broth dilution	CLSI
573.14114	Klebsiella pneumoniae KPN392ec	ciprofloxacin	Resistant	Laboratory Method	Broth dilution	CLSI
573.13025	Klebsiella pneumoniae 3364	ciprofloxacin	Resistant	Laboratory Method	Broth dilution	CLSI
573.26307	Klebsiella pneumoniae strain 5012STDY7626429	ciprofloxacin	Resistant	Laboratory Method	Broth dilution	
573.5678	Klebsiella pneumoniae strain PB28	ciprofloxacin	Resistant	Laboratory Method	Broth dilution	EUCAST
1438709.3	Klebsiella pneumoniae CHS 03	ciprofloxacin	Resistant	Laboratory Method	Broth dilution	
72407.568	Klebsiella pneumoniae subsp. pneumoniae strain 3189STDY5864888	ciprofloxacin	Resistant	Laboratory Method	Broth dilution	CLSI
573.2006	Klebsiella pneumoniae strain AR_0135	ciprofloxacin	Resistant	Laboratory Method	Broth dilution	CLSI
573.13697	Klebsiella pneumoniae KPN1832ec	ciprofloxacin	Resistant	Laboratory Method	Broth dilution	CLSI
573.13738	Klebsiella pneumoniae KPN1875ec	ciprofloxacin	Resistant	Laboratory Method	Broth dilution	CLSI
573.14234	Klebsiella pneumoniae KPN557ec	ciprofloxacin	Resistant	Laboratory Method	Broth dilution	CLSI
573.13848	Klebsiella pneumoniae KPN2019ec	ciprofloxacin	Resistant	Laboratory Method	Broth dilution	CLSI
573.13617	Klebsiella pneumoniae KPN1714ec	ciprofloxacin	Resistant	Laboratory Method	Broth dilution	CLSI
573.14254	Klebsiella pneumoniae KPN580ec	ciprofloxacin	Resistant	Laboratory Method	Broth dilution	CLSI
573.29905	Klebsiella pneumoniae strain Kpngiani7132606	ciprofloxacin	Resistant	Laboratory Method	Broth dilution	EUCAST
573.29888	Klebsiella pneumoniae strain Kpngiani7132585	ciprofloxacin	Resistant	Laboratory Method	Broth dilution	EUCAST
573.232	Klebsiella pneumoniae strain KP_116	ciprofloxacin	Resistant	Laboratory Method	Disk diffusion	CLSI
573.14462	Klebsiella pneumoniae KPN880ec	ciprofloxacin	Resistant	Laboratory Method	Broth dilution	CLSI
573.23217	Klebsiella pneumoniae strain KP_158	ciprofloxacin	Resistant	Laboratory Method	Disk diffusion	CLSI
573.13256	Klebsiella pneumoniae KPN1277ec	ciprofloxacin	Resistant	Laboratory Method	Broth dilution	CLSI
573.157	Klebsiella pneumoniae strain K891	ciprofloxacin	Resistant	Laboratory Method	Disk diffusion	EUCAST
1438760.3	Klebsiella pneumoniae CHS 54	ciprofloxacin	Resistant	Laboratory Method	Broth dilution	
1438756.3	Klebsiella pneumoniae CHS 50	ciprofloxacin	Resistant	Laboratory Method	Broth dilution	
573.14529	Klebsiella pneumoniae KPN965ec	ciprofloxacin	Resistant	Laboratory Method	Broth dilution	CLSI
573.13868	Klebsiella pneumoniae KPN2042ec	ciprofloxacin	Resistant	Laboratory Method	Broth dilution	CLSI
573.13645	Klebsiella pneumoniae KPN1748ec	ciprofloxacin	Resistant	Laboratory Method	Broth dilution	CLSI
573.13515	Klebsiella pneumoniae KPN1591ec	ciprofloxacin	Resistant	Laboratory Method	Broth dilution	CLSI
573.4686	Klebsiella pneumoniae KP-2SI	ciprofloxacin	Resistant	Laboratory Method	Broth dilution	EUCAST
573.14225	Klebsiella pneumoniae KPN544ec	ciprofloxacin	Resistant	Laboratory Method	Broth dilution	CLSI
573.66716	Klebsiella pneumoniae KP_NORM_BLD_116392	ciprofloxacin	Resistant	Laboratory Method		EUCAST
573.13589	Klebsiella pneumoniae KPN1686ec	ciprofloxacin	Resistant	Laboratory Method	Broth dilution	CLSI
573.29925	Klebsiella pneumoniae strain Kpngiani7132632	ciprofloxacin	Resistant	Laboratory Method	Broth dilution	EUCAST
573.34278	Klebsiella pneumoniae strain INF142-sc-2279977	ciprofloxacin	Resistant	Laboratory Method	Broth dilution	CLSI
573.2628	Klebsiella pneumoniae strain 5012STDY7626396	ciprofloxacin	Resistant	Laboratory Method	Broth dilution	
1438730.3	Klebsiella pneumoniae CHS 24	ciprofloxacin	Resistant	Laboratory Method	Broth dilution	
573.13476	Klebsiella pneumoniae KPN1547ec	ciprofloxacin	Resistant	Laboratory Method	Broth dilution	CLSI
1438776.3	Klebsiella pneumoniae CHS 72	ciprofloxacin	Resistant	Laboratory Method	Broth dilution	
573.29898	Klebsiella pneumoniae strain Kpngiani7132594	ciprofloxacin	Resistant	Laboratory Method	Broth dilution	EUCAST
573.5825	Klebsiella pneumoniae strain W2-13-ERG7	ciprofloxacin	Resistant	Laboratory Method	Broth dilution	EUCAST
573.12969	Klebsiella pneumoniae 3295	ciprofloxacin	Resistant	Laboratory Method	Broth dilution	CLSI
573.29865	Klebsiella pneumoniae strain Kpngiani7132559	ciprofloxacin	Resistant	Laboratory Method	Broth dilution	EUCAST
573.5698	Klebsiella pneumoniae strain PB463	ciprofloxacin	Resistant	Laboratory Method	Broth dilution	EUCAST
573.66181	Klebsiella pneumoniae KP_NORM_BLD_2014_102435	ciprofloxacin	Resistant	Laboratory Method		EUCAST
573.13166	Klebsiella pneumoniae KPN1171ec	ciprofloxacin	Resistant	Laboratory Method	Broth dilution	CLSI
573.24318	Klebsiella pneumoniae strain FDA-CDC-AR_0106	ciprofloxacin	Resistant	Laboratory Method	Broth dilution	CLSI
573.13547	Klebsiella pneumoniae KPN1634ec	ciprofloxacin	Resistant	Laboratory Method	Broth dilution	CLSI
573.24245	Klebsiella pneumoniae strain 104	ciprofloxacin	Resistant	Laboratory Method	Disk diffusion	CLSI
573.6692	Klebsiella pneumoniae KP_NORM_BLD_2013_92947	ciprofloxacin	Resistant	Laboratory Method		EUCAST
573.14459	Klebsiella pneumoniae KPN877ec	ciprofloxacin	Resistant	Laboratory Method	Broth dilution	CLSI
573.24354	Klebsiella pneumoniae strain MUGSI_142	ciprofloxacin	Resistant	Laboratory Method	Broth dilution	CLSI
573.14472	Klebsiella pneumoniae KPN893ec	ciprofloxacin	Resistant	Laboratory Method	Broth dilution	CLSI
573.1313	Klebsiella pneumoniae KPN1128ec	ciprofloxacin	Resistant	Laboratory Method	Broth dilution	CLSI
573.14456	Klebsiella pneumoniae KPN874ec	ciprofloxacin	Resistant	Laboratory Method	Broth dilution	CLSI
573.14377	Klebsiella pneumoniae KPN759ec	ciprofloxacin	Resistant	Laboratory Method	Broth dilution	CLSI
573.14455	Klebsiella pneumoniae KPN870ec	ciprofloxacin	Resistant	Laboratory Method	Broth dilution	CLSI
1438722.3	Klebsiella pneumoniae CHS 16	ciprofloxacin	Resistant	Laboratory Method	Broth dilution	
573.13804	Klebsiella pneumoniae KPN1958ec	ciprofloxacin	Resistant	Laboratory Method	Broth dilution	CLSI
573.14453	Klebsiella pneumoniae KPN868ec	ciprofloxacin	Resistant	Laboratory Method	Broth dilution	CLSI
573.13815	Klebsiella pneumoniae KPN1981ec	ciprofloxacin	Resistant	Laboratory Method	Broth dilution	CLSI
573.15684	Klebsiella pneumoniae strain K761	ciprofloxacin	Resistant	Laboratory Method	Disk diffusion	EUCAST
573.26088	Klebsiella pneumoniae strain 5012STDY7312725	ciprofloxacin	Resistant	Laboratory Method	Broth dilution	
573.24315	Klebsiella pneumoniae strain 8	ciprofloxacin	Resistant	Laboratory Method	Broth dilution	CLSI
573.1326	Klebsiella pneumoniae KPN1281ec	ciprofloxacin	Resistant	Laboratory Method	Broth dilution	CLSI
573.13936	Klebsiella pneumoniae KPN2122ec	ciprofloxacin	Resistant	Laboratory Method	Broth dilution	CLSI
573.13237	Klebsiella pneumoniae KPN1259ec	ciprofloxacin	Resistant	Laboratory Method	Broth dilution	CLSI
573.13221	Klebsiella pneumoniae KPN1240ec	ciprofloxacin	Resistant	Laboratory Method	Broth dilution	CLSI
573.13806	Klebsiella pneumoniae KPN1961ec	ciprofloxacin	Resistant	Laboratory Method	Broth dilution	CLSI
573.13854	Klebsiella pneumoniae KPN2026ec	ciprofloxacin	Resistant	Laboratory Method	Broth dilution	CLSI
573.13864	Klebsiella pneumoniae KPN2038ec	ciprofloxacin	Resistant	Laboratory Method	Broth dilution	CLSI
573.2622	Klebsiella pneumoniae strain 5012STDY7312685	ciprofloxacin	Resistant	Laboratory Method	Broth dilution	
573.13445	Klebsiella pneumoniae KPN1512ec	ciprofloxacin	Resistant	Laboratory Method	Broth dilution	CLSI
573.14094	Klebsiella pneumoniae KPN371ec	ciprofloxacin	Resistant	Laboratory Method	Broth dilution	CLSI
573.66923	Klebsiella pneumoniae KP_NORM_BLD_2014_101821	ciprofloxacin	Resistant	Laboratory Method		EUCAST
573.1375	Klebsiella pneumoniae KPN1889ec	ciprofloxacin	Resistant	Laboratory Method	Broth dilution	CLSI
573.14007	Klebsiella pneumoniae KPN269ec	ciprofloxacin	Resistant	Laboratory Method	Broth dilution	CLSI
573.1405	Klebsiella pneumoniae KPN316ec	ciprofloxacin	Resistant	Laboratory Method	Broth dilution	CLSI
573.29869	Klebsiella pneumoniae strain Kpngiani7132565	ciprofloxacin	Resistant	Laboratory Method	Broth dilution	EUCAST
573.674	Klebsiella pneumoniae MGL_124	ciprofloxacin	Resistant	Laboratory Method	Disk diffusion	CLSI, EUCAST
573.15722	Klebsiella pneumoniae strain K1388	ciprofloxacin	Resistant	Laboratory Method	Disk diffusion	EUCAST
1438755.3	Klebsiella pneumoniae CHS 49	ciprofloxacin	Resistant	Laboratory Method	Broth dilution	
573.33408	Klebsiella pneumoniae strain PMK21c	ciprofloxacin	Resistant	Laboratory Method	Broth dilution	EUCAST
573.30012	Klebsiella pneumoniae strain Kpngiani7132545	ciprofloxacin	Resistant	Laboratory Method	Broth dilution	EUCAST
573.6738	Klebsiella pneumoniae MGL_83	ciprofloxacin	Resistant	Laboratory Method	Disk diffusion	CLSI, EUCAST
573.13915	Klebsiella pneumoniae KPN2092ec	ciprofloxacin	Resistant	Laboratory Method	Broth dilution	CLSI
573.15472	Klebsiella pneumoniae strain 10315_6#62	ciprofloxacin	Resistant	Laboratory Method	Disk diffusion	CLSI
573.26139	Klebsiella pneumoniae strain 5012STDY7312755	ciprofloxacin	Resistant	Laboratory Method	Broth dilution	
573.4685	Klebsiella pneumoniae KP-22PI	ciprofloxacin	Resistant	Laboratory Method	Broth dilution	EUCAST
573.13264	Klebsiella pneumoniae KPN1285ec	ciprofloxacin	Resistant	Laboratory Method	Broth dilution	CLSI
573.14303	Klebsiella pneumoniae KPN669ec	ciprofloxacin	Resistant	Laboratory Method	Broth dilution	CLSI
573.26258	Klebsiella pneumoniae strain 5012STDY7626377	ciprofloxacin	Resistant	Laboratory Method	Broth dilution	
573.2429	Klebsiella pneumoniae strain 36	ciprofloxacin	Resistant	Laboratory Method	Disk diffusion	CLSI
573.14355	Klebsiella pneumoniae KPN731ec	ciprofloxacin	Resistant	Laboratory Method	Broth dilution	CLSI
573.66206	Klebsiella pneumoniae KP_NORM_BLD_2014_103384	ciprofloxacin	Resistant	Laboratory Method		EUCAST
573.66176	Klebsiella pneumoniae KP_NORM_BLD_2014_101814	ciprofloxacin	Resistant	Laboratory Method		EUCAST
573.13434	Klebsiella pneumoniae KPN1497ec	ciprofloxacin	Resistant	Laboratory Method	Broth dilution	CLSI
573.14251	Klebsiella pneumoniae KPN577ec	ciprofloxacin	Resistant	Laboratory Method	Broth dilution	CLSI
573.14178	Klebsiella pneumoniae KPN468ec	ciprofloxacin	Resistant	Laboratory Method	Broth dilution	CLSI
573.13918	Klebsiella pneumoniae KPN2098ec	ciprofloxacin	Resistant	Laboratory Method	Broth dilution	CLSI
573.13273	Klebsiella pneumoniae KPN1309ec	ciprofloxacin	Resistant	Laboratory Method	Broth dilution	CLSI
573.14095	Klebsiella pneumoniae KPN372ec	ciprofloxacin	Resistant	Laboratory Method	Broth dilution	CLSI
72407.524	Klebsiella pneumoniae subsp. pneumoniae strain 3189STDY5864859	ciprofloxacin	Resistant	Laboratory Method	Broth dilution	CLSI
573.15696	Klebsiella pneumoniae strain K925	ciprofloxacin	Resistant	Laboratory Method	Disk diffusion	EUCAST
573.62694	Klebsiella pneumoniae MGL_81	ciprofloxacin	Resistant	Laboratory Method	Disk diffusion	
72407.53	Klebsiella pneumoniae subsp. pneumoniae strain 3189STDY5864765	ciprofloxacin	Resistant	Laboratory Method	Broth dilution	CLSI
573.67162	Klebsiella pneumoniae KP_NORM_URN_2014_98501	ciprofloxacin	Resistant	Laboratory Method		EUCAST
573.13468	Klebsiella pneumoniae KPN1537ec	ciprofloxacin	Resistant	Laboratory Method	Broth dilution	CLSI
1304918.4	Klebsiella pneumoniae 120_1020	ciprofloxacin	Resistant	Laboratory Method		
573.29897	Klebsiella pneumoniae strain Kpngiani7132598	ciprofloxacin	Resistant	Laboratory Method	Broth dilution	EUCAST
1438746.3	Klebsiella pneumoniae CHS 40	ciprofloxacin	Resistant	Laboratory Method	Broth dilution	
573.14248	Klebsiella pneumoniae KPN574ec	ciprofloxacin	Resistant	Laboratory Method	Broth dilution	CLSI
573.13725	Klebsiella pneumoniae KPN1862ec	ciprofloxacin	Resistant	Laboratory Method	Broth dilution	CLSI
573.15639	Klebsiella pneumoniae strain K1039	ciprofloxacin	Resistant	Laboratory Method	Disk diffusion	EUCAST
573.14313	Klebsiella pneumoniae KPN682ec	ciprofloxacin	Resistant	Laboratory Method	Broth dilution	CLSI
573.14386	Klebsiella pneumoniae KPN772ec	ciprofloxacin	Resistant	Laboratory Method	Broth dilution	CLSI
573.20062	Klebsiella pneumoniae strain AR_0075	ciprofloxacin	Resistant	Laboratory Method	Broth dilution	CLSI
573.1301	Klebsiella pneumoniae 3224	ciprofloxacin	Resistant	Laboratory Method	Broth dilution	CLSI
573.14202	Klebsiella pneumoniae KPN513ec	ciprofloxacin	Resistant	Laboratory Method	Broth dilution	CLSI
573.15664	Klebsiella pneumoniae strain K1047	ciprofloxacin	Resistant	Laboratory Method	Disk diffusion	EUCAST
573.14154	Klebsiella pneumoniae KPN436ec	ciprofloxacin	Resistant	Laboratory Method	Broth dilution	CLSI
573.15471	Klebsiella pneumoniae strain 10315_6#60	ciprofloxacin	Resistant	Laboratory Method	Disk diffusion	CLSI
573.31147	Klebsiella pneumoniae strain C23	ciprofloxacin	Resistant	Laboratory Method	Disk diffusion	British Society for Antimicrobial Chemotherapy (BSAC)
573.2627	Klebsiella pneumoniae strain 5012STDY7626386	ciprofloxacin	Resistant	Laboratory Method	Broth dilution	
573.24347	Klebsiella pneumoniae strain MUGSI_130	ciprofloxacin	Resistant	Laboratory Method	Broth dilution	CLSI
573.13878	Klebsiella pneumoniae KPN2053ec	ciprofloxacin	Resistant	Laboratory Method	Broth dilution	CLSI
573.24294	Klebsiella pneumoniae strain 374	ciprofloxacin	Resistant	Laboratory Method	Broth dilution	CLSI
573.13716	Klebsiella pneumoniae KPN1853ec	ciprofloxacin	Resistant	Laboratory Method	Broth dilution	CLSI
573.14317	Klebsiella pneumoniae KPN686ec	ciprofloxacin	Resistant	Laboratory Method	Broth dilution	CLSI
573.67156	Klebsiella pneumoniae KP_NORM_URN_2014_96612	ciprofloxacin	Resistant	Laboratory Method		EUCAST
573.14046	Klebsiella pneumoniae KPN312ec	ciprofloxacin	Resistant	Laboratory Method	Broth dilution	CLSI
72407.478	Klebsiella pneumoniae subsp. pneumoniae strain 3189STDY5864842	ciprofloxacin	Resistant	Laboratory Method	Broth dilution	CLSI
573.26311	Klebsiella pneumoniae strain 5012STDY7626430	ciprofloxacin	Resistant	Laboratory Method	Broth dilution	
573.24412	Klebsiella pneumoniae strain MUGSI_43	ciprofloxacin	Resistant	Laboratory Method	Broth dilution	CLSI
573.13053	Klebsiella pneumoniae KPN1030ec	ciprofloxacin	Resistant	Laboratory Method	Broth dilution	CLSI
573.24277	Klebsiella pneumoniae strain 3	ciprofloxacin	Resistant	Laboratory Method	Broth dilution	CLSI
573.29862	Klebsiella pneumoniae strain Kpngiani7132560	ciprofloxacin	Resistant	Laboratory Method	Broth dilution	EUCAST
573.14516	Klebsiella pneumoniae KPN948ec	ciprofloxacin	Resistant	Laboratory Method	Broth dilution	CLSI
573.13905	Klebsiella pneumoniae KPN2082ec	ciprofloxacin	Resistant	Laboratory Method	Broth dilution	CLSI
573.1454	Klebsiella pneumoniae KPN982ec	ciprofloxacin	Resistant	Laboratory Method	Broth dilution	CLSI
573.15592	Klebsiella pneumoniae strain MSB1_8A	ciprofloxacin	Resistant	Laboratory Method	Broth dilution	CLSI
573.13356	Klebsiella pneumoniae KPN1413ec	ciprofloxacin	Resistant	Laboratory Method	Broth dilution	CLSI
573.24319	Klebsiella pneumoniae strain FH-2	ciprofloxacin	Resistant	Laboratory Method	Broth dilution	CLSI
573.2442	Klebsiella pneumoniae strain MUGSI_54	ciprofloxacin	Resistant	Laboratory Method	Broth dilution	CLSI
573.15466	Klebsiella pneumoniae strain 10315_6#57	ciprofloxacin	Resistant	Laboratory Method	Disk diffusion	CLSI
573.14447	Klebsiella pneumoniae KPN860ec	ciprofloxacin	Resistant	Laboratory Method	Broth dilution	CLSI
573.26092	Klebsiella pneumoniae strain 5012STDY7312708	ciprofloxacin	Resistant	Laboratory Method	Broth dilution	
573.26295	Klebsiella pneumoniae strain 5012STDY7626414	ciprofloxacin	Resistant	Laboratory Method	Broth dilution	
573.14483	Klebsiella pneumoniae KPN908ec	ciprofloxacin	Resistant	Laboratory Method	Broth dilution	CLSI
72407.573	Klebsiella pneumoniae subsp. pneumoniae strain 3189STDY5864889	ciprofloxacin	Resistant	Laboratory Method	Broth dilution	CLSI
573.24297	Klebsiella pneumoniae strain 4	ciprofloxacin	Resistant	Laboratory Method	Broth dilution	CLSI
573.24344	Klebsiella pneumoniae strain MUGSI_127	ciprofloxacin	Resistant	Laboratory Method	Broth dilution	CLSI
573.13989	Klebsiella pneumoniae KPN248ec	ciprofloxacin	Resistant	Laboratory Method	Broth dilution	CLSI
573.2996	Klebsiella pneumoniae strain Kpngiani7132488	ciprofloxacin	Resistant	Laboratory Method	Broth dilution	EUCAST
573.13646	Klebsiella pneumoniae KPN1749ec	ciprofloxacin	Resistant	Laboratory Method	Broth dilution	CLSI
573.14306	Klebsiella pneumoniae KPN675ec	ciprofloxacin	Resistant	Laboratory Method	Broth dilution	CLSI
573.13876	Klebsiella pneumoniae KPN2050ec	ciprofloxacin	Resistant	Laboratory Method	Broth dilution	CLSI
573.24295	Klebsiella pneumoniae strain 396	ciprofloxacin	Resistant	Laboratory Method	Broth dilution	CLSI
1438714.3	Klebsiella pneumoniae CHS 08	ciprofloxacin	Resistant	Laboratory Method	Broth dilution	
573.13052	Klebsiella pneumoniae KPN1027ec	ciprofloxacin	Resistant	Laboratory Method	Broth dilution	CLSI
573.13887	Klebsiella pneumoniae KPN2063ec	ciprofloxacin	Resistant	Laboratory Method	Broth dilution	CLSI
573.13481	Klebsiella pneumoniae KPN1551ec	ciprofloxacin	Resistant	Laboratory Method	Broth dilution	CLSI
573.13215	Klebsiella pneumoniae KPN1230ec	ciprofloxacin	Resistant	Laboratory Method	Broth dilution	CLSI
1438736.3	Klebsiella pneumoniae CHS 30	ciprofloxacin	Resistant	Laboratory Method	Broth dilution	
573.13948	Klebsiella pneumoniae KPN2156ec	ciprofloxacin	Resistant	Laboratory Method	Broth dilution	CLSI
573.13084	Klebsiella pneumoniae KPN1070ec	ciprofloxacin	Resistant	Laboratory Method	Broth dilution	CLSI
573.12973	Klebsiella pneumoniae 3306	ciprofloxacin	Resistant	Laboratory Method	Broth dilution	CLSI
573.5636	Klebsiella pneumoniae strain 16_GR_13	ciprofloxacin	Resistant	Laboratory Method	Broth dilution	CLSI
1438777.3	Klebsiella pneumoniae CHS 73	ciprofloxacin	Resistant	Laboratory Method	Broth dilution	
573.13379	Klebsiella pneumoniae KPN1438ec	ciprofloxacin	Resistant	Laboratory Method	Broth dilution	CLSI
1438741.3	Klebsiella pneumoniae CHS 35	ciprofloxacin	Resistant	Laboratory Method	Broth dilution	
573.14276	Klebsiella pneumoniae KPN609ec	ciprofloxacin	Resistant	Laboratory Method	Broth dilution	CLSI
573.24455	Klebsiella pneumoniae strain MUGSI_98	ciprofloxacin	Resistant	Laboratory Method	Broth dilution	CLSI
573.13606	Klebsiella pneumoniae KPN1703ec	ciprofloxacin	Resistant	Laboratory Method	Broth dilution	CLSI
573.13377	Klebsiella pneumoniae KPN1435ec	ciprofloxacin	Resistant	Laboratory Method	Broth dilution	CLSI
573.24267	Klebsiella pneumoniae strain 24	ciprofloxacin	Resistant	Laboratory Method	Disk diffusion	CLSI
573.15489	Klebsiella pneumoniae strain 10315_6#8	ciprofloxacin	Resistant	Laboratory Method	Disk diffusion	CLSI
573.13122	Klebsiella pneumoniae KPN1120ec	ciprofloxacin	Resistant	Laboratory Method	Broth dilution	CLSI
573.33407	Klebsiella pneumoniae strain PMK23	ciprofloxacin	Resistant	Laboratory Method	Broth dilution	EUCAST
573.13778	Klebsiella pneumoniae KPN1926ec	ciprofloxacin	Resistant	Laboratory Method	Broth dilution	CLSI
573.7026	Klebsiella pneumoniae strain AR_0039	ciprofloxacin	Resistant	Laboratory Method	Broth dilution	CLSI
72407.527	Klebsiella pneumoniae subsp. pneumoniae strain 3189STDY5864760	ciprofloxacin	Resistant	Laboratory Method	Broth dilution	CLSI
573.13746	Klebsiella pneumoniae KPN1882ec	ciprofloxacin	Resistant	Laboratory Method	Broth dilution	CLSI
573.29958	Klebsiella pneumoniae strain Kpngiani7132624	ciprofloxacin	Resistant	Laboratory Method	Broth dilution	EUCAST
573.1335	Klebsiella pneumoniae KPN1406ec	ciprofloxacin	Resistant	Laboratory Method	Broth dilution	CLSI
573.13412	Klebsiella pneumoniae KPN1474ec	ciprofloxacin	Resistant	Laboratory Method	Broth dilution	CLSI
573.15461	Klebsiella pneumoniae strain 10315_6#5	ciprofloxacin	Resistant	Laboratory Method	Disk diffusion	CLSI
1438778.3	Klebsiella pneumoniae CHS 74	ciprofloxacin	Resistant	Laboratory Method	Broth dilution	
573.13862	Klebsiella pneumoniae KPN2036ec	ciprofloxacin	Resistant	Laboratory Method	Broth dilution	CLSI
573.13333	Klebsiella pneumoniae KPN1383ec	ciprofloxacin	Resistant	Laboratory Method	Broth dilution	CLSI
573.14509	Klebsiella pneumoniae KPN941ec	ciprofloxacin	Resistant	Laboratory Method	Broth dilution	CLSI
573.14466	Klebsiella pneumoniae KPN886ec	ciprofloxacin	Resistant	Laboratory Method	Broth dilution	CLSI
573.1379	Klebsiella pneumoniae KPN1940ec	ciprofloxacin	Resistant	Laboratory Method	Broth dilution	CLSI
573.3106	Klebsiella pneumoniae strain PH139	ciprofloxacin	Resistant	Laboratory Method	Disk diffusion	CLSI
573.13903	Klebsiella pneumoniae KPN2080ec	ciprofloxacin	Resistant	Laboratory Method	Broth dilution	CLSI
1438717.3	Klebsiella pneumoniae CHS 11	ciprofloxacin	Resistant	Laboratory Method	Broth dilution	
573.14308	Klebsiella pneumoniae KPN677ec	ciprofloxacin	Resistant	Laboratory Method	Broth dilution	CLSI
573.13579	Klebsiella pneumoniae KPN1675ec	ciprofloxacin	Resistant	Laboratory Method	Broth dilution	CLSI
573.1377	Klebsiella pneumoniae KPN1913ec	ciprofloxacin	Resistant	Laboratory Method	Broth dilution	CLSI
573.15667	Klebsiella pneumoniae strain K1061	ciprofloxacin	Resistant	Laboratory Method	Disk diffusion	EUCAST
573.6269	Klebsiella pneumoniae 20200203_MGL_10	ciprofloxacin	Resistant	Laboratory Method	Disk diffusion	
573.1331	Klebsiella pneumoniae KPN134ec	ciprofloxacin	Resistant	Laboratory Method	Broth dilution	CLSI
72407.506	Klebsiella pneumoniae subsp. pneumoniae strain 3189STDY5864849	ciprofloxacin	Resistant	Laboratory Method	Broth dilution	CLSI
573.1435	Klebsiella pneumoniae KPN724ec	ciprofloxacin	Resistant	Laboratory Method	Broth dilution	CLSI
573.15648	Klebsiella pneumoniae strain K754	ciprofloxacin	Resistant	Laboratory Method	Disk diffusion	EUCAST
573.46836	Klebsiella pneumoniae KP-12PI	ciprofloxacin	Resistant	Laboratory Method	Broth dilution	EUCAST
573.62719	Klebsiella pneumoniae 20200203_MGL_18	ciprofloxacin	Resistant	Laboratory Method	Disk diffusion	
573.18087	Klebsiella pneumoniae strain AR438	ciprofloxacin	Resistant	Laboratory Method	Broth dilution	CLSI
573.29867	Klebsiella pneumoniae strain Kpngiani7132557	ciprofloxacin	Resistant	Laboratory Method	Broth dilution	EUCAST
573.14142	Klebsiella pneumoniae KPN422ec	ciprofloxacin	Resistant	Laboratory Method	Broth dilution	CLSI
573.26232	Klebsiella pneumoniae strain 5012STDY7312694	ciprofloxacin	Resistant	Laboratory Method	Broth dilution	
573.29996	Klebsiella pneumoniae strain Kpngiani7132553	ciprofloxacin	Resistant	Laboratory Method	Broth dilution	EUCAST
573.13816	Klebsiella pneumoniae KPN1983ec	ciprofloxacin	Resistant	Laboratory Method	Broth dilution	CLSI
573.26273	Klebsiella pneumoniae strain 5012STDY7626391	ciprofloxacin	Resistant	Laboratory Method	Broth dilution	
573.13437	Klebsiella pneumoniae KPN1500ec	ciprofloxacin	Resistant	Laboratory Method	Broth dilution	CLSI
573.13707	Klebsiella pneumoniae KPN1844ec	ciprofloxacin	Resistant	Laboratory Method	Broth dilution	CLSI
573.14106	Klebsiella pneumoniae KPN383ec	ciprofloxacin	Resistant	Laboratory Method	Broth dilution	CLSI
573.12964	Klebsiella pneumoniae 3309	ciprofloxacin	Resistant	Laboratory Method	Broth dilution	CLSI
573.13542	Klebsiella pneumoniae KPN1625ec	ciprofloxacin	Resistant	Laboratory Method	Broth dilution	CLSI
574.2	Klebsiella pneumoniae subsp. ozaenae strain AR_0096	ciprofloxacin	Resistant	Laboratory Method	Broth dilution	CLSI
573.14341	Klebsiella pneumoniae KPN715ec	ciprofloxacin	Resistant	Laboratory Method	Broth dilution	CLSI
573.13261	Klebsiella pneumoniae KPN1282ec	ciprofloxacin	Resistant	Laboratory Method	Broth dilution	CLSI
72407.483	Klebsiella pneumoniae subsp. pneumoniae strain 3189STDY5864843	ciprofloxacin	Resistant	Laboratory Method	Broth dilution	CLSI
573.15433	Klebsiella pneumoniae strain 10315_6#10	ciprofloxacin	Resistant	Laboratory Method	Disk diffusion	CLSI
1438711.3	Klebsiella pneumoniae CHS 05	ciprofloxacin	Resistant	Laboratory Method	Broth dilution	
573.13096	Klebsiella pneumoniae KPN1090ec	ciprofloxacin	Resistant	Laboratory Method	Broth dilution	CLSI
573.13432	Klebsiella pneumoniae KPN1495ec	ciprofloxacin	Resistant	Laboratory Method	Broth dilution	CLSI
573.13148	Klebsiella pneumoniae KPN1150ec	ciprofloxacin	Resistant	Laboratory Method	Broth dilution	CLSI
72407.481	Klebsiella pneumoniae subsp. pneumoniae strain 3189STDY5864832	ciprofloxacin	Resistant	Laboratory Method	Broth dilution	CLSI
573.24414	Klebsiella pneumoniae strain MUGSI_46	ciprofloxacin	Resistant	Laboratory Method	Broth dilution	CLSI
573.15456	Klebsiella pneumoniae strain 10315_6#42	ciprofloxacin	Resistant	Laboratory Method	Disk diffusion	CLSI
573.46871	Klebsiella pneumoniae KP-83LU	ciprofloxacin	Resistant	Laboratory Method	Broth dilution	EUCAST
72407.553	Klebsiella pneumoniae subsp. pneumoniae strain 3189STDY5864877	ciprofloxacin	Resistant	Laboratory Method	Broth dilution	CLSI
573.66854	Klebsiella pneumoniae KP_NORM_BLD_2008_54367	ciprofloxacin	Resistant	Laboratory Method		EUCAST
573.14163	Klebsiella pneumoniae KPN447ec	ciprofloxacin	Resistant	Laboratory Method	Broth dilution	CLSI
573.46829	Klebsiella pneumoniae KP-101LU	ciprofloxacin	Resistant	Laboratory Method	Broth dilution	EUCAST
573.66969	Klebsiella pneumoniae KP_NORM_BLD_3072	ciprofloxacin	Resistant	Laboratory Method		EUCAST
573.13452	Klebsiella pneumoniae KPN151ec	ciprofloxacin	Resistant	Laboratory Method	Broth dilution	CLSI
573.13115	Klebsiella pneumoniae KPN1111ec	ciprofloxacin	Resistant	Laboratory Method	Broth dilution	CLSI
573.67144	Klebsiella pneumoniae KP_NORM_URN_2014_100307	ciprofloxacin	Resistant	Laboratory Method		EUCAST
1438715.3	Klebsiella pneumoniae CHS 09	ciprofloxacin	Resistant	Laboratory Method	Broth dilution	
573.29985	Klebsiella pneumoniae strain Kpngiani7132529	ciprofloxacin	Resistant	Laboratory Method	Broth dilution	EUCAST
573.15505	Klebsiella pneumoniae strain 10356_5#80	ciprofloxacin	Resistant	Laboratory Method	Disk diffusion	CLSI
1438749.3	Klebsiella pneumoniae CHS 43	ciprofloxacin	Resistant	Laboratory Method	Broth dilution	
573.46833	Klebsiella pneumoniae KP-11PI	ciprofloxacin	Resistant	Laboratory Method	Broth dilution	EUCAST
573.15726	Klebsiella pneumoniae strain K1518	ciprofloxacin	Resistant	Laboratory Method	Disk diffusion	EUCAST
573.66188	Klebsiella pneumoniae KP_NORM_BLD_2015_115730	ciprofloxacin	Resistant	Laboratory Method		EUCAST
573.14224	Klebsiella pneumoniae KPN542ec	ciprofloxacin	Resistant	Laboratory Method	Broth dilution	CLSI
573.66935	Klebsiella pneumoniae KP_NORM_BLD_2015_115991	ciprofloxacin	Resistant	Laboratory Method		EUCAST
573.13182	Klebsiella pneumoniae KPN1190ec	ciprofloxacin	Resistant	Laboratory Method	Broth dilution	CLSI
573.1394	Klebsiella pneumoniae KPN2129ec	ciprofloxacin	Resistant	Laboratory Method	Broth dilution	CLSI
573.14432	Klebsiella pneumoniae KPN837ec	ciprofloxacin	Resistant	Laboratory Method	Broth dilution	CLSI
573.14507	Klebsiella pneumoniae KPN939ec	ciprofloxacin	Resistant	Laboratory Method	Broth dilution	CLSI
573.14241	Klebsiella pneumoniae KPN566ec	ciprofloxacin	Resistant	Laboratory Method	Broth dilution	CLSI
1284822.3	Klebsiella pneumoniae UHKPC32	ciprofloxacin	Resistant	Laboratory Method		
573.29872	Klebsiella pneumoniae strain Kpngiani7132566	ciprofloxacin	Resistant	Laboratory Method	Broth dilution	EUCAST
573.13601	Klebsiella pneumoniae KPN1698ec	ciprofloxacin	Resistant	Laboratory Method	Broth dilution	CLSI
573.14342	Klebsiella pneumoniae KPN716ec	ciprofloxacin	Resistant	Laboratory Method	Broth dilution	CLSI
573.14513	Klebsiella pneumoniae KPN945ec	ciprofloxacin	Resistant	Laboratory Method	Broth dilution	CLSI
573.1333	Klebsiella pneumoniae KPN1380ec	ciprofloxacin	Resistant	Laboratory Method	Broth dilution	CLSI
573.14279	Klebsiella pneumoniae KPN612ec	ciprofloxacin	Resistant	Laboratory Method	Broth dilution	CLSI
573.15499	Klebsiella pneumoniae strain 10315_6#95	ciprofloxacin	Resistant	Laboratory Method	Disk diffusion	CLSI
1438750.3	Klebsiella pneumoniae CHS 44	ciprofloxacin	Resistant	Laboratory Method	Broth dilution	
573.62706	Klebsiella pneumoniae MGL_K_14	ciprofloxacin	Resistant	Laboratory Method	Disk diffusion	
573.5687	Klebsiella pneumoniae strain PB291	ciprofloxacin	Resistant	Laboratory Method	Broth dilution	EUCAST
573.13227	Klebsiella pneumoniae KPN1246ec	ciprofloxacin	Resistant	Laboratory Method	Broth dilution	CLSI
573.13975	Klebsiella pneumoniae KPN230ec	ciprofloxacin	Resistant	Laboratory Method	Broth dilution	CLSI
573.13657	Klebsiella pneumoniae KPN1761ec	ciprofloxacin	Resistant	Laboratory Method	Broth dilution	CLSI
573.14187	Klebsiella pneumoniae KPN480ec	ciprofloxacin	Resistant	Laboratory Method	Broth dilution	CLSI
1284830.3	Klebsiella pneumoniae VAKPC276	ciprofloxacin	Resistant	Laboratory Method		
573.13775	Klebsiella pneumoniae KPN1921ec	ciprofloxacin	Resistant	Laboratory Method	Broth dilution	CLSI
573.29922	Klebsiella pneumoniae strain Kpngiani7132615	ciprofloxacin	Resistant	Laboratory Method	Broth dilution	EUCAST
573.1336	Klebsiella pneumoniae KPN1417ec	ciprofloxacin	Resistant	Laboratory Method	Broth dilution	CLSI
573.67374	Klebsiella pneumoniae MGL_103	ciprofloxacin	Resistant	Laboratory Method	Disk diffusion	CLSI, EUCAST
573.46856	Klebsiella pneumoniae KP-26PI	ciprofloxacin	Resistant	Laboratory Method	Broth dilution	EUCAST
573.14373	Klebsiella pneumoniae KPN754ec	ciprofloxacin	Resistant	Laboratory Method	Broth dilution	CLSI
573.24367	Klebsiella pneumoniae strain MUGSI_166	ciprofloxacin	Resistant	Laboratory Method	Broth dilution	CLSI
573.13042	Klebsiella pneumoniae KPN1015ec	ciprofloxacin	Resistant	Laboratory Method	Broth dilution	CLSI
573.66851	Klebsiella pneumoniae KP_NORM_BLD_2007_48136	ciprofloxacin	Resistant	Laboratory Method		EUCAST
573.173	Klebsiella pneumoniae strain KpVA-12	ciprofloxacin	Resistant	Laboratory Method	Disk diffusion	EUCAST
573.13086	Klebsiella pneumoniae KPN1072ec	ciprofloxacin	Resistant	Laboratory Method	Broth dilution	CLSI
573.14053	Klebsiella pneumoniae KPN319ec	ciprofloxacin	Resistant	Laboratory Method	Broth dilution	CLSI
573.30002	Klebsiella pneumoniae strain Kpngiani7132532	ciprofloxacin	Resistant	Laboratory Method	Broth dilution	EUCAST
573.13599	Klebsiella pneumoniae KPN1696ec	ciprofloxacin	Resistant	Laboratory Method	Broth dilution	CLSI
573.12913	Klebsiella pneumoniae 3318	ciprofloxacin	Resistant	Laboratory Method	Broth dilution	CLSI
573.4607	Klebsiella pneumoniae INF314	ciprofloxacin	Resistant	Laboratory Method	Broth dilution	CLSI
573.15692	Klebsiella pneumoniae strain K874	ciprofloxacin	Resistant	Laboratory Method	Disk diffusion	EUCAST
573.24251	Klebsiella pneumoniae strain 15	ciprofloxacin	Resistant	Laboratory Method	Broth dilution	CLSI
573.13535	Klebsiella pneumoniae KPN1616ec	ciprofloxacin	Resistant	Laboratory Method	Broth dilution	CLSI
573.13056	Klebsiella pneumoniae KPN1033ec	ciprofloxacin	Resistant	Laboratory Method	Broth dilution	CLSI
573.46845	Klebsiella pneumoniae KP-19PI	ciprofloxacin	Resistant	Laboratory Method	Broth dilution	EUCAST
573.14363	Klebsiella pneumoniae KPN741ec	ciprofloxacin	Resistant	Laboratory Method	Broth dilution	CLSI
573.66184	Klebsiella pneumoniae KP_NORM_BLD_2015_112900	ciprofloxacin	Resistant	Laboratory Method		EUCAST
573.14052	Klebsiella pneumoniae KPN318ec	ciprofloxacin	Resistant	Laboratory Method	Broth dilution	CLSI
573.14009	Klebsiella pneumoniae KPN271ec	ciprofloxacin	Resistant	Laboratory Method	Broth dilution	CLSI
573.1404	Klebsiella pneumoniae KPN305ec	ciprofloxacin	Resistant	Laboratory Method	Broth dilution	CLSI
573.66199	Klebsiella pneumoniae KP_NORM_BLD_2011_75140	ciprofloxacin	Resistant	Laboratory Method		EUCAST
573.62699	Klebsiella pneumoniae MGL_84	ciprofloxacin	Resistant	Laboratory Method	Disk diffusion	
573.3341	Klebsiella pneumoniae strain PMK22	ciprofloxacin	Resistant	Laboratory Method	Broth dilution	EUCAST
573.14358	Klebsiella pneumoniae KPN735ec	ciprofloxacin	Resistant	Laboratory Method	Broth dilution	CLSI
573.30008	Klebsiella pneumoniae strain Kpngiani7132544	ciprofloxacin	Resistant	Laboratory Method	Broth dilution	EUCAST
573.1355	Klebsiella pneumoniae KPN163ec	ciprofloxacin	Resistant	Laboratory Method	Broth dilution	CLSI
573.13031	Klebsiella pneumoniae KPN1000ec	ciprofloxacin	Resistant	Laboratory Method	Broth dilution	CLSI
573.13693	Klebsiella pneumoniae KPN1828ec	ciprofloxacin	Resistant	Laboratory Method	Broth dilution	CLSI
573.13597	Klebsiella pneumoniae KPN1694ec	ciprofloxacin	Resistant	Laboratory Method	Broth dilution	CLSI
573.24385	Klebsiella pneumoniae strain MUGSI_27	ciprofloxacin	Resistant	Laboratory Method	Broth dilution	CLSI
573.14109	Klebsiella pneumoniae KPN386ec	ciprofloxacin	Resistant	Laboratory Method	Broth dilution	CLSI
573.13756	Klebsiella pneumoniae KPN1895ec	ciprofloxacin	Resistant	Laboratory Method	Broth dilution	CLSI
573.7028	Klebsiella pneumoniae strain AR_0004	ciprofloxacin	Resistant	Laboratory Method	Broth dilution	CLSI
573.13731	Klebsiella pneumoniae KPN1868ec	ciprofloxacin	Resistant	Laboratory Method	Broth dilution	CLSI
72407.55	Klebsiella pneumoniae subsp. pneumoniae strain 3189STDY5864875	ciprofloxacin	Resistant	Laboratory Method	Broth dilution	CLSI
573.135	Klebsiella pneumoniae KPN1572ec	ciprofloxacin	Resistant	Laboratory Method	Broth dilution	CLSI
573.13923	Klebsiella pneumoniae KPN2103ec	ciprofloxacin	Resistant	Laboratory Method	Broth dilution	CLSI
573.62692	Klebsiella pneumoniae MGL_103	ciprofloxacin	Resistant	Laboratory Method	Disk diffusion	
573.13759	Klebsiella pneumoniae KPN189ec	ciprofloxacin	Resistant	Laboratory Method	Broth dilution	CLSI
573.24365	Klebsiella pneumoniae strain MUGSI_161	ciprofloxacin	Resistant	Laboratory Method	Broth dilution	CLSI
573.24272	Klebsiella pneumoniae strain 27	ciprofloxacin	Resistant	Laboratory Method	Broth dilution	CLSI
573.13014	Klebsiella pneumoniae 3284	ciprofloxacin	Resistant	Laboratory Method	Broth dilution	CLSI
573.66187	Klebsiella pneumoniae KP_NORM_BLD_2015_115377	ciprofloxacin	Resistant	Laboratory Method		EUCAST
573.14082	Klebsiella pneumoniae KPN357ec	ciprofloxacin	Resistant	Laboratory Method	Broth dilution	CLSI
573.13842	Klebsiella pneumoniae KPN2011ec	ciprofloxacin	Resistant	Laboratory Method	Broth dilution	CLSI
573.12773	Klebsiella pneumoniae strain AR_0138	ciprofloxacin	Resistant	Laboratory Method	Broth dilution	CLSI
573.14193	Klebsiella pneumoniae KPN486ec	ciprofloxacin	Resistant	Laboratory Method	Broth dilution	CLSI
573.13216	Klebsiella pneumoniae KPN1233ec	ciprofloxacin	Resistant	Laboratory Method	Broth dilution	CLSI
573.29999	Klebsiella pneumoniae strain Kpngiani7132535	ciprofloxacin	Resistant	Laboratory Method	Broth dilution	EUCAST
573.20064	Klebsiella pneumoniae strain AR_0109	ciprofloxacin	Resistant	Laboratory Method	Broth dilution	CLSI
573.14354	Klebsiella pneumoniae KPN728ec	ciprofloxacin	Resistant	Laboratory Method	Broth dilution	CLSI
573.2443	Klebsiella pneumoniae strain MUGSI_68	ciprofloxacin	Resistant	Laboratory Method	Broth dilution	CLSI
573.15631	Klebsiella pneumoniae strain K791	ciprofloxacin	Resistant	Laboratory Method	Disk diffusion	EUCAST
1284798.4	Klebsiella pneumoniae DMC1097	ciprofloxacin	Resistant	Laboratory Method		
573.1414	Klebsiella pneumoniae KPN420ec	ciprofloxacin	Resistant	Laboratory Method	Broth dilution	CLSI
573.334	Klebsiella pneumoniae strain PMK15	ciprofloxacin	Resistant	Laboratory Method	Broth dilution	EUCAST
573.29932	Klebsiella pneumoniae strain Kpngiani7132620	ciprofloxacin	Resistant	Laboratory Method	Broth dilution	EUCAST
573.13643	Klebsiella pneumoniae KPN1746ec	ciprofloxacin	Resistant	Laboratory Method	Broth dilution	CLSI
573.29861	Klebsiella pneumoniae strain Kpngiani7132558	ciprofloxacin	Resistant	Laboratory Method	Broth dilution	EUCAST
573.13791	Klebsiella pneumoniae KPN1941ec	ciprofloxacin	Resistant	Laboratory Method	Broth dilution	CLSI
573.14199	Klebsiella pneumoniae KPN510ec	ciprofloxacin	Resistant	Laboratory Method	Broth dilution	CLSI
573.137	Klebsiella pneumoniae KPN1836ec	ciprofloxacin	Resistant	Laboratory Method	Broth dilution	CLSI
573.14019	Klebsiella pneumoniae KPN281ec	ciprofloxacin	Resistant	Laboratory Method	Broth dilution	CLSI
573.13609	Klebsiella pneumoniae KPN1706ec	ciprofloxacin	Resistant	Laboratory Method	Broth dilution	CLSI
573.1278	Klebsiella pneumoniae strain AR_0145	ciprofloxacin	Resistant	Laboratory Method	Broth dilution	CLSI
573.5647	Klebsiella pneumoniae strain 2_GR_12	ciprofloxacin	Resistant	Laboratory Method	Broth dilution	CLSI
573.13629	Klebsiella pneumoniae KPN1727ec	ciprofloxacin	Resistant	Laboratory Method	Broth dilution	CLSI
573.13318	Klebsiella pneumoniae KPN1360ec	ciprofloxacin	Resistant	Laboratory Method	Broth dilution	CLSI
1284831.3	Klebsiella pneumoniae VAKPC297	ciprofloxacin	Resistant	Laboratory Method		
573.13797	Klebsiella pneumoniae KPN194ec	ciprofloxacin	Resistant	Laboratory Method	Broth dilution	CLSI
573.46865	Klebsiella pneumoniae KP-43LI	ciprofloxacin	Resistant	Laboratory Method	Broth dilution	EUCAST
573.15501	Klebsiella pneumoniae strain 10356_5#76	ciprofloxacin	Resistant	Laboratory Method	Disk diffusion	CLSI
573.14069	Klebsiella pneumoniae KPN338ec	ciprofloxacin	Resistant	Laboratory Method	Broth dilution	CLSI
573.15486	Klebsiella pneumoniae strain 10315_6#77	ciprofloxacin	Resistant	Laboratory Method	Disk diffusion	CLSI
573.132	Klebsiella pneumoniae KPN1209ec	ciprofloxacin	Resistant	Laboratory Method	Broth dilution	CLSI
573.13068	Klebsiella pneumoniae KPN1046ec	ciprofloxacin	Resistant	Laboratory Method	Broth dilution	CLSI
573.13019	Klebsiella pneumoniae 3313	ciprofloxacin	Resistant	Laboratory Method	Broth dilution	CLSI
573.13598	Klebsiella pneumoniae KPN1695ec	ciprofloxacin	Resistant	Laboratory Method	Broth dilution	CLSI
573.14366	Klebsiella pneumoniae KPN745ec	ciprofloxacin	Resistant	Laboratory Method	Broth dilution	CLSI
573.14179	Klebsiella pneumoniae KPN469ec	ciprofloxacin	Resistant	Laboratory Method	Broth dilution	CLSI
573.13035	Klebsiella pneumoniae KPN1005ec	ciprofloxacin	Resistant	Laboratory Method	Broth dilution	CLSI
573.14176	Klebsiella pneumoniae KPN465ec	ciprofloxacin	Resistant	Laboratory Method	Broth dilution	CLSI
573.12958	Klebsiella pneumoniae 3270	ciprofloxacin	Resistant	Laboratory Method	Broth dilution	CLSI
573.13473	Klebsiella pneumoniae KPN1544ec	ciprofloxacin	Resistant	Laboratory Method	Broth dilution	CLSI
573.24359	Klebsiella pneumoniae strain MUGSI_153	ciprofloxacin	Resistant	Laboratory Method	Broth dilution	CLSI
573.24392	Klebsiella pneumoniae strain MUGSI_308	ciprofloxacin	Resistant	Laboratory Method	Broth dilution	CLSI
1284792.4	Klebsiella pneumoniae UHKPC67	ciprofloxacin	Resistant	Laboratory Method		
573.33416	Klebsiella pneumoniae strain PMK5a	ciprofloxacin	Resistant	Laboratory Method	Broth dilution	EUCAST
573.30005	Klebsiella pneumoniae strain Kpngiani7132547	ciprofloxacin	Resistant	Laboratory Method	Broth dilution	EUCAST
573.13571	Klebsiella pneumoniae KPN1665ec	ciprofloxacin	Resistant	Laboratory Method	Broth dilution	CLSI
573.13222	Klebsiella pneumoniae KPN1241ec	ciprofloxacin	Resistant	Laboratory Method	Broth dilution	CLSI
573.15478	Klebsiella pneumoniae strain 10315_6#7	ciprofloxacin	Resistant	Laboratory Method	Disk diffusion	CLSI
573.13269	Klebsiella pneumoniae KPN1302ec	ciprofloxacin	Resistant	Laboratory Method	Broth dilution	CLSI
573.14525	Klebsiella pneumoniae KPN959ec	ciprofloxacin	Resistant	Laboratory Method	Broth dilution	CLSI
72407.515	Klebsiella pneumoniae subsp. pneumoniae strain 3189STDY5864943	ciprofloxacin	Resistant	Laboratory Method	Broth dilution	CLSI
573.24443	Klebsiella pneumoniae strain MUGSI_84	ciprofloxacin	Resistant	Laboratory Method	Broth dilution	CLSI
573.14123	Klebsiella pneumoniae KPN402ec	ciprofloxacin	Resistant	Laboratory Method	Broth dilution	CLSI
573.13124	Klebsiella pneumoniae KPN1122ec	ciprofloxacin	Resistant	Laboratory Method	Broth dilution	CLSI
573.13722	Klebsiella pneumoniae KPN185ec	ciprofloxacin	Resistant	Laboratory Method	Broth dilution	CLSI
573.14506	Klebsiella pneumoniae KPN935ec	ciprofloxacin	Resistant	Laboratory Method	Broth dilution	CLSI
573.29876	Klebsiella pneumoniae strain Kpngiani7132589	ciprofloxacin	Resistant	Laboratory Method	Broth dilution	EUCAST
573.1309	Klebsiella pneumoniae KPN1078ec	ciprofloxacin	Resistant	Laboratory Method	Broth dilution	CLSI
1438712.3	Klebsiella pneumoniae CHS 06	ciprofloxacin	Resistant	Laboratory Method	Broth dilution	
573.14075	Klebsiella pneumoniae KPN347ec	ciprofloxacin	Resistant	Laboratory Method	Broth dilution	CLSI
573.13064	Klebsiella pneumoniae KPN1042ec	ciprofloxacin	Resistant	Laboratory Method	Broth dilution	CLSI
573.14351	Klebsiella pneumoniae KPN725ec	ciprofloxacin	Resistant	Laboratory Method	Broth dilution	CLSI
573.23199	Klebsiella pneumoniae strain KP_121	ciprofloxacin	Resistant	Laboratory Method	Disk diffusion	CLSI
72407.2896	Klebsiella pneumoniae subsp. pneumoniae MRSN752729	ciprofloxacin	Resistant	Laboratory Method		
573.13869	Klebsiella pneumoniae KPN2043ec	ciprofloxacin	Resistant	Laboratory Method	Broth dilution	CLSI
573.13384	Klebsiella pneumoniae KPN1443ec	ciprofloxacin	Resistant	Laboratory Method	Broth dilution	CLSI
573.13551	Klebsiella pneumoniae KPN1642ec	ciprofloxacin	Resistant	Laboratory Method	Broth dilution	CLSI
573.13242	Klebsiella pneumoniae KPN1263ec	ciprofloxacin	Resistant	Laboratory Method	Broth dilution	CLSI
1438775.3	Klebsiella pneumoniae CHS 71	ciprofloxacin	Resistant	Laboratory Method	Broth dilution	
573.15676	Klebsiella pneumoniae strain K1074	ciprofloxacin	Resistant	Laboratory Method	Disk diffusion	EUCAST
573.14083	Klebsiella pneumoniae KPN358ec	ciprofloxacin	Resistant	Laboratory Method	Broth dilution	CLSI
573.67399	Klebsiella pneumoniae MGL_K_6	ciprofloxacin	Resistant	Laboratory Method	Disk diffusion	CLSI, EUCAST
573.15634	Klebsiella pneumoniae strain K804	ciprofloxacin	Resistant	Laboratory Method	Disk diffusion	EUCAST
573.13827	Klebsiella pneumoniae KPN1994ec	ciprofloxacin	Resistant	Laboratory Method	Broth dilution	CLSI
573.13588	Klebsiella pneumoniae KPN1685ec	ciprofloxacin	Resistant	Laboratory Method	Broth dilution	CLSI
573.24333	Klebsiella pneumoniae strain MUGSI_115	ciprofloxacin	Resistant	Laboratory Method	Broth dilution	CLSI
573.13779	Klebsiella pneumoniae KPN1927ec	ciprofloxacin	Resistant	Laboratory Method	Broth dilution	CLSI
573.12897	Klebsiella pneumoniae 3241	ciprofloxacin	Resistant	Laboratory Method	Broth dilution	CLSI
573.13717	Klebsiella pneumoniae KPN1854ec	ciprofloxacin	Resistant	Laboratory Method	Broth dilution	CLSI
573.4687	Klebsiella pneumoniae KP-82LU	ciprofloxacin	Resistant	Laboratory Method	Broth dilution	EUCAST
573.15672	Klebsiella pneumoniae strain K1070	ciprofloxacin	Resistant	Laboratory Method	Disk diffusion	EUCAST
573.29881	Klebsiella pneumoniae strain Kpngiani7132584	ciprofloxacin	Resistant	Laboratory Method	Broth dilution	EUCAST
573.14481	Klebsiella pneumoniae KPN906ec	ciprofloxacin	Resistant	Laboratory Method	Broth dilution	CLSI
573.15476	Klebsiella pneumoniae strain 10315_6#68	ciprofloxacin	Resistant	Laboratory Method	Disk diffusion	CLSI
573.24444	Klebsiella pneumoniae strain MUGSI_85	ciprofloxacin	Resistant	Laboratory Method	Broth dilution	CLSI
573.14207	Klebsiella pneumoniae KPN521ec	ciprofloxacin	Resistant	Laboratory Method	Broth dilution	CLSI
573.24369	Klebsiella pneumoniae strain MUGSI_180	ciprofloxacin	Resistant	Laboratory Method	Broth dilution	CLSI
573.24286	Klebsiella pneumoniae strain 336	ciprofloxacin	Resistant	Laboratory Method	Broth dilution	CLSI
573.13266	Klebsiella pneumoniae KPN128ec	ciprofloxacin	Resistant	Laboratory Method	Broth dilution	CLSI
573.46875	Klebsiella pneumoniae KP-91LU	ciprofloxacin	Resistant	Laboratory Method	Broth dilution	EUCAST
573.13792	Klebsiella pneumoniae KPN1942ec	ciprofloxacin	Resistant	Laboratory Method	Broth dilution	CLSI
573.13257	Klebsiella pneumoniae KPN1278ec	ciprofloxacin	Resistant	Laboratory Method	Broth dilution	CLSI
573.1321	Klebsiella pneumoniae KPN1220ec	ciprofloxacin	Resistant	Laboratory Method	Broth dilution	CLSI
573.6698	Klebsiella pneumoniae KP_NORM_BLD_385	ciprofloxacin	Resistant	Laboratory Method		EUCAST
573.15727	Klebsiella pneumoniae strain K1579	ciprofloxacin	Resistant	Laboratory Method	Disk diffusion	EUCAST
573.1354	Klebsiella pneumoniae KPN1623ec	ciprofloxacin	Resistant	Laboratory Method	Broth dilution	CLSI
573.14132	Klebsiella pneumoniae KPN412ec	ciprofloxacin	Resistant	Laboratory Method	Broth dilution	CLSI
573.13749	Klebsiella pneumoniae KPN1888ec	ciprofloxacin	Resistant	Laboratory Method	Broth dilution	CLSI
573.14263	Klebsiella pneumoniae KPN591ec	ciprofloxacin	Resistant	Laboratory Method	Broth dilution	CLSI
573.14314	Klebsiella pneumoniae KPN683ec	ciprofloxacin	Resistant	Laboratory Method	Broth dilution	CLSI
573.24278	Klebsiella pneumoniae strain 30	ciprofloxacin	Resistant	Laboratory Method	Broth dilution	CLSI
573.24388	Klebsiella pneumoniae strain MUGSI_293	ciprofloxacin	Resistant	Laboratory Method	Broth dilution	CLSI
573.24405	Klebsiella pneumoniae strain MUGSI_35	ciprofloxacin	Resistant	Laboratory Method	Broth dilution	CLSI
573.13425	Klebsiella pneumoniae KPN1487ec	ciprofloxacin	Resistant	Laboratory Method	Broth dilution	CLSI
573.13283	Klebsiella pneumoniae KPN1322ec	ciprofloxacin	Resistant	Laboratory Method	Broth dilution	CLSI
573.13098	Klebsiella pneumoniae KPN1092ec	ciprofloxacin	Resistant	Laboratory Method	Broth dilution	CLSI
573.13357	Klebsiella pneumoniae KPN1414ec	ciprofloxacin	Resistant	Laboratory Method	Broth dilution	CLSI
573.26105	Klebsiella pneumoniae strain 5012STDY7312707	ciprofloxacin	Resistant	Laboratory Method	Broth dilution	
573.1413	Klebsiella pneumoniae KPN409ec	ciprofloxacin	Resistant	Laboratory Method	Broth dilution	CLSI
573.2992	Klebsiella pneumoniae strain Kpngiani7132634	ciprofloxacin	Resistant	Laboratory Method	Broth dilution	EUCAST
573.13126	Klebsiella pneumoniae KPN1124ec	ciprofloxacin	Resistant	Laboratory Method	Broth dilution	CLSI
573.13083	Klebsiella pneumoniae KPN1068ec	ciprofloxacin	Resistant	Laboratory Method	Broth dilution	CLSI
573.29967	Klebsiella pneumoniae strain Kpngiani7132526	ciprofloxacin	Resistant	Laboratory Method	Broth dilution	EUCAST
1284794.4	Klebsiella pneumoniae UHKPC77	ciprofloxacin	Resistant	Laboratory Method		
573.13424	Klebsiella pneumoniae KPN1484ec	ciprofloxacin	Resistant	Laboratory Method	Broth dilution	CLSI
573.15448	Klebsiella pneumoniae strain 10315_6#3	ciprofloxacin	Resistant	Laboratory Method	Disk diffusion	CLSI
573.17943	Klebsiella pneumoniae strain AR_0142	ciprofloxacin	Resistant	Laboratory Method	Broth dilution	CLSI
573.31059	Klebsiella pneumoniae strain PH10	ciprofloxacin	Resistant	Laboratory Method	Disk diffusion	CLSI
573.31139	Klebsiella pneumoniae strain BKR469	ciprofloxacin	Resistant	Laboratory Method	Disk diffusion	British Society for Antimicrobial Chemotherapy (BSAC)
573.13406	Klebsiella pneumoniae KPN1469ec	ciprofloxacin	Resistant	Laboratory Method	Broth dilution	CLSI
72407.52	Klebsiella pneumoniae subsp. pneumoniae strain 3189STDY5864857	ciprofloxacin	Resistant	Laboratory Method	Broth dilution	CLSI
573.5717	Klebsiella pneumoniae strain W2-13-ERG5	ciprofloxacin	Resistant	Laboratory Method	Broth dilution	EUCAST
573.29997	Klebsiella pneumoniae strain Kpngiani7132541	ciprofloxacin	Resistant	Laboratory Method	Broth dilution	EUCAST
573.33409	Klebsiella pneumoniae strain PMK24	ciprofloxacin	Resistant	Laboratory Method	Broth dilution	EUCAST
573.14107	Klebsiella pneumoniae KPN384ec	ciprofloxacin	Resistant	Laboratory Method	Broth dilution	CLSI
573.30004	Klebsiella pneumoniae strain Kpngiani7132546	ciprofloxacin	Resistant	Laboratory Method	Broth dilution	EUCAST
1284823.3	Klebsiella pneumoniae UHKPC04	ciprofloxacin	Resistant	Laboratory Method		
573.1376	Klebsiella pneumoniae KPN1901ec	ciprofloxacin	Resistant	Laboratory Method	Broth dilution	CLSI
573.29951	Klebsiella pneumoniae strain Kpngiani7132505	ciprofloxacin	Resistant	Laboratory Method	Broth dilution	EUCAST
573.14168	Klebsiella pneumoniae KPN455ec	ciprofloxacin	Resistant	Laboratory Method	Broth dilution	CLSI
573.29913	Klebsiella pneumoniae strain Kpngiani7132611	ciprofloxacin	Resistant	Laboratory Method	Broth dilution	EUCAST
573.23202	Klebsiella pneumoniae strain KP_089	ciprofloxacin	Resistant	Laboratory Method	Disk diffusion	CLSI
573.29908	Klebsiella pneumoniae strain Kpngiani7132596	ciprofloxacin	Resistant	Laboratory Method	Broth dilution	EUCAST
573.13633	Klebsiella pneumoniae KPN1730ec	ciprofloxacin	Resistant	Laboratory Method	Broth dilution	CLSI
573.15599	Klebsiella pneumoniae strain KSB1_5B	ciprofloxacin	Resistant	Laboratory Method	Broth dilution	CLSI
573.7031	Klebsiella pneumoniae strain AR_0040	ciprofloxacin	Resistant	Laboratory Method	Broth dilution	CLSI
573.13416	Klebsiella pneumoniae KPN1477ec	ciprofloxacin	Resistant	Laboratory Method	Broth dilution	CLSI
573.24346	Klebsiella pneumoniae strain MUGSI_129	ciprofloxacin	Resistant	Laboratory Method	Broth dilution	CLSI
573.46848	Klebsiella pneumoniae KP-20PI	ciprofloxacin	Resistant	Laboratory Method	Broth dilution	EUCAST
573.13678	Klebsiella pneumoniae KPN1785ec	ciprofloxacin	Resistant	Laboratory Method	Broth dilution	CLSI
573.66937	Klebsiella pneumoniae KP_NORM_BLD_2015_115990	ciprofloxacin	Resistant	Laboratory Method		EUCAST
573.14323	Klebsiella pneumoniae KPN694ec	ciprofloxacin	Resistant	Laboratory Method	Broth dilution	CLSI
573.24349	Klebsiella pneumoniae strain MUGSI_133	ciprofloxacin	Resistant	Laboratory Method	Broth dilution	CLSI
573.33391	Klebsiella pneumoniae strain PMK10	ciprofloxacin	Resistant	Laboratory Method	Broth dilution	EUCAST
573.33402	Klebsiella pneumoniae strain PMK19	ciprofloxacin	Resistant	Laboratory Method	Broth dilution	EUCAST
573.46854	Klebsiella pneumoniae KP-25PA	ciprofloxacin	Resistant	Laboratory Method	Broth dilution	EUCAST
573.66178	Klebsiella pneumoniae KP_NORM_BLD_2014_101320	ciprofloxacin	Resistant	Laboratory Method		EUCAST
573.13919	Klebsiella pneumoniae KPN2099ec	ciprofloxacin	Resistant	Laboratory Method	Broth dilution	CLSI
72407.521	Klebsiella pneumoniae subsp. pneumoniae strain 3189STDY5864855	ciprofloxacin	Resistant	Laboratory Method	Broth dilution	CLSI
573.46872	Klebsiella pneumoniae KP-84LU	ciprofloxacin	Resistant	Laboratory Method	Broth dilution	EUCAST
573.13838	Klebsiella pneumoniae KPN2008ec	ciprofloxacin	Resistant	Laboratory Method	Broth dilution	CLSI
1304919.4	Klebsiella pneumoniae 280_1220	ciprofloxacin	Resistant	Laboratory Method		
573.14115	Klebsiella pneumoniae KPN393ec	ciprofloxacin	Resistant	Laboratory Method	Broth dilution	CLSI
573.14478	Klebsiella pneumoniae KPN902ec	ciprofloxacin	Resistant	Laboratory Method	Broth dilution	CLSI
573.67398	Klebsiella pneumoniae MGL_K_8	ciprofloxacin	Resistant	Laboratory Method	Disk diffusion	CLSI, EUCAST
573.14419	Klebsiella pneumoniae KPN819ec	ciprofloxacin	Resistant	Laboratory Method	Broth dilution	CLSI
573.29949	Klebsiella pneumoniae strain Kpngiani7132507	ciprofloxacin	Resistant	Laboratory Method	Broth dilution	EUCAST
573.13852	Klebsiella pneumoniae KPN2021ec	ciprofloxacin	Resistant	Laboratory Method	Broth dilution	CLSI
573.66927	Klebsiella pneumoniae KP_NORM_BLD_2014_101840	ciprofloxacin	Resistant	Laboratory Method		EUCAST
573.13943	Klebsiella pneumoniae KPN2149ec	ciprofloxacin	Resistant	Laboratory Method	Broth dilution	CLSI
573.13157	Klebsiella pneumoniae KPN1162ec	ciprofloxacin	Resistant	Laboratory Method	Broth dilution	CLSI
573.24441	Klebsiella pneumoniae strain MUGSI_82	ciprofloxacin	Resistant	Laboratory Method	Broth dilution	CLSI
573.5765	Klebsiella pneumoniae strain 22_GR_12	ciprofloxacin	Resistant	Laboratory Method	Broth dilution	CLSI
573.13582	Klebsiella pneumoniae KPN1678ec	ciprofloxacin	Resistant	Laboratory Method	Broth dilution	CLSI
573.6618	Klebsiella pneumoniae KP_NORM_BLD_2014_103381	ciprofloxacin	Resistant	Laboratory Method		EUCAST
573.14332	Klebsiella pneumoniae KPN704ec	ciprofloxacin	Resistant	Laboratory Method	Broth dilution	CLSI
573.17914	Klebsiella pneumoniae strain AR_0363	ciprofloxacin	Resistant	Laboratory Method	Broth dilution	CLSI
573.2998	Klebsiella pneumoniae strain Kpngiani7132520	ciprofloxacin	Resistant	Laboratory Method	Broth dilution	EUCAST
573.12796	Klebsiella pneumoniae strain MLST-15	ciprofloxacin	Resistant	Laboratory Method	Broth dilution	CLSI
1438728.3	Klebsiella pneumoniae CHS 22	ciprofloxacin	Resistant	Laboratory Method	Broth dilution	
573.14048	Klebsiella pneumoniae KPN314ec	ciprofloxacin	Resistant	Laboratory Method	Broth dilution	CLSI
573.5677	Klebsiella pneumoniae strain PB395	ciprofloxacin	Resistant	Laboratory Method	Broth dilution	EUCAST
573.33412	Klebsiella pneumoniae strain PMK25	ciprofloxacin	Resistant	Laboratory Method	Broth dilution	EUCAST
573.14368	Klebsiella pneumoniae KPN748ec	ciprofloxacin	Resistant	Laboratory Method	Broth dilution	CLSI
573.46859	Klebsiella pneumoniae KP-28P	ciprofloxacin	Resistant	Laboratory Method	Broth dilution	EUCAST
573.13655	Klebsiella pneumoniae KPN1759ec	ciprofloxacin	Resistant	Laboratory Method	Broth dilution	CLSI
573.13172	Klebsiella pneumoniae KPN1179ec	ciprofloxacin	Resistant	Laboratory Method	Broth dilution	CLSI
573.14299	Klebsiella pneumoniae KPN648ec	ciprofloxacin	Resistant	Laboratory Method	Broth dilution	CLSI
573.1408	Klebsiella pneumoniae KPN355ec	ciprofloxacin	Resistant	Laboratory Method	Broth dilution	CLSI
573.66202	Klebsiella pneumoniae KP_NORM_BLD_2012_86987	ciprofloxacin	Resistant	Laboratory Method		EUCAST
573.13326	Klebsiella pneumoniae KPN1372ec	ciprofloxacin	Resistant	Laboratory Method	Broth dilution	CLSI
573.67139	Klebsiella pneumoniae KP_NORM_URN_2013_95566	ciprofloxacin	Resistant	Laboratory Method		EUCAST
573.14084	Klebsiella pneumoniae KPN360ec	ciprofloxacin	Resistant	Laboratory Method	Broth dilution	CLSI
573.14166	Klebsiella pneumoniae KPN450ec	ciprofloxacin	Resistant	Laboratory Method	Broth dilution	CLSI
573.13786	Klebsiella pneumoniae KPN1934ec	ciprofloxacin	Resistant	Laboratory Method	Broth dilution	CLSI
573.13171	Klebsiella pneumoniae KPN1178ec	ciprofloxacin	Resistant	Laboratory Method	Broth dilution	CLSI
573.24259	Klebsiella pneumoniae strain 193	ciprofloxacin	Resistant	Laboratory Method	Broth dilution	CLSI
573.13496	Klebsiella pneumoniae KPN1568ec	ciprofloxacin	Resistant	Laboratory Method	Broth dilution	CLSI
573.31062	Klebsiella pneumoniae strain PH152	ciprofloxacin	Resistant	Laboratory Method	Disk diffusion	CLSI
573.24424	Klebsiella pneumoniae strain MUGSI_61	ciprofloxacin	Resistant	Laboratory Method	Broth dilution	CLSI
573.33397	Klebsiella pneumoniae strain PMK13b	ciprofloxacin	Resistant	Laboratory Method	Broth dilution	EUCAST
573.24352	Klebsiella pneumoniae strain MUGSI_140	ciprofloxacin	Resistant	Laboratory Method	Broth dilution	CLSI
573.62733	Klebsiella pneumoniae MGL_135	ciprofloxacin	Resistant	Laboratory Method	Disk diffusion	
573.7027	Klebsiella pneumoniae strain AR_0003	ciprofloxacin	Resistant	Laboratory Method	Broth dilution	CLSI
573.24303	Klebsiella pneumoniae strain 417	ciprofloxacin	Resistant	Laboratory Method	Broth dilution	CLSI
573.14287	Klebsiella pneumoniae KPN620ec	ciprofloxacin	Resistant	Laboratory Method	Broth dilution	CLSI
573.13345	Klebsiella pneumoniae KPN139ec	ciprofloxacin	Resistant	Laboratory Method	Broth dilution	CLSI
573.14012	Klebsiella pneumoniae KPN274ec	ciprofloxacin	Resistant	Laboratory Method	Broth dilution	CLSI
72407.565	Klebsiella pneumoniae subsp. pneumoniae strain 3189STDY5864791	ciprofloxacin	Resistant	Laboratory Method	Broth dilution	CLSI
573.67392	Klebsiella pneumoniae MGL_K_14	ciprofloxacin	Resistant	Laboratory Method	Disk diffusion	CLSI, EUCAST
573.14262	Klebsiella pneumoniae KPN590ec	ciprofloxacin	Resistant	Laboratory Method	Broth dilution	CLSI
573.13446	Klebsiella pneumoniae KPN1513ec	ciprofloxacin	Resistant	Laboratory Method	Broth dilution	CLSI
573.14336	Klebsiella pneumoniae KPN709ec	ciprofloxacin	Resistant	Laboratory Method	Broth dilution	CLSI
573.13886	Klebsiella pneumoniae KPN2062ec	ciprofloxacin	Resistant	Laboratory Method	Broth dilution	CLSI
573.311	Klebsiella pneumoniae strain D46208	ciprofloxacin	Resistant	Laboratory Method	Disk diffusion	British Society for Antimicrobial Chemotherapy (BSAC)
573.1322	Klebsiella pneumoniae KPN123ec	ciprofloxacin	Resistant	Laboratory Method	Broth dilution	CLSI
573.67132	Klebsiella pneumoniae KP_NORM_URN_2012_81432	ciprofloxacin	Resistant	Laboratory Method		EUCAST
573.13371	Klebsiella pneumoniae KPN142ec	ciprofloxacin	Resistant	Laboratory Method	Broth dilution	CLSI
573.29931	Klebsiella pneumoniae strain Kpngiani7132631	ciprofloxacin	Resistant	Laboratory Method	Broth dilution	EUCAST
573.1339	Klebsiella pneumoniae KPN1449ec	ciprofloxacin	Resistant	Laboratory Method	Broth dilution	CLSI
573.1311	Klebsiella pneumoniae KPN1106ec	ciprofloxacin	Resistant	Laboratory Method	Broth dilution	CLSI
573.13389	Klebsiella pneumoniae KPN1448ec	ciprofloxacin	Resistant	Laboratory Method	Broth dilution	CLSI
573.13152	Klebsiella pneumoniae KPN1154ec	ciprofloxacin	Resistant	Laboratory Method	Broth dilution	CLSI
573.13781	Klebsiella pneumoniae KPN1929ec	ciprofloxacin	Resistant	Laboratory Method	Broth dilution	CLSI
573.13826	Klebsiella pneumoniae KPN1993ec	ciprofloxacin	Resistant	Laboratory Method	Broth dilution	CLSI
573.66906	Klebsiella pneumoniae KP_NORM_BLD_2012_86962	ciprofloxacin	Resistant	Laboratory Method		EUCAST
573.14064	Klebsiella pneumoniae KPN332ec	ciprofloxacin	Resistant	Laboratory Method	Broth dilution	CLSI
573.13351	Klebsiella pneumoniae KPN1407ec	ciprofloxacin	Resistant	Laboratory Method	Broth dilution	CLSI
573.13353	Klebsiella pneumoniae KPN140ec	ciprofloxacin	Resistant	Laboratory Method	Broth dilution	CLSI
573.15635	Klebsiella pneumoniae strain K983	ciprofloxacin	Resistant	Laboratory Method	Disk diffusion	EUCAST
573.13385	Klebsiella pneumoniae KPN1444ec	ciprofloxacin	Resistant	Laboratory Method	Broth dilution	CLSI
573.4684	Klebsiella pneumoniae KP-14PI	ciprofloxacin	Resistant	Laboratory Method	Broth dilution	EUCAST
573.13489	Klebsiella pneumoniae KPN1560ec	ciprofloxacin	Resistant	Laboratory Method	Broth dilution	CLSI
573.24434	Klebsiella pneumoniae strain MUGSI_75	ciprofloxacin	Resistant	Laboratory Method	Broth dilution	CLSI
573.67409	Klebsiella pneumoniae MGL_167	ciprofloxacin	Resistant	Laboratory Method	Disk diffusion	CLSI, EUCAST
573.24312	Klebsiella pneumoniae strain 524	ciprofloxacin	Resistant	Laboratory Method	Broth dilution	CLSI
573.1545	Klebsiella pneumoniae strain 10315_6#32	ciprofloxacin	Resistant	Laboratory Method	Disk diffusion	CLSI
573.46839	Klebsiella pneumoniae KP-14442FI	ciprofloxacin	Resistant	Laboratory Method	Broth dilution	EUCAST
573.46069	Klebsiella pneumoniae INF094	ciprofloxacin	Resistant	Laboratory Method	Broth dilution	CLSI
573.1568	Klebsiella pneumoniae strain K730	ciprofloxacin	Resistant	Laboratory Method	Disk diffusion	EUCAST
573.13464	Klebsiella pneumoniae KPN1533ec	ciprofloxacin	Resistant	Laboratory Method	Broth dilution	CLSI
573.13937	Klebsiella pneumoniae KPN2125ec	ciprofloxacin	Resistant	Laboratory Method	Broth dilution	CLSI
573.29978	Klebsiella pneumoniae strain Kpngiani7132510	ciprofloxacin	Resistant	Laboratory Method	Broth dilution	EUCAST
573.26268	Klebsiella pneumoniae strain 5012STDY7626388	ciprofloxacin	Resistant	Laboratory Method	Broth dilution	
573.15497	Klebsiella pneumoniae strain 10315_6#92	ciprofloxacin	Resistant	Laboratory Method	Disk diffusion	CLSI
573.62689	Klebsiella pneumoniae MGL_89	ciprofloxacin	Resistant	Laboratory Method	Disk diffusion	
573.5663	Klebsiella pneumoniae strain PB533	ciprofloxacin	Resistant	Laboratory Method	Broth dilution	EUCAST
573.14418	Klebsiella pneumoniae KPN818ec	ciprofloxacin	Resistant	Laboratory Method	Broth dilution	CLSI
1438766.3	Klebsiella pneumoniae CHS 60	ciprofloxacin	Resistant	Laboratory Method	Broth dilution	
573.13743	Klebsiella pneumoniae KPN187ec	ciprofloxacin	Resistant	Laboratory Method	Broth dilution	CLSI
573.1455	Klebsiella pneumoniae KPN999ec	ciprofloxacin	Resistant	Laboratory Method	Broth dilution	CLSI
573.24372	Klebsiella pneumoniae strain MUGSI_187	ciprofloxacin	Resistant	Laboratory Method	Broth dilution	CLSI
573.13595	Klebsiella pneumoniae KPN1692ec	ciprofloxacin	Resistant	Laboratory Method	Broth dilution	CLSI
573.12966	Klebsiella pneumoniae 3357	ciprofloxacin	Resistant	Laboratory Method	Broth dilution	CLSI
1438742.3	Klebsiella pneumoniae CHS 36	ciprofloxacin	Resistant	Laboratory Method	Broth dilution	
573.66896	Klebsiella pneumoniae KP_NORM_BLD_2011_76233	ciprofloxacin	Resistant	Laboratory Method		EUCAST
573.13321	Klebsiella pneumoniae KPN1363ec	ciprofloxacin	Resistant	Laboratory Method	Broth dilution	CLSI
573.1436	Klebsiella pneumoniae KPN737ec	ciprofloxacin	Resistant	Laboratory Method	Broth dilution	CLSI
573.14542	Klebsiella pneumoniae KPN984ec	ciprofloxacin	Resistant	Laboratory Method	Broth dilution	CLSI
573.29912	Klebsiella pneumoniae strain Kpngiani7132603	ciprofloxacin	Resistant	Laboratory Method	Broth dilution	EUCAST
573.13578	Klebsiella pneumoniae KPN1674ec	ciprofloxacin	Resistant	Laboratory Method	Broth dilution	CLSI
573.14144	Klebsiella pneumoniae KPN424ec	ciprofloxacin	Resistant	Laboratory Method	Broth dilution	CLSI
573.1553	Klebsiella pneumoniae strain INF305	ciprofloxacin	Resistant	Laboratory Method	Broth dilution	CLSI
573.13024	Klebsiella pneumoniae 3276	ciprofloxacin	Resistant	Laboratory Method	Broth dilution	CLSI
573.13715	Klebsiella pneumoniae KPN1852ec	ciprofloxacin	Resistant	Laboratory Method	Broth dilution	CLSI
573.6619	Klebsiella pneumoniae KP_NORM_URN_2015_107539	ciprofloxacin	Resistant	Laboratory Method		EUCAST
573.18541	Klebsiella pneumoniae strain TVGHCRE225	ciprofloxacin	Resistant	Laboratory Method	Broth dilution	CLSI
1438759.3	Klebsiella pneumoniae CHS 53	ciprofloxacin	Resistant	Laboratory Method	Broth dilution	
573.14102	Klebsiella pneumoniae KPN379ec	ciprofloxacin	Resistant	Laboratory Method	Broth dilution	CLSI
573.14482	Klebsiella pneumoniae KPN907ec	ciprofloxacin	Resistant	Laboratory Method	Broth dilution	CLSI
1304922.3	Klebsiella pneumoniae 500_1420	ciprofloxacin	Resistant	Laboratory Method		
573.13991	Klebsiella pneumoniae KPN250ec	ciprofloxacin	Resistant	Laboratory Method	Broth dilution	CLSI
573.13195	Klebsiella pneumoniae KPN1204ec	ciprofloxacin	Resistant	Laboratory Method	Broth dilution	CLSI
573.13116	Klebsiella pneumoniae KPN1113ec	ciprofloxacin	Resistant	Laboratory Method	Broth dilution	CLSI
1438724.3	Klebsiella pneumoniae CHS 18	ciprofloxacin	Resistant	Laboratory Method	Broth dilution	
573.66173	Klebsiella pneumoniae KP_NORM_BLD_2014_100848	ciprofloxacin	Resistant	Laboratory Method		EUCAST
573.15717	Klebsiella pneumoniae strain K1108	ciprofloxacin	Resistant	Laboratory Method	Disk diffusion	EUCAST
573.13465	Klebsiella pneumoniae KPN1534ec	ciprofloxacin	Resistant	Laboratory Method	Broth dilution	CLSI
573.29982	Klebsiella pneumoniae strain Kpngiani7132522	ciprofloxacin	Resistant	Laboratory Method	Broth dilution	EUCAST
573.14271	Klebsiella pneumoniae KPN600ec	ciprofloxacin	Resistant	Laboratory Method	Broth dilution	CLSI
573.30014	Klebsiella pneumoniae strain Kpngiani7132530	ciprofloxacin	Resistant	Laboratory Method	Broth dilution	EUCAST
573.33398	Klebsiella pneumoniae strain PMK13a	ciprofloxacin	Resistant	Laboratory Method	Broth dilution	EUCAST
573.26256	Klebsiella pneumoniae strain 5012STDY7626376	ciprofloxacin	Resistant	Laboratory Method	Broth dilution	
573.15217	Klebsiella pneumoniae strain AR_0112	ciprofloxacin	Resistant	Laboratory Method	Broth dilution	CLSI
573.14326	Klebsiella pneumoniae KPN697ec	ciprofloxacin	Resistant	Laboratory Method	Broth dilution	CLSI
573.1351	Klebsiella pneumoniae KPN1585ec	ciprofloxacin	Resistant	Laboratory Method	Broth dilution	CLSI
573.13813	Klebsiella pneumoniae KPN197ec	ciprofloxacin	Resistant	Laboratory Method	Broth dilution	CLSI
573.14214	Klebsiella pneumoniae KPN528ec	ciprofloxacin	Resistant	Laboratory Method	Broth dilution	CLSI
573.13768	Klebsiella pneumoniae KPN1912ec	ciprofloxacin	Resistant	Laboratory Method	Broth dilution	CLSI
573.263	Klebsiella pneumoniae strain 5012STDY7626419	ciprofloxacin	Resistant	Laboratory Method	Broth dilution	
573.14089	Klebsiella pneumoniae KPN366ec	ciprofloxacin	Resistant	Laboratory Method	Broth dilution	CLSI
573.67373	Klebsiella pneumoniae MGL_104	ciprofloxacin	Resistant	Laboratory Method	Disk diffusion	CLSI, EUCAST
573.1451	Klebsiella pneumoniae KPN942ec	ciprofloxacin	Resistant	Laboratory Method	Broth dilution	CLSI
573.29992	Klebsiella pneumoniae strain Kpngiani7132555	ciprofloxacin	Resistant	Laboratory Method	Broth dilution	EUCAST
573.13348	Klebsiella pneumoniae KPN1404ec	ciprofloxacin	Resistant	Laboratory Method	Broth dilution	CLSI
573.1362	Klebsiella pneumoniae KPN1717ec	ciprofloxacin	Resistant	Laboratory Method	Broth dilution	CLSI
573.13978	Klebsiella pneumoniae KPN233ec	ciprofloxacin	Resistant	Laboratory Method	Broth dilution	CLSI
573.13831	Klebsiella pneumoniae KPN2000ec	ciprofloxacin	Resistant	Laboratory Method	Broth dilution	CLSI
573.5769	Klebsiella pneumoniae strain 17_GR_14	ciprofloxacin	Resistant	Laboratory Method	Broth dilution	CLSI
573.26097	Klebsiella pneumoniae strain 5012STDY7312700	ciprofloxacin	Resistant	Laboratory Method	Broth dilution	
573.3342	Klebsiella pneumoniae strain PMK9	ciprofloxacin	Resistant	Laboratory Method	Broth dilution	EUCAST
573.14158	Klebsiella pneumoniae KPN440ec	ciprofloxacin	Resistant	Laboratory Method	Broth dilution	CLSI
573.13656	Klebsiella pneumoniae KPN1760ec	ciprofloxacin	Resistant	Laboratory Method	Broth dilution	CLSI
573.29975	Klebsiella pneumoniae strain Kpngiani7132528	ciprofloxacin	Resistant	Laboratory Method	Broth dilution	EUCAST
573.13882	Klebsiella pneumoniae KPN2058ec	ciprofloxacin	Resistant	Laboratory Method	Broth dilution	CLSI
573.29987	Klebsiella pneumoniae strain Kpngiani7132521	ciprofloxacin	Resistant	Laboratory Method	Broth dilution	EUCAST
573.14002	Klebsiella pneumoniae KPN263ec	ciprofloxacin	Resistant	Laboratory Method	Broth dilution	CLSI
573.13879	Klebsiella pneumoniae KPN2054ec	ciprofloxacin	Resistant	Laboratory Method	Broth dilution	CLSI
573.1353	Klebsiella pneumoniae KPN160ec	ciprofloxacin	Resistant	Laboratory Method	Broth dilution	CLSI
573.14406	Klebsiella pneumoniae KPN799ec	ciprofloxacin	Resistant	Laboratory Method	Broth dilution	CLSI
72407.2892	Klebsiella pneumoniae subsp. pneumoniae MRSN752019	ciprofloxacin	Resistant	Laboratory Method		
573.23196	Klebsiella pneumoniae strain KP_317	ciprofloxacin	Resistant	Laboratory Method	Disk diffusion	CLSI
573.13881	Klebsiella pneumoniae KPN2056ec	ciprofloxacin	Resistant	Laboratory Method	Broth dilution	CLSI
573.13062	Klebsiella pneumoniae KPN1040ec	ciprofloxacin	Resistant	Laboratory Method	Broth dilution	CLSI
573.13449	Klebsiella pneumoniae KPN1516ec	ciprofloxacin	Resistant	Laboratory Method	Broth dilution	CLSI
573.33394	Klebsiella pneumoniae strain PMK11	ciprofloxacin	Resistant	Laboratory Method	Broth dilution	EUCAST
573.15683	Klebsiella pneumoniae strain K760	ciprofloxacin	Resistant	Laboratory Method	Disk diffusion	EUCAST
573.15502	Klebsiella pneumoniae strain 10356_5#77	ciprofloxacin	Resistant	Laboratory Method	Disk diffusion	CLSI
573.13654	Klebsiella pneumoniae KPN1758ec	ciprofloxacin	Resistant	Laboratory Method	Broth dilution	CLSI
1284802.4	Klebsiella pneumoniae UHKPC33	ciprofloxacin	Resistant	Laboratory Method		
573.29915	Klebsiella pneumoniae strain Kpngiani7132593	ciprofloxacin	Resistant	Laboratory Method	Broth dilution	EUCAST
573.13117	Klebsiella pneumoniae KPN1115ec	ciprofloxacin	Resistant	Laboratory Method	Broth dilution	CLSI
573.33403	Klebsiella pneumoniae strain PMK18	ciprofloxacin	Resistant	Laboratory Method	Broth dilution	EUCAST
573.13324	Klebsiella pneumoniae KPN1369ec	ciprofloxacin	Resistant	Laboratory Method	Broth dilution	CLSI
573.29955	Klebsiella pneumoniae strain Kpngiani7132495	ciprofloxacin	Resistant	Laboratory Method	Broth dilution	EUCAST
573.1399	Klebsiella pneumoniae KPN249ec	ciprofloxacin	Resistant	Laboratory Method	Broth dilution	CLSI
573.46858	Klebsiella pneumoniae KP-2LU	ciprofloxacin	Resistant	Laboratory Method	Broth dilution	EUCAST
573.12949	Klebsiella pneumoniae 3281	ciprofloxacin	Resistant	Laboratory Method	Broth dilution	CLSI
573.13077	Klebsiella pneumoniae KPN1060ec	ciprofloxacin	Resistant	Laboratory Method	Broth dilution	CLSI
573.1288	Klebsiella pneumoniae 3365	ciprofloxacin	Resistant	Laboratory Method	Broth dilution	CLSI
573.66881	Klebsiella pneumoniae KP_NORM_BLD_2011_74197	ciprofloxacin	Resistant	Laboratory Method		EUCAST
573.14113	Klebsiella pneumoniae KPN390ec	ciprofloxacin	Resistant	Laboratory Method	Broth dilution	CLSI
573.14304	Klebsiella pneumoniae KPN670ec	ciprofloxacin	Resistant	Laboratory Method	Broth dilution	CLSI
573.13343	Klebsiella pneumoniae KPN1394ec	ciprofloxacin	Resistant	Laboratory Method	Broth dilution	CLSI
573.9722	Klebsiella pneumoniae strain AR_0068	ciprofloxacin	Resistant	Laboratory Method	Broth dilution	CLSI
573.13193	Klebsiella pneumoniae KPN1202ec	ciprofloxacin	Resistant	Laboratory Method	Broth dilution	CLSI
1438719.3	Klebsiella pneumoniae CHS 13	ciprofloxacin	Resistant	Laboratory Method	Broth dilution	
573.14223	Klebsiella pneumoniae KPN540ec	ciprofloxacin	Resistant	Laboratory Method	Broth dilution	CLSI
573.14167	Klebsiella pneumoniae KPN451ec	ciprofloxacin	Resistant	Laboratory Method	Broth dilution	CLSI
573.12888	Klebsiella pneumoniae 3279	ciprofloxacin	Resistant	Laboratory Method	Broth dilution	CLSI
573.13369	Klebsiella pneumoniae KPN1428ec	ciprofloxacin	Resistant	Laboratory Method	Broth dilution	CLSI
573.13413	Klebsiella pneumoniae KPN1475ec	ciprofloxacin	Resistant	Laboratory Method	Broth dilution	CLSI
573.13634	Klebsiella pneumoniae KPN1734ec	ciprofloxacin	Resistant	Laboratory Method	Broth dilution	CLSI
573.14357	Klebsiella pneumoniae KPN734ec	ciprofloxacin	Resistant	Laboratory Method	Broth dilution	CLSI
573.14441	Klebsiella pneumoniae KPN850ec	ciprofloxacin	Resistant	Laboratory Method	Broth dilution	CLSI
573.14037	Klebsiella pneumoniae KPN302ec	ciprofloxacin	Resistant	Laboratory Method	Broth dilution	CLSI
573.15602	Klebsiella pneumoniae strain INF277	ciprofloxacin	Resistant	Laboratory Method	Broth dilution	CLSI
573.14165	Klebsiella pneumoniae KPN449ec	ciprofloxacin	Resistant	Laboratory Method	Broth dilution	CLSI
573.13055	Klebsiella pneumoniae KPN1032ec	ciprofloxacin	Resistant	Laboratory Method	Broth dilution	CLSI
573.46072	Klebsiella pneumoniae KSB2_2B	ciprofloxacin	Resistant	Laboratory Method	Broth dilution	CLSI
573.13626	Klebsiella pneumoniae KPN1723ec	ciprofloxacin	Resistant	Laboratory Method	Broth dilution	CLSI
1284806.4	Klebsiella pneumoniae UHKPC18	ciprofloxacin	Resistant	Laboratory Method		
573.13187	Klebsiella pneumoniae KPN1195ec	ciprofloxacin	Resistant	Laboratory Method	Broth dilution	CLSI
573.14489	Klebsiella pneumoniae KPN915ec	ciprofloxacin	Resistant	Laboratory Method	Broth dilution	CLSI
573.14401	Klebsiella pneumoniae KPN793ec	ciprofloxacin	Resistant	Laboratory Method	Broth dilution	CLSI
573.14492	Klebsiella pneumoniae KPN919ec	ciprofloxacin	Resistant	Laboratory Method	Broth dilution	CLSI
573.15732	Klebsiella pneumoniae strain K1624	ciprofloxacin	Resistant	Laboratory Method	Disk diffusion	EUCAST
573.14404	Klebsiella pneumoniae KPN797ec	ciprofloxacin	Resistant	Laboratory Method	Broth dilution	CLSI
573.13095	Klebsiella pneumoniae KPN1087ec	ciprofloxacin	Resistant	Laboratory Method	Broth dilution	CLSI
573.14413	Klebsiella pneumoniae KPN811ec	ciprofloxacin	Resistant	Laboratory Method	Broth dilution	CLSI
573.13143	Klebsiella pneumoniae KPN1145ec	ciprofloxacin	Resistant	Laboratory Method	Broth dilution	CLSI
573.13105	Klebsiella pneumoniae KPN1100ec	ciprofloxacin	Resistant	Laboratory Method	Broth dilution	CLSI
573.13828	Klebsiella pneumoniae KPN1997ec	ciprofloxacin	Resistant	Laboratory Method	Broth dilution	CLSI
573.1425	Klebsiella pneumoniae KPN576ec	ciprofloxacin	Resistant	Laboratory Method	Broth dilution	CLSI
573.13065	Klebsiella pneumoniae KPN1043ec	ciprofloxacin	Resistant	Laboratory Method	Broth dilution	CLSI
573.24351	Klebsiella pneumoniae strain MUGSI_139	ciprofloxacin	Resistant	Laboratory Method	Broth dilution	CLSI
573.13785	Klebsiella pneumoniae KPN1933ec	ciprofloxacin	Resistant	Laboratory Method	Broth dilution	CLSI
573.14412	Klebsiella pneumoniae KPN810ec	ciprofloxacin	Resistant	Laboratory Method	Broth dilution	CLSI
573.5808	Klebsiella pneumoniae strain PB298	ciprofloxacin	Resistant	Laboratory Method	Broth dilution	EUCAST
573.31087	Klebsiella pneumoniae strain A4	ciprofloxacin	Resistant	Laboratory Method	Disk diffusion	British Society for Antimicrobial Chemotherapy (BSAC)
573.13689	Klebsiella pneumoniae KPN1821ec	ciprofloxacin	Resistant	Laboratory Method	Broth dilution	CLSI
573.14192	Klebsiella pneumoniae KPN485ec	ciprofloxacin	Resistant	Laboratory Method	Broth dilution	CLSI
573.13583	Klebsiella pneumoniae KPN1679ec	ciprofloxacin	Resistant	Laboratory Method	Broth dilution	CLSI
573.13665	Klebsiella pneumoniae KPN1770ec	ciprofloxacin	Resistant	Laboratory Method	Broth dilution	CLSI
573.13821	Klebsiella pneumoniae KPN1988ec	ciprofloxacin	Resistant	Laboratory Method	Broth dilution	CLSI
573.14062	Klebsiella pneumoniae KPN330ec	ciprofloxacin	Resistant	Laboratory Method	Broth dilution	CLSI
573.14468	Klebsiella pneumoniae KPN888ec	ciprofloxacin	Resistant	Laboratory Method	Broth dilution	CLSI
573.13765	Klebsiella pneumoniae KPN1906ec	ciprofloxacin	Resistant	Laboratory Method	Broth dilution	CLSI
72407.592	Klebsiella pneumoniae subsp. pneumoniae strain 3189STDY5864821	ciprofloxacin	Resistant	Laboratory Method	Broth dilution	CLSI
573.13069	Klebsiella pneumoniae KPN1047ec	ciprofloxacin	Resistant	Laboratory Method	Broth dilution	CLSI
573.26142	Klebsiella pneumoniae strain 5012STDY7312565	ciprofloxacin	Resistant	Laboratory Method	Broth dilution	
573.14268	Klebsiella pneumoniae KPN597ec	ciprofloxacin	Resistant	Laboratory Method	Broth dilution	CLSI
573.13429	Klebsiella pneumoniae KPN1491ec	ciprofloxacin	Resistant	Laboratory Method	Broth dilution	CLSI
573.66193	Klebsiella pneumoniae KP_NORM_URN_2015_109059	ciprofloxacin	Resistant	Laboratory Method		EUCAST
1284829.3	Klebsiella pneumoniae VAKPC270	ciprofloxacin	Resistant	Laboratory Method		
573.13568	Klebsiella pneumoniae KPN1662ec	ciprofloxacin	Resistant	Laboratory Method	Broth dilution	CLSI
573.12777	Klebsiella pneumoniae strain AR_0120	ciprofloxacin	Resistant	Laboratory Method	Broth dilution	CLSI
573.14378	Klebsiella pneumoniae KPN760ec	ciprofloxacin	Resistant	Laboratory Method	Broth dilution	CLSI
573.23218	Klebsiella pneumoniae strain KP_310	ciprofloxacin	Resistant	Laboratory Method	Disk diffusion	CLSI
573.31065	Klebsiella pneumoniae strain PH124	ciprofloxacin	Resistant	Laboratory Method	Disk diffusion	CLSI
573.14126	Klebsiella pneumoniae KPN405ec	ciprofloxacin	Resistant	Laboratory Method	Broth dilution	CLSI
573.13728	Klebsiella pneumoniae KPN1865ec	ciprofloxacin	Resistant	Laboratory Method	Broth dilution	CLSI
573.13562	Klebsiella pneumoniae KPN1653ec	ciprofloxacin	Resistant	Laboratory Method	Broth dilution	CLSI
573.26216	Klebsiella pneumoniae strain 5012STDY7312679	ciprofloxacin	Resistant	Laboratory Method	Broth dilution	
573.67134	Klebsiella pneumoniae KP_NORM_URN_2012_81479	ciprofloxacin	Resistant	Laboratory Method		EUCAST
573.13169	Klebsiella pneumoniae KPN1176ec	ciprofloxacin	Resistant	Laboratory Method	Broth dilution	CLSI
573.13455	Klebsiella pneumoniae KPN1522ec	ciprofloxacin	Resistant	Laboratory Method	Broth dilution	CLSI
573.67151	Klebsiella pneumoniae KP_NORM_URN_2014_100386	ciprofloxacin	Resistant	Laboratory Method		EUCAST
573.14511	Klebsiella pneumoniae KPN943ec	ciprofloxacin	Resistant	Laboratory Method	Broth dilution	CLSI
573.1448	Klebsiella pneumoniae KPN904ec	ciprofloxacin	Resistant	Laboratory Method	Broth dilution	CLSI
573.14218	Klebsiella pneumoniae KPN534ec	ciprofloxacin	Resistant	Laboratory Method	Broth dilution	CLSI
573.13636	Klebsiella pneumoniae KPN1736ec	ciprofloxacin	Resistant	Laboratory Method	Broth dilution	CLSI
573.13045	Klebsiella pneumoniae KPN1019ec	ciprofloxacin	Resistant	Laboratory Method	Broth dilution	CLSI
573.15493	Klebsiella pneumoniae strain 10315_6#87	ciprofloxacin	Resistant	Laboratory Method	Disk diffusion	CLSI
1438771.3	Klebsiella pneumoniae CHS 65	ciprofloxacin	Resistant	Laboratory Method	Broth dilution	
573.26275	Klebsiella pneumoniae strain 5012STDY7626394	ciprofloxacin	Resistant	Laboratory Method	Broth dilution	
573.14197	Klebsiella pneumoniae KPN508ec	ciprofloxacin	Resistant	Laboratory Method	Broth dilution	CLSI
573.1367	Klebsiella pneumoniae KPN1776ec	ciprofloxacin	Resistant	Laboratory Method	Broth dilution	CLSI
573.13916	Klebsiella pneumoniae KPN2093ec	ciprofloxacin	Resistant	Laboratory Method	Broth dilution	CLSI
573.1567	Klebsiella pneumoniae strain K1065	ciprofloxacin	Resistant	Laboratory Method	Disk diffusion	EUCAST
573.1327	Klebsiella pneumoniae KPN1303ec	ciprofloxacin	Resistant	Laboratory Method	Broth dilution	CLSI
573.13278	Klebsiella pneumoniae KPN1315ec	ciprofloxacin	Resistant	Laboratory Method	Broth dilution	CLSI
573.67157	Klebsiella pneumoniae KP_NORM_URN_2014_96621	ciprofloxacin	Resistant	Laboratory Method		EUCAST
573.15724	Klebsiella pneumoniae strain K1667	ciprofloxacin	Resistant	Laboratory Method	Disk diffusion	EUCAST
573.1297	Klebsiella pneumoniae 3236	ciprofloxacin	Resistant	Laboratory Method	Broth dilution	CLSI
573.29873	Klebsiella pneumoniae strain Kpngiani7132563	ciprofloxacin	Resistant	Laboratory Method	Broth dilution	EUCAST
573.66921	Klebsiella pneumoniae KP_NORM_BLD_2013_92959	ciprofloxacin	Resistant	Laboratory Method		EUCAST
1438708.3	Klebsiella pneumoniae CHS 02	ciprofloxacin	Resistant	Laboratory Method	Broth dilution	
573.14474	Klebsiella pneumoniae KPN895ec	ciprofloxacin	Resistant	Laboratory Method	Broth dilution	CLSI
573.46066	Klebsiella pneumoniae INF360	ciprofloxacin	Resistant	Laboratory Method	Broth dilution	CLSI
573.24335	Klebsiella pneumoniae strain MUGSI_117	ciprofloxacin	Resistant	Laboratory Method	Broth dilution	CLSI
573.1719	Klebsiella pneumoniae strain KpVA-1	ciprofloxacin	Resistant	Laboratory Method	Disk diffusion	EUCAST
573.46864	Klebsiella pneumoniae KP-42LI	ciprofloxacin	Resistant	Laboratory Method	Broth dilution	EUCAST
573.15714	Klebsiella pneumoniae strain K1148	ciprofloxacin	Resistant	Laboratory Method	Disk diffusion	EUCAST
1438723.3	Klebsiella pneumoniae CHS 17	ciprofloxacin	Resistant	Laboratory Method	Broth dilution	
573.13727	Klebsiella pneumoniae KPN1864ec	ciprofloxacin	Resistant	Laboratory Method	Broth dilution	CLSI
573.5796	Klebsiella pneumoniae strain PB209	ciprofloxacin	Resistant	Laboratory Method	Broth dilution	EUCAST
573.14273	Klebsiella pneumoniae KPN604ec	ciprofloxacin	Resistant	Laboratory Method	Broth dilution	CLSI
573.30011	Klebsiella pneumoniae strain Kpngiani7132531	ciprofloxacin	Resistant	Laboratory Method	Broth dilution	EUCAST
573.13474	Klebsiella pneumoniae KPN1545ec	ciprofloxacin	Resistant	Laboratory Method	Broth dilution	CLSI
1328387.3	Klebsiella pneumoniae BWH 41	ciprofloxacin	Resistant	Laboratory Method	Broth dilution	
72407.486	Klebsiella pneumoniae subsp. pneumoniae strain 3189STDY5864851	ciprofloxacin	Resistant	Laboratory Method	Broth dilution	CLSI
573.14055	Klebsiella pneumoniae KPN321ec	ciprofloxacin	Resistant	Laboratory Method	Broth dilution	CLSI
573.13829	Klebsiella pneumoniae KPN1998ec	ciprofloxacin	Resistant	Laboratory Method	Broth dilution	CLSI
573.9721	Klebsiella pneumoniae strain AR_0117	ciprofloxacin	Resistant	Laboratory Method	Broth dilution	CLSI
573.23211	Klebsiella pneumoniae strain KP_160	ciprofloxacin	Resistant	Laboratory Method	Disk diffusion	CLSI
573.29885	Klebsiella pneumoniae strain Kpngiani7132588	ciprofloxacin	Resistant	Laboratory Method	Broth dilution	EUCAST
573.13713	Klebsiella pneumoniae KPN1850ec	ciprofloxacin	Resistant	Laboratory Method	Broth dilution	CLSI
573.29929	Klebsiella pneumoniae strain Kpngiani7132618	ciprofloxacin	Resistant	Laboratory Method	Broth dilution	EUCAST
573.13875	Klebsiella pneumoniae KPN204ec	ciprofloxacin	Resistant	Laboratory Method	Broth dilution	CLSI
573.1999	Klebsiella pneumoniae strain 143500500	ciprofloxacin	Resistant	Laboratory Method	Broth dilution	EUCAST
573.1998	Klebsiella pneumoniae strain 143500505	ciprofloxacin	Resistant	Laboratory Method	Broth dilution	EUCAST
573.2012	Klebsiella pneumoniae strain 143500506	ciprofloxacin	Resistant	Laboratory Method	Broth dilution	EUCAST
573.2015	Klebsiella pneumoniae strain 143500509	ciprofloxacin	Resistant	Laboratory Method	Broth dilution	EUCAST
573.2028	Klebsiella pneumoniae strain 143500510	ciprofloxacin	Resistant	Laboratory Method	Broth dilution	EUCAST
573.2	Klebsiella pneumoniae strain 143500512	ciprofloxacin	Resistant	Laboratory Method	Broth dilution	EUCAST
573.1996	Klebsiella pneumoniae strain 143500514	ciprofloxacin	Resistant	Laboratory Method	Broth dilution	EUCAST
573.2022	Klebsiella pneumoniae strain 143500517	ciprofloxacin	Resistant	Laboratory Method	Broth dilution	EUCAST
573.2019	Klebsiella pneumoniae strain 143500519	ciprofloxacin	Resistant	Laboratory Method	Broth dilution	EUCAST
573.2024	Klebsiella pneumoniae strain 143500523	ciprofloxacin	Resistant	Laboratory Method	Broth dilution	EUCAST
573.2025	Klebsiella pneumoniae strain 143500525	ciprofloxacin	Resistant	Laboratory Method	Broth dilution	EUCAST
573.2008	Klebsiella pneumoniae strain 143500528	ciprofloxacin	Resistant	Laboratory Method	Broth dilution	EUCAST
573.2007	Klebsiella pneumoniae strain 143500529	ciprofloxacin	Resistant	Laboratory Method	Broth dilution	EUCAST
573.2011	Klebsiella pneumoniae strain 143500531	ciprofloxacin	Resistant	Laboratory Method	Broth dilution	EUCAST
573.2026	Klebsiella pneumoniae strain 143500532	ciprofloxacin	Resistant	Laboratory Method	Broth dilution	EUCAST
573.2016	Klebsiella pneumoniae strain 143500534	ciprofloxacin	Resistant	Laboratory Method	Broth dilution	EUCAST
573.2004	Klebsiella pneumoniae strain 143500535	ciprofloxacin	Resistant	Laboratory Method	Broth dilution	EUCAST
573.2023	Klebsiella pneumoniae strain 143500536	ciprofloxacin	Resistant	Laboratory Method	Broth dilution	EUCAST
573.2009	Klebsiella pneumoniae strain 143500537	ciprofloxacin	Resistant	Laboratory Method	Broth dilution	EUCAST
573.2002	Klebsiella pneumoniae strain 143500538	ciprofloxacin	Resistant	Laboratory Method	Broth dilution	EUCAST
573.2013	Klebsiella pneumoniae strain 143500540	ciprofloxacin	Resistant	Laboratory Method	Broth dilution	EUCAST
573.2001	Klebsiella pneumoniae strain 143500541	ciprofloxacin	Resistant	Laboratory Method	Broth dilution	EUCAST
573.2027	Klebsiella pneumoniae strain 143500542	ciprofloxacin	Resistant	Laboratory Method	Broth dilution	EUCAST
573.2029	Klebsiella pneumoniae strain 143500543	ciprofloxacin	Resistant	Laboratory Method	Broth dilution	EUCAST
573.2017	Klebsiella pneumoniae strain 143500545	ciprofloxacin	Resistant	Laboratory Method	Broth dilution	EUCAST
573.202	Klebsiella pneumoniae strain 143500546	ciprofloxacin	Resistant	Laboratory Method	Broth dilution	EUCAST
573.201	Klebsiella pneumoniae strain 143500548	ciprofloxacin	Resistant	Laboratory Method	Broth dilution	EUCAST
573.2003	Klebsiella pneumoniae strain 143500549	ciprofloxacin	Resistant	Laboratory Method	Broth dilution	EUCAST
573.2021	Klebsiella pneumoniae strain 143500550	ciprofloxacin	Resistant	Laboratory Method	Broth dilution	EUCAST
573.2005	Klebsiella pneumoniae strain 143500552	ciprofloxacin	Resistant	Laboratory Method	Broth dilution	EUCAST
573.2006	Klebsiella pneumoniae strain 143500554	ciprofloxacin	Resistant	Laboratory Method	Broth dilution	EUCAST
573.2018	Klebsiella pneumoniae strain 143500555	ciprofloxacin	Resistant	Laboratory Method	Broth dilution	EUCAST
573.67038	Klebsiella pneumoniae KP_NORM_BLD_61805	ciprofloxacin	Susceptible	Laboratory Method		EUCAST
573.13642	Klebsiella pneumoniae KPN1744ec	ciprofloxacin	Susceptible	Laboratory Method	Broth dilution	CLSI
573.6696	Klebsiella pneumoniae KP_NORM_BLD_2508	ciprofloxacin	Susceptible	Laboratory Method		EUCAST
573.67161	Klebsiella pneumoniae KP_NORM_URN_2014_97959	ciprofloxacin	Susceptible	Laboratory Method		EUCAST
573.1415	Klebsiella pneumoniae KPN431ec	ciprofloxacin	Susceptible	Laboratory Method	Broth dilution	CLSI
573.24268	Klebsiella pneumoniae strain 246	ciprofloxacin	Susceptible	Laboratory Method	Broth dilution	CLSI
573.14493	Klebsiella pneumoniae KPN921ec	ciprofloxacin	Susceptible	Laboratory Method	Broth dilution	CLSI
573.31146	Klebsiella pneumoniae strain D30014	ciprofloxacin	Susceptible	Laboratory Method	Disk diffusion	British Society for Antimicrobial Chemotherapy (BSAC)
573.34284	Klebsiella pneumoniae strain INF327-sc-2280132	ciprofloxacin	Susceptible	Laboratory Method	Broth dilution	CLSI
573.26312	Klebsiella pneumoniae strain 5012STDY7626433	ciprofloxacin	Susceptible	Laboratory Method	Broth dilution	
573.12986	Klebsiella pneumoniae 21	ciprofloxacin	Susceptible	Laboratory Method	Broth dilution	CLSI
573.13637	Klebsiella pneumoniae KPN1738ec	ciprofloxacin	Susceptible	Laboratory Method	Broth dilution	CLSI
573.4609	Klebsiella pneumoniae KSB1_3B	ciprofloxacin	Susceptible	Laboratory Method	Broth dilution	CLSI
573.26233	Klebsiella pneumoniae strain 5012STDY7626498	ciprofloxacin	Susceptible	Laboratory Method	Broth dilution	
573.67066	Klebsiella pneumoniae KP_NORM_BLD_62484	ciprofloxacin	Susceptible	Laboratory Method		EUCAST
573.26207	Klebsiella pneumoniae strain 5012STDY7312671	ciprofloxacin	Susceptible	Laboratory Method	Broth dilution	
573.12951	Klebsiella pneumoniae 97	ciprofloxacin	Susceptible	Laboratory Method	Broth dilution	CLSI
573.66681	Klebsiella pneumoniae KP_NORM_BLD_115771	ciprofloxacin	Susceptible	Laboratory Method		EUCAST
573.1552	Klebsiella pneumoniae strain INF074	ciprofloxacin	Susceptible	Laboratory Method	Broth dilution	CLSI
573.2425	Klebsiella pneumoniae strain 133	ciprofloxacin	Susceptible	Laboratory Method	Broth dilution	CLSI
573.66674	Klebsiella pneumoniae KP_NORM_BLD_115406	ciprofloxacin	Susceptible	Laboratory Method		EUCAST
573.31134	Klebsiella pneumoniae strain 10038396	ciprofloxacin	Susceptible	Laboratory Method	Disk diffusion	British Society for Antimicrobial Chemotherapy (BSAC)
573.13029	Klebsiella pneumoniae 49	ciprofloxacin	Susceptible	Laboratory Method	Broth dilution	CLSI
573.26318	Klebsiella pneumoniae strain 5012STDY7626438	ciprofloxacin	Susceptible	Laboratory Method	Broth dilution	
573.12985	Klebsiella pneumoniae 3396	ciprofloxacin	Susceptible	Laboratory Method	Broth dilution	CLSI
573.66873	Klebsiella pneumoniae KP_NORM_BLD_2009_63480	ciprofloxacin	Susceptible	Laboratory Method		EUCAST
573.15516	Klebsiella pneumoniae strain INF070	ciprofloxacin	Susceptible	Laboratory Method	Broth dilution	CLSI
573.7025	Klebsiella pneumoniae strain AR_0010	ciprofloxacin	Susceptible	Laboratory Method	Broth dilution	CLSI
573.26077	Klebsiella pneumoniae strain 5012STDY7312718	ciprofloxacin	Susceptible	Laboratory Method	Broth dilution	
573.46067	Klebsiella pneumoniae INF289	ciprofloxacin	Susceptible	Laboratory Method	Broth dilution	CLSI
573.15527	Klebsiella pneumoniae strain INF208	ciprofloxacin	Susceptible	Laboratory Method	Broth dilution	CLSI
573.66982	Klebsiella pneumoniae KP_NORM_BLD_386	ciprofloxacin	Susceptible	Laboratory Method		EUCAST
573.66962	Klebsiella pneumoniae KP_NORM_BLD_2496	ciprofloxacin	Susceptible	Laboratory Method		EUCAST
573.66567	Klebsiella pneumoniae KP_NORM_BLD_621	ciprofloxacin	Susceptible	Laboratory Method		EUCAST
573.15619	Klebsiella pneumoniae strain KSB1_6F	ciprofloxacin	Susceptible	Laboratory Method	Broth dilution	CLSI
573.67039	Klebsiella pneumoniae KP_NORM_BLD_61808	ciprofloxacin	Susceptible	Laboratory Method		EUCAST
573.67064	Klebsiella pneumoniae KP_NORM_BLD_62482	ciprofloxacin	Susceptible	Laboratory Method		EUCAST
573.66636	Klebsiella pneumoniae KP_NORM_BLD_114321	ciprofloxacin	Susceptible	Laboratory Method		EUCAST
573.66824	Klebsiella pneumoniae KP_NORM_BLD_14179	ciprofloxacin	Susceptible	Laboratory Method		EUCAST
573.31091	Klebsiella pneumoniae strain BKQ79K_2	ciprofloxacin	Susceptible	Laboratory Method	Disk diffusion	British Society for Antimicrobial Chemotherapy (BSAC)
573.15557	Klebsiella pneumoniae strain KSB1_5F	ciprofloxacin	Susceptible	Laboratory Method	Broth dilution	CLSI
573.66741	Klebsiella pneumoniae KP_NORM_BLD_117519	ciprofloxacin	Susceptible	Laboratory Method		EUCAST
573.15458	Klebsiella pneumoniae strain 10315_6#49	ciprofloxacin	Susceptible	Laboratory Method	Disk diffusion	CLSI
573.67092	Klebsiella pneumoniae KP_NORM_BLD_63318	ciprofloxacin	Susceptible	Laboratory Method		EUCAST
573.14387	Klebsiella pneumoniae KPN771ec	ciprofloxacin	Susceptible	Laboratory Method	Broth dilution	CLSI
573.12946	Klebsiella pneumoniae 45	ciprofloxacin	Susceptible	Laboratory Method	Broth dilution	CLSI
573.13752	Klebsiella pneumoniae KPN1890ec	ciprofloxacin	Susceptible	Laboratory Method	Broth dilution	CLSI
573.67061	Klebsiella pneumoniae KP_NORM_BLD_62200	ciprofloxacin	Susceptible	Laboratory Method		EUCAST
573.6691	Klebsiella pneumoniae KP_NORM_BLD_2013_90871	ciprofloxacin	Susceptible	Laboratory Method		EUCAST
573.4608	Klebsiella pneumoniae INF070	ciprofloxacin	Susceptible	Laboratory Method	Broth dilution	CLSI
573.29939	Klebsiella pneumoniae strain Kpngiani7132635	ciprofloxacin	Susceptible	Laboratory Method	Broth dilution	EUCAST
573.46101	Klebsiella pneumoniae KSB1_3F	ciprofloxacin	Susceptible	Laboratory Method	Broth dilution	CLSI
573.66664	Klebsiella pneumoniae KP_NORM_BLD_115366	ciprofloxacin	Susceptible	Laboratory Method		EUCAST
573.26175	Klebsiella pneumoniae strain 5012STDY7312568	ciprofloxacin	Susceptible	Laboratory Method	Broth dilution	
573.66787	Klebsiella pneumoniae KP_NORM_BLD_1342	ciprofloxacin	Susceptible	Laboratory Method		EUCAST
573.66729	Klebsiella pneumoniae KP_NORM_BLD_116574	ciprofloxacin	Susceptible	Laboratory Method		EUCAST
573.31107	Klebsiella pneumoniae strain A28	ciprofloxacin	Susceptible	Laboratory Method	Disk diffusion	British Society for Antimicrobial Chemotherapy (BSAC)
573.25927	Klebsiella pneumoniae strain ST23	ciprofloxacin	Susceptible	Laboratory Method	Broth dilution	CLSI
573.15622	Klebsiella pneumoniae strain KSB1_4I	ciprofloxacin	Susceptible	Laboratory Method	Broth dilution	CLSI
573.67026	Klebsiella pneumoniae KP_NORM_BLD_61299	ciprofloxacin	Susceptible	Laboratory Method		EUCAST
573.6677	Klebsiella pneumoniae KP_NORM_BLD_13133	ciprofloxacin	Susceptible	Laboratory Method		EUCAST
573.31105	Klebsiella pneumoniae strain C32	ciprofloxacin	Susceptible	Laboratory Method	Disk diffusion	British Society for Antimicrobial Chemotherapy (BSAC)
573.15579	Klebsiella pneumoniae strain KSB2_7B	ciprofloxacin	Susceptible	Laboratory Method	Broth dilution	CLSI
573.67078	Klebsiella pneumoniae KP_NORM_BLD_62657	ciprofloxacin	Susceptible	Laboratory Method		EUCAST
573.15607	Klebsiella pneumoniae strain KSB1_7I	ciprofloxacin	Susceptible	Laboratory Method	Broth dilution	CLSI
573.12865	Klebsiella pneumoniae 34	ciprofloxacin	Susceptible	Laboratory Method	Broth dilution	CLSI
573.46065	Klebsiella pneumoniae INF261	ciprofloxacin	Susceptible	Laboratory Method	Broth dilution	CLSI
573.66795	Klebsiella pneumoniae KP_NORM_BLD_13736	ciprofloxacin	Susceptible	Laboratory Method		EUCAST
573.67037	Klebsiella pneumoniae KP_NORM_BLD_61482	ciprofloxacin	Susceptible	Laboratory Method		EUCAST
573.66658	Klebsiella pneumoniae KP_NORM_BLD_115315	ciprofloxacin	Susceptible	Laboratory Method		EUCAST
573.66793	Klebsiella pneumoniae KP_NORM_BLD_13540	ciprofloxacin	Susceptible	Laboratory Method		EUCAST
573.26108	Klebsiella pneumoniae strain 5012STDY7312728	ciprofloxacin	Susceptible	Laboratory Method	Broth dilution	
573.66994	Klebsiella pneumoniae KP_NORM_BLD_60442	ciprofloxacin	Susceptible	Laboratory Method		EUCAST
573.15591	Klebsiella pneumoniae strain KSB2_7D	ciprofloxacin	Susceptible	Laboratory Method	Broth dilution	CLSI
573.12921	Klebsiella pneumoniae 73	ciprofloxacin	Susceptible	Laboratory Method	Broth dilution	CLSI
573.13556	Klebsiella pneumoniae KPN1648ec	ciprofloxacin	Susceptible	Laboratory Method	Broth dilution	CLSI
573.26168	Klebsiella pneumoniae strain 5012STDY7312604	ciprofloxacin	Susceptible	Laboratory Method	Broth dilution	
573.67023	Klebsiella pneumoniae KP_NORM_BLD_61286	ciprofloxacin	Susceptible	Laboratory Method		EUCAST
573.67107	Klebsiella pneumoniae KP_NORM_BLD_63799	ciprofloxacin	Susceptible	Laboratory Method		EUCAST
573.67126	Klebsiella pneumoniae KP_NORM_BLD_785	ciprofloxacin	Susceptible	Laboratory Method		EUCAST
573.31118	Klebsiella pneumoniae strain D30074	ciprofloxacin	Susceptible	Laboratory Method	Disk diffusion	British Society for Antimicrobial Chemotherapy (BSAC)
573.24269	Klebsiella pneumoniae strain 25	ciprofloxacin	Susceptible	Laboratory Method	Broth dilution	CLSI
573.703	Klebsiella pneumoniae strain AR_0034	ciprofloxacin	Susceptible	Laboratory Method	Broth dilution	CLSI
573.13022	Klebsiella pneumoniae 40	ciprofloxacin	Susceptible	Laboratory Method	Broth dilution	CLSI
573.15569	Klebsiella pneumoniae strain KSB1_3J	ciprofloxacin	Susceptible	Laboratory Method	Broth dilution	CLSI
573.66967	Klebsiella pneumoniae KP_NORM_BLD_3074	ciprofloxacin	Susceptible	Laboratory Method		EUCAST
573.13705	Klebsiella pneumoniae KPN1842ec	ciprofloxacin	Susceptible	Laboratory Method	Broth dilution	CLSI
573.66964	Klebsiella pneumoniae KP_NORM_BLD_2497	ciprofloxacin	Susceptible	Laboratory Method		EUCAST
573.67065	Klebsiella pneumoniae KP_NORM_BLD_62217	ciprofloxacin	Susceptible	Laboratory Method		EUCAST
573.66775	Klebsiella pneumoniae KP_NORM_BLD_13374	ciprofloxacin	Susceptible	Laboratory Method		EUCAST
573.66577	Klebsiella pneumoniae KP_NORM_BLD_108849	ciprofloxacin	Susceptible	Laboratory Method		EUCAST
573.13639	Klebsiella pneumoniae KPN1740ec	ciprofloxacin	Susceptible	Laboratory Method	Broth dilution	CLSI
573.13009	Klebsiella pneumoniae 16	ciprofloxacin	Susceptible	Laboratory Method	Broth dilution	CLSI
573.66916	Klebsiella pneumoniae KP_NORM_BLD_2013_92328	ciprofloxacin	Susceptible	Laboratory Method		EUCAST
573.46091	Klebsiella pneumoniae KSB1_4B	ciprofloxacin	Susceptible	Laboratory Method	Broth dilution	CLSI
573.66951	Klebsiella pneumoniae KP_NORM_BLD_229	ciprofloxacin	Susceptible	Laboratory Method		EUCAST
573.26301	Klebsiella pneumoniae strain 5012STDY7626420	ciprofloxacin	Susceptible	Laboratory Method	Broth dilution	
573.66607	Klebsiella pneumoniae KP_NORM_BLD_112914	ciprofloxacin	Susceptible	Laboratory Method		EUCAST
573.15596	Klebsiella pneumoniae strain INF275	ciprofloxacin	Susceptible	Laboratory Method	Broth dilution	CLSI
573.66643	Klebsiella pneumoniae KP_NORM_BLD_114330	ciprofloxacin	Susceptible	Laboratory Method		EUCAST
573.666	Klebsiella pneumoniae KP_NORM_BLD_112181	ciprofloxacin	Susceptible	Laboratory Method		EUCAST
573.6681	Klebsiella pneumoniae KP_NORM_BLD_13976	ciprofloxacin	Susceptible	Laboratory Method		EUCAST
573.24284	Klebsiella pneumoniae strain 324	ciprofloxacin	Susceptible	Laboratory Method	Broth dilution	CLSI
573.12907	Klebsiella pneumoniae 89	ciprofloxacin	Susceptible	Laboratory Method	Broth dilution	CLSI
573.1337	Klebsiella pneumoniae KPN1429ec	ciprofloxacin	Susceptible	Laboratory Method	Broth dilution	CLSI
72407.698	Klebsiella pneumoniae subsp. pneumoniae strain 3189STDY5864790	ciprofloxacin	Susceptible	Laboratory Method	Broth dilution	CLSI
573.26299	Klebsiella pneumoniae strain 5012STDY7626418	ciprofloxacin	Susceptible	Laboratory Method	Broth dilution	
573.66609	Klebsiella pneumoniae KP_NORM_BLD_112922	ciprofloxacin	Susceptible	Laboratory Method		EUCAST
573.26191	Klebsiella pneumoniae strain 5012STDY7312626	ciprofloxacin	Susceptible	Laboratory Method	Broth dilution	
573.15575	Klebsiella pneumoniae strain KSB2_8A	ciprofloxacin	Susceptible	Laboratory Method	Broth dilution	CLSI
573.26205	Klebsiella pneumoniae strain 5012STDY7312669	ciprofloxacin	Susceptible	Laboratory Method	Broth dilution	
573.31141	Klebsiella pneumoniae strain D35263	ciprofloxacin	Susceptible	Laboratory Method	Disk diffusion	British Society for Antimicrobial Chemotherapy (BSAC)
573.66606	Klebsiella pneumoniae KP_NORM_BLD_112603	ciprofloxacin	Susceptible	Laboratory Method		EUCAST
573.26173	Klebsiella pneumoniae strain 5012STDY7312612	ciprofloxacin	Susceptible	Laboratory Method	Broth dilution	
573.26253	Klebsiella pneumoniae strain 5012STDY7626374	ciprofloxacin	Susceptible	Laboratory Method	Broth dilution	
573.66648	Klebsiella pneumoniae KP_NORM_BLD_114460	ciprofloxacin	Susceptible	Laboratory Method		EUCAST
573.26149	Klebsiella pneumoniae strain 5012STDY7312587	ciprofloxacin	Susceptible	Laboratory Method	Broth dilution	
573.66715	Klebsiella pneumoniae KP_NORM_BLD_116386	ciprofloxacin	Susceptible	Laboratory Method		EUCAST
573.67013	Klebsiella pneumoniae KP_NORM_BLD_61034	ciprofloxacin	Susceptible	Laboratory Method		EUCAST
573.67022	Klebsiella pneumoniae KP_NORM_BLD_61279	ciprofloxacin	Susceptible	Laboratory Method		EUCAST
573.15594	Klebsiella pneumoniae strain INF293	ciprofloxacin	Susceptible	Laboratory Method	Broth dilution	CLSI
573.67103	Klebsiella pneumoniae KP_NORM_BLD_63371	ciprofloxacin	Susceptible	Laboratory Method		EUCAST
573.18472	Klebsiella pneumoniae strain 203	ciprofloxacin	Susceptible	Laboratory Method	Broth dilution	CLSI
573.66757	Klebsiella pneumoniae KP_NORM_BLD_12939	ciprofloxacin	Susceptible	Laboratory Method		EUCAST
573.15517	Klebsiella pneumoniae strain INF150	ciprofloxacin	Susceptible	Laboratory Method	Broth dilution	CLSI
573.26143	Klebsiella pneumoniae strain 5012STDY7312580	ciprofloxacin	Susceptible	Laboratory Method	Broth dilution	
573.66603	Klebsiella pneumoniae KP_NORM_BLD_112904	ciprofloxacin	Susceptible	Laboratory Method		EUCAST
573.26174	Klebsiella pneumoniae strain 5012STDY7312609	ciprofloxacin	Susceptible	Laboratory Method	Broth dilution	
573.66583	Klebsiella pneumoniae KP_NORM_BLD_110766	ciprofloxacin	Susceptible	Laboratory Method		EUCAST
573.6682	Klebsiella pneumoniae KP_NORM_BLD_14165	ciprofloxacin	Susceptible	Laboratory Method		EUCAST
573.12941	Klebsiella pneumoniae 29	ciprofloxacin	Susceptible	Laboratory Method	Broth dilution	CLSI
573.67711	Klebsiella pneumoniae KP_NORM_BLD_13758	ciprofloxacin	Susceptible	Laboratory Method		EUCAST
72407.542	Klebsiella pneumoniae subsp. pneumoniae strain 3189STDY5864777	ciprofloxacin	Susceptible	Laboratory Method	Broth dilution	CLSI
573.26185	Klebsiella pneumoniae strain 5012STDY7312620	ciprofloxacin	Susceptible	Laboratory Method	Broth dilution	
72407.584	Klebsiella pneumoniae subsp. pneumoniae strain 3189STDY5864809	ciprofloxacin	Susceptible	Laboratory Method	Broth dilution	CLSI
573.15553	Klebsiella pneumoniae strain KSB1_6E	ciprofloxacin	Susceptible	Laboratory Method	Broth dilution	CLSI
573.6678	Klebsiella pneumoniae KP_NORM_BLD_13380	ciprofloxacin	Susceptible	Laboratory Method		EUCAST
573.24384	Klebsiella pneumoniae strain MUGSI_246	ciprofloxacin	Susceptible	Laboratory Method	Broth dilution	CLSI
573.66697	Klebsiella pneumoniae KP_NORM_BLD_116218	ciprofloxacin	Susceptible	Laboratory Method		EUCAST
573.1546	Klebsiella pneumoniae strain 10315_6#44	ciprofloxacin	Susceptible	Laboratory Method	Disk diffusion	CLSI
573.24249	Klebsiella pneumoniae strain 132	ciprofloxacin	Susceptible	Laboratory Method	Broth dilution	CLSI
573.66628	Klebsiella pneumoniae KP_NORM_BLD_113968	ciprofloxacin	Susceptible	Laboratory Method		EUCAST
573.15513	Klebsiella pneumoniae strain INF052	ciprofloxacin	Susceptible	Laboratory Method	Broth dilution	CLSI
573.46099	Klebsiella pneumoniae KSB1_10C	ciprofloxacin	Susceptible	Laboratory Method	Broth dilution	CLSI
573.66743	Klebsiella pneumoniae KP_NORM_BLD_117566	ciprofloxacin	Susceptible	Laboratory Method		EUCAST
573.12979	Klebsiella pneumoniae 3268	ciprofloxacin	Susceptible	Laboratory Method	Broth dilution	CLSI
573.66624	Klebsiella pneumoniae KP_NORM_BLD_113895	ciprofloxacin	Susceptible	Laboratory Method		EUCAST
573.14108	Klebsiella pneumoniae KPN385ec	ciprofloxacin	Susceptible	Laboratory Method	Broth dilution	CLSI
573.66694	Klebsiella pneumoniae KP_NORM_BLD_116226	ciprofloxacin	Susceptible	Laboratory Method		EUCAST
573.67005	Klebsiella pneumoniae KP_NORM_BLD_60872	ciprofloxacin	Susceptible	Laboratory Method		EUCAST
573.24304	Klebsiella pneumoniae strain 451	ciprofloxacin	Susceptible	Laboratory Method	Broth dilution	CLSI
573.66733	Klebsiella pneumoniae KP_NORM_BLD_116585	ciprofloxacin	Susceptible	Laboratory Method		EUCAST
573.1536	Klebsiella pneumoniae strain INF249	ciprofloxacin	Susceptible	Laboratory Method	Broth dilution	CLSI
72407.59	Klebsiella pneumoniae subsp. pneumoniae strain 3189STDY5864819	ciprofloxacin	Susceptible	Laboratory Method	Broth dilution	CLSI
573.67001	Klebsiella pneumoniae KP_NORM_BLD_60613	ciprofloxacin	Susceptible	Laboratory Method		EUCAST
573.14059	Klebsiella pneumoniae KPN325ec	ciprofloxacin	Susceptible	Laboratory Method	Broth dilution	CLSI
573.66852	Klebsiella pneumoniae KP_NORM_BLD_2008_52120	ciprofloxacin	Susceptible	Laboratory Method		EUCAST
573.67049	Klebsiella pneumoniae KP_NORM_BLD_61902	ciprofloxacin	Susceptible	Laboratory Method		EUCAST
573.26236	Klebsiella pneumoniae strain 5012STDY7626474	ciprofloxacin	Susceptible	Laboratory Method	Broth dilution	
573.66782	Klebsiella pneumoniae KP_NORM_BLD_13382	ciprofloxacin	Susceptible	Laboratory Method		EUCAST
573.1298	Klebsiella pneumoniae 101	ciprofloxacin	Susceptible	Laboratory Method	Broth dilution	CLSI
573.66947	Klebsiella pneumoniae KP_NORM_BLD_2250	ciprofloxacin	Susceptible	Laboratory Method		EUCAST
573.26313	Klebsiella pneumoniae strain 5012STDY7626432	ciprofloxacin	Susceptible	Laboratory Method	Broth dilution	
573.66208	Klebsiella pneumoniae KP_NORM_URN_2003_10010	ciprofloxacin	Susceptible	Laboratory Method		EUCAST
573.66952	Klebsiella pneumoniae KP_NORM_BLD_2395	ciprofloxacin	Susceptible	Laboratory Method		EUCAST
573.67127	Klebsiella pneumoniae KP_NORM_URN_2009_56948	ciprofloxacin	Susceptible	Laboratory Method		EUCAST
573.26131	Klebsiella pneumoniae strain 5012STDY7312748	ciprofloxacin	Susceptible	Laboratory Method	Broth dilution	
573.5804	Klebsiella pneumoniae strain W2-1-ERG1	ciprofloxacin	Susceptible	Laboratory Method	Broth dilution	EUCAST
573.31106	Klebsiella pneumoniae strain D53369	ciprofloxacin	Susceptible	Laboratory Method	Disk diffusion	British Society for Antimicrobial Chemotherapy (BSAC)
573.14804	Klebsiella pneumoniae strain 6	ciprofloxacin	Susceptible	Laboratory Method	Disk diffusion	British Society for Antimicrobial Chemotherapy (BSAC)
573.31078	Klebsiella pneumoniae strain PH49-2	ciprofloxacin	Susceptible	Laboratory Method	Disk diffusion	CLSI
573.13701	Klebsiella pneumoniae KPN1839ec	ciprofloxacin	Susceptible	Laboratory Method	Broth dilution	CLSI
573.26178	Klebsiella pneumoniae strain 5012STDY7312608	ciprofloxacin	Susceptible	Laboratory Method	Broth dilution	
573.46093	Klebsiella pneumoniae KSB1_4C	ciprofloxacin	Susceptible	Laboratory Method	Broth dilution	CLSI
573.31138	Klebsiella pneumoniae strain 7776	ciprofloxacin	Susceptible	Laboratory Method	Disk diffusion	British Society for Antimicrobial Chemotherapy (BSAC)
573.66847	Klebsiella pneumoniae KP_NORM_BLD_2005_1167	ciprofloxacin	Susceptible	Laboratory Method		EUCAST
573.66612	Klebsiella pneumoniae KP_NORM_BLD_113296	ciprofloxacin	Susceptible	Laboratory Method		EUCAST
573.46068	Klebsiella pneumoniae INF246	ciprofloxacin	Susceptible	Laboratory Method	Broth dilution	CLSI
573.3113	Klebsiella pneumoniae strain C1408	ciprofloxacin	Susceptible	Laboratory Method	Disk diffusion	British Society for Antimicrobial Chemotherapy (BSAC)
573.15366	Klebsiella pneumoniae strain INF042	ciprofloxacin	Susceptible	Laboratory Method	Broth dilution	CLSI
573.31115	Klebsiella pneumoniae strain D39172	ciprofloxacin	Susceptible	Laboratory Method	Disk diffusion	British Society for Antimicrobial Chemotherapy (BSAC)
573.31081	Klebsiella pneumoniae strain WU6	ciprofloxacin	Susceptible	Laboratory Method	Disk diffusion	CLSI
573.15523	Klebsiella pneumoniae strain INF092	ciprofloxacin	Susceptible	Laboratory Method	Broth dilution	CLSI
573.66702	Klebsiella pneumoniae KP_NORM_BLD_116244	ciprofloxacin	Susceptible	Laboratory Method		EUCAST
573.67141	Klebsiella pneumoniae KP_NORM_URN_2013_95505	ciprofloxacin	Susceptible	Laboratory Method		EUCAST
573.12968	Klebsiella pneumoniae 114	ciprofloxacin	Susceptible	Laboratory Method	Broth dilution	CLSI
573.15624	Klebsiella pneumoniae strain INF255	ciprofloxacin	Susceptible	Laboratory Method	Broth dilution	CLSI
573.66963	Klebsiella pneumoniae KP_NORM_BLD_2499	ciprofloxacin	Susceptible	Laboratory Method		EUCAST
573.66862	Klebsiella pneumoniae KP_NORM_BLD_2009_63475	ciprofloxacin	Susceptible	Laboratory Method		EUCAST
573.66953	Klebsiella pneumoniae KP_NORM_BLD_2396	ciprofloxacin	Susceptible	Laboratory Method		EUCAST
573.66798	Klebsiella pneumoniae KP_NORM_BLD_13737	ciprofloxacin	Susceptible	Laboratory Method		EUCAST
573.67088	Klebsiella pneumoniae KP_NORM_BLD_62774	ciprofloxacin	Susceptible	Laboratory Method		EUCAST
573.5814	Klebsiella pneumoniae strain PB199	ciprofloxacin	Susceptible	Laboratory Method	Broth dilution	EUCAST
573.12996	Klebsiella pneumoniae 54	ciprofloxacin	Susceptible	Laboratory Method	Broth dilution	CLSI
573.46085	Klebsiella pneumoniae INF356	ciprofloxacin	Susceptible	Laboratory Method	Broth dilution	CLSI
573.66983	Klebsiella pneumoniae KP_NORM_BLD_391	ciprofloxacin	Susceptible	Laboratory Method		EUCAST
573.66784	Klebsiella pneumoniae KP_NORM_BLD_13386	ciprofloxacin	Susceptible	Laboratory Method		EUCAST
573.31103	Klebsiella pneumoniae strain D51871	ciprofloxacin	Susceptible	Laboratory Method	Disk diffusion	British Society for Antimicrobial Chemotherapy (BSAC)
573.67004	Klebsiella pneumoniae KP_NORM_BLD_60817	ciprofloxacin	Susceptible	Laboratory Method		EUCAST
573.13672	Klebsiella pneumoniae KPN1779ec	ciprofloxacin	Susceptible	Laboratory Method	Broth dilution	CLSI
573.6703	Klebsiella pneumoniae KP_NORM_BLD_61439	ciprofloxacin	Susceptible	Laboratory Method		EUCAST
573.62718	Klebsiella pneumoniae MGL_177	ciprofloxacin	Susceptible	Laboratory Method	Disk diffusion	
573.26171	Klebsiella pneumoniae strain 5012STDY7312615	ciprofloxacin	Susceptible	Laboratory Method	Broth dilution	
573.13732	Klebsiella pneumoniae KPN1869ec	ciprofloxacin	Susceptible	Laboratory Method	Broth dilution	CLSI
573.66619	Klebsiella pneumoniae KP_NORM_BLD_113779	ciprofloxacin	Susceptible	Laboratory Method		EUCAST
573.66615	Klebsiella pneumoniae KP_NORM_BLD_113321	ciprofloxacin	Susceptible	Laboratory Method		EUCAST
573.23212	Klebsiella pneumoniae strain KP_135	ciprofloxacin	Susceptible	Laboratory Method	Disk diffusion	CLSI
1328385.3	Klebsiella pneumoniae BWH 30	ciprofloxacin	Susceptible	Laboratory Method	Broth dilution	
573.26163	Klebsiella pneumoniae strain 5012STDY7312602	ciprofloxacin	Susceptible	Laboratory Method	Broth dilution	
573.26119	Klebsiella pneumoniae strain 5012STDY7312741	ciprofloxacin	Susceptible	Laboratory Method	Broth dilution	
573.66996	Klebsiella pneumoniae KP_NORM_BLD_60444	ciprofloxacin	Susceptible	Laboratory Method		EUCAST
573.13002	Klebsiella pneumoniae 102	ciprofloxacin	Susceptible	Laboratory Method	Broth dilution	CLSI
573.31085	Klebsiella pneumoniae strain D47091	ciprofloxacin	Susceptible	Laboratory Method	Disk diffusion	British Society for Antimicrobial Chemotherapy (BSAC)
573.66676	Klebsiella pneumoniae KP_NORM_BLD_115388	ciprofloxacin	Susceptible	Laboratory Method		EUCAST
573.67021	Klebsiella pneumoniae KP_NORM_BLD_61054	ciprofloxacin	Susceptible	Laboratory Method		EUCAST
573.67105	Klebsiella pneumoniae KP_NORM_BLD_63395	ciprofloxacin	Susceptible	Laboratory Method		EUCAST
573.66822	Klebsiella pneumoniae KP_NORM_BLD_14172	ciprofloxacin	Susceptible	Laboratory Method		EUCAST
573.29927	Klebsiella pneumoniae strain Kpngiani7132617	ciprofloxacin	Susceptible	Laboratory Method	Broth dilution	EUCAST
573.1305	Klebsiella pneumoniae KPN1025ec	ciprofloxacin	Susceptible	Laboratory Method	Broth dilution	CLSI
573.13925	Klebsiella pneumoniae KPN2106ec	ciprofloxacin	Susceptible	Laboratory Method	Broth dilution	CLSI
573.26309	Klebsiella pneumoniae strain 5012STDY7626424	ciprofloxacin	Susceptible	Laboratory Method	Broth dilution	
573.15534	Klebsiella pneumoniae strain INF238	ciprofloxacin	Susceptible	Laboratory Method	Broth dilution	CLSI
573.15559	Klebsiella pneumoniae strain KSB1_9F	ciprofloxacin	Susceptible	Laboratory Method	Broth dilution	CLSI
573.66812	Klebsiella pneumoniae KP_NORM_BLD_13897	ciprofloxacin	Susceptible	Laboratory Method		EUCAST
573.156	Klebsiella pneumoniae strain KSB2_4C	ciprofloxacin	Susceptible	Laboratory Method	Broth dilution	CLSI
573.26096	Klebsiella pneumoniae strain 5012STDY7312574	ciprofloxacin	Susceptible	Laboratory Method	Broth dilution	
573.66814	Klebsiella pneumoniae KP_NORM_BLD_13982	ciprofloxacin	Susceptible	Laboratory Method		EUCAST
573.15361	Klebsiella pneumoniae strain INF322	ciprofloxacin	Susceptible	Laboratory Method	Broth dilution	CLSI
573.67016	Klebsiella pneumoniae KP_NORM_BLD_61049	ciprofloxacin	Susceptible	Laboratory Method		EUCAST
573.26134	Klebsiella pneumoniae strain 5012STDY7312749	ciprofloxacin	Susceptible	Laboratory Method	Broth dilution	
573.15597	Klebsiella pneumoniae strain INF312	ciprofloxacin	Susceptible	Laboratory Method	Broth dilution	CLSI
573.6674	Klebsiella pneumoniae KP_NORM_BLD_117512	ciprofloxacin	Susceptible	Laboratory Method		EUCAST
573.6663	Klebsiella pneumoniae KP_NORM_BLD_114056	ciprofloxacin	Susceptible	Laboratory Method		EUCAST
573.62717	Klebsiella pneumoniae MGL_178	ciprofloxacin	Susceptible	Laboratory Method	Disk diffusion	
573.67087	Klebsiella pneumoniae KP_NORM_BLD_62776	ciprofloxacin	Susceptible	Laboratory Method		EUCAST
573.66944	Klebsiella pneumoniae KP_NORM_BLD_2247	ciprofloxacin	Susceptible	Laboratory Method		EUCAST
573.13401	Klebsiella pneumoniae KPN1461ec	ciprofloxacin	Susceptible	Laboratory Method	Broth dilution	CLSI
573.46094	Klebsiella pneumoniae KSB1_9B	ciprofloxacin	Susceptible	Laboratory Method	Broth dilution	CLSI
573.66764	Klebsiella pneumoniae KP_NORM_BLD_12945	ciprofloxacin	Susceptible	Laboratory Method		EUCAST
573.26126	Klebsiella pneumoniae strain 5012STDY7312747	ciprofloxacin	Susceptible	Laboratory Method	Broth dilution	
573.26164	Klebsiella pneumoniae strain 5012STDY7312601	ciprofloxacin	Susceptible	Laboratory Method	Broth dilution	
573.26074	Klebsiella pneumoniae strain 5012STDY7312720	ciprofloxacin	Susceptible	Laboratory Method	Broth dilution	
573.12873	Klebsiella pneumoniae 106	ciprofloxacin	Susceptible	Laboratory Method	Broth dilution	CLSI
573.26227	Klebsiella pneumoniae strain 5012STDY7312693	ciprofloxacin	Susceptible	Laboratory Method	Broth dilution	
573.66968	Klebsiella pneumoniae KP_NORM_BLD_2803	ciprofloxacin	Susceptible	Laboratory Method		EUCAST
573.67011	Klebsiella pneumoniae KP_NORM_BLD_60949	ciprofloxacin	Susceptible	Laboratory Method		EUCAST
573.6657	Klebsiella pneumoniae KP_NORM_BLD_1031	ciprofloxacin	Susceptible	Laboratory Method		EUCAST
573.26186	Klebsiella pneumoniae strain 5012STDY7312616	ciprofloxacin	Susceptible	Laboratory Method	Broth dilution	
573.26287	Klebsiella pneumoniae strain 5012STDY7626405	ciprofloxacin	Susceptible	Laboratory Method	Broth dilution	
573.66709	Klebsiella pneumoniae KP_NORM_BLD_116351	ciprofloxacin	Susceptible	Laboratory Method		EUCAST
573.26182	Klebsiella pneumoniae strain 5012STDY7312619	ciprofloxacin	Susceptible	Laboratory Method	Broth dilution	
573.15608	Klebsiella pneumoniae strain INF311	ciprofloxacin	Susceptible	Laboratory Method	Broth dilution	CLSI
573.15589	Klebsiella pneumoniae strain KSB2_6D	ciprofloxacin	Susceptible	Laboratory Method	Broth dilution	CLSI
573.66748	Klebsiella pneumoniae KP_NORM_BLD_12850	ciprofloxacin	Susceptible	Laboratory Method		EUCAST
573.66695	Klebsiella pneumoniae KP_NORM_BLD_116231	ciprofloxacin	Susceptible	Laboratory Method		EUCAST
573.26323	Klebsiella pneumoniae strain 5012STDY7626431	ciprofloxacin	Susceptible	Laboratory Method	Broth dilution	
573.24342	Klebsiella pneumoniae strain MUGSI_125	ciprofloxacin	Susceptible	Laboratory Method	Broth dilution	CLSI
573.12939	Klebsiella pneumoniae 8	ciprofloxacin	Susceptible	Laboratory Method	Broth dilution	CLSI
573.66831	Klebsiella pneumoniae KP_NORM_BLD_1673	ciprofloxacin	Susceptible	Laboratory Method		EUCAST
573.66809	Klebsiella pneumoniae KP_NORM_BLD_13975	ciprofloxacin	Susceptible	Laboratory Method		EUCAST
573.34248	Klebsiella pneumoniae strain INF148-sc-2279987	ciprofloxacin	Susceptible	Laboratory Method	Broth dilution	CLSI
573.34294	Klebsiella pneumoniae strain INF279-sc-2280202	ciprofloxacin	Susceptible	Laboratory Method	Broth dilution	CLSI
573.13358	Klebsiella pneumoniae KPN1415ec	ciprofloxacin	Susceptible	Laboratory Method	Broth dilution	CLSI
573.66946	Klebsiella pneumoniae KP_NORM_BLD_2254	ciprofloxacin	Susceptible	Laboratory Method		EUCAST
573.26125	Klebsiella pneumoniae strain 5012STDY7312739	ciprofloxacin	Susceptible	Laboratory Method	Broth dilution	
573.15567	Klebsiella pneumoniae strain KSB1_9I	ciprofloxacin	Susceptible	Laboratory Method	Broth dilution	CLSI
573.26187	Klebsiella pneumoniae strain 5012STDY7312621	ciprofloxacin	Susceptible	Laboratory Method	Broth dilution	
573.12998	Klebsiella pneumoniae 80	ciprofloxacin	Susceptible	Laboratory Method	Broth dilution	CLSI
573.12927	Klebsiella pneumoniae 116	ciprofloxacin	Susceptible	Laboratory Method	Broth dilution	CLSI
573.66631	Klebsiella pneumoniae KP_NORM_BLD_114048	ciprofloxacin	Susceptible	Laboratory Method		EUCAST
573.15566	Klebsiella pneumoniae strain KSB1_4H	ciprofloxacin	Susceptible	Laboratory Method	Broth dilution	CLSI
573.15541	Klebsiella pneumoniae strain KSB1_1C	ciprofloxacin	Susceptible	Laboratory Method	Broth dilution	CLSI
573.26292	Klebsiella pneumoniae strain 5012STDY7626409	ciprofloxacin	Susceptible	Laboratory Method	Broth dilution	
573.67084	Klebsiella pneumoniae KP_NORM_BLD_62918	ciprofloxacin	Susceptible	Laboratory Method		EUCAST
573.67032	Klebsiella pneumoniae KP_NORM_BLD_61473	ciprofloxacin	Susceptible	Laboratory Method		EUCAST
573.14376	Klebsiella pneumoniae KPN758ec	ciprofloxacin	Susceptible	Laboratory Method	Broth dilution	CLSI
573.13928	Klebsiella pneumoniae KPN210ec	ciprofloxacin	Susceptible	Laboratory Method	Broth dilution	CLSI
573.66758	Klebsiella pneumoniae KP_NORM_BLD_12937	ciprofloxacin	Susceptible	Laboratory Method		EUCAST
573.2629	Klebsiella pneumoniae strain 5012STDY7626408	ciprofloxacin	Susceptible	Laboratory Method	Broth dilution	
573.13346	Klebsiella pneumoniae KPN1401ec	ciprofloxacin	Susceptible	Laboratory Method	Broth dilution	CLSI
573.67002	Klebsiella pneumoniae KP_NORM_BLD_60723	ciprofloxacin	Susceptible	Laboratory Method		EUCAST
573.6683	Klebsiella pneumoniae KP_NORM_BLD_1678	ciprofloxacin	Susceptible	Laboratory Method		EUCAST
573.2617	Klebsiella pneumoniae strain 5012STDY7312610	ciprofloxacin	Susceptible	Laboratory Method	Broth dilution	
573.26198	Klebsiella pneumoniae strain 5012STDY7312662	ciprofloxacin	Susceptible	Laboratory Method	Broth dilution	
573.6667	Klebsiella pneumoniae KP_NORM_BLD_115397	ciprofloxacin	Susceptible	Laboratory Method		EUCAST
1328384.3	Klebsiella pneumoniae BWH 28	ciprofloxacin	Susceptible	Laboratory Method	Broth dilution	
573.66639	Klebsiella pneumoniae KP_NORM_BLD_114315	ciprofloxacin	Susceptible	Laboratory Method		EUCAST
573.13275	Klebsiella pneumoniae KPN1311ec	ciprofloxacin	Susceptible	Laboratory Method	Broth dilution	CLSI
573.26284	Klebsiella pneumoniae strain 5012STDY7626406	ciprofloxacin	Susceptible	Laboratory Method	Broth dilution	
573.66979	Klebsiella pneumoniae KP_NORM_BLD_3090	ciprofloxacin	Susceptible	Laboratory Method		EUCAST
573.2321	Klebsiella pneumoniae strain KP_136	ciprofloxacin	Susceptible	Laboratory Method	Disk diffusion	CLSI
573.6662	Klebsiella pneumoniae KP_NORM_BLD_113865	ciprofloxacin	Susceptible	Laboratory Method		EUCAST
573.1557	Klebsiella pneumoniae strain KSB1_4J	ciprofloxacin	Susceptible	Laboratory Method	Broth dilution	CLSI
573.12883	Klebsiella pneumoniae 48	ciprofloxacin	Susceptible	Laboratory Method	Broth dilution	CLSI
573.66589	Klebsiella pneumoniae KP_NORM_BLD_111590	ciprofloxacin	Susceptible	Laboratory Method		EUCAST
573.66845	Klebsiella pneumoniae KP_NORM_BLD_2004_19607	ciprofloxacin	Susceptible	Laboratory Method		EUCAST
573.26111	Klebsiella pneumoniae strain 5012STDY7312576	ciprofloxacin	Susceptible	Laboratory Method	Broth dilution	
573.6684	Klebsiella pneumoniae KP_NORM_BLD_1871	ciprofloxacin	Susceptible	Laboratory Method		EUCAST
573.66668	Klebsiella pneumoniae KP_NORM_BLD_115378	ciprofloxacin	Susceptible	Laboratory Method		EUCAST
573.67091	Klebsiella pneumoniae KP_NORM_BLD_63325	ciprofloxacin	Susceptible	Laboratory Method		EUCAST
573.24299	Klebsiella pneumoniae strain 401	ciprofloxacin	Susceptible	Laboratory Method	Broth dilution	CLSI
573.14431	Klebsiella pneumoniae KPN836ec	ciprofloxacin	Susceptible	Laboratory Method	Broth dilution	CLSI
573.13134	Klebsiella pneumoniae KPN1133ec	ciprofloxacin	Susceptible	Laboratory Method	Broth dilution	CLSI
573.67017	Klebsiella pneumoniae KP_NORM_BLD_61269	ciprofloxacin	Susceptible	Laboratory Method		EUCAST
573.13146	Klebsiella pneumoniae KPN1148ec	ciprofloxacin	Susceptible	Laboratory Method	Broth dilution	CLSI
573.66666	Klebsiella pneumoniae KP_NORM_BLD_115375	ciprofloxacin	Susceptible	Laboratory Method		EUCAST
573.66566	Klebsiella pneumoniae KP_NORM_BLD_1035	ciprofloxacin	Susceptible	Laboratory Method		EUCAST
573.67102	Klebsiella pneumoniae KP_NORM_BLD_63375	ciprofloxacin	Susceptible	Laboratory Method		EUCAST
573.67138	Klebsiella pneumoniae KP_NORM_URN_2012_82069	ciprofloxacin	Susceptible	Laboratory Method		EUCAST
573.67033	Klebsiella pneumoniae KP_NORM_BLD_61466	ciprofloxacin	Susceptible	Laboratory Method		EUCAST
573.67085	Klebsiella pneumoniae KP_NORM_BLD_62928	ciprofloxacin	Susceptible	Laboratory Method		EUCAST
573.26167	Klebsiella pneumoniae strain 5012STDY7312599	ciprofloxacin	Susceptible	Laboratory Method	Broth dilution	
573.67008	Klebsiella pneumoniae KP_NORM_BLD_60876	ciprofloxacin	Susceptible	Laboratory Method		EUCAST
573.15544	Klebsiella pneumoniae strain KSB1_5C	ciprofloxacin	Susceptible	Laboratory Method	Broth dilution	CLSI
573.67081	Klebsiella pneumoniae KP_NORM_BLD_62932	ciprofloxacin	Susceptible	Laboratory Method		EUCAST
573.66618	Klebsiella pneumoniae KP_NORM_BLD_113771	ciprofloxacin	Susceptible	Laboratory Method		EUCAST
573.15539	Klebsiella pneumoniae strain KSB1_1A	ciprofloxacin	Susceptible	Laboratory Method	Broth dilution	CLSI
573.15587	Klebsiella pneumoniae strain KSB2_10C	ciprofloxacin	Susceptible	Laboratory Method	Broth dilution	CLSI
573.14297	Klebsiella pneumoniae KPN639ec	ciprofloxacin	Susceptible	Laboratory Method	Broth dilution	CLSI
573.15469	Klebsiella pneumoniae strain 10315_6#58	ciprofloxacin	Susceptible	Laboratory Method	Disk diffusion	CLSI
573.66753	Klebsiella pneumoniae KP_NORM_BLD_12882	ciprofloxacin	Susceptible	Laboratory Method		EUCAST
573.66576	Klebsiella pneumoniae KP_NORM_BLD_108856	ciprofloxacin	Susceptible	Laboratory Method		EUCAST
573.66587	Klebsiella pneumoniae KP_NORM_BLD_111588	ciprofloxacin	Susceptible	Laboratory Method		EUCAST
573.66746	Klebsiella pneumoniae KP_NORM_BLD_117571	ciprofloxacin	Susceptible	Laboratory Method		EUCAST
573.26209	Klebsiella pneumoniae strain 5012STDY7312675	ciprofloxacin	Susceptible	Laboratory Method	Broth dilution	
573.66742	Klebsiella pneumoniae KP_NORM_BLD_117530	ciprofloxacin	Susceptible	Laboratory Method		EUCAST
573.66834	Klebsiella pneumoniae KP_NORM_BLD_1687	ciprofloxacin	Susceptible	Laboratory Method		EUCAST
573.6708	Klebsiella pneumoniae KP_NORM_BLD_62770	ciprofloxacin	Susceptible	Laboratory Method		EUCAST
573.31111	Klebsiella pneumoniae strain 1023547	ciprofloxacin	Susceptible	Laboratory Method	Disk diffusion	British Society for Antimicrobial Chemotherapy (BSAC)
573.1398	Klebsiella pneumoniae KPN235ec	ciprofloxacin	Susceptible	Laboratory Method	Broth dilution	CLSI
573.66732	Klebsiella pneumoniae KP_NORM_BLD_116598	ciprofloxacin	Susceptible	Laboratory Method		EUCAST
573.31083	Klebsiella pneumoniae strain WU8	ciprofloxacin	Susceptible	Laboratory Method	Disk diffusion	CLSI
573.5827	Klebsiella pneumoniae strain F1-9-ERG1	ciprofloxacin	Susceptible	Laboratory Method	Broth dilution	EUCAST
573.66987	Klebsiella pneumoniae KP_NORM_BLD_52	ciprofloxacin	Susceptible	Laboratory Method		EUCAST
573.66832	Klebsiella pneumoniae KP_NORM_BLD_1675	ciprofloxacin	Susceptible	Laboratory Method		EUCAST
573.66844	Klebsiella pneumoniae KP_NORM_BLD_1880	ciprofloxacin	Susceptible	Laboratory Method		EUCAST
573.26286	Klebsiella pneumoniae strain 5012STDY7626404	ciprofloxacin	Susceptible	Laboratory Method	Broth dilution	
573.66611	Klebsiella pneumoniae KP_NORM_BLD_112925	ciprofloxacin	Susceptible	Laboratory Method		EUCAST
573.26193	Klebsiella pneumoniae strain 5012STDY7312624	ciprofloxacin	Susceptible	Laboratory Method	Broth dilution	
573.2614	Klebsiella pneumoniae strain 5012STDY7312579	ciprofloxacin	Susceptible	Laboratory Method	Broth dilution	
573.12989	Klebsiella pneumoniae 46	ciprofloxacin	Susceptible	Laboratory Method	Broth dilution	CLSI
573.67086	Klebsiella pneumoniae KP_NORM_BLD_62920	ciprofloxacin	Susceptible	Laboratory Method		EUCAST
573.15628	Klebsiella pneumoniae strain KSB1_6B	ciprofloxacin	Susceptible	Laboratory Method	Broth dilution	CLSI
573.14135	Klebsiella pneumoniae KPN415ec	ciprofloxacin	Susceptible	Laboratory Method	Broth dilution	CLSI
573.66678	Klebsiella pneumoniae KP_NORM_BLD_115734	ciprofloxacin	Susceptible	Laboratory Method		EUCAST
573.46087	Klebsiella pneumoniae KSB1_8A	ciprofloxacin	Susceptible	Laboratory Method	Broth dilution	CLSI
573.13021	Klebsiella pneumoniae 3253	ciprofloxacin	Susceptible	Laboratory Method	Broth dilution	CLSI
573.23208	Klebsiella pneumoniae strain KP_195	ciprofloxacin	Susceptible	Laboratory Method	Disk diffusion	CLSI
573.66972	Klebsiella pneumoniae KP_NORM_BLD_2799	ciprofloxacin	Susceptible	Laboratory Method		EUCAST
573.66679	Klebsiella pneumoniae KP_NORM_BLD_115743	ciprofloxacin	Susceptible	Laboratory Method		EUCAST
573.6672	Klebsiella pneumoniae KP_NORM_BLD_116413	ciprofloxacin	Susceptible	Laboratory Method		EUCAST
573.66652	Klebsiella pneumoniae KP_NORM_BLD_114487	ciprofloxacin	Susceptible	Laboratory Method		EUCAST
573.66671	Klebsiella pneumoniae KP_NORM_BLD_115385	ciprofloxacin	Susceptible	Laboratory Method		EUCAST
573.20061	Klebsiella pneumoniae strain AR_0160	ciprofloxacin	Susceptible	Laboratory Method	Broth dilution	CLSI
573.66859	Klebsiella pneumoniae KP_NORM_BLD_2009_61037	ciprofloxacin	Susceptible	Laboratory Method		EUCAST
573.66621	Klebsiella pneumoniae KP_NORM_BLD_113777	ciprofloxacin	Susceptible	Laboratory Method		EUCAST
573.12933	Klebsiella pneumoniae 76	ciprofloxacin	Susceptible	Laboratory Method	Broth dilution	CLSI
573.6716	Klebsiella pneumoniae KP_NORM_URN_2014_97677	ciprofloxacin	Susceptible	Laboratory Method		EUCAST
573.31126	Klebsiella pneumoniae strain D50395	ciprofloxacin	Susceptible	Laboratory Method	Disk diffusion	British Society for Antimicrobial Chemotherapy (BSAC)
573.13591	Klebsiella pneumoniae KPN1688ec	ciprofloxacin	Susceptible	Laboratory Method	Broth dilution	CLSI
573.26257	Klebsiella pneumoniae strain 5012STDY7626382	ciprofloxacin	Susceptible	Laboratory Method	Broth dilution	
573.26197	Klebsiella pneumoniae strain 5012STDY7312664	ciprofloxacin	Susceptible	Laboratory Method	Broth dilution	
573.34255	Klebsiella pneumoniae strain KSB1_6G-sc-2280276	ciprofloxacin	Susceptible	Laboratory Method	Broth dilution	CLSI
573.12863	Klebsiella pneumoniae 105	ciprofloxacin	Susceptible	Laboratory Method	Broth dilution	CLSI
573.14365	Klebsiella pneumoniae KPN744ec	ciprofloxacin	Susceptible	Laboratory Method	Broth dilution	CLSI
573.26255	Klebsiella pneumoniae strain 5012STDY7626365	ciprofloxacin	Susceptible	Laboratory Method	Broth dilution	
573.14302	Klebsiella pneumoniae KPN660ec	ciprofloxacin	Susceptible	Laboratory Method	Broth dilution	CLSI
573.13104	Klebsiella pneumoniae KPN1099ec	ciprofloxacin	Susceptible	Laboratory Method	Broth dilution	CLSI
573.66939	Klebsiella pneumoniae KP_NORM_BLD_2015_114050	ciprofloxacin	Susceptible	Laboratory Method		EUCAST
573.15514	Klebsiella pneumoniae strain INF128	ciprofloxacin	Susceptible	Laboratory Method	Broth dilution	CLSI
573.15528	Klebsiella pneumoniae strain INF209	ciprofloxacin	Susceptible	Laboratory Method	Broth dilution	CLSI
573.26272	Klebsiella pneumoniae strain 5012STDY7626392	ciprofloxacin	Susceptible	Laboratory Method	Broth dilution	
573.66828	Klebsiella pneumoniae KP_NORM_BLD_14180	ciprofloxacin	Susceptible	Laboratory Method		EUCAST
573.6709	Klebsiella pneumoniae KP_NORM_BLD_62912	ciprofloxacin	Susceptible	Laboratory Method		EUCAST
573.67067	Klebsiella pneumoniae KP_NORM_BLD_624	ciprofloxacin	Susceptible	Laboratory Method		EUCAST
573.13748	Klebsiella pneumoniae KPN1884ec	ciprofloxacin	Susceptible	Laboratory Method	Broth dilution	CLSI
573.66598	Klebsiella pneumoniae KP_NORM_BLD_112176	ciprofloxacin	Susceptible	Laboratory Method		EUCAST
573.26075	Klebsiella pneumoniae strain 5012STDY7312723	ciprofloxacin	Susceptible	Laboratory Method	Broth dilution	
573.66974	Klebsiella pneumoniae KP_NORM_BLD_3076	ciprofloxacin	Susceptible	Laboratory Method		EUCAST
573.67153	Klebsiella pneumoniae KP_NORM_URN_2014_97392	ciprofloxacin	Susceptible	Laboratory Method		EUCAST
573.12965	Klebsiella pneumoniae 124	ciprofloxacin	Susceptible	Laboratory Method	Broth dilution	CLSI
573.13995	Klebsiella pneumoniae KPN256ec	ciprofloxacin	Susceptible	Laboratory Method	Broth dilution	CLSI
573.13198	Klebsiella pneumoniae KPN1207ec	ciprofloxacin	Susceptible	Laboratory Method	Broth dilution	CLSI
573.15598	Klebsiella pneumoniae strain KSB1_10I	ciprofloxacin	Susceptible	Laboratory Method	Broth dilution	CLSI
573.14328	Klebsiella pneumoniae KPN700ec	ciprofloxacin	Susceptible	Laboratory Method	Broth dilution	CLSI
573.66751	Klebsiella pneumoniae KP_NORM_BLD_12876	ciprofloxacin	Susceptible	Laboratory Method		EUCAST
573.66693	Klebsiella pneumoniae KP_NORM_BLD_116099	ciprofloxacin	Susceptible	Laboratory Method		EUCAST
573.66997	Klebsiella pneumoniae KP_NORM_BLD_60440	ciprofloxacin	Susceptible	Laboratory Method		EUCAST
573.26259	Klebsiella pneumoniae strain 5012STDY7626381	ciprofloxacin	Susceptible	Laboratory Method	Broth dilution	
573.66739	Klebsiella pneumoniae KP_NORM_BLD_117503	ciprofloxacin	Susceptible	Laboratory Method		EUCAST
573.31068	Klebsiella pneumoniae strain PH38-1	ciprofloxacin	Susceptible	Laboratory Method	Disk diffusion	CLSI
573.13129	Klebsiella pneumoniae KPN1127ec	ciprofloxacin	Susceptible	Laboratory Method	Broth dilution	CLSI
573.66781	Klebsiella pneumoniae KP_NORM_BLD_13381	ciprofloxacin	Susceptible	Laboratory Method		EUCAST
573.26188	Klebsiella pneumoniae strain 5012STDY7312622	ciprofloxacin	Susceptible	Laboratory Method	Broth dilution	
573.1561	Klebsiella pneumoniae strain INF333	ciprofloxacin	Susceptible	Laboratory Method	Broth dilution	CLSI
573.62726	Klebsiella pneumoniae MGL_57	ciprofloxacin	Susceptible	Laboratory Method	Disk diffusion	
573.262	Klebsiella pneumoniae strain 5012STDY7312668	ciprofloxacin	Susceptible	Laboratory Method	Broth dilution	
573.67075	Klebsiella pneumoniae KP_NORM_BLD_62640	ciprofloxacin	Susceptible	Laboratory Method		EUCAST
573.5795	Klebsiella pneumoniae strain PB425	ciprofloxacin	Susceptible	Laboratory Method	Broth dilution	EUCAST
573.13993	Klebsiella pneumoniae KPN252ec	ciprofloxacin	Susceptible	Laboratory Method	Broth dilution	CLSI
573.26265	Klebsiella pneumoniae strain 5012STDY7626384	ciprofloxacin	Susceptible	Laboratory Method	Broth dilution	
573.26228	Klebsiella pneumoniae strain 5012STDY7312689	ciprofloxacin	Susceptible	Laboratory Method	Broth dilution	
573.1366	Klebsiella pneumoniae KPN1766ec	ciprofloxacin	Susceptible	Laboratory Method	Broth dilution	CLSI
573.15548	Klebsiella pneumoniae strain KSB1_4D	ciprofloxacin	Susceptible	Laboratory Method	Broth dilution	CLSI
573.26283	Klebsiella pneumoniae strain 5012STDY7626402	ciprofloxacin	Susceptible	Laboratory Method	Broth dilution	
573.12871	Klebsiella pneumoniae 94	ciprofloxacin	Susceptible	Laboratory Method	Broth dilution	CLSI
573.6658	Klebsiella pneumoniae KP_NORM_BLD_110772	ciprofloxacin	Susceptible	Laboratory Method		EUCAST
573.26079	Klebsiella pneumoniae strain 5012STDY7312721	ciprofloxacin	Susceptible	Laboratory Method	Broth dilution	
573.15571	Klebsiella pneumoniae strain KSB2_3A	ciprofloxacin	Susceptible	Laboratory Method	Broth dilution	CLSI
573.66635	Klebsiella pneumoniae KP_NORM_BLD_114300	ciprofloxacin	Susceptible	Laboratory Method		EUCAST
72407.529	Klebsiella pneumoniae subsp. pneumoniae strain 3189STDY5864858	ciprofloxacin	Susceptible	Laboratory Method	Broth dilution	CLSI
573.67048	Klebsiella pneumoniae KP_NORM_BLD_62	ciprofloxacin	Susceptible	Laboratory Method		EUCAST
573.26294	Klebsiella pneumoniae strain 5012STDY7626413	ciprofloxacin	Susceptible	Laboratory Method	Broth dilution	
573.67167	Klebsiella pneumoniae KP_NORM_URN_2015_109056	ciprofloxacin	Susceptible	Laboratory Method		EUCAST
573.13118	Klebsiella pneumoniae KPN1116ec	ciprofloxacin	Susceptible	Laboratory Method	Broth dilution	CLSI
573.66915	Klebsiella pneumoniae KP_NORM_BLD_2013_92320	ciprofloxacin	Susceptible	Laboratory Method		EUCAST
573.24376	Klebsiella pneumoniae strain MUGSI_2	ciprofloxacin	Susceptible	Laboratory Method	Broth dilution	CLSI
573.67111	Klebsiella pneumoniae KP_NORM_BLD_63855	ciprofloxacin	Susceptible	Laboratory Method		EUCAST
573.67117	Klebsiella pneumoniae KP_NORM_BLD_70	ciprofloxacin	Susceptible	Laboratory Method		EUCAST
573.46088	Klebsiella pneumoniae KSB1_10A	ciprofloxacin	Susceptible	Laboratory Method	Broth dilution	CLSI
573.2619	Klebsiella pneumoniae strain 5012STDY7312623	ciprofloxacin	Susceptible	Laboratory Method	Broth dilution	
573.67029	Klebsiella pneumoniae KP_NORM_BLD_61449	ciprofloxacin	Susceptible	Laboratory Method		EUCAST
573.2621	Klebsiella pneumoniae strain 5012STDY7312674	ciprofloxacin	Susceptible	Laboratory Method	Broth dilution	
573.12928	Klebsiella pneumoniae 96	ciprofloxacin	Susceptible	Laboratory Method	Broth dilution	CLSI
573.66813	Klebsiella pneumoniae KP_NORM_BLD_13985	ciprofloxacin	Susceptible	Laboratory Method		EUCAST
573.66985	Klebsiella pneumoniae KP_NORM_BLD_389	ciprofloxacin	Susceptible	Laboratory Method		EUCAST
573.26215	Klebsiella pneumoniae strain 5012STDY7312678	ciprofloxacin	Susceptible	Laboratory Method	Broth dilution	
573.66588	Klebsiella pneumoniae KP_NORM_BLD_111583	ciprofloxacin	Susceptible	Laboratory Method		EUCAST
573.67045	Klebsiella pneumoniae KP_NORM_BLD_61898	ciprofloxacin	Susceptible	Laboratory Method		EUCAST
573.67056	Klebsiella pneumoniae KP_NORM_BLD_62196	ciprofloxacin	Susceptible	Laboratory Method		EUCAST
573.66799	Klebsiella pneumoniae KP_NORM_BLD_13741	ciprofloxacin	Susceptible	Laboratory Method		EUCAST
573.66805	Klebsiella pneumoniae KP_NORM_BLD_13889	ciprofloxacin	Susceptible	Laboratory Method		EUCAST
573.24266	Klebsiella pneumoniae strain 239	ciprofloxacin	Susceptible	Laboratory Method	Broth dilution	CLSI
573.26152	Klebsiella pneumoniae strain 5012STDY7312585	ciprofloxacin	Susceptible	Laboratory Method	Broth dilution	
573.15525	Klebsiella pneumoniae strain INF200	ciprofloxacin	Susceptible	Laboratory Method	Broth dilution	CLSI
72407.523	Klebsiella pneumoniae subsp. pneumoniae strain 3189STDY5864949	ciprofloxacin	Susceptible	Laboratory Method	Broth dilution	CLSI
573.13897	Klebsiella pneumoniae KPN2075ec	ciprofloxacin	Susceptible	Laboratory Method	Broth dilution	CLSI
573.66667	Klebsiella pneumoniae KP_NORM_BLD_115369	ciprofloxacin	Susceptible	Laboratory Method		EUCAST
573.34302	Klebsiella pneumoniae strain KSB1_10B-sc-2280232	ciprofloxacin	Susceptible	Laboratory Method	Broth dilution	CLSI
573.26218	Klebsiella pneumoniae strain 5012STDY7312682	ciprofloxacin	Susceptible	Laboratory Method	Broth dilution	
573.66993	Klebsiella pneumoniae KP_NORM_BLD_60435	ciprofloxacin	Susceptible	Laboratory Method		EUCAST
573.66585	Klebsiella pneumoniae KP_NORM_BLD_110785	ciprofloxacin	Susceptible	Laboratory Method		EUCAST
573.6665	Klebsiella pneumoniae KP_NORM_BLD_114484	ciprofloxacin	Susceptible	Laboratory Method		EUCAST
573.66721	Klebsiella pneumoniae KP_NORM_BLD_116439	ciprofloxacin	Susceptible	Laboratory Method		EUCAST
573.14463	Klebsiella pneumoniae KPN881ec	ciprofloxacin	Susceptible	Laboratory Method	Broth dilution	CLSI
573.12881	Klebsiella pneumoniae 108	ciprofloxacin	Susceptible	Laboratory Method	Broth dilution	CLSI
573.31079	Klebsiella pneumoniae strain WU3	ciprofloxacin	Susceptible	Laboratory Method	Disk diffusion	CLSI
573.31089	Klebsiella pneumoniae strain C24b	ciprofloxacin	Susceptible	Laboratory Method	Disk diffusion	British Society for Antimicrobial Chemotherapy (BSAC)
573.26277	Klebsiella pneumoniae strain 5012STDY7626400	ciprofloxacin	Susceptible	Laboratory Method	Broth dilution	
573.66731	Klebsiella pneumoniae KP_NORM_BLD_116589	ciprofloxacin	Susceptible	Laboratory Method		EUCAST
573.66627	Klebsiella pneumoniae KP_NORM_BLD_113971	ciprofloxacin	Susceptible	Laboratory Method		EUCAST
573.66803	Klebsiella pneumoniae KP_NORM_BLD_13880	ciprofloxacin	Susceptible	Laboratory Method		EUCAST
573.12955	Klebsiella pneumoniae 126	ciprofloxacin	Susceptible	Laboratory Method	Broth dilution	CLSI
573.26241	Klebsiella pneumoniae strain 5012STDY7626514	ciprofloxacin	Susceptible	Laboratory Method	Broth dilution	
573.1289	Klebsiella pneumoniae 103	ciprofloxacin	Susceptible	Laboratory Method	Broth dilution	CLSI
573.67054	Klebsiella pneumoniae KP_NORM_BLD_62202	ciprofloxacin	Susceptible	Laboratory Method		EUCAST
573.66924	Klebsiella pneumoniae KP_NORM_BLD_2014_101477	ciprofloxacin	Susceptible	Laboratory Method		EUCAST
573.66734	Klebsiella pneumoniae KP_NORM_BLD_1169	ciprofloxacin	Susceptible	Laboratory Method		EUCAST
573.24397	Klebsiella pneumoniae strain MUGSI_314	ciprofloxacin	Susceptible	Laboratory Method	Broth dilution	CLSI
573.66683	Klebsiella pneumoniae KP_NORM_BLD_115757	ciprofloxacin	Susceptible	Laboratory Method		EUCAST
573.26118	Klebsiella pneumoniae strain 5012STDY7312734	ciprofloxacin	Susceptible	Laboratory Method	Broth dilution	
573.26202	Klebsiella pneumoniae strain 5012STDY7312670	ciprofloxacin	Susceptible	Laboratory Method	Broth dilution	
72407.596	Klebsiella pneumoniae subsp. pneumoniae strain 3189STDY5864827	ciprofloxacin	Susceptible	Laboratory Method	Broth dilution	CLSI
573.31093	Klebsiella pneumoniae strain 522B	ciprofloxacin	Susceptible	Laboratory Method	Disk diffusion	British Society for Antimicrobial Chemotherapy (BSAC)
72407.567	Klebsiella pneumoniae subsp. pneumoniae strain 3189STDY5864787	ciprofloxacin	Susceptible	Laboratory Method	Broth dilution	CLSI
573.66965	Klebsiella pneumoniae KP_NORM_BLD_2510	ciprofloxacin	Susceptible	Laboratory Method		EUCAST
573.26192	Klebsiella pneumoniae strain 5012STDY7312625	ciprofloxacin	Susceptible	Laboratory Method	Broth dilution	
573.26135	Klebsiella pneumoniae strain 5012STDY7312751	ciprofloxacin	Susceptible	Laboratory Method	Broth dilution	
573.12993	Klebsiella pneumoniae 64	ciprofloxacin	Susceptible	Laboratory Method	Broth dilution	CLSI
573.5712	Klebsiella pneumoniae strain W2-11-ERG2	ciprofloxacin	Susceptible	Laboratory Method	Broth dilution	EUCAST
573.67116	Klebsiella pneumoniae KP_NORM_BLD_63845	ciprofloxacin	Susceptible	Laboratory Method		EUCAST
573.66945	Klebsiella pneumoniae KP_NORM_BLD_225	ciprofloxacin	Susceptible	Laboratory Method		EUCAST
573.26159	Klebsiella pneumoniae strain 5012STDY7312596	ciprofloxacin	Susceptible	Laboratory Method	Broth dilution	
573.67093	Klebsiella pneumoniae KP_NORM_BLD_62937	ciprofloxacin	Susceptible	Laboratory Method		EUCAST
573.66835	Klebsiella pneumoniae KP_NORM_BLD_1689	ciprofloxacin	Susceptible	Laboratory Method		EUCAST
573.31112	Klebsiella pneumoniae strain D28005	ciprofloxacin	Susceptible	Laboratory Method	Disk diffusion	British Society for Antimicrobial Chemotherapy (BSAC)
573.66575	Klebsiella pneumoniae KP_NORM_BLD_108853	ciprofloxacin	Susceptible	Laboratory Method		EUCAST
573.26282	Klebsiella pneumoniae strain 5012STDY7626398	ciprofloxacin	Susceptible	Laboratory Method	Broth dilution	
573.13103	Klebsiella pneumoniae KPN1097ec	ciprofloxacin	Susceptible	Laboratory Method	Broth dilution	CLSI
573.26113	Klebsiella pneumoniae strain 5012STDY7312732	ciprofloxacin	Susceptible	Laboratory Method	Broth dilution	
573.31127	Klebsiella pneumoniae strain C35	ciprofloxacin	Susceptible	Laboratory Method	Disk diffusion	British Society for Antimicrobial Chemotherapy (BSAC)
573.66794	Klebsiella pneumoniae KP_NORM_BLD_1355	ciprofloxacin	Susceptible	Laboratory Method		EUCAST
573.67403	Klebsiella pneumoniae MGL_178	ciprofloxacin	Susceptible	Laboratory Method	Disk diffusion	CLSI, EUCAST
573.67059	Klebsiella pneumoniae KP_NORM_BLD_62212	ciprofloxacin	Susceptible	Laboratory Method		EUCAST
573.66738	Klebsiella pneumoniae KP_NORM_BLD_117483	ciprofloxacin	Susceptible	Laboratory Method		EUCAST
573.66815	Klebsiella pneumoniae KP_NORM_BLD_13983	ciprofloxacin	Susceptible	Laboratory Method		EUCAST
573.26082	Klebsiella pneumoniae strain 5012STDY7312724	ciprofloxacin	Susceptible	Laboratory Method	Broth dilution	
573.66655	Klebsiella pneumoniae KP_NORM_BLD_114729	ciprofloxacin	Susceptible	Laboratory Method		EUCAST
573.31137	Klebsiella pneumoniae strain 3712	ciprofloxacin	Susceptible	Laboratory Method	Disk diffusion	British Society for Antimicrobial Chemotherapy (BSAC)
573.67094	Klebsiella pneumoniae KP_NORM_BLD_62934	ciprofloxacin	Susceptible	Laboratory Method		EUCAST
573.26183	Klebsiella pneumoniae strain 5012STDY7312618	ciprofloxacin	Susceptible	Laboratory Method	Broth dilution	
573.66586	Klebsiella pneumoniae KP_NORM_BLD_111571	ciprofloxacin	Susceptible	Laboratory Method		EUCAST
573.5809	Klebsiella pneumoniae strain PB270	ciprofloxacin	Susceptible	Laboratory Method	Broth dilution	EUCAST
573.66836	Klebsiella pneumoniae KP_NORM_BLD_1686	ciprofloxacin	Susceptible	Laboratory Method		EUCAST
573.15565	Klebsiella pneumoniae strain KSB1_2H	ciprofloxacin	Susceptible	Laboratory Method	Broth dilution	CLSI
573.12868	Klebsiella pneumoniae 78	ciprofloxacin	Susceptible	Laboratory Method	Broth dilution	CLSI
573.14479	Klebsiella pneumoniae KPN903ec	ciprofloxacin	Susceptible	Laboratory Method	Broth dilution	CLSI
573.24255	Klebsiella pneumoniae strain 178	ciprofloxacin	Susceptible	Laboratory Method	Broth dilution	CLSI
573.26177	Klebsiella pneumoniae strain 5012STDY7312605	ciprofloxacin	Susceptible	Laboratory Method	Broth dilution	
573.66641	Klebsiella pneumoniae KP_NORM_BLD_114331	ciprofloxacin	Susceptible	Laboratory Method		EUCAST
573.67079	Klebsiella pneumoniae KP_NORM_BLD_62772	ciprofloxacin	Susceptible	Laboratory Method		EUCAST
573.66801	Klebsiella pneumoniae KP_NORM_BLD_13749	ciprofloxacin	Susceptible	Laboratory Method		EUCAST
573.34237	Klebsiella pneumoniae strain KSB1_7G-sc-2280277	ciprofloxacin	Susceptible	Laboratory Method	Broth dilution	CLSI
573.12961	Klebsiella pneumoniae 10	ciprofloxacin	Susceptible	Laboratory Method	Broth dilution	CLSI
573.13003	Klebsiella pneumoniae 127	ciprofloxacin	Susceptible	Laboratory Method	Broth dilution	CLSI
573.12901	Klebsiella pneumoniae 39	ciprofloxacin	Susceptible	Laboratory Method	Broth dilution	CLSI
573.66903	Klebsiella pneumoniae KP_NORM_BLD_2012_85827	ciprofloxacin	Susceptible	Laboratory Method		EUCAST
573.67076	Klebsiella pneumoniae KP_NORM_BLD_62646	ciprofloxacin	Susceptible	Laboratory Method		EUCAST
573.26144	Klebsiella pneumoniae strain 5012STDY7312582	ciprofloxacin	Susceptible	Laboratory Method	Broth dilution	
573.6689	Klebsiella pneumoniae KP_NORM_BLD_2011_75453	ciprofloxacin	Susceptible	Laboratory Method		EUCAST
72407.522	Klebsiella pneumoniae subsp. pneumoniae strain 3189STDY5864948	ciprofloxacin	Susceptible	Laboratory Method	Broth dilution	CLSI
573.5673	Klebsiella pneumoniae strain PB94	ciprofloxacin	Susceptible	Laboratory Method	Broth dilution	EUCAST
573.67047	Klebsiella pneumoniae KP_NORM_BLD_61896	ciprofloxacin	Susceptible	Laboratory Method		EUCAST
573.67046	Klebsiella pneumoniae KP_NORM_BLD_619	ciprofloxacin	Susceptible	Laboratory Method		EUCAST
573.66779	Klebsiella pneumoniae KP_NORM_BLD_13378	ciprofloxacin	Susceptible	Laboratory Method		EUCAST
573.66817	Klebsiella pneumoniae KP_NORM_BLD_14169	ciprofloxacin	Susceptible	Laboratory Method		EUCAST
573.67169	Klebsiella pneumoniae KP_NORM_URN_2015_108182	ciprofloxacin	Susceptible	Laboratory Method		EUCAST
573.15562	Klebsiella pneumoniae strain KSB1_3G	ciprofloxacin	Susceptible	Laboratory Method	Broth dilution	CLSI
573.67408	Klebsiella pneumoniae MGL_177	ciprofloxacin	Susceptible	Laboratory Method	Disk diffusion	CLSI, EUCAST
573.46111	Klebsiella pneumoniae KSB2_10A	ciprofloxacin	Susceptible	Laboratory Method	Broth dilution	CLSI
573.66726	Klebsiella pneumoniae KP_NORM_BLD_116562	ciprofloxacin	Susceptible	Laboratory Method		EUCAST
573.67068	Klebsiella pneumoniae KP_NORM_BLD_62497	ciprofloxacin	Susceptible	Laboratory Method		EUCAST
573.13664	Klebsiella pneumoniae KPN176ec	ciprofloxacin	Susceptible	Laboratory Method	Broth dilution	CLSI
573.66765	Klebsiella pneumoniae KP_NORM_BLD_13123	ciprofloxacin	Susceptible	Laboratory Method		EUCAST
573.66645	Klebsiella pneumoniae KP_NORM_BLD_114450	ciprofloxacin	Susceptible	Laboratory Method		EUCAST
573.66785	Klebsiella pneumoniae KP_NORM_BLD_13388	ciprofloxacin	Susceptible	Laboratory Method		EUCAST
573.67109	Klebsiella pneumoniae KP_NORM_BLD_63825	ciprofloxacin	Susceptible	Laboratory Method		EUCAST
573.66634	Klebsiella pneumoniae KP_NORM_BLD_114294	ciprofloxacin	Susceptible	Laboratory Method		EUCAST
573.67072	Klebsiella pneumoniae KP_NORM_BLD_62507	ciprofloxacin	Susceptible	Laboratory Method		EUCAST
573.15537	Klebsiella pneumoniae strain INF349	ciprofloxacin	Susceptible	Laboratory Method	Broth dilution	CLSI
573.6697	Klebsiella pneumoniae KP_NORM_BLD_3069	ciprofloxacin	Susceptible	Laboratory Method		EUCAST
573.13026	Klebsiella pneumoniae 43	ciprofloxacin	Susceptible	Laboratory Method	Broth dilution	CLSI
573.14027	Klebsiella pneumoniae KPN290ec	ciprofloxacin	Susceptible	Laboratory Method	Broth dilution	CLSI
573.66696	Klebsiella pneumoniae KP_NORM_BLD_1162	ciprofloxacin	Susceptible	Laboratory Method		EUCAST
573.34234	Klebsiella pneumoniae strain INF357-sc-2280189	ciprofloxacin	Susceptible	Laboratory Method	Broth dilution	CLSI
573.15563	Klebsiella pneumoniae strain KSB1_4G	ciprofloxacin	Susceptible	Laboratory Method	Broth dilution	CLSI
573.244	Klebsiella pneumoniae strain MUGSI_318	ciprofloxacin	Susceptible	Laboratory Method	Broth dilution	CLSI
573.66995	Klebsiella pneumoniae KP_NORM_BLD_60560	ciprofloxacin	Susceptible	Laboratory Method		EUCAST
573.66698	Klebsiella pneumoniae KP_NORM_BLD_116220	ciprofloxacin	Susceptible	Laboratory Method		EUCAST
573.26213	Klebsiella pneumoniae strain 5012STDY7312676	ciprofloxacin	Susceptible	Laboratory Method	Broth dilution	
573.13663	Klebsiella pneumoniae KPN1769ec	ciprofloxacin	Susceptible	Laboratory Method	Broth dilution	CLSI
573.26138	Klebsiella pneumoniae strain 5012STDY7312754	ciprofloxacin	Susceptible	Laboratory Method	Broth dilution	
573.66647	Klebsiella pneumoniae KP_NORM_BLD_114464	ciprofloxacin	Susceptible	Laboratory Method		EUCAST
573.671	Klebsiella pneumoniae KP_NORM_BLD_63337	ciprofloxacin	Susceptible	Laboratory Method		EUCAST
573.12904	Klebsiella pneumoniae 6	ciprofloxacin	Susceptible	Laboratory Method	Broth dilution	CLSI
573.46098	Klebsiella pneumoniae KSB1_6D	ciprofloxacin	Susceptible	Laboratory Method	Broth dilution	CLSI
72407.547	Klebsiella pneumoniae subsp. pneumoniae strain 3189STDY5864779	ciprofloxacin	Susceptible	Laboratory Method	Broth dilution	CLSI
573.26314	Klebsiella pneumoniae strain 5012STDY7626434	ciprofloxacin	Susceptible	Laboratory Method	Broth dilution	
573.15588	Klebsiella pneumoniae strain KSB2_4D	ciprofloxacin	Susceptible	Laboratory Method	Broth dilution	CLSI
573.26322	Klebsiella pneumoniae strain 5012STDY7626442	ciprofloxacin	Susceptible	Laboratory Method	Broth dilution	
573.46086	Klebsiella pneumoniae KSB1_3A	ciprofloxacin	Susceptible	Laboratory Method	Broth dilution	CLSI
573.23219	Klebsiella pneumoniae strain KP_320	ciprofloxacin	Susceptible	Laboratory Method	Disk diffusion	CLSI
573.13576	Klebsiella pneumoniae KPN166ec	ciprofloxacin	Susceptible	Laboratory Method	Broth dilution	CLSI
573.34254	Klebsiella pneumoniae strain KSB1_1B	ciprofloxacin	Susceptible	Laboratory Method	Broth dilution	CLSI
573.6699	Klebsiella pneumoniae KP_NORM_BLD_60427	ciprofloxacin	Susceptible	Laboratory Method		EUCAST
573.66595	Klebsiella pneumoniae KP_NORM_BLD_112118	ciprofloxacin	Susceptible	Laboratory Method		EUCAST
573.12923	Klebsiella pneumoniae 83	ciprofloxacin	Susceptible	Laboratory Method	Broth dilution	CLSI
573.66877	Klebsiella pneumoniae KP_NORM_BLD_2011_72744	ciprofloxacin	Susceptible	Laboratory Method		EUCAST
573.15611	Klebsiella pneumoniae strain INF332	ciprofloxacin	Susceptible	Laboratory Method	Broth dilution	CLSI
573.66725	Klebsiella pneumoniae KP_NORM_BLD_116554	ciprofloxacin	Susceptible	Laboratory Method		EUCAST
573.1296	Klebsiella pneumoniae 123	ciprofloxacin	Susceptible	Laboratory Method	Broth dilution	CLSI
573.67041	Klebsiella pneumoniae KP_NORM_BLD_61879	ciprofloxacin	Susceptible	Laboratory Method		EUCAST
573.26235	Klebsiella pneumoniae strain 5012STDY7312695	ciprofloxacin	Susceptible	Laboratory Method	Broth dilution	
573.12934	Klebsiella pneumoniae 9	ciprofloxacin	Susceptible	Laboratory Method	Broth dilution	CLSI
573.15577	Klebsiella pneumoniae strain KSB2_4B	ciprofloxacin	Susceptible	Laboratory Method	Broth dilution	CLSI
573.66654	Klebsiella pneumoniae KP_NORM_BLD_114603	ciprofloxacin	Susceptible	Laboratory Method		EUCAST
573.6661	Klebsiella pneumoniae KP_NORM_BLD_112927	ciprofloxacin	Susceptible	Laboratory Method		EUCAST
573.13501	Klebsiella pneumoniae KPN1573ec	ciprofloxacin	Susceptible	Laboratory Method	Broth dilution	CLSI
573.26129	Klebsiella pneumoniae strain 5012STDY7312743	ciprofloxacin	Susceptible	Laboratory Method	Broth dilution	
573.67007	Klebsiella pneumoniae KP_NORM_BLD_60904	ciprofloxacin	Susceptible	Laboratory Method		EUCAST
573.12771	Klebsiella pneumoniae strain AR_0126	ciprofloxacin	Susceptible	Laboratory Method	Broth dilution	CLSI
573.13004	Klebsiella pneumoniae 95	ciprofloxacin	Susceptible	Laboratory Method	Broth dilution	CLSI
573.46112	Klebsiella pneumoniae KSB2_2D	ciprofloxacin	Susceptible	Laboratory Method	Broth dilution	CLSI
573.46078	Klebsiella pneumoniae INF073	ciprofloxacin	Susceptible	Laboratory Method	Broth dilution	CLSI
573.24302	Klebsiella pneumoniae strain 415	ciprofloxacin	Susceptible	Laboratory Method	Broth dilution	CLSI
573.67158	Klebsiella pneumoniae KP_NORM_URN_2014_103762	ciprofloxacin	Susceptible	Laboratory Method		EUCAST
573.26162	Klebsiella pneumoniae strain 5012STDY7312600	ciprofloxacin	Susceptible	Laboratory Method	Broth dilution	
573.24257	Klebsiella pneumoniae strain 180	ciprofloxacin	Susceptible	Laboratory Method	Disk diffusion	CLSI
573.15511	Klebsiella pneumoniae strain INF025	ciprofloxacin	Susceptible	Laboratory Method	Broth dilution	CLSI
573.26246	Klebsiella pneumoniae strain 5012STDY7626366	ciprofloxacin	Susceptible	Laboratory Method	Broth dilution	
573.26226	Klebsiella pneumoniae strain 5012STDY7312688	ciprofloxacin	Susceptible	Laboratory Method	Broth dilution	
573.26106	Klebsiella pneumoniae strain 5012STDY7312729	ciprofloxacin	Susceptible	Laboratory Method	Broth dilution	
573.66684	Klebsiella pneumoniae KP_NORM_BLD_115781	ciprofloxacin	Susceptible	Laboratory Method		EUCAST
573.15585	Klebsiella pneumoniae strain KSB2_8C	ciprofloxacin	Susceptible	Laboratory Method	Broth dilution	CLSI
573.66804	Klebsiella pneumoniae KP_NORM_BLD_13885	ciprofloxacin	Susceptible	Laboratory Method		EUCAST
573.67082	Klebsiella pneumoniae KP_NORM_BLD_62922	ciprofloxacin	Susceptible	Laboratory Method		EUCAST
573.46105	Klebsiella pneumoniae KSB1_8F	ciprofloxacin	Susceptible	Laboratory Method	Broth dilution	CLSI
573.2322	Klebsiella pneumoniae strain KP_046	ciprofloxacin	Susceptible	Laboratory Method	Disk diffusion	CLSI
573.13608	Klebsiella pneumoniae KPN1705ec	ciprofloxacin	Susceptible	Laboratory Method	Broth dilution	CLSI
573.66778	Klebsiella pneumoniae KP_NORM_BLD_13379	ciprofloxacin	Susceptible	Laboratory Method		EUCAST
573.15567	Klebsiella pneumoniae strain KSB1_9I	ciprofloxacin	Susceptible	Laboratory Method	Broth dilution	CLSI
573.26181	Klebsiella pneumoniae strain 5012STDY7312613	ciprofloxacin	Susceptible	Laboratory Method	Broth dilution	
573.13967	Klebsiella pneumoniae KPN220ec	ciprofloxacin	Susceptible	Laboratory Method	Broth dilution	CLSI
573.14334	Klebsiella pneumoniae KPN707ec	ciprofloxacin	Susceptible	Laboratory Method	Broth dilution	CLSI
573.12922	Klebsiella pneumoniae 60	ciprofloxacin	Susceptible	Laboratory Method	Broth dilution	CLSI
573.15444	Klebsiella pneumoniae strain 10315_6#24	ciprofloxacin	Susceptible	Laboratory Method	Disk diffusion	CLSI
573.26204	Klebsiella pneumoniae strain 5012STDY7312666	ciprofloxacin	Susceptible	Laboratory Method	Broth dilution	
573.668	Klebsiella pneumoniae KP_NORM_BLD_13748	ciprofloxacin	Susceptible	Laboratory Method		EUCAST
573.12926	Klebsiella pneumoniae 23	ciprofloxacin	Susceptible	Laboratory Method	Broth dilution	CLSI
573.67058	Klebsiella pneumoniae KP_NORM_BLD_62214	ciprofloxacin	Susceptible	Laboratory Method		EUCAST
573.26285	Klebsiella pneumoniae strain 5012STDY7626403	ciprofloxacin	Susceptible	Laboratory Method	Broth dilution	
573.34261	Klebsiella pneumoniae strain INF313-sc-2280106	ciprofloxacin	Susceptible	Laboratory Method	Broth dilution	CLSI
573.6664	Klebsiella pneumoniae KP_NORM_BLD_114326	ciprofloxacin	Susceptible	Laboratory Method		EUCAST
72407.562	Klebsiella pneumoniae subsp. pneumoniae strain 3189STDY5864789	ciprofloxacin	Susceptible	Laboratory Method	Broth dilution	CLSI
573.1302	Klebsiella pneumoniae 41	ciprofloxacin	Susceptible	Laboratory Method	Broth dilution	CLSI
573.66599	Klebsiella pneumoniae KP_NORM_BLD_112139	ciprofloxacin	Susceptible	Laboratory Method		EUCAST
573.131	Klebsiella pneumoniae KPN1094ec	ciprofloxacin	Susceptible	Laboratory Method	Broth dilution	CLSI
573.66613	Klebsiella pneumoniae KP_NORM_BLD_113303	ciprofloxacin	Susceptible	Laboratory Method		EUCAST
573.13017	Klebsiella pneumoniae 3242	ciprofloxacin	Susceptible	Laboratory Method	Broth dilution	CLSI
573.12963	Klebsiella pneumoniae 31	ciprofloxacin	Susceptible	Laboratory Method	Broth dilution	CLSI
573.13279	Klebsiella pneumoniae KPN1316ec	ciprofloxacin	Susceptible	Laboratory Method	Broth dilution	CLSI
573.13662	Klebsiella pneumoniae KPN1768ec	ciprofloxacin	Susceptible	Laboratory Method	Broth dilution	CLSI
573.46106	Klebsiella pneumoniae KSB1_8H	ciprofloxacin	Susceptible	Laboratory Method	Broth dilution	CLSI
573.26086	Klebsiella pneumoniae strain 5012STDY7312719	ciprofloxacin	Susceptible	Laboratory Method	Broth dilution	
573.66872	Klebsiella pneumoniae KP_NORM_BLD_2010_71723	ciprofloxacin	Susceptible	Laboratory Method		EUCAST
573.26274	Klebsiella pneumoniae strain 5012STDY7626393	ciprofloxacin	Susceptible	Laboratory Method	Broth dilution	
573.66701	Klebsiella pneumoniae KP_NORM_BLD_116247	ciprofloxacin	Susceptible	Laboratory Method		EUCAST
573.26073	Klebsiella pneumoniae strain 5012STDY7312711	ciprofloxacin	Susceptible	Laboratory Method	Broth dilution	
573.66789	Klebsiella pneumoniae KP_NORM_BLD_13534	ciprofloxacin	Susceptible	Laboratory Method		EUCAST
573.66827	Klebsiella pneumoniae KP_NORM_BLD_14222	ciprofloxacin	Susceptible	Laboratory Method		EUCAST
573.46084	Klebsiella pneumoniae INF112	ciprofloxacin	Susceptible	Laboratory Method	Broth dilution	CLSI
573.26121	Klebsiella pneumoniae strain 5012STDY7312736	ciprofloxacin	Susceptible	Laboratory Method	Broth dilution	
573.26133	Klebsiella pneumoniae strain 5012STDY7312750	ciprofloxacin	Susceptible	Laboratory Method	Broth dilution	
573.15574	Klebsiella pneumoniae strain KSB2_7A	ciprofloxacin	Susceptible	Laboratory Method	Broth dilution	CLSI
573.66949	Klebsiella pneumoniae KP_NORM_BLD_228	ciprofloxacin	Susceptible	Laboratory Method		EUCAST
573.12859	Klebsiella pneumoniae 3248	ciprofloxacin	Susceptible	Laboratory Method	Broth dilution	CLSI
573.31116	Klebsiella pneumoniae strain D29665	ciprofloxacin	Susceptible	Laboratory Method	Disk diffusion	British Society for Antimicrobial Chemotherapy (BSAC)
573.24353	Klebsiella pneumoniae strain MUGSI_141	ciprofloxacin	Susceptible	Laboratory Method	Broth dilution	CLSI
573.1291	Klebsiella pneumoniae 3315	ciprofloxacin	Susceptible	Laboratory Method	Broth dilution	CLSI
573.13719	Klebsiella pneumoniae KPN1856ec	ciprofloxacin	Susceptible	Laboratory Method	Broth dilution	CLSI
573.26224	Klebsiella pneumoniae strain 5012STDY7312690	ciprofloxacin	Susceptible	Laboratory Method	Broth dilution	
573.66998	Klebsiella pneumoniae KP_NORM_BLD_60606	ciprofloxacin	Susceptible	Laboratory Method		EUCAST
573.67106	Klebsiella pneumoniae KP_NORM_BLD_63801	ciprofloxacin	Susceptible	Laboratory Method		EUCAST
573.66573	Klebsiella pneumoniae KP_NORM_BLD_1042	ciprofloxacin	Susceptible	Laboratory Method		EUCAST
573.66978	Klebsiella pneumoniae KP_NORM_BLD_3093	ciprofloxacin	Susceptible	Laboratory Method		EUCAST
573.67101	Klebsiella pneumoniae KP_NORM_BLD_63373	ciprofloxacin	Susceptible	Laboratory Method		EUCAST
573.66833	Klebsiella pneumoniae KP_NORM_BLD_1683	ciprofloxacin	Susceptible	Laboratory Method		EUCAST
573.13935	Klebsiella pneumoniae KPN2121ec	ciprofloxacin	Susceptible	Laboratory Method	Broth dilution	CLSI
573.66766	Klebsiella pneumoniae KP_NORM_BLD_13124	ciprofloxacin	Susceptible	Laboratory Method		EUCAST
573.1444	Klebsiella pneumoniae KPN848ec	ciprofloxacin	Susceptible	Laboratory Method	Broth dilution	CLSI
573.12984	Klebsiella pneumoniae 63	ciprofloxacin	Susceptible	Laboratory Method	Broth dilution	CLSI
573.66808	Klebsiella pneumoniae KP_NORM_BLD_13890	ciprofloxacin	Susceptible	Laboratory Method		EUCAST
573.46096	Klebsiella pneumoniae KSB1_1D	ciprofloxacin	Susceptible	Laboratory Method	Broth dilution	CLSI
573.13277	Klebsiella pneumoniae KPN1314ec	ciprofloxacin	Susceptible	Laboratory Method	Broth dilution	CLSI
573.46089	Klebsiella pneumoniae KSB1_2B	ciprofloxacin	Susceptible	Laboratory Method	Broth dilution	CLSI
573.26155	Klebsiella pneumoniae strain 5012STDY7312592	ciprofloxacin	Susceptible	Laboratory Method	Broth dilution	
573.31088	Klebsiella pneumoniae strain D37100	ciprofloxacin	Susceptible	Laboratory Method	Disk diffusion	British Society for Antimicrobial Chemotherapy (BSAC)
573.67108	Klebsiella pneumoniae KP_NORM_BLD_63815	ciprofloxacin	Susceptible	Laboratory Method		EUCAST
573.1561	Klebsiella pneumoniae strain INF333	ciprofloxacin	Susceptible	Laboratory Method	Broth dilution	CLSI
573.26115	Klebsiella pneumoniae strain 5012STDY7312733	ciprofloxacin	Susceptible	Laboratory Method	Broth dilution	
573.67114	Klebsiella pneumoniae KP_NORM_BLD_63839	ciprofloxacin	Susceptible	Laboratory Method		EUCAST
72407.594	Klebsiella pneumoniae subsp. pneumoniae strain 3189STDY5864825	ciprofloxacin	Susceptible	Laboratory Method	Broth dilution	CLSI
573.66708	Klebsiella pneumoniae KP_NORM_BLD_116255	ciprofloxacin	Susceptible	Laboratory Method		EUCAST
573.67089	Klebsiella pneumoniae KP_NORM_BLD_62914	ciprofloxacin	Susceptible	Laboratory Method		EUCAST
573.67099	Klebsiella pneumoniae KP_NORM_BLD_63333	ciprofloxacin	Susceptible	Laboratory Method		EUCAST
573.66768	Klebsiella pneumoniae KP_NORM_BLD_13129	ciprofloxacin	Susceptible	Laboratory Method		EUCAST
573.67097	Klebsiella pneumoniae KP_NORM_BLD_63331	ciprofloxacin	Susceptible	Laboratory Method		EUCAST
573.66806	Klebsiella pneumoniae KP_NORM_BLD_13888	ciprofloxacin	Susceptible	Laboratory Method		EUCAST
573.66867	Klebsiella pneumoniae KP_NORM_BLD_2009_63477	ciprofloxacin	Susceptible	Laboratory Method		EUCAST
573.67063	Klebsiella pneumoniae KP_NORM_BLD_62488	ciprofloxacin	Susceptible	Laboratory Method		EUCAST
573.26234	Klebsiella pneumoniae strain 5012STDY7626538	ciprofloxacin	Susceptible	Laboratory Method	Broth dilution	
573.67077	Klebsiella pneumoniae KP_NORM_BLD_62649	ciprofloxacin	Susceptible	Laboratory Method		EUCAST
573.66763	Klebsiella pneumoniae KP_NORM_BLD_13117	ciprofloxacin	Susceptible	Laboratory Method		EUCAST
573.46113	Klebsiella pneumoniae KSB2_8D	ciprofloxacin	Susceptible	Laboratory Method	Broth dilution	CLSI
573.66581	Klebsiella pneumoniae KP_NORM_BLD_110770	ciprofloxacin	Susceptible	Laboratory Method		EUCAST
573.4611	Klebsiella pneumoniae KSB2_1D	ciprofloxacin	Susceptible	Laboratory Method	Broth dilution	CLSI
573.66625	Klebsiella pneumoniae KP_NORM_BLD_113888	ciprofloxacin	Susceptible	Laboratory Method		EUCAST
573.46107	Klebsiella pneumoniae KSB1_2I	ciprofloxacin	Susceptible	Laboratory Method	Broth dilution	CLSI
573.15519	Klebsiella pneumoniae strain INF073	ciprofloxacin	Susceptible	Laboratory Method	Broth dilution	CLSI
573.15543	Klebsiella pneumoniae strain KSB1_3C	ciprofloxacin	Susceptible	Laboratory Method	Broth dilution	CLSI
573.26238	Klebsiella pneumoniae strain 5012STDY7626475	ciprofloxacin	Susceptible	Laboratory Method	Broth dilution	
573.1562	Klebsiella pneumoniae strain KSB1_5J	ciprofloxacin	Susceptible	Laboratory Method	Broth dilution	CLSI
573.26194	Klebsiella pneumoniae strain 5012STDY7312663	ciprofloxacin	Susceptible	Laboratory Method	Broth dilution	
573.31096	Klebsiella pneumoniae strain D41222	ciprofloxacin	Susceptible	Laboratory Method	Disk diffusion	British Society for Antimicrobial Chemotherapy (BSAC)
573.34283	Klebsiella pneumoniae strain KSB1_8J-sc-2280307	ciprofloxacin	Susceptible	Laboratory Method	Broth dilution	CLSI
573.66597	Klebsiella pneumoniae KP_NORM_BLD_112162	ciprofloxacin	Susceptible	Laboratory Method		EUCAST
1284797.4	Klebsiella pneumoniae DMC0799	ciprofloxacin	Susceptible	Laboratory Method		
573.66688	Klebsiella pneumoniae KP_NORM_BLD_115984	ciprofloxacin	Susceptible	Laboratory Method		EUCAST
573.5828	Klebsiella pneumoniae strain PB86	ciprofloxacin	Susceptible	Laboratory Method	Broth dilution	EUCAST
573.6712	Klebsiella pneumoniae KP_NORM_BLD_68	ciprofloxacin	Susceptible	Laboratory Method		EUCAST
573.5694	Klebsiella pneumoniae strain W2-1-ERG5	ciprofloxacin	Susceptible	Laboratory Method	Broth dilution	EUCAST
573.66838	Klebsiella pneumoniae KP_NORM_BLD_1692	ciprofloxacin	Susceptible	Laboratory Method		EUCAST
573.66898	Klebsiella pneumoniae KP_NORM_BLD_2012_85426	ciprofloxacin	Susceptible	Laboratory Method		EUCAST
573.13527	Klebsiella pneumoniae KPN1607ec	ciprofloxacin	Susceptible	Laboratory Method	Broth dilution	CLSI
573.26084	Klebsiella pneumoniae strain 5012STDY7312575	ciprofloxacin	Susceptible	Laboratory Method	Broth dilution	
573.15538	Klebsiella pneumoniae strain KSB1_2A	ciprofloxacin	Susceptible	Laboratory Method	Broth dilution	CLSI
573.26112	Klebsiella pneumoniae strain 5012STDY7312730	ciprofloxacin	Susceptible	Laboratory Method	Broth dilution	
573.67003	Klebsiella pneumoniae KP_NORM_BLD_60782	ciprofloxacin	Susceptible	Laboratory Method		EUCAST
573.66672	Klebsiella pneumoniae KP_NORM_BLD_115382	ciprofloxacin	Susceptible	Laboratory Method		EUCAST
573.66727	Klebsiella pneumoniae KP_NORM_BLD_116566	ciprofloxacin	Susceptible	Laboratory Method		EUCAST
573.66691	Klebsiella pneumoniae KP_NORM_BLD_115987	ciprofloxacin	Susceptible	Laboratory Method		EUCAST
573.15581	Klebsiella pneumoniae strain KSB2_1C	ciprofloxacin	Susceptible	Laboratory Method	Broth dilution	CLSI
72407.555	Klebsiella pneumoniae subsp. pneumoniae strain 3189STDY5864783	ciprofloxacin	Susceptible	Laboratory Method	Broth dilution	CLSI
573.12959	Klebsiella pneumoniae 3283	ciprofloxacin	Susceptible	Laboratory Method	Broth dilution	CLSI
573.67171	Klebsiella pneumoniae KP_NORM_URN_2015_109238	ciprofloxacin	Susceptible	Laboratory Method		EUCAST
573.14309	Klebsiella pneumoniae KPN678ec	ciprofloxacin	Susceptible	Laboratory Method	Broth dilution	CLSI
573.66957	Klebsiella pneumoniae KP_NORM_BLD_2399	ciprofloxacin	Susceptible	Laboratory Method		EUCAST
573.66842	Klebsiella pneumoniae KP_NORM_BLD_1883	ciprofloxacin	Susceptible	Laboratory Method		EUCAST
573.15561	Klebsiella pneumoniae strain KSB1_2G	ciprofloxacin	Susceptible	Laboratory Method	Broth dilution	CLSI
573.2616	Klebsiella pneumoniae strain 5012STDY7312597	ciprofloxacin	Susceptible	Laboratory Method	Broth dilution	
573.6706	Klebsiella pneumoniae KP_NORM_BLD_62204	ciprofloxacin	Susceptible	Laboratory Method		EUCAST
573.26123	Klebsiella pneumoniae strain 5012STDY7312742	ciprofloxacin	Susceptible	Laboratory Method	Broth dilution	
573.66802	Klebsiella pneumoniae KP_NORM_BLD_13877	ciprofloxacin	Susceptible	Laboratory Method		EUCAST
573.31108	Klebsiella pneumoniae strain D44912	ciprofloxacin	Susceptible	Laboratory Method	Disk diffusion	British Society for Antimicrobial Chemotherapy (BSAC)
573.26288	Klebsiella pneumoniae strain 5012STDY7626407	ciprofloxacin	Susceptible	Laboratory Method	Broth dilution	
573.12935	Klebsiella pneumoniae 104	ciprofloxacin	Susceptible	Laboratory Method	Broth dilution	CLSI
573.66783	Klebsiella pneumoniae KP_NORM_BLD_13383	ciprofloxacin	Susceptible	Laboratory Method		EUCAST
573.26249	Klebsiella pneumoniae strain 5012STDY7626369	ciprofloxacin	Susceptible	Laboratory Method	Broth dilution	
573.15568	Klebsiella pneumoniae strain KSB1_2J	ciprofloxacin	Susceptible	Laboratory Method	Broth dilution	CLSI
573.66591	Klebsiella pneumoniae KP_NORM_BLD_111602	ciprofloxacin	Susceptible	Laboratory Method		EUCAST
573.31076	Klebsiella pneumoniae strain PH73	ciprofloxacin	Susceptible	Laboratory Method	Disk diffusion	CLSI
573.67044	Klebsiella pneumoniae KP_NORM_BLD_61894	ciprofloxacin	Susceptible	Laboratory Method		EUCAST
573.13726	Klebsiella pneumoniae KPN1863ec	ciprofloxacin	Susceptible	Laboratory Method	Broth dilution	CLSI
573.5793	Klebsiella pneumoniae strain PB256	ciprofloxacin	Susceptible	Laboratory Method	Broth dilution	EUCAST
573.31071	Klebsiella pneumoniae strain WU10	ciprofloxacin	Susceptible	Laboratory Method	Disk diffusion	CLSI
573.13651	Klebsiella pneumoniae KPN1755ec	ciprofloxacin	Susceptible	Laboratory Method	Broth dilution	CLSI
573.66572	Klebsiella pneumoniae KP_NORM_BLD_1038	ciprofloxacin	Susceptible	Laboratory Method		EUCAST
72407.488	Klebsiella pneumoniae subsp. pneumoniae strain 3189STDY5864846	ciprofloxacin	Susceptible	Laboratory Method	Broth dilution	CLSI
573.46114	Klebsiella pneumoniae INF003	ciprofloxacin	Susceptible	Laboratory Method	Broth dilution	CLSI
573.31144	Klebsiella pneumoniae strain D4743	ciprofloxacin	Susceptible	Laboratory Method	Disk diffusion	British Society for Antimicrobial Chemotherapy (BSAC)
573.13141	Klebsiella pneumoniae KPN1142ec	ciprofloxacin	Susceptible	Laboratory Method	Broth dilution	CLSI
573.24348	Klebsiella pneumoniae strain MUGSI_131	ciprofloxacin	Susceptible	Laboratory Method	Broth dilution	CLSI
573.15521	Klebsiella pneumoniae strain INF168	ciprofloxacin	Susceptible	Laboratory Method	Broth dilution	CLSI
573.66692	Klebsiella pneumoniae KP_NORM_BLD_115993	ciprofloxacin	Susceptible	Laboratory Method		EUCAST
573.46116	Klebsiella pneumoniae INF269	ciprofloxacin	Susceptible	Laboratory Method	Broth dilution	CLSI
573.46097	Klebsiella pneumoniae KSB1_3D	ciprofloxacin	Susceptible	Laboratory Method	Broth dilution	CLSI
573.46108	Klebsiella pneumoniae KSB1_8I	ciprofloxacin	Susceptible	Laboratory Method	Broth dilution	CLSI
573.66568	Klebsiella pneumoniae KP_NORM_BLD_1034	ciprofloxacin	Susceptible	Laboratory Method		EUCAST
573.66989	Klebsiella pneumoniae KP_NORM_BLD_60421	ciprofloxacin	Susceptible	Laboratory Method		EUCAST
573.6713	Klebsiella pneumoniae KP_NORM_URN_2012_81995	ciprofloxacin	Susceptible	Laboratory Method		EUCAST
573.66767	Klebsiella pneumoniae KP_NORM_BLD_13125	ciprofloxacin	Susceptible	Laboratory Method		EUCAST
573.67098	Klebsiella pneumoniae KP_NORM_BLD_63329	ciprofloxacin	Susceptible	Laboratory Method		EUCAST
573.2615	Klebsiella pneumoniae strain 5012STDY7312566	ciprofloxacin	Susceptible	Laboratory Method	Broth dilution	
573.66703	Klebsiella pneumoniae KP_NORM_BLD_116241	ciprofloxacin	Susceptible	Laboratory Method		EUCAST
573.26217	Klebsiella pneumoniae strain 5012STDY7312681	ciprofloxacin	Susceptible	Laboratory Method	Broth dilution	
573.6701	Klebsiella pneumoniae KP_NORM_BLD_60944	ciprofloxacin	Susceptible	Laboratory Method		EUCAST
573.67154	Klebsiella pneumoniae KP_NORM_URN_2014_97411	ciprofloxacin	Susceptible	Laboratory Method		EUCAST
573.15627	Klebsiella pneumoniae strain KSB1_5G	ciprofloxacin	Susceptible	Laboratory Method	Broth dilution	CLSI
573.67145	Klebsiella pneumoniae KP_NORM_URN_2013_95819	ciprofloxacin	Susceptible	Laboratory Method		EUCAST
573.66629	Klebsiella pneumoniae KP_NORM_BLD_114054	ciprofloxacin	Susceptible	Laboratory Method		EUCAST
573.23223	Klebsiella pneumoniae strain KP_030	ciprofloxacin	Susceptible	Laboratory Method	Disk diffusion	CLSI
573.66616	Klebsiella pneumoniae KP_NORM_BLD_113311	ciprofloxacin	Susceptible	Laboratory Method		EUCAST
573.66756	Klebsiella pneumoniae KP_NORM_BLD_12930	ciprofloxacin	Susceptible	Laboratory Method		EUCAST
573.66777	Klebsiella pneumoniae KP_NORM_BLD_13376	ciprofloxacin	Susceptible	Laboratory Method		EUCAST
573.66791	Klebsiella pneumoniae KP_NORM_BLD_13541	ciprofloxacin	Susceptible	Laboratory Method		EUCAST
573.66819	Klebsiella pneumoniae KP_NORM_BLD_14168	ciprofloxacin	Susceptible	Laboratory Method		EUCAST
573.5709	Klebsiella pneumoniae strain W2-9-ERG1	ciprofloxacin	Susceptible	Laboratory Method	Broth dilution	EUCAST
573.67118	Klebsiella pneumoniae KP_NORM_BLD_65	ciprofloxacin	Susceptible	Laboratory Method		EUCAST
573.26302	Klebsiella pneumoniae strain 5012STDY7626422	ciprofloxacin	Susceptible	Laboratory Method	Broth dilution	
573.31073	Klebsiella pneumoniae strain PH40	ciprofloxacin	Susceptible	Laboratory Method	Disk diffusion	CLSI
573.31132	Klebsiella pneumoniae strain 1011136	ciprofloxacin	Susceptible	Laboratory Method	Disk diffusion	British Society for Antimicrobial Chemotherapy (BSAC)
573.15556	Klebsiella pneumoniae strain KSB1_4F	ciprofloxacin	Susceptible	Laboratory Method	Broth dilution	CLSI
573.66774	Klebsiella pneumoniae KP_NORM_BLD_13372	ciprofloxacin	Susceptible	Laboratory Method		EUCAST
573.26109	Klebsiella pneumoniae strain 5012STDY7312726	ciprofloxacin	Susceptible	Laboratory Method	Broth dilution	
573.66956	Klebsiella pneumoniae KP_NORM_BLD_2398	ciprofloxacin	Susceptible	Laboratory Method		EUCAST
573.67119	Klebsiella pneumoniae KP_NORM_BLD_67	ciprofloxacin	Susceptible	Laboratory Method		EUCAST
573.26305	Klebsiella pneumoniae strain 5012STDY7626425	ciprofloxacin	Susceptible	Laboratory Method	Broth dilution	
573.31075	Klebsiella pneumoniae strain WU2	ciprofloxacin	Susceptible	Laboratory Method	Disk diffusion	CLSI
573.66821	Klebsiella pneumoniae KP_NORM_BLD_14173	ciprofloxacin	Susceptible	Laboratory Method		EUCAST
573.15529	Klebsiella pneumoniae strain INF212	ciprofloxacin	Susceptible	Laboratory Method	Broth dilution	CLSI
573.66737	Klebsiella pneumoniae KP_NORM_BLD_117477	ciprofloxacin	Susceptible	Laboratory Method		EUCAST
573.13521	Klebsiella pneumoniae KPN1597ec	ciprofloxacin	Susceptible	Laboratory Method	Broth dilution	CLSI
573.13745	Klebsiella pneumoniae KPN1881ec	ciprofloxacin	Susceptible	Laboratory Method	Broth dilution	CLSI
573.15552	Klebsiella pneumoniae strain KSB1_5E	ciprofloxacin	Susceptible	Laboratory Method	Broth dilution	CLSI
573.67112	Klebsiella pneumoniae KP_NORM_BLD_63837	ciprofloxacin	Susceptible	Laboratory Method		EUCAST
573.461	Klebsiella pneumoniae KSB1_7D	ciprofloxacin	Susceptible	Laboratory Method	Broth dilution	CLSI
573.26289	Klebsiella pneumoniae strain 5012STDY7626411	ciprofloxacin	Susceptible	Laboratory Method	Broth dilution	
573.66622	Klebsiella pneumoniae KP_NORM_BLD_113773	ciprofloxacin	Susceptible	Laboratory Method		EUCAST
573.6676	Klebsiella pneumoniae KP_NORM_BLD_12931	ciprofloxacin	Susceptible	Laboratory Method		EUCAST
573.66747	Klebsiella pneumoniae KP_NORM_BLD_117577	ciprofloxacin	Susceptible	Laboratory Method		EUCAST
573.31098	Klebsiella pneumoniae strain A44754	ciprofloxacin	Susceptible	Laboratory Method	Disk diffusion	British Society for Antimicrobial Chemotherapy (BSAC)
573.66869	Klebsiella pneumoniae KP_NORM_BLD_2009_63807	ciprofloxacin	Susceptible	Laboratory Method		EUCAST
573.66653	Klebsiella pneumoniae KP_NORM_BLD_114491	ciprofloxacin	Susceptible	Laboratory Method		EUCAST
573.46103	Klebsiella pneumoniae KSB1_1F	ciprofloxacin	Susceptible	Laboratory Method	Broth dilution	CLSI
573.26153	Klebsiella pneumoniae strain 5012STDY7312591	ciprofloxacin	Susceptible	Laboratory Method	Broth dilution	
573.26128	Klebsiella pneumoniae strain 5012STDY7312744	ciprofloxacin	Susceptible	Laboratory Method	Broth dilution	
573.66687	Klebsiella pneumoniae KP_NORM_BLD_115981	ciprofloxacin	Susceptible	Laboratory Method		EUCAST
573.26124	Klebsiella pneumoniae strain 5012STDY7312737	ciprofloxacin	Susceptible	Laboratory Method	Broth dilution	
573.67083	Klebsiella pneumoniae KP_NORM_BLD_62926	ciprofloxacin	Susceptible	Laboratory Method		EUCAST
573.6675	Klebsiella pneumoniae KP_NORM_BLD_12851	ciprofloxacin	Susceptible	Laboratory Method		EUCAST
573.66918	Klebsiella pneumoniae KP_NORM_BLD_2013_92325	ciprofloxacin	Susceptible	Laboratory Method		EUCAST
573.31092	Klebsiella pneumoniae strain 8407	ciprofloxacin	Susceptible	Laboratory Method	Disk diffusion	British Society for Antimicrobial Chemotherapy (BSAC)
573.15536	Klebsiella pneumoniae strain INF346	ciprofloxacin	Susceptible	Laboratory Method	Broth dilution	CLSI
573.667	Klebsiella pneumoniae KP_NORM_BLD_116250	ciprofloxacin	Susceptible	Laboratory Method		EUCAST
573.15515	Klebsiella pneumoniae strain INF062	ciprofloxacin	Susceptible	Laboratory Method	Broth dilution	CLSI
573.13013	Klebsiella pneumoniae 125	ciprofloxacin	Susceptible	Laboratory Method	Broth dilution	CLSI
573.46102	Klebsiella pneumoniae KSB1_8E	ciprofloxacin	Susceptible	Laboratory Method	Broth dilution	CLSI
573.12882	Klebsiella pneumoniae 113	ciprofloxacin	Susceptible	Laboratory Method	Broth dilution	CLSI
573.5676	Klebsiella pneumoniae strain W2-1-ERY5(G)	ciprofloxacin	Susceptible	Laboratory Method	Broth dilution	EUCAST
573.66669	Klebsiella pneumoniae KP_NORM_BLD_115403	ciprofloxacin	Susceptible	Laboratory Method		EUCAST
573.66608	Klebsiella pneumoniae KP_NORM_BLD_112916	ciprofloxacin	Susceptible	Laboratory Method		EUCAST
573.67031	Klebsiella pneumoniae KP_NORM_BLD_61453	ciprofloxacin	Susceptible	Laboratory Method		EUCAST
573.66749	Klebsiella pneumoniae KP_NORM_BLD_12880	ciprofloxacin	Susceptible	Laboratory Method		EUCAST
573.46092	Klebsiella pneumoniae KSB1_8B	ciprofloxacin	Susceptible	Laboratory Method	Broth dilution	CLSI
573.13924	Klebsiella pneumoniae KPN2105ec	ciprofloxacin	Susceptible	Laboratory Method	Broth dilution	CLSI
72407.546	Klebsiella pneumoniae subsp. pneumoniae strain 3189STDY5864774	ciprofloxacin	Susceptible	Laboratory Method	Broth dilution	CLSI
573.67035	Klebsiella pneumoniae KP_NORM_BLD_61470	ciprofloxacin	Susceptible	Laboratory Method		EUCAST
573.26269	Klebsiella pneumoniae strain 5012STDY7626389	ciprofloxacin	Susceptible	Laboratory Method	Broth dilution	
573.67052	Klebsiella pneumoniae KP_NORM_BLD_62173	ciprofloxacin	Susceptible	Laboratory Method		EUCAST
573.1573	Klebsiella pneumoniae strain K1471	ciprofloxacin	Susceptible	Laboratory Method	Disk diffusion	EUCAST
573.26076	Klebsiella pneumoniae strain 5012STDY7312713	ciprofloxacin	Susceptible	Laboratory Method	Broth dilution	
573.15518	Klebsiella pneumoniae strain INF072	ciprofloxacin	Susceptible	Laboratory Method	Broth dilution	CLSI
573.31082	Klebsiella pneumoniae strain WU7	ciprofloxacin	Susceptible	Laboratory Method	Disk diffusion	CLSI
573.26114	Klebsiella pneumoniae strain 5012STDY7312731	ciprofloxacin	Susceptible	Laboratory Method	Broth dilution	
573.66659	Klebsiella pneumoniae KP_NORM_BLD_115338	ciprofloxacin	Susceptible	Laboratory Method		EUCAST
72407.578	Klebsiella pneumoniae subsp. pneumoniae strain 3189STDY5864796	ciprofloxacin	Susceptible	Laboratory Method	Broth dilution	CLSI
573.1417	Klebsiella pneumoniae KPN458ec	ciprofloxacin	Susceptible	Laboratory Method	Broth dilution	CLSI
573.12937	Klebsiella pneumoniae 3251	ciprofloxacin	Susceptible	Laboratory Method	Broth dilution	CLSI
72407.552	Klebsiella pneumoniae subsp. pneumoniae strain 3189STDY5864781	ciprofloxacin	Susceptible	Laboratory Method	Broth dilution	CLSI
573.67051	Klebsiella pneumoniae KP_NORM_BLD_62187	ciprofloxacin	Susceptible	Laboratory Method		EUCAST
573.66829	Klebsiella pneumoniae KP_NORM_BLD_1676	ciprofloxacin	Susceptible	Laboratory Method		EUCAST
573.29995	Klebsiella pneumoniae strain Kpngiani7132556	ciprofloxacin	Susceptible	Laboratory Method	Broth dilution	EUCAST
573.46083	Klebsiella pneumoniae INF114	ciprofloxacin	Susceptible	Laboratory Method	Broth dilution	CLSI
573.15551	Klebsiella pneumoniae strain KSB1_2E	ciprofloxacin	Susceptible	Laboratory Method	Broth dilution	CLSI
573.66961	Klebsiella pneumoniae KP_NORM_BLD_2505	ciprofloxacin	Susceptible	Laboratory Method		EUCAST
573.26116	Klebsiella pneumoniae strain 5012STDY7312738	ciprofloxacin	Susceptible	Laboratory Method	Broth dilution	
573.15586	Klebsiella pneumoniae strain KSB2_9C	ciprofloxacin	Susceptible	Laboratory Method	Broth dilution	CLSI
573.26136	Klebsiella pneumoniae strain 5012STDY7312752	ciprofloxacin	Susceptible	Laboratory Method	Broth dilution	
573.66677	Klebsiella pneumoniae KP_NORM_BLD_115414	ciprofloxacin	Susceptible	Laboratory Method		EUCAST
573.26127	Klebsiella pneumoniae strain 5012STDY7312746	ciprofloxacin	Susceptible	Laboratory Method	Broth dilution	
573.26176	Klebsiella pneumoniae strain 5012STDY7312607	ciprofloxacin	Susceptible	Laboratory Method	Broth dilution	
573.67096	Klebsiella pneumoniae KP_NORM_BLD_63327	ciprofloxacin	Susceptible	Laboratory Method		EUCAST
573.66601	Klebsiella pneumoniae KP_NORM_BLD_112587	ciprofloxacin	Susceptible	Laboratory Method		EUCAST
573.66909	Klebsiella pneumoniae KP_NORM_BLD_2013_90851	ciprofloxacin	Susceptible	Laboratory Method		EUCAST
573.66981	Klebsiella pneumoniae KP_NORM_BLD_3091	ciprofloxacin	Susceptible	Laboratory Method		EUCAST
573.12912	Klebsiella pneumoniae 79	ciprofloxacin	Susceptible	Laboratory Method	Broth dilution	CLSI
573.2624	Klebsiella pneumoniae strain 5012STDY7626482	ciprofloxacin	Susceptible	Laboratory Method	Broth dilution	
573.13015	Klebsiella pneumoniae 70	ciprofloxacin	Susceptible	Laboratory Method	Broth dilution	CLSI
573.13408	Klebsiella pneumoniae KPN1470ec	ciprofloxacin	Susceptible	Laboratory Method	Broth dilution	CLSI
573.26243	Klebsiella pneumoniae strain 5012STDY7626530	ciprofloxacin	Susceptible	Laboratory Method	Broth dilution	
573.15372	Klebsiella pneumoniae strain INF059	ciprofloxacin	Susceptible	Laboratory Method	Broth dilution	CLSI
573.15654	Klebsiella pneumoniae strain K864	ciprofloxacin	Susceptible	Laboratory Method	Disk diffusion	EUCAST
573.66637	Klebsiella pneumoniae KP_NORM_BLD_114318	ciprofloxacin	Susceptible	Laboratory Method		EUCAST
573.66816	Klebsiella pneumoniae KP_NORM_BLD_14171	ciprofloxacin	Susceptible	Laboratory Method		EUCAST
573.14013	Klebsiella pneumoniae KPN275ec	ciprofloxacin	Susceptible	Laboratory Method	Broth dilution	CLSI
573.2612	Klebsiella pneumoniae strain 5012STDY7312740	ciprofloxacin	Susceptible	Laboratory Method	Broth dilution	
573.26103	Klebsiella pneumoniae strain 5012STDY7312564	ciprofloxacin	Susceptible	Laboratory Method	Broth dilution	
573.14073	Klebsiella pneumoniae KPN343ec	ciprofloxacin	Susceptible	Laboratory Method	Broth dilution	CLSI
573.1348	Klebsiella pneumoniae KPN1550ec	ciprofloxacin	Susceptible	Laboratory Method	Broth dilution	CLSI
573.26254	Klebsiella pneumoniae strain 5012STDY7626372	ciprofloxacin	Susceptible	Laboratory Method	Broth dilution	
573.13411	Klebsiella pneumoniae KPN1473ec	ciprofloxacin	Susceptible	Laboratory Method	Broth dilution	CLSI
573.66955	Klebsiella pneumoniae KP_NORM_BLD_231	ciprofloxacin	Susceptible	Laboratory Method		EUCAST
573.129	Klebsiella pneumoniae 1	ciprofloxacin	Susceptible	Laboratory Method	Broth dilution	CLSI
573.66617	Klebsiella pneumoniae KP_NORM_BLD_113867	ciprofloxacin	Susceptible	Laboratory Method		EUCAST
573.66594	Klebsiella pneumoniae KP_NORM_BLD_112137	ciprofloxacin	Susceptible	Laboratory Method		EUCAST
573.35513	Klebsiella pneumoniae strain KSB1_9A	ciprofloxacin	Susceptible	Laboratory Method	Broth dilution	CLSI
573.67159	Klebsiella pneumoniae KP_NORM_URN_2014_97671	ciprofloxacin	Susceptible	Laboratory Method		EUCAST
573.67043	Klebsiella pneumoniae KP_NORM_BLD_61889	ciprofloxacin	Susceptible	Laboratory Method		EUCAST
1284833.4	Klebsiella pneumoniae KP-7	ciprofloxacin	Susceptible	Laboratory Method		
573.24285	Klebsiella pneumoniae strain 335	ciprofloxacin	Susceptible	Laboratory Method	Broth dilution	CLSI
573.66971	Klebsiella pneumoniae KP_NORM_BLD_3070	ciprofloxacin	Susceptible	Laboratory Method		EUCAST
573.66736	Klebsiella pneumoniae KP_NORM_BLD_1166	ciprofloxacin	Susceptible	Laboratory Method		EUCAST
573.13834	Klebsiella pneumoniae KPN2004ec	ciprofloxacin	Susceptible	Laboratory Method	Broth dilution	CLSI
573.12903	Klebsiella pneumoniae 61	ciprofloxacin	Susceptible	Laboratory Method	Broth dilution	CLSI
573.66593	Klebsiella pneumoniae KP_NORM_BLD_112121	ciprofloxacin	Susceptible	Laboratory Method		EUCAST
573.66849	Klebsiella pneumoniae KP_NORM_BLD_2007_46696	ciprofloxacin	Susceptible	Laboratory Method		EUCAST
573.66858	Klebsiella pneumoniae KP_NORM_BLD_2009_61633	ciprofloxacin	Susceptible	Laboratory Method		EUCAST
573.66966	Klebsiella pneumoniae KP_NORM_BLD_2793	ciprofloxacin	Susceptible	Laboratory Method		EUCAST
573.46076	Klebsiella pneumoniae KSB1_10F	ciprofloxacin	Susceptible	Laboratory Method	Broth dilution	CLSI
573.17927	Klebsiella pneumoniae strain AR_0080	ciprofloxacin	Susceptible	Laboratory Method	Broth dilution	CLSI
573.26147	Klebsiella pneumoniae strain 5012STDY7312594	ciprofloxacin	Susceptible	Laboratory Method	Broth dilution	
573.14237	Klebsiella pneumoniae KPN560ec	ciprofloxacin	Susceptible	Laboratory Method	Broth dilution	CLSI
573.15368	Klebsiella pneumoniae strain KSB1_10J	ciprofloxacin	Susceptible	Laboratory Method	Broth dilution	CLSI
573.66596	Klebsiella pneumoniae KP_NORM_BLD_112178	ciprofloxacin	Susceptible	Laboratory Method		EUCAST
573.66959	Klebsiella pneumoniae KP_NORM_BLD_2494	ciprofloxacin	Susceptible	Laboratory Method		EUCAST
573.31109	Klebsiella pneumoniae strain B10140	ciprofloxacin	Susceptible	Laboratory Method	Disk diffusion	British Society for Antimicrobial Chemotherapy (BSAC)
573.12962	Klebsiella pneumoniae 28	ciprofloxacin	Susceptible	Laboratory Method	Broth dilution	CLSI
573.66646	Klebsiella pneumoniae KP_NORM_BLD_114466	ciprofloxacin	Susceptible	Laboratory Method		EUCAST
573.66663	Klebsiella pneumoniae KP_NORM_BLD_115351	ciprofloxacin	Susceptible	Laboratory Method		EUCAST
573.24296	Klebsiella pneumoniae strain 397	ciprofloxacin	Susceptible	Laboratory Method	Broth dilution	CLSI
573.66976	Klebsiella pneumoniae KP_NORM_BLD_3086	ciprofloxacin	Susceptible	Laboratory Method		EUCAST
573.15506	Klebsiella pneumoniae strain 10356_5#81	ciprofloxacin	Susceptible	Laboratory Method	Disk diffusion	CLSI
573.12917	Klebsiella pneumoniae 112	ciprofloxacin	Susceptible	Laboratory Method	Broth dilution	CLSI
573.15584	Klebsiella pneumoniae strain KSB2_7C	ciprofloxacin	Susceptible	Laboratory Method	Broth dilution	CLSI
573.15533	Klebsiella pneumoniae strain INF330	ciprofloxacin	Susceptible	Laboratory Method	Broth dilution	CLSI
573.6669	Klebsiella pneumoniae KP_NORM_BLD_115811	ciprofloxacin	Susceptible	Laboratory Method		EUCAST
573.13403	Klebsiella pneumoniae KPN1462ec	ciprofloxacin	Susceptible	Laboratory Method	Broth dilution	CLSI
573.6702	Klebsiella pneumoniae KP_NORM_BLD_61059	ciprofloxacin	Susceptible	Laboratory Method		EUCAST
573.31143	Klebsiella pneumoniae strain 3208	ciprofloxacin	Susceptible	Laboratory Method	Disk diffusion	British Society for Antimicrobial Chemotherapy (BSAC)
573.3425	Klebsiella pneumoniae strain INF250-sc-2280154	ciprofloxacin	Susceptible	Laboratory Method	Broth dilution	CLSI
573.66942	Klebsiella pneumoniae KP_NORM_BLD_2242	ciprofloxacin	Susceptible	Laboratory Method		EUCAST
573.31121	Klebsiella pneumoniae strain C18	ciprofloxacin	Susceptible	Laboratory Method	Disk diffusion	British Society for Antimicrobial Chemotherapy (BSAC)
573.15621	Klebsiella pneumoniae strain KSB2_5B	ciprofloxacin	Susceptible	Laboratory Method	Broth dilution	CLSI
573.6673	Klebsiella pneumoniae KP_NORM_BLD_116578	ciprofloxacin	Susceptible	Laboratory Method		EUCAST
573.34252	Klebsiella pneumoniae strain KSB1_8D-sc-2280250	ciprofloxacin	Susceptible	Laboratory Method	Broth dilution	CLSI
573.67122	Klebsiella pneumoniae KP_NORM_BLD_781	ciprofloxacin	Susceptible	Laboratory Method		EUCAST
573.66892	Klebsiella pneumoniae KP_NORM_BLD_2011_76199	ciprofloxacin	Susceptible	Laboratory Method		EUCAST
573.66614	Klebsiella pneumoniae KP_NORM_BLD_113315	ciprofloxacin	Susceptible	Laboratory Method		EUCAST
573.67411	Klebsiella pneumoniae MGL_57	ciprofloxacin	Susceptible	Laboratory Method	Disk diffusion	CLSI, EUCAST
573.15555	Klebsiella pneumoniae strain KSB1_10E	ciprofloxacin	Susceptible	Laboratory Method	Broth dilution	CLSI
573.13366	Klebsiella pneumoniae KPN1425ec	ciprofloxacin	Susceptible	Laboratory Method	Broth dilution	CLSI
573.66651	Klebsiella pneumoniae KP_NORM_BLD_114599	ciprofloxacin	Susceptible	Laboratory Method		EUCAST
573.2632	Klebsiella pneumoniae strain 5012STDY7626440	ciprofloxacin	Susceptible	Laboratory Method	Broth dilution	
1328382.3	Klebsiella pneumoniae BWH 15	ciprofloxacin	Susceptible	Laboratory Method	Broth dilution	
573.67131	Klebsiella pneumoniae KP_NORM_URN_2012_81229	ciprofloxacin	Susceptible	Laboratory Method		EUCAST
573.67028	Klebsiella pneumoniae KP_NORM_BLD_61435	ciprofloxacin	Susceptible	Laboratory Method		EUCAST
573.67053	Klebsiella pneumoniae KP_NORM_BLD_62189	ciprofloxacin	Susceptible	Laboratory Method		EUCAST
573.66977	Klebsiella pneumoniae KP_NORM_BLD_3085	ciprofloxacin	Susceptible	Laboratory Method		EUCAST
573.26179	Klebsiella pneumoniae strain 5012STDY7312614	ciprofloxacin	Susceptible	Laboratory Method	Broth dilution	
573.6668	Klebsiella pneumoniae KP_NORM_BLD_115754	ciprofloxacin	Susceptible	Laboratory Method		EUCAST
573.67018	Klebsiella pneumoniae KP_NORM_BLD_61057	ciprofloxacin	Susceptible	Laboratory Method		EUCAST
573.26093	Klebsiella pneumoniae strain 5012STDY7312704	ciprofloxacin	Susceptible	Laboratory Method	Broth dilution	
573.66714	Klebsiella pneumoniae KP_NORM_BLD_116378	ciprofloxacin	Susceptible	Laboratory Method		EUCAST
573.15542	Klebsiella pneumoniae strain KSB1_2C	ciprofloxacin	Susceptible	Laboratory Method	Broth dilution	CLSI
573.66948	Klebsiella pneumoniae KP_NORM_BLD_2255	ciprofloxacin	Susceptible	Laboratory Method		EUCAST
573.6679	Klebsiella pneumoniae KP_NORM_BLD_1347	ciprofloxacin	Susceptible	Laboratory Method		EUCAST
573.12886	Klebsiella pneumoniae 53	ciprofloxacin	Susceptible	Laboratory Method	Broth dilution	CLSI
573.13006	Klebsiella pneumoniae 30	ciprofloxacin	Susceptible	Laboratory Method	Broth dilution	CLSI
573.26316	Klebsiella pneumoniae strain 5012STDY7626436	ciprofloxacin	Susceptible	Laboratory Method	Broth dilution	
573.31069	Klebsiella pneumoniae strain PH28-1	ciprofloxacin	Susceptible	Laboratory Method	Disk diffusion	CLSI
573.67071	Klebsiella pneumoniae KP_NORM_BLD_62504	ciprofloxacin	Susceptible	Laboratory Method		EUCAST
573.26157	Klebsiella pneumoniae strain 5012STDY7312589	ciprofloxacin	Susceptible	Laboratory Method	Broth dilution	
573.6705	Klebsiella pneumoniae KP_NORM_BLD_62164	ciprofloxacin	Susceptible	Laboratory Method		EUCAST
573.66724	Klebsiella pneumoniae KP_NORM_BLD_116446	ciprofloxacin	Susceptible	Laboratory Method		EUCAST
573.15734	Klebsiella pneumoniae strain K1620	ciprofloxacin	Susceptible	Laboratory Method	Disk diffusion	EUCAST
573.24279	Klebsiella pneumoniae strain 308	ciprofloxacin	Susceptible	Laboratory Method	Broth dilution	CLSI
573.66623	Klebsiella pneumoniae KP_NORM_BLD_113898	ciprofloxacin	Susceptible	Laboratory Method		EUCAST
573.26154	Klebsiella pneumoniae strain 5012STDY7312593	ciprofloxacin	Susceptible	Laboratory Method	Broth dilution	
573.13	Klebsiella pneumoniae 33	ciprofloxacin	Susceptible	Laboratory Method	Broth dilution	CLSI
573.66675	Klebsiella pneumoniae KP_NORM_BLD_115390	ciprofloxacin	Susceptible	Laboratory Method		EUCAST
573.12915	Klebsiella pneumoniae 3401	ciprofloxacin	Susceptible	Laboratory Method	Broth dilution	CLSI
573.26148	Klebsiella pneumoniae strain 5012STDY7312590	ciprofloxacin	Susceptible	Laboratory Method	Broth dilution	
573.5797	Klebsiella pneumoniae strain PB173	ciprofloxacin	Susceptible	Laboratory Method	Broth dilution	EUCAST
573.66656	Klebsiella pneumoniae KP_NORM_BLD_115323	ciprofloxacin	Susceptible	Laboratory Method		EUCAST
573.13074	Klebsiella pneumoniae KPN1056ec	ciprofloxacin	Susceptible	Laboratory Method	Broth dilution	CLSI
573.26223	Klebsiella pneumoniae strain 5012STDY7312687	ciprofloxacin	Susceptible	Laboratory Method	Broth dilution	
573.26146	Klebsiella pneumoniae strain 5012STDY7312581	ciprofloxacin	Susceptible	Laboratory Method	Broth dilution	
573.67062	Klebsiella pneumoniae KP_NORM_BLD_622	ciprofloxacin	Susceptible	Laboratory Method		EUCAST
573.3109	Klebsiella pneumoniae strain D40180	ciprofloxacin	Susceptible	Laboratory Method	Disk diffusion	British Society for Antimicrobial Chemotherapy (BSAC)
573.66973	Klebsiella pneumoniae KP_NORM_BLD_2800	ciprofloxacin	Susceptible	Laboratory Method		EUCAST
573.12988	Klebsiella pneumoniae 3312	ciprofloxacin	Susceptible	Laboratory Method	Broth dilution	CLSI
573.67055	Klebsiella pneumoniae KP_NORM_BLD_62193	ciprofloxacin	Susceptible	Laboratory Method		EUCAST
573.67069	Klebsiella pneumoniae KP_NORM_BLD_625	ciprofloxacin	Susceptible	Laboratory Method		EUCAST
573.24334	Klebsiella pneumoniae strain MUGSI_116	ciprofloxacin	Susceptible	Laboratory Method	Broth dilution	CLSI
573.67104	Klebsiella pneumoniae KP_NORM_BLD_63339	ciprofloxacin	Susceptible	Laboratory Method		EUCAST
573.2608	Klebsiella pneumoniae strain 5012STDY7312712	ciprofloxacin	Susceptible	Laboratory Method	Broth dilution	
72407.57	Klebsiella pneumoniae subsp. pneumoniae strain 3189STDY5864792	ciprofloxacin	Susceptible	Laboratory Method	Broth dilution	CLSI
573.26251	Klebsiella pneumoniae strain 5012STDY7626371	ciprofloxacin	Susceptible	Laboratory Method	Broth dilution	
573.6771	Klebsiella pneumoniae KP_NORM_URN_2015_113010	ciprofloxacin	Susceptible	Laboratory Method		EUCAST
72407.501	Klebsiella pneumoniae subsp. pneumoniae strain 3189STDY5864831	ciprofloxacin	Susceptible	Laboratory Method	Broth dilution	CLSI
573.66843	Klebsiella pneumoniae KP_NORM_BLD_1887	ciprofloxacin	Susceptible	Laboratory Method		EUCAST
573.13508	Klebsiella pneumoniae KPN1583ec	ciprofloxacin	Susceptible	Laboratory Method	Broth dilution	CLSI
573.12861	Klebsiella pneumoniae 35	ciprofloxacin	Susceptible	Laboratory Method	Broth dilution	CLSI
573.26206	Klebsiella pneumoniae strain 5012STDY7312673	ciprofloxacin	Susceptible	Laboratory Method	Broth dilution	
573.66685	Klebsiella pneumoniae KP_NORM_BLD_115760	ciprofloxacin	Susceptible	Laboratory Method		EUCAST
573.67172	Klebsiella pneumoniae KP_NORM_URN_2015_109358	ciprofloxacin	Susceptible	Laboratory Method		EUCAST
573.66719	Klebsiella pneumoniae KP_NORM_BLD_116410	ciprofloxacin	Susceptible	Laboratory Method		EUCAST
573.31126	Klebsiella pneumoniae strain D50395	ciprofloxacin	Susceptible	Laboratory Method	Disk diffusion	British Society for Antimicrobial Chemotherapy (BSAC)
573.67024	Klebsiella pneumoniae KP_NORM_BLD_61288	ciprofloxacin	Susceptible	Laboratory Method		EUCAST
573.13498	Klebsiella pneumoniae KPN1570ec	ciprofloxacin	Susceptible	Laboratory Method	Broth dilution	CLSI
573.14499	Klebsiella pneumoniae KPN927ec	ciprofloxacin	Susceptible	Laboratory Method	Broth dilution	CLSI
573.13614	Klebsiella pneumoniae KPN1711ec	ciprofloxacin	Susceptible	Laboratory Method	Broth dilution	CLSI
573.13081	Klebsiella pneumoniae KPN1066ec	ciprofloxacin	Susceptible	Laboratory Method	Broth dilution	CLSI
573.26158	Klebsiella pneumoniae strain 5012STDY7312595	ciprofloxacin	Susceptible	Laboratory Method	Broth dilution	
573.66707	Klebsiella pneumoniae KP_NORM_BLD_116257	ciprofloxacin	Susceptible	Laboratory Method		EUCAST
573.26091	Klebsiella pneumoniae strain 5012STDY7312699	ciprofloxacin	Susceptible	Laboratory Method	Broth dilution	
573.66954	Klebsiella pneumoniae KP_NORM_BLD_232	ciprofloxacin	Susceptible	Laboratory Method		EUCAST
573.15558	Klebsiella pneumoniae strain KSB1_7F	ciprofloxacin	Susceptible	Laboratory Method	Broth dilution	CLSI
573.66718	Klebsiella pneumoniae KP_NORM_BLD_116398	ciprofloxacin	Susceptible	Laboratory Method		EUCAST
573.26078	Klebsiella pneumoniae strain 5012STDY7312715	ciprofloxacin	Susceptible	Laboratory Method	Broth dilution	
573.67012	Klebsiella pneumoniae KP_NORM_BLD_61039	ciprofloxacin	Susceptible	Laboratory Method		EUCAST
573.66901	Klebsiella pneumoniae KP_NORM_BLD_2012_85073	ciprofloxacin	Susceptible	Laboratory Method		EUCAST
573.14171	Klebsiella pneumoniae KPN460ec	ciprofloxacin	Susceptible	Laboratory Method	Broth dilution	CLSI
573.66632	Klebsiella pneumoniae KP_NORM_BLD_114291	ciprofloxacin	Susceptible	Laboratory Method		EUCAST
573.2626	Klebsiella pneumoniae strain 5012STDY7626379	ciprofloxacin	Susceptible	Laboratory Method	Broth dilution	
573.67006	Klebsiella pneumoniae KP_NORM_BLD_60874	ciprofloxacin	Susceptible	Laboratory Method		EUCAST
573.26195	Klebsiella pneumoniae strain 5012STDY7312661	ciprofloxacin	Susceptible	Laboratory Method	Broth dilution	
573.66662	Klebsiella pneumoniae KP_NORM_BLD_115344	ciprofloxacin	Susceptible	Laboratory Method		EUCAST
573.12925	Klebsiella pneumoniae 93	ciprofloxacin	Susceptible	Laboratory Method	Broth dilution	CLSI
72407.589	Klebsiella pneumoniae subsp. pneumoniae strain 3189STDY5864817	ciprofloxacin	Susceptible	Laboratory Method	Broth dilution	CLSI
573.66839	Klebsiella pneumoniae KP_NORM_BLD_1693	ciprofloxacin	Susceptible	Laboratory Method		EUCAST
573.26221	Klebsiella pneumoniae strain 5012STDY7312686	ciprofloxacin	Susceptible	Laboratory Method	Broth dilution	
573.67113	Klebsiella pneumoniae KP_NORM_BLD_63842	ciprofloxacin	Susceptible	Laboratory Method		EUCAST
573.13511	Klebsiella pneumoniae KPN1586ec	ciprofloxacin	Susceptible	Laboratory Method	Broth dilution	CLSI
573.46081	Klebsiella pneumoniae INF159	ciprofloxacin	Susceptible	Laboratory Method	Broth dilution	CLSI
573.12902	Klebsiella pneumoniae 119	ciprofloxacin	Susceptible	Laboratory Method	Broth dilution	CLSI
573.66797	Klebsiella pneumoniae KP_NORM_BLD_13738	ciprofloxacin	Susceptible	Laboratory Method		EUCAST
573.46064	Klebsiella pneumoniae INF282	ciprofloxacin	Susceptible	Laboratory Method	Broth dilution	CLSI
573.15367	Klebsiella pneumoniae strain KSB2_1B	ciprofloxacin	Susceptible	Laboratory Method	Broth dilution	CLSI
573.13845	Klebsiella pneumoniae KPN2015ec	ciprofloxacin	Susceptible	Laboratory Method	Broth dilution	CLSI
573.5711	Klebsiella pneumoniae strain W2-9-ERG10	ciprofloxacin	Susceptible	Laboratory Method	Broth dilution	EUCAST
573.20059	Klebsiella pneumoniae strain AR_0076	ciprofloxacin	Susceptible	Laboratory Method	Broth dilution	CLSI
573.15623	Klebsiella pneumoniae strain INF304	ciprofloxacin	Susceptible	Laboratory Method	Broth dilution	CLSI
573.1556	Klebsiella pneumoniae strain KSB1_1G	ciprofloxacin	Susceptible	Laboratory Method	Broth dilution	CLSI
573.15572	Klebsiella pneumoniae strain KSB2_4A	ciprofloxacin	Susceptible	Laboratory Method	Broth dilution	CLSI
573.26099	Klebsiella pneumoniae strain 5012STDY7312701	ciprofloxacin	Susceptible	Laboratory Method	Broth dilution	
1284834.3	Klebsiella pneumoniae KP-11	ciprofloxacin	Susceptible	Laboratory Method		
573.66841	Klebsiella pneumoniae KP_NORM_BLD_1875	ciprofloxacin	Susceptible	Laboratory Method		EUCAST
573.66792	Klebsiella pneumoniae KP_NORM_BLD_13539	ciprofloxacin	Susceptible	Laboratory Method		EUCAST
573.26211	Klebsiella pneumoniae strain 5012STDY7312677	ciprofloxacin	Susceptible	Laboratory Method	Broth dilution	
573.12906	Klebsiella pneumoniae 98	ciprofloxacin	Susceptible	Laboratory Method	Broth dilution	CLSI
573.46117	Klebsiella pneumoniae INF260	ciprofloxacin	Susceptible	Laboratory Method	Broth dilution	CLSI
573.67014	Klebsiella pneumoniae KP_NORM_BLD_61044	ciprofloxacin	Susceptible	Laboratory Method		EUCAST
72407.559	Klebsiella pneumoniae subsp. pneumoniae strain 3189STDY5864784	ciprofloxacin	Susceptible	Laboratory Method	Broth dilution	CLSI
573.66644	Klebsiella pneumoniae KP_NORM_BLD_114446	ciprofloxacin	Susceptible	Laboratory Method		EUCAST
573.15582	Klebsiella pneumoniae strain KSB2_3C	ciprofloxacin	Susceptible	Laboratory Method	Broth dilution	CLSI
573.67057	Klebsiella pneumoniae KP_NORM_BLD_62210	ciprofloxacin	Susceptible	Laboratory Method		EUCAST
573.66604	Klebsiella pneumoniae KP_NORM_BLD_112902	ciprofloxacin	Susceptible	Laboratory Method		EUCAST
573.66704	Klebsiella pneumoniae KP_NORM_BLD_116239	ciprofloxacin	Susceptible	Laboratory Method		EUCAST
573.66705	Klebsiella pneumoniae KP_NORM_BLD_116236	ciprofloxacin	Susceptible	Laboratory Method		EUCAST
573.6707	Klebsiella pneumoniae KP_NORM_BLD_62501	ciprofloxacin	Susceptible	Laboratory Method		EUCAST
573.1555	Klebsiella pneumoniae strain KSB1_3E	ciprofloxacin	Susceptible	Laboratory Method	Broth dilution	CLSI
573.13199	Klebsiella pneumoniae KPN1208ec	ciprofloxacin	Susceptible	Laboratory Method	Broth dilution	CLSI
573.66999	Klebsiella pneumoniae KP_NORM_BLD_60571	ciprofloxacin	Susceptible	Laboratory Method		EUCAST
573.46109	Klebsiella pneumoniae KSB1_3I	ciprofloxacin	Susceptible	Laboratory Method	Broth dilution	CLSI
573.5724	Klebsiella pneumoniae strain F1-9-ERG2	ciprofloxacin	Susceptible	Laboratory Method	Broth dilution	EUCAST
573.1387	Klebsiella pneumoniae KPN2044ec	ciprofloxacin	Susceptible	Laboratory Method	Broth dilution	CLSI
573.66769	Klebsiella pneumoniae KP_NORM_BLD_13128	ciprofloxacin	Susceptible	Laboratory Method		EUCAST
573.66788	Klebsiella pneumoniae KP_NORM_BLD_1344	ciprofloxacin	Susceptible	Laboratory Method		EUCAST
573.31101	Klebsiella pneumoniae strain D25597	ciprofloxacin	Susceptible	Laboratory Method	Disk diffusion	British Society for Antimicrobial Chemotherapy (BSAC)
72407.505	Klebsiella pneumoniae subsp. pneumoniae strain 3189STDY5864938	ciprofloxacin	Susceptible	Laboratory Method	Broth dilution	CLSI
573.66569	Klebsiella pneumoniae KP_NORM_BLD_1032	ciprofloxacin	Susceptible	Laboratory Method		EUCAST
573.66752	Klebsiella pneumoniae KP_NORM_BLD_12877	ciprofloxacin	Susceptible	Laboratory Method		EUCAST
573.66811	Klebsiella pneumoniae KP_NORM_BLD_13978	ciprofloxacin	Susceptible	Laboratory Method		EUCAST
573.26165	Klebsiella pneumoniae strain 5012STDY7312567	ciprofloxacin	Susceptible	Laboratory Method	Broth dilution	
573.15531	Klebsiella pneumoniae strain INF220	ciprofloxacin	Susceptible	Laboratory Method	Broth dilution	CLSI
573.66837	Klebsiella pneumoniae KP_NORM_BLD_1684	ciprofloxacin	Susceptible	Laboratory Method		EUCAST
573.12983	Klebsiella pneumoniae 44	ciprofloxacin	Susceptible	Laboratory Method	Broth dilution	CLSI
573.26266	Klebsiella pneumoniae strain 5012STDY7626385	ciprofloxacin	Susceptible	Laboratory Method	Broth dilution	
573.26101	Klebsiella pneumoniae strain 5012STDY7312698	ciprofloxacin	Susceptible	Laboratory Method	Broth dilution	
573.67027	Klebsiella pneumoniae KP_NORM_BLD_61433	ciprofloxacin	Susceptible	Laboratory Method		EUCAST
573.15546	Klebsiella pneumoniae strain KSB1_8C	ciprofloxacin	Susceptible	Laboratory Method	Broth dilution	CLSI
573.67015	Klebsiella pneumoniae KP_NORM_BLD_61041	ciprofloxacin	Susceptible	Laboratory Method		EUCAST
573.66986	Klebsiella pneumoniae KP_NORM_BLD_51	ciprofloxacin	Susceptible	Laboratory Method		EUCAST
573.46077	Klebsiella pneumoniae KSB1_6C	ciprofloxacin	Susceptible	Laboratory Method	Broth dilution	CLSI
573.5702	Klebsiella pneumoniae strain PB242	ciprofloxacin	Susceptible	Laboratory Method	Broth dilution	EUCAST
573.26098	Klebsiella pneumoniae strain 5012STDY7312706	ciprofloxacin	Susceptible	Laboratory Method	Broth dilution	
573.14229	Klebsiella pneumoniae KPN550ec	ciprofloxacin	Susceptible	Laboratory Method	Broth dilution	CLSI
573.12875	Klebsiella pneumoniae 77	ciprofloxacin	Susceptible	Laboratory Method	Broth dilution	CLSI
573.66807	Klebsiella pneumoniae KP_NORM_BLD_13892	ciprofloxacin	Susceptible	Laboratory Method		EUCAST
573.66771	Klebsiella pneumoniae KP_NORM_BLD_13135	ciprofloxacin	Susceptible	Laboratory Method		EUCAST
573.26261	Klebsiella pneumoniae strain 5012STDY7626375	ciprofloxacin	Susceptible	Laboratory Method	Broth dilution	
573.46095	Klebsiella pneumoniae KSB1_9C	ciprofloxacin	Susceptible	Laboratory Method	Broth dilution	CLSI
573.26189	Klebsiella pneumoniae strain 5012STDY7312569	ciprofloxacin	Susceptible	Laboratory Method	Broth dilution	
573.26306	Klebsiella pneumoniae strain 5012STDY7626427	ciprofloxacin	Susceptible	Laboratory Method	Broth dilution	
573.67042	Klebsiella pneumoniae KP_NORM_BLD_61892	ciprofloxacin	Susceptible	Laboratory Method		EUCAST
573.26247	Klebsiella pneumoniae strain 5012STDY7626368	ciprofloxacin	Susceptible	Laboratory Method	Broth dilution	
573.66888	Klebsiella pneumoniae KP_NORM_BLD_2011_75117	ciprofloxacin	Susceptible	Laboratory Method		EUCAST
573.15535	Klebsiella pneumoniae strain INF245	ciprofloxacin	Susceptible	Laboratory Method	Broth dilution	CLSI
573.5695	Klebsiella pneumoniae strain PB295	ciprofloxacin	Susceptible	Laboratory Method	Broth dilution	EUCAST
573.6711	Klebsiella pneumoniae KP_NORM_BLD_63832	ciprofloxacin	Susceptible	Laboratory Method		EUCAST
573.31123	Klebsiella pneumoniae strain D5105	ciprofloxacin	Susceptible	Laboratory Method	Disk diffusion	British Society for Antimicrobial Chemotherapy (BSAC)
573.66818	Klebsiella pneumoniae KP_NORM_BLD_14167	ciprofloxacin	Susceptible	Laboratory Method		EUCAST
573.66745	Klebsiella pneumoniae KP_NORM_BLD_117583	ciprofloxacin	Susceptible	Laboratory Method		EUCAST
573.31129	Klebsiella pneumoniae strain D47244	ciprofloxacin	Susceptible	Laboratory Method	Disk diffusion	British Society for Antimicrobial Chemotherapy (BSAC)
573.26225	Klebsiella pneumoniae strain 5012STDY7312692	ciprofloxacin	Susceptible	Laboratory Method	Broth dilution	
573.26212	Klebsiella pneumoniae strain 5012STDY7312571	ciprofloxacin	Susceptible	Laboratory Method	Broth dilution	
573.13046	Klebsiella pneumoniae KPN1020ec	ciprofloxacin	Susceptible	Laboratory Method	Broth dilution	CLSI
573.67115	Klebsiella pneumoniae KP_NORM_BLD_63851	ciprofloxacin	Susceptible	Laboratory Method		EUCAST
573.15573	Klebsiella pneumoniae strain KSB2_6A	ciprofloxacin	Susceptible	Laboratory Method	Broth dilution	CLSI
573.26242	Klebsiella pneumoniae strain 5012STDY7626522	ciprofloxacin	Susceptible	Laboratory Method	Broth dilution	
573.6671	Klebsiella pneumoniae KP_NORM_BLD_116354	ciprofloxacin	Susceptible	Laboratory Method		EUCAST
573.66796	Klebsiella pneumoniae KP_NORM_BLD_13739	ciprofloxacin	Susceptible	Laboratory Method		EUCAST
573.12991	Klebsiella pneumoniae 62	ciprofloxacin	Susceptible	Laboratory Method	Broth dilution	CLSI
573.15554	Klebsiella pneumoniae strain KSB1_9E	ciprofloxacin	Susceptible	Laboratory Method	Broth dilution	CLSI
573.26087	Klebsiella pneumoniae strain 5012STDY7312714	ciprofloxacin	Susceptible	Laboratory Method	Broth dilution	
573.13005	Klebsiella pneumoniae 24	ciprofloxacin	Susceptible	Laboratory Method	Broth dilution	CLSI
573.66574	Klebsiella pneumoniae KP_NORM_BLD_1045	ciprofloxacin	Susceptible	Laboratory Method		EUCAST
573.66699	Klebsiella pneumoniae KP_NORM_BLD_116234	ciprofloxacin	Susceptible	Laboratory Method		EUCAST
573.26263	Klebsiella pneumoniae strain 5012STDY7626383	ciprofloxacin	Susceptible	Laboratory Method	Broth dilution	
573.66642	Klebsiella pneumoniae KP_NORM_BLD_114327	ciprofloxacin	Susceptible	Laboratory Method		EUCAST
72407.557	Klebsiella pneumoniae subsp. pneumoniae strain 3189STDY5864785	ciprofloxacin	Susceptible	Laboratory Method	Broth dilution	CLSI
573.67073	Klebsiella pneumoniae KP_NORM_BLD_62636	ciprofloxacin	Susceptible	Laboratory Method		EUCAST
573.14201	Klebsiella pneumoniae KPN512ec	ciprofloxacin	Susceptible	Laboratory Method	Broth dilution	CLSI
573.66911	Klebsiella pneumoniae KP_NORM_BLD_2013_91433	ciprofloxacin	Susceptible	Laboratory Method		EUCAST
573.6666	Klebsiella pneumoniae KP_NORM_BLD_115332	ciprofloxacin	Susceptible	Laboratory Method		EUCAST
573.66713	Klebsiella pneumoniae KP_NORM_BLD_116361	ciprofloxacin	Susceptible	Laboratory Method		EUCAST
573.67166	Klebsiella pneumoniae KP_NORM_URN_2015_107836	ciprofloxacin	Susceptible	Laboratory Method		EUCAST
573.66975	Klebsiella pneumoniae KP_NORM_BLD_3080	ciprofloxacin	Susceptible	Laboratory Method		EUCAST
573.13057	Klebsiella pneumoniae KPN1034ec	ciprofloxacin	Susceptible	Laboratory Method	Broth dilution	CLSI
573.26203	Klebsiella pneumoniae strain 5012STDY7312672	ciprofloxacin	Susceptible	Laboratory Method	Broth dilution	
573.26141	Klebsiella pneumoniae strain 5012STDY7312584	ciprofloxacin	Susceptible	Laboratory Method	Broth dilution	
573.66722	Klebsiella pneumoniae KP_NORM_BLD_116444	ciprofloxacin	Susceptible	Laboratory Method		EUCAST
573.67019	Klebsiella pneumoniae KP_NORM_BLD_61062	ciprofloxacin	Susceptible	Laboratory Method		EUCAST
573.66874	Klebsiella pneumoniae KP_NORM_BLD_2010_72019	ciprofloxacin	Susceptible	Laboratory Method		EUCAST
573.26184	Klebsiella pneumoniae strain 5012STDY7312617	ciprofloxacin	Susceptible	Laboratory Method	Broth dilution	
573.24449	Klebsiella pneumoniae strain MUGSI_91	ciprofloxacin	Susceptible	Laboratory Method	Broth dilution	CLSI
573.31122	Klebsiella pneumoniae strain D32265	ciprofloxacin	Susceptible	Laboratory Method	Disk diffusion	British Society for Antimicrobial Chemotherapy (BSAC)
573.6704	Klebsiella pneumoniae KP_NORM_BLD_61877	ciprofloxacin	Susceptible	Laboratory Method		EUCAST
573.66638	Klebsiella pneumoniae KP_NORM_BLD_114323	ciprofloxacin	Susceptible	Laboratory Method		EUCAST
573.66865	Klebsiella pneumoniae KP_NORM_BLD_2009_62924	ciprofloxacin	Susceptible	Laboratory Method		EUCAST
573.67123	Klebsiella pneumoniae KP_NORM_BLD_776	ciprofloxacin	Susceptible	Laboratory Method		EUCAST
573.66761	Klebsiella pneumoniae KP_NORM_BLD_13121	ciprofloxacin	Susceptible	Laboratory Method		EUCAST
573.5707	Klebsiella pneumoniae strain W2-5-ERG7	ciprofloxacin	Susceptible	Laboratory Method	Broth dilution	EUCAST
573.66823	Klebsiella pneumoniae KP_NORM_BLD_14175	ciprofloxacin	Susceptible	Laboratory Method		EUCAST
573.67034	Klebsiella pneumoniae KP_NORM_BLD_61459	ciprofloxacin	Susceptible	Laboratory Method		EUCAST
573.66857	Klebsiella pneumoniae KP_NORM_BLD_2008_55153	ciprofloxacin	Susceptible	Laboratory Method		EUCAST
573.66712	Klebsiella pneumoniae KP_NORM_BLD_116364	ciprofloxacin	Susceptible	Laboratory Method		EUCAST
573.26083	Klebsiella pneumoniae strain 5012STDY7312722	ciprofloxacin	Susceptible	Laboratory Method	Broth dilution	
573.46115	Klebsiella pneumoniae INF332	ciprofloxacin	Susceptible	Laboratory Method	Broth dilution	CLSI
573.13627	Klebsiella pneumoniae KPN1725ec	ciprofloxacin	Susceptible	Laboratory Method	Broth dilution	CLSI
573.1373	Klebsiella pneumoniae KPN1867ec	ciprofloxacin	Susceptible	Laboratory Method	Broth dilution	CLSI
573.12889	Klebsiella pneumoniae 51	ciprofloxacin	Susceptible	Laboratory Method	Broth dilution	CLSI
573.26264	Klebsiella pneumoniae strain 5012STDY7626378	ciprofloxacin	Susceptible	Laboratory Method	Broth dilution	
573.13325	Klebsiella pneumoniae KPN1366ec	ciprofloxacin	Susceptible	Laboratory Method	Broth dilution	CLSI
573.66762	Klebsiella pneumoniae KP_NORM_BLD_13122	ciprofloxacin	Susceptible	Laboratory Method		EUCAST
573.14428	Klebsiella pneumoniae KPN831ec	ciprofloxacin	Susceptible	Laboratory Method	Broth dilution	CLSI
573.12872	Klebsiella pneumoniae 15	ciprofloxacin	Susceptible	Laboratory Method	Broth dilution	CLSI
573.15576	Klebsiella pneumoniae strain KSB2_3B	ciprofloxacin	Susceptible	Laboratory Method	Broth dilution	CLSI
573.15605	Klebsiella pneumoniae strain INF143	ciprofloxacin	Susceptible	Laboratory Method	Broth dilution	CLSI
573.66661	Klebsiella pneumoniae KP_NORM_BLD_115327	ciprofloxacin	Susceptible	Laboratory Method		EUCAST
573.66582	Klebsiella pneumoniae KP_NORM_BLD_110764	ciprofloxacin	Susceptible	Laboratory Method		EUCAST
573.66633	Klebsiella pneumoniae KP_NORM_BLD_114297	ciprofloxacin	Susceptible	Laboratory Method		EUCAST
573.13137	Klebsiella pneumoniae KPN1136ec	ciprofloxacin	Susceptible	Laboratory Method	Broth dilution	CLSI
573.12943	Klebsiella pneumoniae 81	ciprofloxacin	Susceptible	Laboratory Method	Broth dilution	CLSI
573.12997	Klebsiella pneumoniae 99	ciprofloxacin	Susceptible	Laboratory Method	Broth dilution	CLSI
573.14305	Klebsiella pneumoniae KPN674ec	ciprofloxacin	Susceptible	Laboratory Method	Broth dilution	CLSI
573.66706	Klebsiella pneumoniae KP_NORM_BLD_116338	ciprofloxacin	Susceptible	Laboratory Method		EUCAST
573.26151	Klebsiella pneumoniae strain 5012STDY7312586	ciprofloxacin	Susceptible	Laboratory Method	Broth dilution	
573.12908	Klebsiella pneumoniae 74	ciprofloxacin	Susceptible	Laboratory Method	Broth dilution	CLSI
573.26219	Klebsiella pneumoniae strain 5012STDY7312683	ciprofloxacin	Susceptible	Laboratory Method	Broth dilution	
573.26214	Klebsiella pneumoniae strain 5012STDY7312680	ciprofloxacin	Susceptible	Laboratory Method	Broth dilution	
573.66686	Klebsiella pneumoniae KP_NORM_BLD_115763	ciprofloxacin	Susceptible	Laboratory Method		EUCAST
573.4612	Klebsiella pneumoniae KSB1_5A	ciprofloxacin	Susceptible	Laboratory Method	Broth dilution	CLSI
573.2613	Klebsiella pneumoniae strain 5012STDY7312578	ciprofloxacin	Susceptible	Laboratory Method	Broth dilution	
573.66933	Klebsiella pneumoniae KP_NORM_BLD_2014_104360	ciprofloxacin	Susceptible	Laboratory Method		EUCAST
573.26297	Klebsiella pneumoniae strain 5012STDY7626417	ciprofloxacin	Susceptible	Laboratory Method	Broth dilution	
573.26172	Klebsiella pneumoniae strain 5012STDY7312611	ciprofloxacin	Susceptible	Laboratory Method	Broth dilution	
573.15564	Klebsiella pneumoniae strain KSB1_10G	ciprofloxacin	Susceptible	Laboratory Method	Broth dilution	CLSI
573.66825	Klebsiella pneumoniae KP_NORM_BLD_14177	ciprofloxacin	Susceptible	Laboratory Method		EUCAST
573.15583	Klebsiella pneumoniae strain KSB2_6C	ciprofloxacin	Susceptible	Laboratory Method	Broth dilution	CLSI
573.34297	Klebsiella pneumoniae strain INF065-sc-2279980	ciprofloxacin	Susceptible	Laboratory Method	Broth dilution	CLSI
573.13456	Klebsiella pneumoniae KPN1523ec	ciprofloxacin	Susceptible	Laboratory Method	Broth dilution	CLSI
573.26094	Klebsiella pneumoniae strain 5012STDY7312697	ciprofloxacin	Susceptible	Laboratory Method	Broth dilution	
573.31135	Klebsiella pneumoniae strain D36068	ciprofloxacin	Susceptible	Laboratory Method	Disk diffusion	British Society for Antimicrobial Chemotherapy (BSAC)
573.67036	Klebsiella pneumoniae KP_NORM_BLD_61475	ciprofloxacin	Susceptible	Laboratory Method		EUCAST
573.13671	Klebsiella pneumoniae KPN1777ec	ciprofloxacin	Susceptible	Laboratory Method	Broth dilution	CLSI
573.26208	Klebsiella pneumoniae strain 5012STDY7312665	ciprofloxacin	Susceptible	Laboratory Method	Broth dilution	
573.66682	Klebsiella pneumoniae KP_NORM_BLD_115796	ciprofloxacin	Susceptible	Laboratory Method		EUCAST
573.66984	Klebsiella pneumoniae KP_NORM_BLD_392	ciprofloxacin	Susceptible	Laboratory Method		EUCAST
573.66673	Klebsiella pneumoniae KP_NORM_BLD_115408	ciprofloxacin	Susceptible	Laboratory Method		EUCAST
573.66917	Klebsiella pneumoniae KP_NORM_BLD_2013_92550	ciprofloxacin	Susceptible	Laboratory Method		EUCAST
573.26291	Klebsiella pneumoniae strain 5012STDY7626412	ciprofloxacin	Susceptible	Laboratory Method	Broth dilution	
573.15545	Klebsiella pneumoniae strain KSB1_7C	ciprofloxacin	Susceptible	Laboratory Method	Broth dilution	CLSI
72407.564	Klebsiella pneumoniae subsp. pneumoniae strain 3189STDY5864788	ciprofloxacin	Susceptible	Laboratory Method	Broth dilution	CLSI
573.31094	Klebsiella pneumoniae strain C28	ciprofloxacin	Susceptible	Laboratory Method	Disk diffusion	British Society for Antimicrobial Chemotherapy (BSAC)
573.15495	Klebsiella pneumoniae strain 10315_6#89	ciprofloxacin	Susceptible	Laboratory Method	Disk diffusion	CLSI
573.67121	Klebsiella pneumoniae KP_NORM_BLD_72	ciprofloxacin	Susceptible	Laboratory Method		EUCAST
573.14411	Klebsiella pneumoniae KPN809ec	ciprofloxacin	Susceptible	Laboratory Method	Broth dilution	CLSI
573.31084	Klebsiella pneumoniae strain WU9	ciprofloxacin	Susceptible	Laboratory Method	Disk diffusion	CLSI
573.24253	Klebsiella pneumoniae strain 167	ciprofloxacin	Susceptible	Laboratory Method	Disk diffusion	CLSI
573.66925	Klebsiella pneumoniae KP_NORM_BLD_2014_104302	ciprofloxacin	Susceptible	Laboratory Method		EUCAST
573.12885	Klebsiella pneumoniae 91	ciprofloxacin	Susceptible	Laboratory Method	Broth dilution	CLSI
573.13514	Klebsiella pneumoniae KPN1590ec	ciprofloxacin	Susceptible	Laboratory Method	Broth dilution	CLSI
573.66988	Klebsiella pneumoniae KP_NORM_BLD_60423	ciprofloxacin	Susceptible	Laboratory Method		EUCAST
573.14047	Klebsiella pneumoniae KPN313ec	ciprofloxacin	Susceptible	Laboratory Method	Broth dilution	CLSI
573.1441	Klebsiella pneumoniae KPN807ec	ciprofloxacin	Susceptible	Laboratory Method	Broth dilution	CLSI
573.13763	Klebsiella pneumoniae KPN1904ec	ciprofloxacin	Susceptible	Laboratory Method	Broth dilution	CLSI
573.67	Klebsiella pneumoniae KP_NORM_BLD_60609	ciprofloxacin	Susceptible	Laboratory Method		EUCAST
573.66689	Klebsiella pneumoniae KP_NORM_BLD_115802	ciprofloxacin	Susceptible	Laboratory Method		EUCAST
573.1559	Klebsiella pneumoniae strain KSB2_5D	ciprofloxacin	Susceptible	Laboratory Method	Broth dilution	CLSI
573.15524	Klebsiella pneumoniae strain INF197	ciprofloxacin	Susceptible	Laboratory Method	Broth dilution	CLSI
573.66626	Klebsiella pneumoniae KP_NORM_BLD_113905	ciprofloxacin	Susceptible	Laboratory Method		EUCAST
573.46104	Klebsiella pneumoniae KSB1_2F	ciprofloxacin	Susceptible	Laboratory Method	Broth dilution	CLSI
573.24281	Klebsiella pneumoniae strain 310	ciprofloxacin	Susceptible	Laboratory Method	Broth dilution	CLSI
573.31119	Klebsiella pneumoniae strain A44810	ciprofloxacin	Susceptible	Laboratory Method	Disk diffusion	British Society for Antimicrobial Chemotherapy (BSAC)
573.12967	Klebsiella pneumoniae 18	ciprofloxacin	Susceptible	Laboratory Method	Broth dilution	CLSI
573.3111	Klebsiella pneumoniae strain D4888	ciprofloxacin	Susceptible	Laboratory Method	Disk diffusion	British Society for Antimicrobial Chemotherapy (BSAC)
573.66717	Klebsiella pneumoniae KP_NORM_BLD_116389	ciprofloxacin	Susceptible	Laboratory Method		EUCAST
573.12995	Klebsiella pneumoniae 5	ciprofloxacin	Susceptible	Laboratory Method	Broth dilution	CLSI
573.1294	Klebsiella pneumoniae 87	ciprofloxacin	Susceptible	Laboratory Method	Broth dilution	CLSI
573.15617	Klebsiella pneumoniae strain KSB2_5C	ciprofloxacin	Susceptible	Laboratory Method	Broth dilution	CLSI
573.13874	Klebsiella pneumoniae KPN2048ec	ciprofloxacin	Susceptible	Laboratory Method	Broth dilution	CLSI
573.34262	Klebsiella pneumoniae strain KSB1_9J-sc-2280309	ciprofloxacin	Susceptible	Laboratory Method	Broth dilution	CLSI
573.26161	Klebsiella pneumoniae strain 5012STDY7312598	ciprofloxacin	Susceptible	Laboratory Method	Broth dilution	
573.66826	Klebsiella pneumoniae KP_NORM_BLD_1672	ciprofloxacin	Susceptible	Laboratory Method		EUCAST
573.13027	Klebsiella pneumoniae 26	ciprofloxacin	Susceptible	Laboratory Method	Broth dilution	CLSI
573.15615	Klebsiella pneumoniae strain KSB1_7B	ciprofloxacin	Susceptible	Laboratory Method	Broth dilution	CLSI
573.13123	Klebsiella pneumoniae KPN1121ec	ciprofloxacin	Susceptible	Laboratory Method	Broth dilution	CLSI
573.12954	Klebsiella pneumoniae 3210	ciprofloxacin	Susceptible	Laboratory Method	Broth dilution	CLSI
573.66759	Klebsiella pneumoniae KP_NORM_BLD_12938	ciprofloxacin	Susceptible	Laboratory Method		EUCAST
573.67009	Klebsiella pneumoniae KP_NORM_BLD_60946	ciprofloxacin	Susceptible	Laboratory Method		EUCAST
573.66754	Klebsiella pneumoniae KP_NORM_BLD_12932	ciprofloxacin	Susceptible	Laboratory Method		EUCAST
573.26199	Klebsiella pneumoniae strain 5012STDY7312570	ciprofloxacin	Susceptible	Laboratory Method	Broth dilution	
573.6695	Klebsiella pneumoniae KP_NORM_BLD_2260	ciprofloxacin	Susceptible	Laboratory Method		EUCAST
573.1554	Klebsiella pneumoniae strain KSB1_4A	ciprofloxacin	Susceptible	Laboratory Method	Broth dilution	CLSI
573.15526	Klebsiella pneumoniae strain INF204	ciprofloxacin	Susceptible	Laboratory Method	Broth dilution	CLSI
573.26222	Klebsiella pneumoniae strain 5012STDY7312684	ciprofloxacin	Susceptible	Laboratory Method	Broth dilution	
573.65896	Klebsiella pneumoniae 012-E1-DxU	ciprofloxacin	Susceptible	Laboratory Method	Disk diffusion	CLSI
573.26267	Klebsiella pneumoniae strain 5012STDY7626387	ciprofloxacin	Susceptible	Laboratory Method	Broth dilution	
573.15547	Klebsiella pneumoniae strain KSB1_2D	ciprofloxacin	Susceptible	Laboratory Method	Broth dilution	CLSI
573.66578	Klebsiella pneumoniae KP_NORM_BLD_108841	ciprofloxacin	Susceptible	Laboratory Method		EUCAST
573.3114	Klebsiella pneumoniae strain A13	ciprofloxacin	Susceptible	Laboratory Method	Disk diffusion	British Society for Antimicrobial Chemotherapy (BSAC)
573.66991	Klebsiella pneumoniae KP_NORM_BLD_60429	ciprofloxacin	Susceptible	Laboratory Method		EUCAST
573.66728	Klebsiella pneumoniae KP_NORM_BLD_116570	ciprofloxacin	Susceptible	Laboratory Method		EUCAST
573.15601	Klebsiella pneumoniae strain INF326	ciprofloxacin	Susceptible	Laboratory Method	Broth dilution	CLSI
573.13102	Klebsiella pneumoniae KPN1096ec	ciprofloxacin	Susceptible	Laboratory Method	Broth dilution	CLSI
573.31099	Klebsiella pneumoniae strain BKQ2ZY	ciprofloxacin	Susceptible	Laboratory Method	Disk diffusion	British Society for Antimicrobial Chemotherapy (BSAC)
573.13422	Klebsiella pneumoniae KPN1485ec	ciprofloxacin	Susceptible	Laboratory Method	Broth dilution	CLSI
573.15373	Klebsiella pneumoniae strain KSB1_7J	ciprofloxacin	Susceptible	Laboratory Method	Broth dilution	CLSI
573.34246	Klebsiella pneumoniae strain INF354-sc-2280183	ciprofloxacin	Susceptible	Laboratory Method	Broth dilution	CLSI
573.13286	Klebsiella pneumoniae KPN1326ec	ciprofloxacin	Susceptible	Laboratory Method	Broth dilution	CLSI
573.66657	Klebsiella pneumoniae KP_NORM_BLD_115319	ciprofloxacin	Susceptible	Laboratory Method		EUCAST
573.66907	Klebsiella pneumoniae KP_NORM_BLD_2012_86925	ciprofloxacin	Susceptible	Laboratory Method		EUCAST
573.13853	Klebsiella pneumoniae KPN2024ec	ciprofloxacin	Susceptible	Laboratory Method	Broth dilution	CLSI
573.66755	Klebsiella pneumoniae KP_NORM_BLD_12936	ciprofloxacin	Susceptible	Laboratory Method		EUCAST
573.46082	Klebsiella pneumoniae INF023	ciprofloxacin	Susceptible	Laboratory Method	Broth dilution	CLSI
573.13739	Klebsiella pneumoniae KPN1876ec	ciprofloxacin	Susceptible	Laboratory Method	Broth dilution	CLSI
573.13844	Klebsiella pneumoniae KPN2013ec	ciprofloxacin	Susceptible	Laboratory Method	Broth dilution	CLSI
573.66992	Klebsiella pneumoniae KP_NORM_BLD_60433	ciprofloxacin	Susceptible	Laboratory Method		EUCAST
573.46079	Klebsiella pneumoniae INF295	ciprofloxacin	Susceptible	Laboratory Method	Broth dilution	CLSI
573.66592	Klebsiella pneumoniae KP_NORM_BLD_112124	ciprofloxacin	Susceptible	Laboratory Method		EUCAST
573.66958	Klebsiella pneumoniae KP_NORM_BLD_2493	ciprofloxacin	Susceptible	Laboratory Method		EUCAST
573.66786	Klebsiella pneumoniae KP_NORM_BLD_1341	ciprofloxacin	Susceptible	Laboratory Method		EUCAST
573.13801	Klebsiella pneumoniae KPN1953ec	ciprofloxacin	Susceptible	Laboratory Method	Broth dilution	CLSI
573.67074	Klebsiella pneumoniae KP_NORM_BLD_62638	ciprofloxacin	Susceptible	Laboratory Method		EUCAST
573.66605	Klebsiella pneumoniae KP_NORM_BLD_112908	ciprofloxacin	Susceptible	Laboratory Method		EUCAST
573.15362	Klebsiella pneumoniae strain KSB1_7E	ciprofloxacin	Susceptible	Laboratory Method	Broth dilution	CLSI
573.26245	Klebsiella pneumoniae strain 5012STDY7626363	ciprofloxacin	Susceptible	Laboratory Method	Broth dilution	
573.15522	Klebsiella pneumoniae strain INF173	ciprofloxacin	Susceptible	Laboratory Method	Broth dilution	CLSI
573.1295	Klebsiella pneumoniae 75	ciprofloxacin	Susceptible	Laboratory Method	Broth dilution	CLSI
573.26145	Klebsiella pneumoniae strain 5012STDY7312583	ciprofloxacin	Susceptible	Laboratory Method	Broth dilution	
573.15612	Klebsiella pneumoniae strain INF339	ciprofloxacin	Susceptible	Laboratory Method	Broth dilution	CLSI
573.13977	Klebsiella pneumoniae KPN232ec	levofloxacin	Resistant	Laboratory Method	Broth dilution	CLSI
573.14119	Klebsiella pneumoniae KPN397ec	levofloxacin	Resistant	Laboratory Method	Broth dilution	CLSI
573.14285	Klebsiella pneumoniae KPN618ec	levofloxacin	Resistant	Laboratory Method	Broth dilution	CLSI
573.13095	Klebsiella pneumoniae KPN1087ec	levofloxacin	Resistant	Laboratory Method	Broth dilution	CLSI
573.14132	Klebsiella pneumoniae KPN412ec	levofloxacin	Resistant	Laboratory Method	Broth dilution	CLSI
573.13449	Klebsiella pneumoniae KPN1516ec	levofloxacin	Resistant	Laboratory Method	Broth dilution	CLSI
573.13496	Klebsiella pneumoniae KPN1568ec	levofloxacin	Resistant	Laboratory Method	Broth dilution	CLSI
573.13273	Klebsiella pneumoniae KPN1309ec	levofloxacin	Resistant	Laboratory Method	Broth dilution	CLSI
573.12874	Klebsiella pneumoniae 3294	levofloxacin	Resistant	Laboratory Method	Broth dilution	CLSI
573.24314	Klebsiella pneumoniae strain 66	levofloxacin	Resistant	Laboratory Method	Disk diffusion	CLSI
573.14404	Klebsiella pneumoniae KPN797ec	levofloxacin	Resistant	Laboratory Method	Broth dilution	CLSI
573.13128	Klebsiella pneumoniae KPN1126ec	levofloxacin	Resistant	Laboratory Method	Broth dilution	CLSI
573.14478	Klebsiella pneumoniae KPN902ec	levofloxacin	Resistant	Laboratory Method	Broth dilution	CLSI
573.13939	Klebsiella pneumoniae KPN2128ec	levofloxacin	Resistant	Laboratory Method	Broth dilution	CLSI
573.13628	Klebsiella pneumoniae KPN1726ec	levofloxacin	Resistant	Laboratory Method	Broth dilution	CLSI
573.13399	Klebsiella pneumoniae KPN145ec	levofloxacin	Resistant	Laboratory Method	Broth dilution	CLSI
573.14426	Klebsiella pneumoniae KPN828ec	levofloxacin	Resistant	Laboratory Method	Broth dilution	CLSI
573.1729	Klebsiella pneumoniae strain KpVA-11	levofloxacin	Resistant	Laboratory Method	Disk diffusion	EUCAST
573.14162	Klebsiella pneumoniae KPN446ec	levofloxacin	Resistant	Laboratory Method	Broth dilution	CLSI
573.1405	Klebsiella pneumoniae KPN316ec	levofloxacin	Resistant	Laboratory Method	Broth dilution	CLSI
573.14011	Klebsiella pneumoniae KPN273ec	levofloxacin	Resistant	Laboratory Method	Broth dilution	CLSI
573.14356	Klebsiella pneumoniae KPN733ec	levofloxacin	Resistant	Laboratory Method	Broth dilution	CLSI
573.1344	Klebsiella pneumoniae KPN1505ec	levofloxacin	Resistant	Laboratory Method	Broth dilution	CLSI
573.24352	Klebsiella pneumoniae strain MUGSI_140	levofloxacin	Resistant	Laboratory Method	Broth dilution	CLSI
1438734.3	Klebsiella pneumoniae CHS 28	levofloxacin	Resistant	Laboratory Method	Broth dilution	
573.24404	Klebsiella pneumoniae strain MUGSI_34	levofloxacin	Resistant	Laboratory Method	Broth dilution	CLSI
573.13571	Klebsiella pneumoniae KPN1665ec	levofloxacin	Resistant	Laboratory Method	Broth dilution	CLSI
573.13156	Klebsiella pneumoniae KPN1160ec	levofloxacin	Resistant	Laboratory Method	Broth dilution	CLSI
573.13445	Klebsiella pneumoniae KPN1512ec	levofloxacin	Resistant	Laboratory Method	Broth dilution	CLSI
573.1449	Klebsiella pneumoniae KPN916ec	levofloxacin	Resistant	Laboratory Method	Broth dilution	CLSI
573.23204	Klebsiella pneumoniae strain KP_346	levofloxacin	Resistant	Laboratory Method	Disk diffusion	CLSI
573.1445	Klebsiella pneumoniae KPN865ec	levofloxacin	Resistant	Laboratory Method	Broth dilution	CLSI
573.13327	Klebsiella pneumoniae KPN1373ec	levofloxacin	Resistant	Laboratory Method	Broth dilution	CLSI
1438747.3	Klebsiella pneumoniae CHS 41	levofloxacin	Resistant	Laboratory Method	Broth dilution	
573.13119	Klebsiella pneumoniae KPN1117ec	levofloxacin	Resistant	Laboratory Method	Broth dilution	CLSI
573.12782	Klebsiella pneumoniae strain AR_0148	levofloxacin	Resistant	Laboratory Method	Broth dilution	CLSI
573.14405	Klebsiella pneumoniae KPN801ec	levofloxacin	Resistant	Laboratory Method	Broth dilution	CLSI
573.13629	Klebsiella pneumoniae KPN1727ec	levofloxacin	Resistant	Laboratory Method	Broth dilution	CLSI
1284820.3	Klebsiella pneumoniae UHKPC22	levofloxacin	Resistant	Laboratory Method		
573.13464	Klebsiella pneumoniae KPN1533ec	levofloxacin	Resistant	Laboratory Method	Broth dilution	CLSI
573.13076	Klebsiella pneumoniae KPN1058ec	levofloxacin	Resistant	Laboratory Method	Broth dilution	CLSI
573.13597	Klebsiella pneumoniae KPN1694ec	levofloxacin	Resistant	Laboratory Method	Broth dilution	CLSI
573.13879	Klebsiella pneumoniae KPN2054ec	levofloxacin	Resistant	Laboratory Method	Broth dilution	CLSI
573.14506	Klebsiella pneumoniae KPN935ec	levofloxacin	Resistant	Laboratory Method	Broth dilution	CLSI
573.7026	Klebsiella pneumoniae strain AR_0039	levofloxacin	Resistant	Laboratory Method	Broth dilution	CLSI
573.13831	Klebsiella pneumoniae KPN2000ec	levofloxacin	Resistant	Laboratory Method	Broth dilution	CLSI
573.23228	Klebsiella pneumoniae strain KP_343	levofloxacin	Resistant	Laboratory Method	Disk diffusion	CLSI
573.7029	Klebsiella pneumoniae strain AR_0005	levofloxacin	Resistant	Laboratory Method	Broth dilution	CLSI
573.13405	Klebsiella pneumoniae KPN1467ec	levofloxacin	Resistant	Laboratory Method	Broth dilution	CLSI
573.13953	Klebsiella pneumoniae KPN2162ec	levofloxacin	Resistant	Laboratory Method	Broth dilution	CLSI
573.13215	Klebsiella pneumoniae KPN1230ec	levofloxacin	Resistant	Laboratory Method	Broth dilution	CLSI
573.13704	Klebsiella pneumoniae KPN1841ec	levofloxacin	Resistant	Laboratory Method	Broth dilution	CLSI
573.12864	Klebsiella pneumoniae 3376	levofloxacin	Resistant	Laboratory Method	Broth dilution	CLSI
573.13407	Klebsiella pneumoniae KPN146ec	levofloxacin	Resistant	Laboratory Method	Broth dilution	CLSI
573.13798	Klebsiella pneumoniae KPN1950ec	levofloxacin	Resistant	Laboratory Method	Broth dilution	CLSI
573.13096	Klebsiella pneumoniae KPN1090ec	levofloxacin	Resistant	Laboratory Method	Broth dilution	CLSI
1438743.3	Klebsiella pneumoniae CHS 37	levofloxacin	Resistant	Laboratory Method	Broth dilution	
573.13747	Klebsiella pneumoniae KPN1883ec	levofloxacin	Resistant	Laboratory Method	Broth dilution	CLSI
573.13451	Klebsiella pneumoniae KPN1518ec	levofloxacin	Resistant	Laboratory Method	Broth dilution	CLSI
573.24367	Klebsiella pneumoniae strain MUGSI_166	levofloxacin	Resistant	Laboratory Method	Broth dilution	CLSI
573.46846	Klebsiella pneumoniae KP-1PI	levofloxacin	Resistant	Laboratory Method	Broth dilution	EUCAST
573.14294	Klebsiella pneumoniae KPN632ec	levofloxacin	Resistant	Laboratory Method	Broth dilution	CLSI
573.14091	Klebsiella pneumoniae KPN368ec	levofloxacin	Resistant	Laboratory Method	Broth dilution	CLSI
573.14381	Klebsiella pneumoniae KPN765ec	levofloxacin	Resistant	Laboratory Method	Broth dilution	CLSI
573.13151	Klebsiella pneumoniae KPN1153ec	levofloxacin	Resistant	Laboratory Method	Broth dilution	CLSI
573.13062	Klebsiella pneumoniae KPN1040ec	levofloxacin	Resistant	Laboratory Method	Broth dilution	CLSI
573.14207	Klebsiella pneumoniae KPN521ec	levofloxacin	Resistant	Laboratory Method	Broth dilution	CLSI
573.1377	Klebsiella pneumoniae KPN1913ec	levofloxacin	Resistant	Laboratory Method	Broth dilution	CLSI
573.24356	Klebsiella pneumoniae strain MUGSI_146	levofloxacin	Resistant	Laboratory Method	Broth dilution	CLSI
573.13588	Klebsiella pneumoniae KPN1685ec	levofloxacin	Resistant	Laboratory Method	Broth dilution	CLSI
573.12862	Klebsiella pneumoniae 3288	levofloxacin	Resistant	Laboratory Method	Broth dilution	CLSI
573.46835	Klebsiella pneumoniae KP-134LU	levofloxacin	Resistant	Laboratory Method	Broth dilution	EUCAST
573.13981	Klebsiella pneumoniae KPN236ec	levofloxacin	Resistant	Laboratory Method	Broth dilution	CLSI
573.13461	Klebsiella pneumoniae KPN1530ec	levofloxacin	Resistant	Laboratory Method	Broth dilution	CLSI
573.14276	Klebsiella pneumoniae KPN609ec	levofloxacin	Resistant	Laboratory Method	Broth dilution	CLSI
573.13161	Klebsiella pneumoniae KPN1166ec	levofloxacin	Resistant	Laboratory Method	Broth dilution	CLSI
573.14269	Klebsiella pneumoniae KPN598ec	levofloxacin	Resistant	Laboratory Method	Broth dilution	CLSI
573.14234	Klebsiella pneumoniae KPN557ec	levofloxacin	Resistant	Laboratory Method	Broth dilution	CLSI
573.13643	Klebsiella pneumoniae KPN1746ec	levofloxacin	Resistant	Laboratory Method	Broth dilution	CLSI
573.14501	Klebsiella pneumoniae KPN929ec	levofloxacin	Resistant	Laboratory Method	Broth dilution	CLSI
573.14319	Klebsiella pneumoniae KPN688ec	levofloxacin	Resistant	Laboratory Method	Broth dilution	CLSI
72407.2889	Klebsiella pneumoniae subsp. pneumoniae MRSN752623	levofloxacin	Resistant	Laboratory Method		
1438735.3	Klebsiella pneumoniae CHS 29	levofloxacin	Resistant	Laboratory Method	Broth dilution	
573.13592	Klebsiella pneumoniae KPN1689ec	levofloxacin	Resistant	Laboratory Method	Broth dilution	CLSI
1438777.3	Klebsiella pneumoniae CHS 73	levofloxacin	Resistant	Laboratory Method	Broth dilution	
573.13073	Klebsiella pneumoniae KPN1055ec	levofloxacin	Resistant	Laboratory Method	Broth dilution	CLSI
573.14206	Klebsiella pneumoniae KPN520ec	levofloxacin	Resistant	Laboratory Method	Broth dilution	CLSI
573.14228	Klebsiella pneumoniae KPN547ec	levofloxacin	Resistant	Laboratory Method	Broth dilution	CLSI
573.1292	Klebsiella pneumoniae 3308	levofloxacin	Resistant	Laboratory Method	Broth dilution	CLSI
573.14139	Klebsiella pneumoniae KPN419ec	levofloxacin	Resistant	Laboratory Method	Broth dilution	CLSI
573.13372	Klebsiella pneumoniae KPN1430ec	levofloxacin	Resistant	Laboratory Method	Broth dilution	CLSI
573.1331	Klebsiella pneumoniae KPN134ec	levofloxacin	Resistant	Laboratory Method	Broth dilution	CLSI
573.14231	Klebsiella pneumoniae KPN553ec	levofloxacin	Resistant	Laboratory Method	Broth dilution	CLSI
573.13793	Klebsiella pneumoniae KPN1946ec	levofloxacin	Resistant	Laboratory Method	Broth dilution	CLSI
573.13622	Klebsiella pneumoniae KPN1719ec	levofloxacin	Resistant	Laboratory Method	Broth dilution	CLSI
573.13353	Klebsiella pneumoniae KPN140ec	levofloxacin	Resistant	Laboratory Method	Broth dilution	CLSI
573.13731	Klebsiella pneumoniae KPN1868ec	levofloxacin	Resistant	Laboratory Method	Broth dilution	CLSI
573.13758	Klebsiella pneumoniae KPN1898ec	levofloxacin	Resistant	Laboratory Method	Broth dilution	CLSI
573.13753	Klebsiella pneumoniae KPN1891ec	levofloxacin	Resistant	Laboratory Method	Broth dilution	CLSI
573.14063	Klebsiella pneumoniae KPN331ec	levofloxacin	Resistant	Laboratory Method	Broth dilution	CLSI
573.14209	Klebsiella pneumoniae KPN523ec	levofloxacin	Resistant	Laboratory Method	Broth dilution	CLSI
573.13799	Klebsiella pneumoniae KPN1951ec	levofloxacin	Resistant	Laboratory Method	Broth dilution	CLSI
573.13583	Klebsiella pneumoniae KPN1679ec	levofloxacin	Resistant	Laboratory Method	Broth dilution	CLSI
1284802.4	Klebsiella pneumoniae UHKPC33	levofloxacin	Resistant	Laboratory Method		
573.14195	Klebsiella pneumoniae KPN504ec	levofloxacin	Resistant	Laboratory Method	Broth dilution	CLSI
1438736.3	Klebsiella pneumoniae CHS 30	levofloxacin	Resistant	Laboratory Method	Broth dilution	
573.24417	Klebsiella pneumoniae strain MUGSI_50	levofloxacin	Resistant	Laboratory Method	Broth dilution	CLSI
1438740.3	Klebsiella pneumoniae CHS 34	levofloxacin	Resistant	Laboratory Method	Broth dilution	
573.14413	Klebsiella pneumoniae KPN811ec	levofloxacin	Resistant	Laboratory Method	Broth dilution	CLSI
573.13652	Klebsiella pneumoniae KPN1756ec	levofloxacin	Resistant	Laboratory Method	Broth dilution	CLSI
573.13088	Klebsiella pneumoniae KPN1075ec	levofloxacin	Resistant	Laboratory Method	Broth dilution	CLSI
573.14308	Klebsiella pneumoniae KPN677ec	levofloxacin	Resistant	Laboratory Method	Broth dilution	CLSI
1438776.3	Klebsiella pneumoniae CHS 72	levofloxacin	Resistant	Laboratory Method	Broth dilution	
573.14473	Klebsiella pneumoniae KPN894ec	levofloxacin	Resistant	Laboratory Method	Broth dilution	CLSI
573.14353	Klebsiella pneumoniae KPN729ec	levofloxacin	Resistant	Laboratory Method	Broth dilution	CLSI
573.1414	Klebsiella pneumoniae KPN420ec	levofloxacin	Resistant	Laboratory Method	Broth dilution	CLSI
573.14159	Klebsiella pneumoniae KPN442ec	levofloxacin	Resistant	Laboratory Method	Broth dilution	CLSI
573.12905	Klebsiella pneumoniae 3263	levofloxacin	Resistant	Laboratory Method	Broth dilution	CLSI
573.2436	Klebsiella pneumoniae strain MUGSI_157	levofloxacin	Resistant	Laboratory Method	Broth dilution	CLSI
573.13937	Klebsiella pneumoniae KPN2125ec	levofloxacin	Resistant	Laboratory Method	Broth dilution	CLSI
573.13163	Klebsiella pneumoniae KPN1168ec	levofloxacin	Resistant	Laboratory Method	Broth dilution	CLSI
573.13873	Klebsiella pneumoniae KPN2047ec	levofloxacin	Resistant	Laboratory Method	Broth dilution	CLSI
573.13389	Klebsiella pneumoniae KPN1448ec	levofloxacin	Resistant	Laboratory Method	Broth dilution	CLSI
573.24365	Klebsiella pneumoniae strain MUGSI_161	levofloxacin	Resistant	Laboratory Method	Broth dilution	CLSI
72407.2897	Klebsiella pneumoniae subsp. pneumoniae MRSN849896	levofloxacin	Resistant	Laboratory Method		
573.14436	Klebsiella pneumoniae KPN841ec	levofloxacin	Resistant	Laboratory Method	Broth dilution	CLSI
573.13896	Klebsiella pneumoniae KPN2073ec	levofloxacin	Resistant	Laboratory Method	Broth dilution	CLSI
573.1454	Klebsiella pneumoniae KPN982ec	levofloxacin	Resistant	Laboratory Method	Broth dilution	CLSI
573.14392	Klebsiella pneumoniae KPN780ec	levofloxacin	Resistant	Laboratory Method	Broth dilution	CLSI
573.14182	Klebsiella pneumoniae KPN472ec	levofloxacin	Resistant	Laboratory Method	Broth dilution	CLSI
573.13373	Klebsiella pneumoniae KPN1431ec	levofloxacin	Resistant	Laboratory Method	Broth dilution	CLSI
573.14058	Klebsiella pneumoniae KPN324ec	levofloxacin	Resistant	Laboratory Method	Broth dilution	CLSI
573.14172	Klebsiella pneumoniae KPN461ec	levofloxacin	Resistant	Laboratory Method	Broth dilution	CLSI
573.13384	Klebsiella pneumoniae KPN1443ec	levofloxacin	Resistant	Laboratory Method	Broth dilution	CLSI
573.13612	Klebsiella pneumoniae KPN1709ec	levofloxacin	Resistant	Laboratory Method	Broth dilution	CLSI
1438781.3	Klebsiella pneumoniae CHS 80	levofloxacin	Resistant	Laboratory Method	Broth dilution	
573.14475	Klebsiella pneumoniae KPN896ec	levofloxacin	Resistant	Laboratory Method	Broth dilution	CLSI
573.13912	Klebsiella pneumoniae KPN208ec	levofloxacin	Resistant	Laboratory Method	Broth dilution	CLSI
573.13213	Klebsiella pneumoniae KPN1224ec	levofloxacin	Resistant	Laboratory Method	Broth dilution	CLSI
573.13991	Klebsiella pneumoniae KPN250ec	levofloxacin	Resistant	Laboratory Method	Broth dilution	CLSI
573.13169	Klebsiella pneumoniae KPN1176ec	levofloxacin	Resistant	Laboratory Method	Broth dilution	CLSI
573.14052	Klebsiella pneumoniae KPN318ec	levofloxacin	Resistant	Laboratory Method	Broth dilution	CLSI
573.13698	Klebsiella pneumoniae KPN1834ec	levofloxacin	Resistant	Laboratory Method	Broth dilution	CLSI
573.14322	Klebsiella pneumoniae KPN692ec	levofloxacin	Resistant	Laboratory Method	Broth dilution	CLSI
573.13369	Klebsiella pneumoniae KPN1428ec	levofloxacin	Resistant	Laboratory Method	Broth dilution	CLSI
573.14184	Klebsiella pneumoniae KPN475ec	levofloxacin	Resistant	Laboratory Method	Broth dilution	CLSI
573.14034	Klebsiella pneumoniae KPN299ec	levofloxacin	Resistant	Laboratory Method	Broth dilution	CLSI
573.13727	Klebsiella pneumoniae KPN1864ec	levofloxacin	Resistant	Laboratory Method	Broth dilution	CLSI
573.14103	Klebsiella pneumoniae KPN380ec	levofloxacin	Resistant	Laboratory Method	Broth dilution	CLSI
573.13778	Klebsiella pneumoniae KPN1926ec	levofloxacin	Resistant	Laboratory Method	Broth dilution	CLSI
1304917.4	Klebsiella pneumoniae 160_1080	levofloxacin	Resistant	Laboratory Method		
573.13315	Klebsiella pneumoniae KPN1356ec	levofloxacin	Resistant	Laboratory Method	Broth dilution	CLSI
573.13575	Klebsiella pneumoniae KPN1669ec	levofloxacin	Resistant	Laboratory Method	Broth dilution	CLSI
573.13512	Klebsiella pneumoniae KPN1587ec	levofloxacin	Resistant	Laboratory Method	Broth dilution	CLSI
1438768.3	Klebsiella pneumoniae CHS 62	levofloxacin	Resistant	Laboratory Method	Broth dilution	
573.14417	Klebsiella pneumoniae KPN817ec	levofloxacin	Resistant	Laboratory Method	Broth dilution	CLSI
1438733.3	Klebsiella pneumoniae CHS 27	levofloxacin	Resistant	Laboratory Method	Broth dilution	
573.14375	Klebsiella pneumoniae KPN756ec	levofloxacin	Resistant	Laboratory Method	Broth dilution	CLSI
573.14222	Klebsiella pneumoniae KPN539ec	levofloxacin	Resistant	Laboratory Method	Broth dilution	CLSI
573.13294	Klebsiella pneumoniae KPN1333ec	levofloxacin	Resistant	Laboratory Method	Broth dilution	CLSI
573.23233	Klebsiella pneumoniae strain KP_008	levofloxacin	Resistant	Laboratory Method	Disk diffusion	CLSI
573.1731	Klebsiella pneumoniae strain KpVA-13	levofloxacin	Resistant	Laboratory Method	Disk diffusion	EUCAST
573.13856	Klebsiella pneumoniae KPN2029ec	levofloxacin	Resistant	Laboratory Method	Broth dilution	CLSI
573.14134	Klebsiella pneumoniae KPN414ec	levofloxacin	Resistant	Laboratory Method	Broth dilution	CLSI
573.13303	Klebsiella pneumoniae KPN1342ec	levofloxacin	Resistant	Laboratory Method	Broth dilution	CLSI
573.13811	Klebsiella pneumoniae KPN1975ec	levofloxacin	Resistant	Laboratory Method	Broth dilution	CLSI
573.13761	Klebsiella pneumoniae KPN1902ec	levofloxacin	Resistant	Laboratory Method	Broth dilution	CLSI
573.13465	Klebsiella pneumoniae KPN1534ec	levofloxacin	Resistant	Laboratory Method	Broth dilution	CLSI
573.24411	Klebsiella pneumoniae strain MUGSI_42	levofloxacin	Resistant	Laboratory Method	Broth dilution	CLSI
573.14317	Klebsiella pneumoniae KPN686ec	levofloxacin	Resistant	Laboratory Method	Broth dilution	CLSI
1438712.3	Klebsiella pneumoniae CHS 06	levofloxacin	Resistant	Laboratory Method	Broth dilution	
573.46849	Klebsiella pneumoniae KP-21POB	levofloxacin	Resistant	Laboratory Method	Broth dilution	EUCAST
573.13433	Klebsiella pneumoniae KPN1496ec	levofloxacin	Resistant	Laboratory Method	Broth dilution	CLSI
573.24298	Klebsiella pneumoniae strain 400	levofloxacin	Resistant	Laboratory Method	Broth dilution	CLSI
573.14458	Klebsiella pneumoniae KPN876ec	levofloxacin	Resistant	Laboratory Method	Broth dilution	CLSI
573.46858	Klebsiella pneumoniae KP-2LU	levofloxacin	Resistant	Laboratory Method	Broth dilution	EUCAST
573.14131	Klebsiella pneumoniae KPN411ec	levofloxacin	Resistant	Laboratory Method	Broth dilution	CLSI
573.12973	Klebsiella pneumoniae 3306	levofloxacin	Resistant	Laboratory Method	Broth dilution	CLSI
573.14538	Klebsiella pneumoniae KPN980ec	levofloxacin	Resistant	Laboratory Method	Broth dilution	CLSI
573.1364	Klebsiella pneumoniae KPN1741ec	levofloxacin	Resistant	Laboratory Method	Broth dilution	CLSI
573.17914	Klebsiella pneumoniae strain AR_0363	levofloxacin	Resistant	Laboratory Method	Broth dilution	CLSI
573.13246	Klebsiella pneumoniae KPN1268ec	levofloxacin	Resistant	Laboratory Method	Broth dilution	CLSI
573.12953	Klebsiella pneumoniae 3256	levofloxacin	Resistant	Laboratory Method	Broth dilution	CLSI
573.13503	Klebsiella pneumoniae KPN1577ec	levofloxacin	Resistant	Laboratory Method	Broth dilution	CLSI
573.14213	Klebsiella pneumoniae KPN527ec	levofloxacin	Resistant	Laboratory Method	Broth dilution	CLSI
573.14278	Klebsiella pneumoniae KPN611ec	levofloxacin	Resistant	Laboratory Method	Broth dilution	CLSI
573.13381	Klebsiella pneumoniae KPN143ec	levofloxacin	Resistant	Laboratory Method	Broth dilution	CLSI
573.14249	Klebsiella pneumoniae KPN575ec	levofloxacin	Resistant	Laboratory Method	Broth dilution	CLSI
573.13959	Klebsiella pneumoniae KPN216ec	levofloxacin	Resistant	Laboratory Method	Broth dilution	CLSI
1438773.3	Klebsiella pneumoniae CHS 67	levofloxacin	Resistant	Laboratory Method	Broth dilution	
1328383.3	Klebsiella pneumoniae BWH 22	levofloxacin	Resistant	Laboratory Method	Broth dilution	
1438732.3	Klebsiella pneumoniae CHS 26	levofloxacin	Resistant	Laboratory Method	Broth dilution	
573.14306	Klebsiella pneumoniae KPN675ec	levofloxacin	Resistant	Laboratory Method	Broth dilution	CLSI
1284800.4	Klebsiella pneumoniae UHKPC61	levofloxacin	Resistant	Laboratory Method		
573.14226	Klebsiella pneumoniae KPN545ec	levofloxacin	Resistant	Laboratory Method	Broth dilution	CLSI
573.13024	Klebsiella pneumoniae 3276	levofloxacin	Resistant	Laboratory Method	Broth dilution	CLSI
573.14384	Klebsiella pneumoniae KPN769ec	levofloxacin	Resistant	Laboratory Method	Broth dilution	CLSI
573.14196	Klebsiella pneumoniae KPN507ec	levofloxacin	Resistant	Laboratory Method	Broth dilution	CLSI
573.13487	Klebsiella pneumoniae KPN1559ec	levofloxacin	Resistant	Laboratory Method	Broth dilution	CLSI
1328381.3	Klebsiella pneumoniae BWH 2	levofloxacin	Resistant	Laboratory Method	Broth dilution	
1284825.3	Klebsiella pneumoniae VAKPC254	levofloxacin	Resistant	Laboratory Method		
573.24445	Klebsiella pneumoniae strain MUGSI_86	levofloxacin	Resistant	Laboratory Method	Broth dilution	CLSI
573.14179	Klebsiella pneumoniae KPN469ec	levofloxacin	Resistant	Laboratory Method	Broth dilution	CLSI
573.13781	Klebsiella pneumoniae KPN1929ec	levofloxacin	Resistant	Laboratory Method	Broth dilution	CLSI
573.13505	Klebsiella pneumoniae KPN157ec	levofloxacin	Resistant	Laboratory Method	Broth dilution	CLSI
573.14006	Klebsiella pneumoniae KPN268ec	levofloxacin	Resistant	Laboratory Method	Broth dilution	CLSI
573.13549	Klebsiella pneumoniae KPN1639ec	levofloxacin	Resistant	Laboratory Method	Broth dilution	CLSI
573.13973	Klebsiella pneumoniae KPN227ec	levofloxacin	Resistant	Laboratory Method	Broth dilution	CLSI
573.13228	Klebsiella pneumoniae KPN1248ec	levofloxacin	Resistant	Laboratory Method	Broth dilution	CLSI
573.14374	Klebsiella pneumoniae KPN755ec	levofloxacin	Resistant	Laboratory Method	Broth dilution	CLSI
573.24292	Klebsiella pneumoniae strain 373	levofloxacin	Resistant	Laboratory Method	Broth dilution	CLSI
573.12893	Klebsiella pneumoniae 3238	levofloxacin	Resistant	Laboratory Method	Broth dilution	CLSI
573.13267	Klebsiella pneumoniae KPN129ec	levofloxacin	Resistant	Laboratory Method	Broth dilution	CLSI
573.13528	Klebsiella pneumoniae KPN1608ec	levofloxacin	Resistant	Laboratory Method	Broth dilution	CLSI
573.14355	Klebsiella pneumoniae KPN731ec	levofloxacin	Resistant	Laboratory Method	Broth dilution	CLSI
573.13259	Klebsiella pneumoniae KPN1280ec	levofloxacin	Resistant	Laboratory Method	Broth dilution	CLSI
573.13641	Klebsiella pneumoniae KPN1743ec	levofloxacin	Resistant	Laboratory Method	Broth dilution	CLSI
573.13084	Klebsiella pneumoniae KPN1070ec	levofloxacin	Resistant	Laboratory Method	Broth dilution	CLSI
573.14453	Klebsiella pneumoniae KPN868ec	levofloxacin	Resistant	Laboratory Method	Broth dilution	CLSI
573.13812	Klebsiella pneumoniae KPN1976ec	levofloxacin	Resistant	Laboratory Method	Broth dilution	CLSI
573.13868	Klebsiella pneumoniae KPN2042ec	levofloxacin	Resistant	Laboratory Method	Broth dilution	CLSI
573.24368	Klebsiella pneumoniae strain MUGSI_173	levofloxacin	Resistant	Laboratory Method	Broth dilution	CLSI
573.14528	Klebsiella pneumoniae KPN963ec	levofloxacin	Resistant	Laboratory Method	Broth dilution	CLSI
573.14512	Klebsiella pneumoniae KPN944ec	levofloxacin	Resistant	Laboratory Method	Broth dilution	CLSI
573.23221	Klebsiella pneumoniae strain KP_044	levofloxacin	Resistant	Laboratory Method	Disk diffusion	CLSI
573.14001	Klebsiella pneumoniae KPN262ec	levofloxacin	Resistant	Laboratory Method	Broth dilution	CLSI
573.1385	Klebsiella pneumoniae KPN2020ec	levofloxacin	Resistant	Laboratory Method	Broth dilution	CLSI
573.13564	Klebsiella pneumoniae KPN1655ec	levofloxacin	Resistant	Laboratory Method	Broth dilution	CLSI
573.13621	Klebsiella pneumoniae KPN1718ec	levofloxacin	Resistant	Laboratory Method	Broth dilution	CLSI
573.24321	Klebsiella pneumoniae strain MRSN14170	levofloxacin	Resistant	Laboratory Method	Broth dilution	CLSI
573.5649	Klebsiella pneumoniae strain DHQP1002001	levofloxacin	Resistant	Laboratory Method	Broth dilution	CLSI
573.14498	Klebsiella pneumoniae KPN926ec	levofloxacin	Resistant	Laboratory Method	Broth dilution	CLSI
573.2444	Klebsiella pneumoniae strain MUGSI_80	levofloxacin	Resistant	Laboratory Method	Broth dilution	CLSI
573.13313	Klebsiella pneumoniae KPN1354ec	levofloxacin	Resistant	Laboratory Method	Broth dilution	CLSI
573.13918	Klebsiella pneumoniae KPN2098ec	levofloxacin	Resistant	Laboratory Method	Broth dilution	CLSI
573.13089	Klebsiella pneumoniae KPN1077ec	levofloxacin	Resistant	Laboratory Method	Broth dilution	CLSI
573.1427	Klebsiella pneumoniae KPN599ec	levofloxacin	Resistant	Laboratory Method	Broth dilution	CLSI
573.14343	Klebsiella pneumoniae KPN717ec	levofloxacin	Resistant	Laboratory Method	Broth dilution	CLSI
573.13429	Klebsiella pneumoniae KPN1491ec	levofloxacin	Resistant	Laboratory Method	Broth dilution	CLSI
573.13684	Klebsiella pneumoniae KPN180ec	levofloxacin	Resistant	Laboratory Method	Broth dilution	CLSI
573.14188	Klebsiella pneumoniae KPN481ec	levofloxacin	Resistant	Laboratory Method	Broth dilution	CLSI
573.14199	Klebsiella pneumoniae KPN510ec	levofloxacin	Resistant	Laboratory Method	Broth dilution	CLSI
573.13569	Klebsiella pneumoniae KPN1663ec	levofloxacin	Resistant	Laboratory Method	Broth dilution	CLSI
1438731.3	Klebsiella pneumoniae CHS 25	levofloxacin	Resistant	Laboratory Method	Broth dilution	
573.14068	Klebsiella pneumoniae KPN337ec	levofloxacin	Resistant	Laboratory Method	Broth dilution	CLSI
573.13086	Klebsiella pneumoniae KPN1072ec	levofloxacin	Resistant	Laboratory Method	Broth dilution	CLSI
1304922.3	Klebsiella pneumoniae 500_1420	levofloxacin	Resistant	Laboratory Method		
573.14095	Klebsiella pneumoniae KPN372ec	levofloxacin	Resistant	Laboratory Method	Broth dilution	CLSI
573.13766	Klebsiella pneumoniae KPN190ec	levofloxacin	Resistant	Laboratory Method	Broth dilution	CLSI
573.14123	Klebsiella pneumoniae KPN402ec	levofloxacin	Resistant	Laboratory Method	Broth dilution	CLSI
573.13826	Klebsiella pneumoniae KPN1993ec	levofloxacin	Resistant	Laboratory Method	Broth dilution	CLSI
1284805.4	Klebsiella pneumoniae UHKPC17	levofloxacin	Resistant	Laboratory Method		
573.14217	Klebsiella pneumoniae KPN533ec	levofloxacin	Resistant	Laboratory Method	Broth dilution	CLSI
573.13398	Klebsiella pneumoniae KPN1458ec	levofloxacin	Resistant	Laboratory Method	Broth dilution	CLSI
573.14432	Klebsiella pneumoniae KPN837ec	levofloxacin	Resistant	Laboratory Method	Broth dilution	CLSI
573.13755	Klebsiella pneumoniae KPN1894ec	levofloxacin	Resistant	Laboratory Method	Broth dilution	CLSI
573.13693	Klebsiella pneumoniae KPN1828ec	levofloxacin	Resistant	Laboratory Method	Broth dilution	CLSI
573.13861	Klebsiella pneumoniae KPN2035ec	levofloxacin	Resistant	Laboratory Method	Broth dilution	CLSI
573.24398	Klebsiella pneumoniae strain MUGSI_316	levofloxacin	Resistant	Laboratory Method	Broth dilution	CLSI
573.14214	Klebsiella pneumoniae KPN528ec	levofloxacin	Resistant	Laboratory Method	Broth dilution	CLSI
1438756.3	Klebsiella pneumoniae CHS 50	levofloxacin	Resistant	Laboratory Method	Broth dilution	
573.13283	Klebsiella pneumoniae KPN1322ec	levofloxacin	Resistant	Laboratory Method	Broth dilution	CLSI
573.1868	Klebsiella pneumoniae strain AR_362	levofloxacin	Resistant	Laboratory Method	Broth dilution	CLSI
573.14425	Klebsiella pneumoniae KPN826ec	levofloxacin	Resistant	Laboratory Method	Broth dilution	CLSI
573.13378	Klebsiella pneumoniae KPN1437ec	levofloxacin	Resistant	Laboratory Method	Broth dilution	CLSI
573.12981	Klebsiella pneumoniae 3332	levofloxacin	Resistant	Laboratory Method	Broth dilution	CLSI
573.1371	Klebsiella pneumoniae KPN1848ec	levofloxacin	Resistant	Laboratory Method	Broth dilution	CLSI
573.13395	Klebsiella pneumoniae KPN1454ec	levofloxacin	Resistant	Laboratory Method	Broth dilution	CLSI
573.13808	Klebsiella pneumoniae KPN196ec	levofloxacin	Resistant	Laboratory Method	Broth dilution	CLSI
573.13497	Klebsiella pneumoniae KPN1569ec	levofloxacin	Resistant	Laboratory Method	Broth dilution	CLSI
573.13742	Klebsiella pneumoniae KPN1879ec	levofloxacin	Resistant	Laboratory Method	Broth dilution	CLSI
573.13255	Klebsiella pneumoniae KPN1276ec	levofloxacin	Resistant	Laboratory Method	Broth dilution	CLSI
1438723.3	Klebsiella pneumoniae CHS 17	levofloxacin	Resistant	Laboratory Method	Broth dilution	
573.14055	Klebsiella pneumoniae KPN321ec	levofloxacin	Resistant	Laboratory Method	Broth dilution	CLSI
573.13253	Klebsiella pneumoniae KPN1274ec	levofloxacin	Resistant	Laboratory Method	Broth dilution	CLSI
573.14283	Klebsiella pneumoniae KPN616ec	levofloxacin	Resistant	Laboratory Method	Broth dilution	CLSI
573.24332	Klebsiella pneumoniae strain MUGSI_114	levofloxacin	Resistant	Laboratory Method	Broth dilution	CLSI
1438765.3	Klebsiella pneumoniae CHS 59	levofloxacin	Resistant	Laboratory Method	Broth dilution	
573.13054	Klebsiella pneumoniae KPN1031ec	levofloxacin	Resistant	Laboratory Method	Broth dilution	CLSI
573.13225	Klebsiella pneumoniae KPN1244ec	levofloxacin	Resistant	Laboratory Method	Broth dilution	CLSI
573.14439	Klebsiella pneumoniae KPN849ec	levofloxacin	Resistant	Laboratory Method	Broth dilution	CLSI
573.24314	Klebsiella pneumoniae strain 66	levofloxacin	Resistant	Laboratory Method	Broth dilution	CLSI
1438772.3	Klebsiella pneumoniae CHS 66	levofloxacin	Resistant	Laboratory Method	Broth dilution	
573.13196	Klebsiella pneumoniae KPN1205ec	levofloxacin	Resistant	Laboratory Method	Broth dilution	CLSI
573.13548	Klebsiella pneumoniae KPN1635ec	levofloxacin	Resistant	Laboratory Method	Broth dilution	CLSI
573.13239	Klebsiella pneumoniae KPN1260ec	levofloxacin	Resistant	Laboratory Method	Broth dilution	CLSI
573.7022	Klebsiella pneumoniae strain AR_0042	levofloxacin	Resistant	Laboratory Method	Broth dilution	CLSI
573.13278	Klebsiella pneumoniae KPN1315ec	levofloxacin	Resistant	Laboratory Method	Broth dilution	CLSI
573.1297	Klebsiella pneumoniae 3236	levofloxacin	Resistant	Laboratory Method	Broth dilution	CLSI
573.13547	Klebsiella pneumoniae KPN1634ec	levofloxacin	Resistant	Laboratory Method	Broth dilution	CLSI
573.1733	Klebsiella pneumoniae strain KpVA-15	levofloxacin	Resistant	Laboratory Method	Disk diffusion	EUCAST
573.14069	Klebsiella pneumoniae KPN338ec	levofloxacin	Resistant	Laboratory Method	Broth dilution	CLSI
573.2442	Klebsiella pneumoniae strain MUGSI_54	levofloxacin	Resistant	Laboratory Method	Broth dilution	CLSI
573.14485	Klebsiella pneumoniae KPN909ec	levofloxacin	Resistant	Laboratory Method	Broth dilution	CLSI
573.13869	Klebsiella pneumoniae KPN2043ec	levofloxacin	Resistant	Laboratory Method	Broth dilution	CLSI
573.14316	Klebsiella pneumoniae KPN685ec	levofloxacin	Resistant	Laboratory Method	Broth dilution	CLSI
573.24423	Klebsiella pneumoniae strain MUGSI_59	levofloxacin	Resistant	Laboratory Method	Broth dilution	CLSI
1438764.3	Klebsiella pneumoniae CHS 58	levofloxacin	Resistant	Laboratory Method	Broth dilution	
573.14211	Klebsiella pneumoniae KPN525ec	levofloxacin	Resistant	Laboratory Method	Broth dilution	CLSI
573.14074	Klebsiella pneumoniae KPN345ec	levofloxacin	Resistant	Laboratory Method	Broth dilution	CLSI
573.14166	Klebsiella pneumoniae KPN450ec	levofloxacin	Resistant	Laboratory Method	Broth dilution	CLSI
573.13601	Klebsiella pneumoniae KPN1698ec	levofloxacin	Resistant	Laboratory Method	Broth dilution	CLSI
573.24311	Klebsiella pneumoniae strain 523	levofloxacin	Resistant	Laboratory Method	Broth dilution	CLSI
573.13462	Klebsiella pneumoniae KPN1531ec	levofloxacin	Resistant	Laboratory Method	Broth dilution	CLSI
573.13152	Klebsiella pneumoniae KPN1154ec	levofloxacin	Resistant	Laboratory Method	Broth dilution	CLSI
573.12884	Klebsiella pneumoniae 3335	levofloxacin	Resistant	Laboratory Method	Broth dilution	CLSI
573.14532	Klebsiella pneumoniae KPN968ec	levofloxacin	Resistant	Laboratory Method	Broth dilution	CLSI
573.14513	Klebsiella pneumoniae KPN945ec	levofloxacin	Resistant	Laboratory Method	Broth dilution	CLSI
573.23206	Klebsiella pneumoniae strain KP_241	levofloxacin	Resistant	Laboratory Method	Disk diffusion	CLSI
573.14364	Klebsiella pneumoniae KPN742ec	levofloxacin	Resistant	Laboratory Method	Broth dilution	CLSI
573.14488	Klebsiella pneumoniae KPN914ec	levofloxacin	Resistant	Laboratory Method	Broth dilution	CLSI
573.14442	Klebsiella pneumoniae KPN852ec	levofloxacin	Resistant	Laboratory Method	Broth dilution	CLSI
573.24339	Klebsiella pneumoniae strain MUGSI_121	levofloxacin	Resistant	Laboratory Method	Broth dilution	CLSI
573.24273	Klebsiella pneumoniae strain 275	levofloxacin	Resistant	Laboratory Method	Broth dilution	CLSI
573.14502	Klebsiella pneumoniae KPN930ec	levofloxacin	Resistant	Laboratory Method	Broth dilution	CLSI
573.13317	Klebsiella pneumoniae KPN1358ec	levofloxacin	Resistant	Laboratory Method	Broth dilution	CLSI
573.14398	Klebsiella pneumoniae KPN788ec	levofloxacin	Resistant	Laboratory Method	Broth dilution	CLSI
1438767.3	Klebsiella pneumoniae CHS 61	levofloxacin	Resistant	Laboratory Method	Broth dilution	
573.13783	Klebsiella pneumoniae KPN1931ec	levofloxacin	Resistant	Laboratory Method	Broth dilution	CLSI
573.13746	Klebsiella pneumoniae KPN1882ec	levofloxacin	Resistant	Laboratory Method	Broth dilution	CLSI
573.13233	Klebsiella pneumoniae KPN1254ec	levofloxacin	Resistant	Laboratory Method	Broth dilution	CLSI
573.13969	Klebsiella pneumoniae KPN222ec	levofloxacin	Resistant	Laboratory Method	Broth dilution	CLSI
573.13016	Klebsiella pneumoniae 68	levofloxacin	Resistant	Laboratory Method	Broth dilution	CLSI
573.13795	Klebsiella pneumoniae KPN1948ec	levofloxacin	Resistant	Laboratory Method	Broth dilution	CLSI
573.13886	Klebsiella pneumoniae KPN2062ec	levofloxacin	Resistant	Laboratory Method	Broth dilution	CLSI
573.14327	Klebsiella pneumoniae KPN698ec	levofloxacin	Resistant	Laboratory Method	Broth dilution	CLSI
573.13665	Klebsiella pneumoniae KPN1770ec	levofloxacin	Resistant	Laboratory Method	Broth dilution	CLSI
573.24277	Klebsiella pneumoniae strain 3	levofloxacin	Resistant	Laboratory Method	Broth dilution	CLSI
573.1438	Klebsiella pneumoniae KPN763ec	levofloxacin	Resistant	Laboratory Method	Broth dilution	CLSI
573.14136	Klebsiella pneumoniae KPN416ec	levofloxacin	Resistant	Laboratory Method	Broth dilution	CLSI
573.13647	Klebsiella pneumoniae KPN1751ec	levofloxacin	Resistant	Laboratory Method	Broth dilution	CLSI
573.1395	Klebsiella pneumoniae KPN2158ec	levofloxacin	Resistant	Laboratory Method	Broth dilution	CLSI
573.1381	Klebsiella pneumoniae KPN1974ec	levofloxacin	Resistant	Laboratory Method	Broth dilution	CLSI
573.24446	Klebsiella pneumoniae strain MUGSI_87	levofloxacin	Resistant	Laboratory Method	Broth dilution	CLSI
573.14534	Klebsiella pneumoniae KPN974ec	levofloxacin	Resistant	Laboratory Method	Broth dilution	CLSI
573.13847	Klebsiella pneumoniae KPN2017ec	levofloxacin	Resistant	Laboratory Method	Broth dilution	CLSI
573.13584	Klebsiella pneumoniae KPN167ec	levofloxacin	Resistant	Laboratory Method	Broth dilution	CLSI
573.13729	Klebsiella pneumoniae KPN1866ec	levofloxacin	Resistant	Laboratory Method	Broth dilution	CLSI
573.14002	Klebsiella pneumoniae KPN263ec	levofloxacin	Resistant	Laboratory Method	Broth dilution	CLSI
573.13885	Klebsiella pneumoniae KPN2061ec	levofloxacin	Resistant	Laboratory Method	Broth dilution	CLSI
573.13261	Klebsiella pneumoniae KPN1282ec	levofloxacin	Resistant	Laboratory Method	Broth dilution	CLSI
573.14183	Klebsiella pneumoniae KPN473ec	levofloxacin	Resistant	Laboratory Method	Broth dilution	CLSI
1284814.3	Klebsiella pneumoniae UHKPC 52	levofloxacin	Resistant	Laboratory Method		
573.13883	Klebsiella pneumoniae KPN2060ec	levofloxacin	Resistant	Laboratory Method	Broth dilution	CLSI
573.14114	Klebsiella pneumoniae KPN392ec	levofloxacin	Resistant	Laboratory Method	Broth dilution	CLSI
573.14341	Klebsiella pneumoniae KPN715ec	levofloxacin	Resistant	Laboratory Method	Broth dilution	CLSI
573.14496	Klebsiella pneumoniae KPN924ec	levofloxacin	Resistant	Laboratory Method	Broth dilution	CLSI
573.14028	Klebsiella pneumoniae KPN291ec	levofloxacin	Resistant	Laboratory Method	Broth dilution	CLSI
573.14098	Klebsiella pneumoniae KPN375ec	levofloxacin	Resistant	Laboratory Method	Broth dilution	CLSI
573.13863	Klebsiella pneumoniae KPN2037ec	levofloxacin	Resistant	Laboratory Method	Broth dilution	CLSI
1438778.3	Klebsiella pneumoniae CHS 74	levofloxacin	Resistant	Laboratory Method	Broth dilution	
573.14386	Klebsiella pneumoniae KPN772ec	levofloxacin	Resistant	Laboratory Method	Broth dilution	CLSI
573.20062	Klebsiella pneumoniae strain AR_0075	levofloxacin	Resistant	Laboratory Method	Broth dilution	CLSI
1438752.3	Klebsiella pneumoniae CHS 46	levofloxacin	Resistant	Laboratory Method	Broth dilution	
573.14096	Klebsiella pneumoniae KPN373ec	levofloxacin	Resistant	Laboratory Method	Broth dilution	CLSI
573.14329	Klebsiella pneumoniae KPN701ec	levofloxacin	Resistant	Laboratory Method	Broth dilution	CLSI
573.13208	Klebsiella pneumoniae KPN1218ec	levofloxacin	Resistant	Laboratory Method	Broth dilution	CLSI
573.13707	Klebsiella pneumoniae KPN1844ec	levofloxacin	Resistant	Laboratory Method	Broth dilution	CLSI
573.13362	Klebsiella pneumoniae KPN1420ec	levofloxacin	Resistant	Laboratory Method	Broth dilution	CLSI
573.13777	Klebsiella pneumoniae KPN1925ec	levofloxacin	Resistant	Laboratory Method	Broth dilution	CLSI
573.13772	Klebsiella pneumoniae KPN1918ec	levofloxacin	Resistant	Laboratory Method	Broth dilution	CLSI
573.14152	Klebsiella pneumoniae KPN434ec	levofloxacin	Resistant	Laboratory Method	Broth dilution	CLSI
573.14155	Klebsiella pneumoniae KPN437ec	levofloxacin	Resistant	Laboratory Method	Broth dilution	CLSI
573.13306	Klebsiella pneumoniae KPN1346ec	levofloxacin	Resistant	Laboratory Method	Broth dilution	CLSI
573.13506	Klebsiella pneumoniae KPN1580ec	levofloxacin	Resistant	Laboratory Method	Broth dilution	CLSI
573.14061	Klebsiella pneumoniae KPN329ec	levofloxacin	Resistant	Laboratory Method	Broth dilution	CLSI
573.232	Klebsiella pneumoniae strain KP_116	levofloxacin	Resistant	Laboratory Method	Disk diffusion	CLSI
1438737.3	Klebsiella pneumoniae CHS 31	levofloxacin	Resistant	Laboratory Method	Broth dilution	
573.23207	Klebsiella pneumoniae strain KP_215	levofloxacin	Resistant	Laboratory Method	Disk diffusion	CLSI
1284803.4	Klebsiella pneumoniae UHKPC59	levofloxacin	Resistant	Laboratory Method		
573.14161	Klebsiella pneumoniae KPN444ec	levofloxacin	Resistant	Laboratory Method	Broth dilution	CLSI
1284789.4	Klebsiella pneumoniae UHKPC28	levofloxacin	Resistant	Laboratory Method		
573.14232	Klebsiella pneumoniae KPN554ec	levofloxacin	Resistant	Laboratory Method	Broth dilution	CLSI
573.13504	Klebsiella pneumoniae KPN1578ec	levofloxacin	Resistant	Laboratory Method	Broth dilution	CLSI
573.13849	Klebsiella pneumoniae KPN201ec	levofloxacin	Resistant	Laboratory Method	Broth dilution	CLSI
573.14521	Klebsiella pneumoniae KPN954ec	levofloxacin	Resistant	Laboratory Method	Broth dilution	CLSI
573.14284	Klebsiella pneumoniae KPN617ec	levofloxacin	Resistant	Laboratory Method	Broth dilution	CLSI
573.23217	Klebsiella pneumoniae strain KP_158	levofloxacin	Resistant	Laboratory Method	Disk diffusion	CLSI
573.1345	Klebsiella pneumoniae KPN1517ec	levofloxacin	Resistant	Laboratory Method	Broth dilution	CLSI
573.14153	Klebsiella pneumoniae KPN435ec	levofloxacin	Resistant	Laboratory Method	Broth dilution	CLSI
573.13949	Klebsiella pneumoniae KPN2157ec	levofloxacin	Resistant	Laboratory Method	Broth dilution	CLSI
573.1443	Klebsiella pneumoniae KPN835ec	levofloxacin	Resistant	Laboratory Method	Broth dilution	CLSI
573.13901	Klebsiella pneumoniae KPN2079ec	levofloxacin	Resistant	Laboratory Method	Broth dilution	CLSI
573.13048	Klebsiella pneumoniae KPN1022ec	levofloxacin	Resistant	Laboratory Method	Broth dilution	CLSI
573.13785	Klebsiella pneumoniae KPN1933ec	levofloxacin	Resistant	Laboratory Method	Broth dilution	CLSI
573.14259	Klebsiella pneumoniae KPN585ec	levofloxacin	Resistant	Laboratory Method	Broth dilution	CLSI
573.1419	Klebsiella pneumoniae KPN483ec	levofloxacin	Resistant	Laboratory Method	Broth dilution	CLSI
573.24357	Klebsiella pneumoniae strain MUGSI_149	levofloxacin	Resistant	Laboratory Method	Broth dilution	CLSI
573.14066	Klebsiella pneumoniae KPN335ec	levofloxacin	Resistant	Laboratory Method	Broth dilution	CLSI
573.13966	Klebsiella pneumoniae KPN219ec	levofloxacin	Resistant	Laboratory Method	Broth dilution	CLSI
573.14233	Klebsiella pneumoniae KPN555ec	levofloxacin	Resistant	Laboratory Method	Broth dilution	CLSI
573.13964	Klebsiella pneumoniae KPN217ec	levofloxacin	Resistant	Laboratory Method	Broth dilution	CLSI
573.13978	Klebsiella pneumoniae KPN233ec	levofloxacin	Resistant	Laboratory Method	Broth dilution	CLSI
573.12957	Klebsiella pneumoniae 3252	levofloxacin	Resistant	Laboratory Method	Broth dilution	CLSI
573.14332	Klebsiella pneumoniae KPN704ec	levofloxacin	Resistant	Laboratory Method	Broth dilution	CLSI
1284815.3	Klebsiella pneumoniae UHKPC24	levofloxacin	Resistant	Laboratory Method		
573.7362	Klebsiella pneumoniae strain AR_0049	levofloxacin	Resistant	Laboratory Method	Broth dilution	CLSI
573.1386	Klebsiella pneumoniae KPN2034ec	levofloxacin	Resistant	Laboratory Method	Broth dilution	CLSI
573.13243	Klebsiella pneumoniae KPN1264ec	levofloxacin	Resistant	Laboratory Method	Broth dilution	CLSI
573.14307	Klebsiella pneumoniae KPN676ec	levofloxacin	Resistant	Laboratory Method	Broth dilution	CLSI
573.13044	Klebsiella pneumoniae KPN1018ec	levofloxacin	Resistant	Laboratory Method	Broth dilution	CLSI
573.14336	Klebsiella pneumoniae KPN709ec	levofloxacin	Resistant	Laboratory Method	Broth dilution	CLSI
573.14535	Klebsiella pneumoniae KPN975ec	levofloxacin	Resistant	Laboratory Method	Broth dilution	CLSI
573.13598	Klebsiella pneumoniae KPN1695ec	levofloxacin	Resistant	Laboratory Method	Broth dilution	CLSI
573.24431	Klebsiella pneumoniae strain MUGSI_69	levofloxacin	Resistant	Laboratory Method	Broth dilution	CLSI
573.13178	Klebsiella pneumoniae KPN1186ec	levofloxacin	Resistant	Laboratory Method	Broth dilution	CLSI
573.24436	Klebsiella pneumoniae strain MUGSI_77	levofloxacin	Resistant	Laboratory Method	Broth dilution	CLSI
573.13906	Klebsiella pneumoniae KPN2083ec	levofloxacin	Resistant	Laboratory Method	Broth dilution	CLSI
573.14389	Klebsiella pneumoniae KPN775ec	levofloxacin	Resistant	Laboratory Method	Broth dilution	CLSI
1438769.3	Klebsiella pneumoniae CHS 63	levofloxacin	Resistant	Laboratory Method	Broth dilution	
573.13984	Klebsiella pneumoniae KPN240ec	levofloxacin	Resistant	Laboratory Method	Broth dilution	CLSI
573.13191	Klebsiella pneumoniae KPN1199ec	levofloxacin	Resistant	Laboratory Method	Broth dilution	CLSI
573.24267	Klebsiella pneumoniae strain 24	levofloxacin	Resistant	Laboratory Method	Broth dilution	CLSI
573.13846	Klebsiella pneumoniae KPN2016ec	levofloxacin	Resistant	Laboratory Method	Broth dilution	CLSI
573.24455	Klebsiella pneumoniae strain MUGSI_98	levofloxacin	Resistant	Laboratory Method	Broth dilution	CLSI
573.14126	Klebsiella pneumoniae KPN405ec	levofloxacin	Resistant	Laboratory Method	Broth dilution	CLSI
573.172	Klebsiella pneumoniae strain KpVA-2	levofloxacin	Resistant	Laboratory Method	Disk diffusion	EUCAST
573.13979	Klebsiella pneumoniae KPN234ec	levofloxacin	Resistant	Laboratory Method	Broth dilution	CLSI
573.13181	Klebsiella pneumoniae KPN1189ec	levofloxacin	Resistant	Laboratory Method	Broth dilution	CLSI
573.13328	Klebsiella pneumoniae KPN1377ec	levofloxacin	Resistant	Laboratory Method	Broth dilution	CLSI
573.13187	Klebsiella pneumoniae KPN1195ec	levofloxacin	Resistant	Laboratory Method	Broth dilution	CLSI
573.13566	Klebsiella pneumoniae KPN1659ec	levofloxacin	Resistant	Laboratory Method	Broth dilution	CLSI
573.14474	Klebsiella pneumoniae KPN895ec	levofloxacin	Resistant	Laboratory Method	Broth dilution	CLSI
573.13452	Klebsiella pneumoniae KPN151ec	levofloxacin	Resistant	Laboratory Method	Broth dilution	CLSI
573.14003	Klebsiella pneumoniae KPN264ec	levofloxacin	Resistant	Laboratory Method	Broth dilution	CLSI
573.12956	Klebsiella pneumoniae 3272	levofloxacin	Resistant	Laboratory Method	Broth dilution	CLSI
573.13011	Klebsiella pneumoniae 3221	levofloxacin	Resistant	Laboratory Method	Broth dilution	CLSI
573.13245	Klebsiella pneumoniae KPN1267ec	levofloxacin	Resistant	Laboratory Method	Broth dilution	CLSI
574.2	Klebsiella pneumoniae subsp. ozaenae strain AR_0096	levofloxacin	Resistant	Laboratory Method	Broth dilution	CLSI
573.7027	Klebsiella pneumoniae strain AR_0003	levofloxacin	Resistant	Laboratory Method	Broth dilution	CLSI
573.24344	Klebsiella pneumoniae strain MUGSI_127	levofloxacin	Resistant	Laboratory Method	Broth dilution	CLSI
573.14539	Klebsiella pneumoniae KPN981ec	levofloxacin	Resistant	Laboratory Method	Broth dilution	CLSI
573.13951	Klebsiella pneumoniae KPN2159ec	levofloxacin	Resistant	Laboratory Method	Broth dilution	CLSI
573.13049	Klebsiella pneumoniae KPN1023ec	levofloxacin	Resistant	Laboratory Method	Broth dilution	CLSI
573.14039	Klebsiella pneumoniae KPN304ec	levofloxacin	Resistant	Laboratory Method	Broth dilution	CLSI
573.14503	Klebsiella pneumoniae KPN931ec	levofloxacin	Resistant	Laboratory Method	Broth dilution	CLSI
573.14236	Klebsiella pneumoniae KPN559ec	levofloxacin	Resistant	Laboratory Method	Broth dilution	CLSI
1438725.3	Klebsiella pneumoniae CHS 19	levofloxacin	Resistant	Laboratory Method	Broth dilution	
573.24294	Klebsiella pneumoniae strain 374	levofloxacin	Resistant	Laboratory Method	Broth dilution	CLSI
573.1318	Klebsiella pneumoniae KPN1188ec	levofloxacin	Resistant	Laboratory Method	Broth dilution	CLSI
573.1375	Klebsiella pneumoniae KPN1889ec	levofloxacin	Resistant	Laboratory Method	Broth dilution	CLSI
573.14186	Klebsiella pneumoniae KPN479ec	levofloxacin	Resistant	Laboratory Method	Broth dilution	CLSI
1438775.3	Klebsiella pneumoniae CHS 71	levofloxacin	Resistant	Laboratory Method	Broth dilution	
573.13419	Klebsiella pneumoniae KPN1481ec	levofloxacin	Resistant	Laboratory Method	Broth dilution	CLSI
573.14121	Klebsiella pneumoniae KPN400ec	levofloxacin	Resistant	Laboratory Method	Broth dilution	CLSI
1438780.3	Klebsiella pneumoniae CHS 76	levofloxacin	Resistant	Laboratory Method	Broth dilution	
1438717.3	Klebsiella pneumoniae CHS 11	levofloxacin	Resistant	Laboratory Method	Broth dilution	
573.13388	Klebsiella pneumoniae KPN1447ec	levofloxacin	Resistant	Laboratory Method	Broth dilution	CLSI
573.13626	Klebsiella pneumoniae KPN1723ec	levofloxacin	Resistant	Laboratory Method	Broth dilution	CLSI
1438750.3	Klebsiella pneumoniae CHS 44	levofloxacin	Resistant	Laboratory Method	Broth dilution	
573.15044	Klebsiella pneumoniae strain AR_0047	levofloxacin	Resistant	Laboratory Method	Broth dilution	CLSI
573.14106	Klebsiella pneumoniae KPN383ec	levofloxacin	Resistant	Laboratory Method	Broth dilution	CLSI
573.13458	Klebsiella pneumoniae KPN1526ec	levofloxacin	Resistant	Laboratory Method	Broth dilution	CLSI
573.1809	Klebsiella pneumoniae strain AR_0141	levofloxacin	Resistant	Laboratory Method	Broth dilution	CLSI
1284810.3	Klebsiella pneumoniae UHKPC09	levofloxacin	Resistant	Laboratory Method		
573.24328	Klebsiella pneumoniae strain MUGSI_110	levofloxacin	Resistant	Laboratory Method	Broth dilution	CLSI
573.24391	Klebsiella pneumoniae strain MUGSI_309	levofloxacin	Resistant	Laboratory Method	Broth dilution	CLSI
573.14407	Klebsiella pneumoniae KPN800ec	levofloxacin	Resistant	Laboratory Method	Broth dilution	CLSI
573.24325	Klebsiella pneumoniae strain MRSN20097	levofloxacin	Resistant	Laboratory Method	Broth dilution	CLSI
573.14146	Klebsiella pneumoniae KPN426ec	levofloxacin	Resistant	Laboratory Method	Broth dilution	CLSI
573.18542	Klebsiella pneumoniae strain AR_0087	levofloxacin	Resistant	Laboratory Method	Broth dilution	CLSI
573.13829	Klebsiella pneumoniae KPN1998ec	levofloxacin	Resistant	Laboratory Method	Broth dilution	CLSI
573.13997	Klebsiella pneumoniae KPN258ec	levofloxacin	Resistant	Laboratory Method	Broth dilution	CLSI
573.2432	Klebsiella pneumoniae strain MRSN12232	levofloxacin	Resistant	Laboratory Method	Broth dilution	CLSI
573.13014	Klebsiella pneumoniae 3284	levofloxacin	Resistant	Laboratory Method	Broth dilution	CLSI
573.14323	Klebsiella pneumoniae KPN694ec	levofloxacin	Resistant	Laboratory Method	Broth dilution	CLSI
573.1346	Klebsiella pneumoniae KPN1529ec	levofloxacin	Resistant	Laboratory Method	Broth dilution	CLSI
573.13219	Klebsiella pneumoniae KPN1239ec	levofloxacin	Resistant	Laboratory Method	Broth dilution	CLSI
573.13082	Klebsiella pneumoniae KPN1067ec	levofloxacin	Resistant	Laboratory Method	Broth dilution	CLSI
573.14403	Klebsiella pneumoniae KPN796ec	levofloxacin	Resistant	Laboratory Method	Broth dilution	CLSI
573.13749	Klebsiella pneumoniae KPN1888ec	levofloxacin	Resistant	Laboratory Method	Broth dilution	CLSI
573.13694	Klebsiella pneumoniae KPN182ec	levofloxacin	Resistant	Laboratory Method	Broth dilution	CLSI
573.13345	Klebsiella pneumoniae KPN139ec	levofloxacin	Resistant	Laboratory Method	Broth dilution	CLSI
573.24286	Klebsiella pneumoniae strain 336	levofloxacin	Resistant	Laboratory Method	Broth dilution	CLSI
573.13291	Klebsiella pneumoniae KPN1330ec	levofloxacin	Resistant	Laboratory Method	Broth dilution	CLSI
573.14357	Klebsiella pneumoniae KPN734ec	levofloxacin	Resistant	Laboratory Method	Broth dilution	CLSI
573.14164	Klebsiella pneumoniae KPN448ec	levofloxacin	Resistant	Laboratory Method	Broth dilution	CLSI
573.133	Klebsiella pneumoniae KPN133ec	levofloxacin	Resistant	Laboratory Method	Broth dilution	CLSI
573.13553	Klebsiella pneumoniae KPN1645ec	levofloxacin	Resistant	Laboratory Method	Broth dilution	CLSI
1284796.3	Klebsiella pneumoniae DMC0526	levofloxacin	Resistant	Laboratory Method		
573.13406	Klebsiella pneumoniae KPN1469ec	levofloxacin	Resistant	Laboratory Method	Broth dilution	CLSI
573.13975	Klebsiella pneumoniae KPN230ec	levofloxacin	Resistant	Laboratory Method	Broth dilution	CLSI
573.46831	Klebsiella pneumoniae KP-106LU	levofloxacin	Resistant	Laboratory Method	Broth dilution	EUCAST
573.13112	Klebsiella pneumoniae KPN1108ec	levofloxacin	Resistant	Laboratory Method	Broth dilution	CLSI
573.24394	Klebsiella pneumoniae strain MUGSI_310	levofloxacin	Resistant	Laboratory Method	Broth dilution	CLSI
573.14005	Klebsiella pneumoniae KPN267ec	levofloxacin	Resistant	Laboratory Method	Broth dilution	CLSI
573.13039	Klebsiella pneumoniae KPN1012ec	levofloxacin	Resistant	Laboratory Method	Broth dilution	CLSI
573.14257	Klebsiella pneumoniae KPN583ec	levofloxacin	Resistant	Laboratory Method	Broth dilution	CLSI
573.14015	Klebsiella pneumoniae KPN277ec	levofloxacin	Resistant	Laboratory Method	Broth dilution	CLSI
573.13342	Klebsiella pneumoniae KPN1397ec	levofloxacin	Resistant	Laboratory Method	Broth dilution	CLSI
1284823.3	Klebsiella pneumoniae UHKPC04	levofloxacin	Resistant	Laboratory Method		
573.13958	Klebsiella pneumoniae KPN2169ec	levofloxacin	Resistant	Laboratory Method	Broth dilution	CLSI
573.13106	Klebsiella pneumoniae KPN1102ec	levofloxacin	Resistant	Laboratory Method	Broth dilution	CLSI
573.24373	Klebsiella pneumoniae strain MUGSI_190	levofloxacin	Resistant	Laboratory Method	Broth dilution	CLSI
573.24362	Klebsiella pneumoniae strain MUGSI_159	levofloxacin	Resistant	Laboratory Method	Broth dilution	CLSI
573.46859	Klebsiella pneumoniae KP-28P	levofloxacin	Resistant	Laboratory Method	Broth dilution	EUCAST
573.14482	Klebsiella pneumoniae KPN907ec	levofloxacin	Resistant	Laboratory Method	Broth dilution	CLSI
573.23225	Klebsiella pneumoniae strain KP_307	levofloxacin	Resistant	Laboratory Method	Disk diffusion	CLSI
573.24243	Klebsiella pneumoniae strain 10	levofloxacin	Resistant	Laboratory Method	Broth dilution	CLSI
573.4687	Klebsiella pneumoniae KP-82LU	levofloxacin	Resistant	Laboratory Method	Broth dilution	EUCAST
573.13657	Klebsiella pneumoniae KPN1761ec	levofloxacin	Resistant	Laboratory Method	Broth dilution	CLSI
573.13157	Klebsiella pneumoniae KPN1162ec	levofloxacin	Resistant	Laboratory Method	Broth dilution	CLSI
573.23211	Klebsiella pneumoniae strain KP_160	levofloxacin	Resistant	Laboratory Method	Disk diffusion	CLSI
573.14141	Klebsiella pneumoniae KPN421ec	levofloxacin	Resistant	Laboratory Method	Broth dilution	CLSI
573.13989	Klebsiella pneumoniae KPN248ec	levofloxacin	Resistant	Laboratory Method	Broth dilution	CLSI
573.13686	Klebsiella pneumoniae KPN1818ec	levofloxacin	Resistant	Laboratory Method	Broth dilution	CLSI
573.13894	Klebsiella pneumoniae KPN2070ec	levofloxacin	Resistant	Laboratory Method	Broth dilution	CLSI
573.14245	Klebsiella pneumoniae KPN571ec	levofloxacin	Resistant	Laboratory Method	Broth dilution	CLSI
573.1324	Klebsiella pneumoniae KPN1261ec	levofloxacin	Resistant	Laboratory Method	Broth dilution	CLSI
573.14016	Klebsiella pneumoniae KPN278ec	levofloxacin	Resistant	Laboratory Method	Broth dilution	CLSI
573.14083	Klebsiella pneumoniae KPN358ec	levofloxacin	Resistant	Laboratory Method	Broth dilution	CLSI
573.13193	Klebsiella pneumoniae KPN1202ec	levofloxacin	Resistant	Laboratory Method	Broth dilution	CLSI
573.13646	Klebsiella pneumoniae KPN1749ec	levofloxacin	Resistant	Laboratory Method	Broth dilution	CLSI
573.13932	Klebsiella pneumoniae KPN2115ec	levofloxacin	Resistant	Laboratory Method	Broth dilution	CLSI
573.14192	Klebsiella pneumoniae KPN485ec	levofloxacin	Resistant	Laboratory Method	Broth dilution	CLSI
573.14173	Klebsiella pneumoniae KPN462ec	levofloxacin	Resistant	Laboratory Method	Broth dilution	CLSI
573.14087	Klebsiella pneumoniae KPN362ec	levofloxacin	Resistant	Laboratory Method	Broth dilution	CLSI
1284822.3	Klebsiella pneumoniae UHKPC32	levofloxacin	Resistant	Laboratory Method		
573.14203	Klebsiella pneumoniae KPN514ec	levofloxacin	Resistant	Laboratory Method	Broth dilution	CLSI
573.14081	Klebsiella pneumoniae KPN356ec	levofloxacin	Resistant	Laboratory Method	Broth dilution	CLSI
1284808.4	Klebsiella pneumoniae UHKPC06	levofloxacin	Resistant	Laboratory Method		
573.12894	Klebsiella pneumoniae 3264	levofloxacin	Resistant	Laboratory Method	Broth dilution	CLSI
1438713.3	Klebsiella pneumoniae CHS 07	levofloxacin	Resistant	Laboratory Method	Broth dilution	
573.13961	Klebsiella pneumoniae KPN2172ec	levofloxacin	Resistant	Laboratory Method	Broth dilution	CLSI
573.13988	Klebsiella pneumoniae KPN247ec	levofloxacin	Resistant	Laboratory Method	Broth dilution	CLSI
573.141	Klebsiella pneumoniae KPN377ec	levofloxacin	Resistant	Laboratory Method	Broth dilution	CLSI
573.14409	Klebsiella pneumoniae KPN803ec	levofloxacin	Resistant	Laboratory Method	Broth dilution	CLSI
573.13535	Klebsiella pneumoniae KPN1616ec	levofloxacin	Resistant	Laboratory Method	Broth dilution	CLSI
573.24386	Klebsiella pneumoniae strain MUGSI_272	levofloxacin	Resistant	Laboratory Method	Broth dilution	CLSI
573.13769	Klebsiella pneumoniae KPN1914ec	levofloxacin	Resistant	Laboratory Method	Broth dilution	CLSI
573.1329	Klebsiella pneumoniae KPN132ec	levofloxacin	Resistant	Laboratory Method	Broth dilution	CLSI
573.24248	Klebsiella pneumoniae strain 13	levofloxacin	Resistant	Laboratory Method	Broth dilution	CLSI
573.24382	Klebsiella pneumoniae strain MUGSI_23	levofloxacin	Resistant	Laboratory Method	Broth dilution	CLSI
1438751.3	Klebsiella pneumoniae CHS 45	levofloxacin	Resistant	Laboratory Method	Broth dilution	
573.14461	Klebsiella pneumoniae KPN879ec	levofloxacin	Resistant	Laboratory Method	Broth dilution	CLSI
573.14339	Klebsiella pneumoniae KPN713ec	levofloxacin	Resistant	Laboratory Method	Broth dilution	CLSI
573.46841	Klebsiella pneumoniae KP-15PI	levofloxacin	Resistant	Laboratory Method	Broth dilution	EUCAST
573.14143	Klebsiella pneumoniae KPN423ec	levofloxacin	Resistant	Laboratory Method	Broth dilution	CLSI
573.13771	Klebsiella pneumoniae KPN1917ec	levofloxacin	Resistant	Laboratory Method	Broth dilution	CLSI
573.14197	Klebsiella pneumoniae KPN508ec	levofloxacin	Resistant	Laboratory Method	Broth dilution	CLSI
573.13537	Klebsiella pneumoniae KPN1618ec	levofloxacin	Resistant	Laboratory Method	Broth dilution	CLSI
573.13541	Klebsiella pneumoniae KPN1624ec	levofloxacin	Resistant	Laboratory Method	Broth dilution	CLSI
573.14263	Klebsiella pneumoniae KPN591ec	levofloxacin	Resistant	Laboratory Method	Broth dilution	CLSI
573.13144	Klebsiella pneumoniae KPN1146ec	levofloxacin	Resistant	Laboratory Method	Broth dilution	CLSI
573.12966	Klebsiella pneumoniae 3357	levofloxacin	Resistant	Laboratory Method	Broth dilution	CLSI
1284787.3	Klebsiella pneumoniae UHKPC40	levofloxacin	Resistant	Laboratory Method		
573.1422	Klebsiella pneumoniae KPN536ec	levofloxacin	Resistant	Laboratory Method	Broth dilution	CLSI
72407.2892	Klebsiella pneumoniae subsp. pneumoniae MRSN752019	levofloxacin	Resistant	Laboratory Method		
573.14118	Klebsiella pneumoniae KPN396ec	levofloxacin	Resistant	Laboratory Method	Broth dilution	CLSI
573.13265	Klebsiella pneumoniae KPN1286ec	levofloxacin	Resistant	Laboratory Method	Broth dilution	CLSI
573.1727	Klebsiella pneumoniae strain KpVA-9	levofloxacin	Resistant	Laboratory Method	Disk diffusion	EUCAST
573.24331	Klebsiella pneumoniae strain MUGSI_113	levofloxacin	Resistant	Laboratory Method	Broth dilution	CLSI
573.13842	Klebsiella pneumoniae KPN2011ec	levofloxacin	Resistant	Laboratory Method	Broth dilution	CLSI
573.12936	Klebsiella pneumoniae 3323	levofloxacin	Resistant	Laboratory Method	Broth dilution	CLSI
573.13023	Klebsiella pneumoniae 3235	levofloxacin	Resistant	Laboratory Method	Broth dilution	CLSI
573.14495	Klebsiella pneumoniae KPN923ec	levofloxacin	Resistant	Laboratory Method	Broth dilution	CLSI
573.13945	Klebsiella pneumoniae KPN2152ec	levofloxacin	Resistant	Laboratory Method	Broth dilution	CLSI
573.24343	Klebsiella pneumoniae strain MUGSI_126	levofloxacin	Resistant	Laboratory Method	Broth dilution	CLSI
573.13759	Klebsiella pneumoniae KPN189ec	levofloxacin	Resistant	Laboratory Method	Broth dilution	CLSI
573.14301	Klebsiella pneumoniae KPN658ec	levofloxacin	Resistant	Laboratory Method	Broth dilution	CLSI
573.13892	Klebsiella pneumoniae KPN2069ec	levofloxacin	Resistant	Laboratory Method	Broth dilution	CLSI
573.24434	Klebsiella pneumoniae strain MUGSI_75	levofloxacin	Resistant	Laboratory Method	Broth dilution	CLSI
573.13718	Klebsiella pneumoniae KPN1855ec	levofloxacin	Resistant	Laboratory Method	Broth dilution	CLSI
1284832.3	Klebsiella pneumoniae VAKPC309	levofloxacin	Resistant	Laboratory Method		
573.24366	Klebsiella pneumoniae strain MUGSI_165	levofloxacin	Resistant	Laboratory Method	Broth dilution	CLSI
573.46868	Klebsiella pneumoniae KP-74LU	levofloxacin	Resistant	Laboratory Method	Broth dilution	EUCAST
573.13658	Klebsiella pneumoniae KPN1763ec	levofloxacin	Resistant	Laboratory Method	Broth dilution	CLSI
72407.2896	Klebsiella pneumoniae subsp. pneumoniae MRSN752729	levofloxacin	Resistant	Laboratory Method		
573.14441	Klebsiella pneumoniae KPN850ec	levofloxacin	Resistant	Laboratory Method	Broth dilution	CLSI
573.13784	Klebsiella pneumoniae KPN1932ec	levofloxacin	Resistant	Laboratory Method	Broth dilution	CLSI
573.13864	Klebsiella pneumoniae KPN2038ec	levofloxacin	Resistant	Laboratory Method	Broth dilution	CLSI
1328387.3	Klebsiella pneumoniae BWH 41	levofloxacin	Resistant	Laboratory Method	Broth dilution	
573.1401	Klebsiella pneumoniae KPN272ec	levofloxacin	Resistant	Laboratory Method	Broth dilution	CLSI
573.7033	Klebsiella pneumoniae strain AR_0044	levofloxacin	Resistant	Laboratory Method	Broth dilution	CLSI
573.13858	Klebsiella pneumoniae KPN2031ec	levofloxacin	Resistant	Laboratory Method	Broth dilution	CLSI
573.24333	Klebsiella pneumoniae strain MUGSI_115	levofloxacin	Resistant	Laboratory Method	Broth dilution	CLSI
573.14481	Klebsiella pneumoniae KPN906ec	levofloxacin	Resistant	Laboratory Method	Broth dilution	CLSI
573.13526	Klebsiella pneumoniae KPN1605ec	levofloxacin	Resistant	Laboratory Method	Broth dilution	CLSI
573.12779	Klebsiella pneumoniae strain AR_0139	levofloxacin	Resistant	Laboratory Method	Broth dilution	CLSI
573.13524	Klebsiella pneumoniae KPN1603ec	levofloxacin	Resistant	Laboratory Method	Broth dilution	CLSI
573.2438	Klebsiella pneumoniae strain MUGSI_225	levofloxacin	Resistant	Laboratory Method	Broth dilution	CLSI
573.14275	Klebsiella pneumoniae KPN606ec	levofloxacin	Resistant	Laboratory Method	Broth dilution	CLSI
573.24432	Klebsiella pneumoniae strain MUGSI_7	levofloxacin	Resistant	Laboratory Method	Broth dilution	CLSI
573.13737	Klebsiella pneumoniae KPN1873ec	levofloxacin	Resistant	Laboratory Method	Broth dilution	CLSI
573.24438	Klebsiella pneumoniae strain MUGSI_79	levofloxacin	Resistant	Laboratory Method	Broth dilution	CLSI
573.18088	Klebsiella pneumoniae strain AR_0079	levofloxacin	Resistant	Laboratory Method	Broth dilution	CLSI
573.14004	Klebsiella pneumoniae KPN265ec	levofloxacin	Resistant	Laboratory Method	Broth dilution	CLSI
1438753.3	Klebsiella pneumoniae CHS 47	levofloxacin	Resistant	Laboratory Method	Broth dilution	
573.13976	Klebsiella pneumoniae KPN231ec	levofloxacin	Resistant	Laboratory Method	Broth dilution	CLSI
573.14122	Klebsiella pneumoniae KPN401ec	levofloxacin	Resistant	Laboratory Method	Broth dilution	CLSI
573.14492	Klebsiella pneumoniae KPN919ec	levofloxacin	Resistant	Laboratory Method	Broth dilution	CLSI
573.13302	Klebsiella pneumoniae KPN1341ec	levofloxacin	Resistant	Laboratory Method	Broth dilution	CLSI
573.24313	Klebsiella pneumoniae strain 7	levofloxacin	Resistant	Laboratory Method	Broth dilution	CLSI
573.23216	Klebsiella pneumoniae strain KP_063	levofloxacin	Resistant	Laboratory Method	Disk diffusion	CLSI
573.14065	Klebsiella pneumoniae KPN333ec	levofloxacin	Resistant	Laboratory Method	Broth dilution	CLSI
573.14358	Klebsiella pneumoniae KPN735ec	levofloxacin	Resistant	Laboratory Method	Broth dilution	CLSI
573.14053	Klebsiella pneumoniae KPN319ec	levofloxacin	Resistant	Laboratory Method	Broth dilution	CLSI
573.14125	Klebsiella pneumoniae KPN404ec	levofloxacin	Resistant	Laboratory Method	Broth dilution	CLSI
573.14494	Klebsiella pneumoniae KPN922ec	levofloxacin	Resistant	Laboratory Method	Broth dilution	CLSI
573.14243	Klebsiella pneumoniae KPN568ec	levofloxacin	Resistant	Laboratory Method	Broth dilution	CLSI
573.13607	Klebsiella pneumoniae KPN1704ec	levofloxacin	Resistant	Laboratory Method	Broth dilution	CLSI
573.2429	Klebsiella pneumoniae strain 36	levofloxacin	Resistant	Laboratory Method	Disk diffusion	CLSI
573.24308	Klebsiella pneumoniae strain 463	levofloxacin	Resistant	Laboratory Method	Broth dilution	CLSI
573.13881	Klebsiella pneumoniae KPN2056ec	levofloxacin	Resistant	Laboratory Method	Broth dilution	CLSI
573.14349	Klebsiella pneumoniae KPN723ec	levofloxacin	Resistant	Laboratory Method	Broth dilution	CLSI
573.13435	Klebsiella pneumoniae KPN1498ec	levofloxacin	Resistant	Laboratory Method	Broth dilution	CLSI
573.24399	Klebsiella pneumoniae strain MUGSI_317	levofloxacin	Resistant	Laboratory Method	Broth dilution	CLSI
573.13911	Klebsiella pneumoniae KPN2088ec	levofloxacin	Resistant	Laboratory Method	Broth dilution	CLSI
573.13986	Klebsiella pneumoniae KPN245ec	levofloxacin	Resistant	Laboratory Method	Broth dilution	CLSI
573.13173	Klebsiella pneumoniae KPN1181ec	levofloxacin	Resistant	Laboratory Method	Broth dilution	CLSI
573.13293	Klebsiella pneumoniae KPN1332ec	levofloxacin	Resistant	Laboratory Method	Broth dilution	CLSI
573.14112	Klebsiella pneumoniae KPN389ec	levofloxacin	Resistant	Laboratory Method	Broth dilution	CLSI
573.13237	Klebsiella pneumoniae KPN1259ec	levofloxacin	Resistant	Laboratory Method	Broth dilution	CLSI
573.14251	Klebsiella pneumoniae KPN577ec	levofloxacin	Resistant	Laboratory Method	Broth dilution	CLSI
573.24267	Klebsiella pneumoniae strain 24	levofloxacin	Resistant	Laboratory Method	Disk diffusion	CLSI
573.12888	Klebsiella pneumoniae 3279	levofloxacin	Resistant	Laboratory Method	Broth dilution	CLSI
573.143	Klebsiella pneumoniae KPN649ec	levofloxacin	Resistant	Laboratory Method	Broth dilution	CLSI
573.14156	Klebsiella pneumoniae KPN438ec	levofloxacin	Resistant	Laboratory Method	Broth dilution	CLSI
573.14239	Klebsiella pneumoniae KPN563ec	levofloxacin	Resistant	Laboratory Method	Broth dilution	CLSI
573.1452	Klebsiella pneumoniae KPN953ec	levofloxacin	Resistant	Laboratory Method	Broth dilution	CLSI
1284791.4	Klebsiella pneumoniae UHKPC47	levofloxacin	Resistant	Laboratory Method		
573.14508	Klebsiella pneumoniae KPN940ec	levofloxacin	Resistant	Laboratory Method	Broth dilution	CLSI
573.13171	Klebsiella pneumoniae KPN1178ec	levofloxacin	Resistant	Laboratory Method	Broth dilution	CLSI
573.13472	Klebsiella pneumoniae KPN1543ec	levofloxacin	Resistant	Laboratory Method	Broth dilution	CLSI
1438757.3	Klebsiella pneumoniae CHS 51	levofloxacin	Resistant	Laboratory Method	Broth dilution	
573.14406	Klebsiella pneumoniae KPN799ec	levofloxacin	Resistant	Laboratory Method	Broth dilution	CLSI
573.46842	Klebsiella pneumoniae KP-16PI	levofloxacin	Resistant	Laboratory Method	Broth dilution	EUCAST
573.24405	Klebsiella pneumoniae strain MUGSI_35	levofloxacin	Resistant	Laboratory Method	Broth dilution	CLSI
573.18543	Klebsiella pneumoniae strain AR_0140	levofloxacin	Resistant	Laboratory Method	Broth dilution	CLSI
573.13743	Klebsiella pneumoniae KPN187ec	levofloxacin	Resistant	Laboratory Method	Broth dilution	CLSI
573.1325	Klebsiella pneumoniae KPN1271ec	levofloxacin	Resistant	Laboratory Method	Broth dilution	CLSI
72407.289	Klebsiella pneumoniae subsp. pneumoniae MRSN752309	levofloxacin	Resistant	Laboratory Method		
573.14187	Klebsiella pneumoniae KPN480ec	levofloxacin	Resistant	Laboratory Method	Broth dilution	CLSI
1284830.3	Klebsiella pneumoniae VAKPC276	levofloxacin	Resistant	Laboratory Method		
573.13797	Klebsiella pneumoniae KPN194ec	levofloxacin	Resistant	Laboratory Method	Broth dilution	CLSI
573.14216	Klebsiella pneumoniae KPN532ec	levofloxacin	Resistant	Laboratory Method	Broth dilution	CLSI
573.13802	Klebsiella pneumoniae KPN1955ec	levofloxacin	Resistant	Laboratory Method	Broth dilution	CLSI
573.1446	Klebsiella pneumoniae KPN878ec	levofloxacin	Resistant	Laboratory Method	Broth dilution	CLSI
573.13565	Klebsiella pneumoniae KPN1658ec	levofloxacin	Resistant	Laboratory Method	Broth dilution	CLSI
573.13143	Klebsiella pneumoniae KPN1145ec	levofloxacin	Resistant	Laboratory Method	Broth dilution	CLSI
573.13987	Klebsiella pneumoniae KPN246ec	levofloxacin	Resistant	Laboratory Method	Broth dilution	CLSI
573.1312	Klebsiella pneumoniae KPN1118ec	levofloxacin	Resistant	Laboratory Method	Broth dilution	CLSI
573.46873	Klebsiella pneumoniae KP-8PI	levofloxacin	Resistant	Laboratory Method	Broth dilution	EUCAST
573.14467	Klebsiella pneumoniae KPN887ec	levofloxacin	Resistant	Laboratory Method	Broth dilution	CLSI
573.13065	Klebsiella pneumoniae KPN1043ec	levofloxacin	Resistant	Laboratory Method	Broth dilution	CLSI
573.14281	Klebsiella pneumoniae KPN614ec	levofloxacin	Resistant	Laboratory Method	Broth dilution	CLSI
573.14178	Klebsiella pneumoniae KPN468ec	levofloxacin	Resistant	Laboratory Method	Broth dilution	CLSI
573.13927	Klebsiella pneumoniae KPN2109ec	levofloxacin	Resistant	Laboratory Method	Broth dilution	CLSI
573.13338	Klebsiella pneumoniae KPN1388ec	levofloxacin	Resistant	Laboratory Method	Broth dilution	CLSI
573.14529	Klebsiella pneumoniae KPN965ec	levofloxacin	Resistant	Laboratory Method	Broth dilution	CLSI
573.46853	Klebsiella pneumoniae KP-24PI	levofloxacin	Resistant	Laboratory Method	Broth dilution	EUCAST
573.14311	Klebsiella pneumoniae KPN680ec	levofloxacin	Resistant	Laboratory Method	Broth dilution	CLSI
573.14437	Klebsiella pneumoniae KPN843ec	levofloxacin	Resistant	Laboratory Method	Broth dilution	CLSI
573.13136	Klebsiella pneumoniae KPN1135ec	levofloxacin	Resistant	Laboratory Method	Broth dilution	CLSI
573.13299	Klebsiella pneumoniae KPN1338ec	levofloxacin	Resistant	Laboratory Method	Broth dilution	CLSI
573.13523	Klebsiella pneumoniae KPN159ec	levofloxacin	Resistant	Laboratory Method	Broth dilution	CLSI
573.13466	Klebsiella pneumoniae KPN1535ec	levofloxacin	Resistant	Laboratory Method	Broth dilution	CLSI
573.13796	Klebsiella pneumoniae KPN1949ec	levofloxacin	Resistant	Laboratory Method	Broth dilution	CLSI
573.1393	Klebsiella pneumoniae KPN2113ec	levofloxacin	Resistant	Laboratory Method	Broth dilution	CLSI
573.14489	Klebsiella pneumoniae KPN915ec	levofloxacin	Resistant	Laboratory Method	Broth dilution	CLSI
573.14056	Klebsiella pneumoniae KPN322ec	levofloxacin	Resistant	Laboratory Method	Broth dilution	CLSI
573.13312	Klebsiella pneumoniae KPN1352ec	levofloxacin	Resistant	Laboratory Method	Broth dilution	CLSI
573.14082	Klebsiella pneumoniae KPN357ec	levofloxacin	Resistant	Laboratory Method	Broth dilution	CLSI
573.46852	Klebsiella pneumoniae KP-23PI	levofloxacin	Resistant	Laboratory Method	Broth dilution	EUCAST
573.1719	Klebsiella pneumoniae strain KpVA-1	levofloxacin	Resistant	Laboratory Method	Disk diffusion	EUCAST
573.18086	Klebsiella pneumoniae strain AR376	levofloxacin	Resistant	Laboratory Method	Broth dilution	CLSI
573.14008	Klebsiella pneumoniae KPN270ec	levofloxacin	Resistant	Laboratory Method	Broth dilution	CLSI
573.13051	Klebsiella pneumoniae KPN1026ec	levofloxacin	Resistant	Laboratory Method	Broth dilution	CLSI
573.24387	Klebsiella pneumoniae strain MUGSI_28	levofloxacin	Resistant	Laboratory Method	Broth dilution	CLSI
573.24354	Klebsiella pneumoniae strain MUGSI_142	levofloxacin	Resistant	Laboratory Method	Broth dilution	CLSI
573.23229	Klebsiella pneumoniae strain KP_328	levofloxacin	Resistant	Laboratory Method	Disk diffusion	CLSI
1284788.3	Klebsiella pneumoniae UHKPC23	levofloxacin	Resistant	Laboratory Method		
573.14313	Klebsiella pneumoniae KPN682ec	levofloxacin	Resistant	Laboratory Method	Broth dilution	CLSI
573.13205	Klebsiella pneumoniae KPN1215ec	levofloxacin	Resistant	Laboratory Method	Broth dilution	CLSI
573.15107	Klebsiella pneumoniae strain AR_0129	levofloxacin	Resistant	Laboratory Method	Broth dilution	CLSI
573.13616	Klebsiella pneumoniae KPN1713ec	levofloxacin	Resistant	Laboratory Method	Broth dilution	CLSI
573.13218	Klebsiella pneumoniae KPN1237ec	levofloxacin	Resistant	Laboratory Method	Broth dilution	CLSI
573.12948	Klebsiella pneumoniae 3291	levofloxacin	Resistant	Laboratory Method	Broth dilution	CLSI
573.14218	Klebsiella pneumoniae KPN534ec	levofloxacin	Resistant	Laboratory Method	Broth dilution	CLSI
573.13756	Klebsiella pneumoniae KPN1895ec	levofloxacin	Resistant	Laboratory Method	Broth dilution	CLSI
573.139	Klebsiella pneumoniae KPN2078ec	levofloxacin	Resistant	Laboratory Method	Broth dilution	CLSI
573.24337	Klebsiella pneumoniae strain MUGSI_119	levofloxacin	Resistant	Laboratory Method	Broth dilution	CLSI
573.13185	Klebsiella pneumoniae KPN1193ec	levofloxacin	Resistant	Laboratory Method	Broth dilution	CLSI
573.13944	Klebsiella pneumoniae KPN2151ec	levofloxacin	Resistant	Laboratory Method	Broth dilution	CLSI
1438761.3	Klebsiella pneumoniae CHS 55	levofloxacin	Resistant	Laboratory Method	Broth dilution	
573.24435	Klebsiella pneumoniae strain MUGSI_76	levofloxacin	Resistant	Laboratory Method	Broth dilution	CLSI
573.1367	Klebsiella pneumoniae KPN1776ec	levofloxacin	Resistant	Laboratory Method	Broth dilution	CLSI
573.13557	Klebsiella pneumoniae KPN1649ec	levofloxacin	Resistant	Laboratory Method	Broth dilution	CLSI
573.14369	Klebsiella pneumoniae KPN749ec	levofloxacin	Resistant	Laboratory Method	Broth dilution	CLSI
573.13063	Klebsiella pneumoniae KPN1041ec	levofloxacin	Resistant	Laboratory Method	Broth dilution	CLSI
573.13412	Klebsiella pneumoniae KPN1474ec	levofloxacin	Resistant	Laboratory Method	Broth dilution	CLSI
573.14176	Klebsiella pneumoniae KPN465ec	levofloxacin	Resistant	Laboratory Method	Broth dilution	CLSI
573.13803	Klebsiella pneumoniae KPN1956ec	levofloxacin	Resistant	Laboratory Method	Broth dilution	CLSI
573.132	Klebsiella pneumoniae KPN1209ec	levofloxacin	Resistant	Laboratory Method	Broth dilution	CLSI
573.13706	Klebsiella pneumoniae KPN1843ec	levofloxacin	Resistant	Laboratory Method	Broth dilution	CLSI
573.13244	Klebsiella pneumoniae KPN1265ec	levofloxacin	Resistant	Laboratory Method	Broth dilution	CLSI
573.24447	Klebsiella pneumoniae strain MUGSI_88	levofloxacin	Resistant	Laboratory Method	Broth dilution	CLSI
573.14483	Klebsiella pneumoniae KPN908ec	levofloxacin	Resistant	Laboratory Method	Broth dilution	CLSI
1304924.3	Klebsiella pneumoniae 646_1568	levofloxacin	Resistant	Laboratory Method		
573.13956	Klebsiella pneumoniae KPN2167ec	levofloxacin	Resistant	Laboratory Method	Broth dilution	CLSI
573.14455	Klebsiella pneumoniae KPN870ec	levofloxacin	Resistant	Laboratory Method	Broth dilution	CLSI
573.24359	Klebsiella pneumoniae strain MUGSI_153	levofloxacin	Resistant	Laboratory Method	Broth dilution	CLSI
573.1432	Klebsiella pneumoniae KPN690ec	levofloxacin	Resistant	Laboratory Method	Broth dilution	CLSI
573.14248	Klebsiella pneumoniae KPN574ec	levofloxacin	Resistant	Laboratory Method	Broth dilution	CLSI
573.1356	Klebsiella pneumoniae KPN1651ec	levofloxacin	Resistant	Laboratory Method	Broth dilution	CLSI
573.1383	Klebsiella pneumoniae KPN1999ec	levofloxacin	Resistant	Laboratory Method	Broth dilution	CLSI
573.138	Klebsiella pneumoniae KPN1952ec	levofloxacin	Resistant	Laboratory Method	Broth dilution	CLSI
573.46847	Klebsiella pneumoniae KP-20LU	levofloxacin	Resistant	Laboratory Method	Broth dilution	EUCAST
573.13481	Klebsiella pneumoniae KPN1551ec	levofloxacin	Resistant	Laboratory Method	Broth dilution	CLSI
573.14415	Klebsiella pneumoniae KPN814ec	levofloxacin	Resistant	Laboratory Method	Broth dilution	CLSI
573.2427	Klebsiella pneumoniae strain 255	levofloxacin	Resistant	Laboratory Method	Broth dilution	CLSI
573.13145	Klebsiella pneumoniae KPN1147ec	levofloxacin	Resistant	Laboratory Method	Broth dilution	CLSI
573.13645	Klebsiella pneumoniae KPN1748ec	levofloxacin	Resistant	Laboratory Method	Broth dilution	CLSI
573.14303	Klebsiella pneumoniae KPN669ec	levofloxacin	Resistant	Laboratory Method	Broth dilution	CLSI
573.1323	Klebsiella pneumoniae KPN124ec	levofloxacin	Resistant	Laboratory Method	Broth dilution	CLSI
573.24393	Klebsiella pneumoniae strain MUGSI_31	levofloxacin	Resistant	Laboratory Method	Broth dilution	CLSI
573.13931	Klebsiella pneumoniae KPN2114ec	levofloxacin	Resistant	Laboratory Method	Broth dilution	CLSI
573.13653	Klebsiella pneumoniae KPN1757ec	levofloxacin	Resistant	Laboratory Method	Broth dilution	CLSI
573.1416	Klebsiella pneumoniae KPN443ec	levofloxacin	Resistant	Laboratory Method	Broth dilution	CLSI
573.13934	Klebsiella pneumoniae KPN2118ec	levofloxacin	Resistant	Laboratory Method	Broth dilution	CLSI
573.13674	Klebsiella pneumoniae KPN1781ec	levofloxacin	Resistant	Laboratory Method	Broth dilution	CLSI
573.13132	Klebsiella pneumoniae KPN1131ec	levofloxacin	Resistant	Laboratory Method	Broth dilution	CLSI
573.14424	Klebsiella pneumoniae KPN825ec	levofloxacin	Resistant	Laboratory Method	Broth dilution	CLSI
573.14286	Klebsiella pneumoniae KPN619ec	levofloxacin	Resistant	Laboratory Method	Broth dilution	CLSI
573.14497	Klebsiella pneumoniae KPN925ec	levofloxacin	Resistant	Laboratory Method	Broth dilution	CLSI
573.13832	Klebsiella pneumoniae KPN2002ec	levofloxacin	Resistant	Laboratory Method	Broth dilution	CLSI
573.13142	Klebsiella pneumoniae KPN1143ec	levofloxacin	Resistant	Laboratory Method	Broth dilution	CLSI
573.13546	Klebsiella pneumoniae KPN162ec	levofloxacin	Resistant	Laboratory Method	Broth dilution	CLSI
573.13432	Klebsiella pneumoniae KPN1495ec	levofloxacin	Resistant	Laboratory Method	Broth dilution	CLSI
573.14419	Klebsiella pneumoniae KPN819ec	levofloxacin	Resistant	Laboratory Method	Broth dilution	CLSI
573.13615	Klebsiella pneumoniae KPN1712ec	levofloxacin	Resistant	Laboratory Method	Broth dilution	CLSI
573.134	Klebsiella pneumoniae KPN1460ec	levofloxacin	Resistant	Laboratory Method	Broth dilution	CLSI
573.13221	Klebsiella pneumoniae KPN1240ec	levofloxacin	Resistant	Laboratory Method	Broth dilution	CLSI
573.24247	Klebsiella pneumoniae strain 12	levofloxacin	Resistant	Laboratory Method	Broth dilution	CLSI
573.14029	Klebsiella pneumoniae KPN292ec	levofloxacin	Resistant	Laboratory Method	Broth dilution	CLSI
1284826.3	Klebsiella pneumoniae VAKPC269	levofloxacin	Resistant	Laboratory Method		
573.24364	Klebsiella pneumoniae strain MUGSI_160	levofloxacin	Resistant	Laboratory Method	Broth dilution	CLSI
573.1384	Klebsiella pneumoniae KPN200ec	levofloxacin	Resistant	Laboratory Method	Broth dilution	CLSI
573.1368	Klebsiella pneumoniae KPN1788ec	levofloxacin	Resistant	Laboratory Method	Broth dilution	CLSI
573.14144	Klebsiella pneumoniae KPN424ec	levofloxacin	Resistant	Laboratory Method	Broth dilution	CLSI
573.46839	Klebsiella pneumoniae KP-14442FI	levofloxacin	Resistant	Laboratory Method	Broth dilution	EUCAST
573.13578	Klebsiella pneumoniae KPN1674ec	levofloxacin	Resistant	Laboratory Method	Broth dilution	CLSI
573.46844	Klebsiella pneumoniae KP-18PI	levofloxacin	Resistant	Laboratory Method	Broth dilution	EUCAST
1438711.3	Klebsiella pneumoniae CHS 05	levofloxacin	Resistant	Laboratory Method	Broth dilution	
573.12958	Klebsiella pneumoniae 3270	levofloxacin	Resistant	Laboratory Method	Broth dilution	CLSI
573.23214	Klebsiella pneumoniae strain KP_093	levofloxacin	Resistant	Laboratory Method	Disk diffusion	CLSI
573.4684	Klebsiella pneumoniae KP-14PI	levofloxacin	Resistant	Laboratory Method	Broth dilution	EUCAST
573.1402	Klebsiella pneumoniae KPN282ec	levofloxacin	Resistant	Laboratory Method	Broth dilution	CLSI
573.24256	Klebsiella pneumoniae strain 18	levofloxacin	Resistant	Laboratory Method	Broth dilution	CLSI
573.14299	Klebsiella pneumoniae KPN648ec	levofloxacin	Resistant	Laboratory Method	Broth dilution	CLSI
573.20064	Klebsiella pneumoniae strain AR_0109	levofloxacin	Resistant	Laboratory Method	Broth dilution	CLSI
573.14525	Klebsiella pneumoniae KPN959ec	levofloxacin	Resistant	Laboratory Method	Broth dilution	CLSI
573.1309	Klebsiella pneumoniae KPN1078ec	levofloxacin	Resistant	Laboratory Method	Broth dilution	CLSI
573.13217	Klebsiella pneumoniae KPN1234ec	levofloxacin	Resistant	Laboratory Method	Broth dilution	CLSI
573.13427	Klebsiella pneumoniae KPN1489ec	levofloxacin	Resistant	Laboratory Method	Broth dilution	CLSI
573.13866	Klebsiella pneumoniae KPN2040ec	levofloxacin	Resistant	Laboratory Method	Broth dilution	CLSI
573.1361	Klebsiella pneumoniae KPN1707ec	levofloxacin	Resistant	Laboratory Method	Broth dilution	CLSI
573.12932	Klebsiella pneumoniae 3393	levofloxacin	Resistant	Laboratory Method	Broth dilution	CLSI
573.1388	Klebsiella pneumoniae KPN2055ec	levofloxacin	Resistant	Laboratory Method	Broth dilution	CLSI
573.14137	Klebsiella pneumoniae KPN417ec	levofloxacin	Resistant	Laboratory Method	Broth dilution	CLSI
573.2433	Klebsiella pneumoniae strain MUGSI_112	levofloxacin	Resistant	Laboratory Method	Broth dilution	CLSI
573.13167	Klebsiella pneumoniae KPN1172ec	levofloxacin	Resistant	Laboratory Method	Broth dilution	CLSI
573.1352	Klebsiella pneumoniae KPN1596ec	levofloxacin	Resistant	Laboratory Method	Broth dilution	CLSI
573.13204	Klebsiella pneumoniae KPN1214ec	levofloxacin	Resistant	Laboratory Method	Broth dilution	CLSI
573.13052	Klebsiella pneumoniae KPN1027ec	levofloxacin	Resistant	Laboratory Method	Broth dilution	CLSI
573.13394	Klebsiella pneumoniae KPN1453ec	levofloxacin	Resistant	Laboratory Method	Broth dilution	CLSI
573.46877	Klebsiella pneumoniae KP-9PI	levofloxacin	Resistant	Laboratory Method	Broth dilution	EUCAST
573.13917	Klebsiella pneumoniae KPN2094ec	levofloxacin	Resistant	Laboratory Method	Broth dilution	CLSI
573.13907	Klebsiella pneumoniae KPN2084ec	levofloxacin	Resistant	Laboratory Method	Broth dilution	CLSI
573.13507	Klebsiella pneumoniae KPN1582ec	levofloxacin	Resistant	Laboratory Method	Broth dilution	CLSI
573.14057	Klebsiella pneumoniae KPN323ec	levofloxacin	Resistant	Laboratory Method	Broth dilution	CLSI
573.13041	Klebsiella pneumoniae KPN1014ec	levofloxacin	Resistant	Laboratory Method	Broth dilution	CLSI
573.24415	Klebsiella pneumoniae strain MUGSI_49	levofloxacin	Resistant	Laboratory Method	Broth dilution	CLSI
573.2434	Klebsiella pneumoniae strain MUGSI_122	levofloxacin	Resistant	Laboratory Method	Broth dilution	CLSI
573.14185	Klebsiella pneumoniae KPN477ec	levofloxacin	Resistant	Laboratory Method	Broth dilution	CLSI
573.13175	Klebsiella pneumoniae KPN1183ec	levofloxacin	Resistant	Laboratory Method	Broth dilution	CLSI
573.1426	Klebsiella pneumoniae KPN587ec	levofloxacin	Resistant	Laboratory Method	Broth dilution	CLSI
573.14241	Klebsiella pneumoniae KPN566ec	levofloxacin	Resistant	Laboratory Method	Broth dilution	CLSI
573.2445	Klebsiella pneumoniae strain MUGSI_92	levofloxacin	Resistant	Laboratory Method	Broth dilution	CLSI
573.1358	Klebsiella pneumoniae KPN1676ec	levofloxacin	Resistant	Laboratory Method	Broth dilution	CLSI
573.24424	Klebsiella pneumoniae strain MUGSI_61	levofloxacin	Resistant	Laboratory Method	Broth dilution	CLSI
573.13238	Klebsiella pneumoniae KPN125ec	levofloxacin	Resistant	Laboratory Method	Broth dilution	CLSI
573.14202	Klebsiella pneumoniae KPN513ec	levofloxacin	Resistant	Laboratory Method	Broth dilution	CLSI
573.46865	Klebsiella pneumoniae KP-43LI	levofloxacin	Resistant	Laboratory Method	Broth dilution	EUCAST
573.13838	Klebsiella pneumoniae KPN2008ec	levofloxacin	Resistant	Laboratory Method	Broth dilution	CLSI
573.14268	Klebsiella pneumoniae KPN597ec	levofloxacin	Resistant	Laboratory Method	Broth dilution	CLSI
573.13904	Klebsiella pneumoniae KPN2081ec	levofloxacin	Resistant	Laboratory Method	Broth dilution	CLSI
573.13195	Klebsiella pneumoniae KPN1204ec	levofloxacin	Resistant	Laboratory Method	Broth dilution	CLSI
573.13875	Klebsiella pneumoniae KPN204ec	levofloxacin	Resistant	Laboratory Method	Broth dilution	CLSI
573.13271	Klebsiella pneumoniae KPN1305ec	levofloxacin	Resistant	Laboratory Method	Broth dilution	CLSI
573.24289	Klebsiella pneumoniae strain 351	levofloxacin	Resistant	Laboratory Method	Broth dilution	CLSI
573.13042	Klebsiella pneumoniae KPN1015ec	levofloxacin	Resistant	Laboratory Method	Broth dilution	CLSI
573.1429	Klebsiella pneumoniae KPN623ec	levofloxacin	Resistant	Laboratory Method	Broth dilution	CLSI
573.13968	Klebsiella pneumoniae KPN221ec	levofloxacin	Resistant	Laboratory Method	Broth dilution	CLSI
573.14148	Klebsiella pneumoniae KPN428ec	levofloxacin	Resistant	Laboratory Method	Broth dilution	CLSI
573.7028	Klebsiella pneumoniae strain AR_0004	levofloxacin	Resistant	Laboratory Method	Broth dilution	CLSI
573.14253	Klebsiella pneumoniae KPN579ec	levofloxacin	Resistant	Laboratory Method	Broth dilution	CLSI
573.13242	Klebsiella pneumoniae KPN1263ec	levofloxacin	Resistant	Laboratory Method	Broth dilution	CLSI
573.14022	Klebsiella pneumoniae KPN285ec	levofloxacin	Resistant	Laboratory Method	Broth dilution	CLSI
573.24307	Klebsiella pneumoniae strain 460	levofloxacin	Resistant	Laboratory Method	Broth dilution	CLSI
573.14271	Klebsiella pneumoniae KPN600ec	levofloxacin	Resistant	Laboratory Method	Broth dilution	CLSI
573.46836	Klebsiella pneumoniae KP-12PI	levofloxacin	Resistant	Laboratory Method	Broth dilution	EUCAST
573.14191	Klebsiella pneumoniae KPN484ec	levofloxacin	Resistant	Laboratory Method	Broth dilution	CLSI
573.1397	Klebsiella pneumoniae KPN223ec	levofloxacin	Resistant	Laboratory Method	Broth dilution	CLSI
573.13336	Klebsiella pneumoniae KPN1386ec	levofloxacin	Resistant	Laboratory Method	Broth dilution	CLSI
573.24379	Klebsiella pneumoniae strain MUGSI_22	levofloxacin	Resistant	Laboratory Method	Broth dilution	CLSI
573.24329	Klebsiella pneumoniae strain MUGSI_111	levofloxacin	Resistant	Laboratory Method	Broth dilution	CLSI
573.24272	Klebsiella pneumoniae strain 27	levofloxacin	Resistant	Laboratory Method	Broth dilution	CLSI
573.24429	Klebsiella pneumoniae strain MUGSI_67	levofloxacin	Resistant	Laboratory Method	Broth dilution	CLSI
573.14242	Klebsiella pneumoniae KPN567ec	levofloxacin	Resistant	Laboratory Method	Broth dilution	CLSI
573.23222	Klebsiella pneumoniae strain KP_040	levofloxacin	Resistant	Laboratory Method	Disk diffusion	CLSI
573.13416	Klebsiella pneumoniae KPN1477ec	levofloxacin	Resistant	Laboratory Method	Broth dilution	CLSI
573.1439	Klebsiella pneumoniae KPN777ec	levofloxacin	Resistant	Laboratory Method	Broth dilution	CLSI
573.14462	Klebsiella pneumoniae KPN880ec	levofloxacin	Resistant	Laboratory Method	Broth dilution	CLSI
573.24324	Klebsiella pneumoniae strain MRSN20094	levofloxacin	Resistant	Laboratory Method	Broth dilution	CLSI
573.24349	Klebsiella pneumoniae strain MUGSI_133	levofloxacin	Resistant	Laboratory Method	Broth dilution	CLSI
573.13453	Klebsiella pneumoniae KPN1520ec	levofloxacin	Resistant	Laboratory Method	Broth dilution	CLSI
573.24378	Klebsiella pneumoniae strain MUGSI_21	levofloxacin	Resistant	Laboratory Method	Broth dilution	CLSI
573.14396	Klebsiella pneumoniae KPN785ec	levofloxacin	Resistant	Laboratory Method	Broth dilution	CLSI
573.24416	Klebsiella pneumoniae strain MUGSI_5	levofloxacin	Resistant	Laboratory Method	Broth dilution	CLSI
573.13075	Klebsiella pneumoniae KPN1057ec	levofloxacin	Resistant	Laboratory Method	Broth dilution	CLSI
573.14472	Klebsiella pneumoniae KPN893ec	levofloxacin	Resistant	Laboratory Method	Broth dilution	CLSI
573.24291	Klebsiella pneumoniae strain 361	levofloxacin	Resistant	Laboratory Method	Broth dilution	CLSI
573.13962	Klebsiella pneumoniae KPN2173ec	levofloxacin	Resistant	Laboratory Method	Broth dilution	CLSI
573.13913	Klebsiella pneumoniae KPN2090ec	levofloxacin	Resistant	Laboratory Method	Broth dilution	CLSI
573.23205	Klebsiella pneumoniae strain KP_301	levofloxacin	Resistant	Laboratory Method	Disk diffusion	CLSI
573.13827	Klebsiella pneumoniae KPN1994ec	levofloxacin	Resistant	Laboratory Method	Broth dilution	CLSI
573.13064	Klebsiella pneumoniae KPN1042ec	levofloxacin	Resistant	Laboratory Method	Broth dilution	CLSI
573.13712	Klebsiella pneumoniae KPN184ec	levofloxacin	Resistant	Laboratory Method	Broth dilution	CLSI
573.13333	Klebsiella pneumoniae KPN1383ec	levofloxacin	Resistant	Laboratory Method	Broth dilution	CLSI
573.46872	Klebsiella pneumoniae KP-84LU	levofloxacin	Resistant	Laboratory Method	Broth dilution	EUCAST
573.13644	Klebsiella pneumoniae KPN1747ec	levofloxacin	Resistant	Laboratory Method	Broth dilution	CLSI
573.14128	Klebsiella pneumoniae KPN407ec	levofloxacin	Resistant	Laboratory Method	Broth dilution	CLSI
573.13417	Klebsiella pneumoniae KPN1479ec	levofloxacin	Resistant	Laboratory Method	Broth dilution	CLSI
573.13431	Klebsiella pneumoniae KPN1494ec	levofloxacin	Resistant	Laboratory Method	Broth dilution	CLSI
573.13996	Klebsiella pneumoniae KPN257ec	levofloxacin	Resistant	Laboratory Method	Broth dilution	CLSI
573.13214	Klebsiella pneumoniae KPN1226ec	levofloxacin	Resistant	Laboratory Method	Broth dilution	CLSI
573.14531	Klebsiella pneumoniae KPN967ec	levofloxacin	Resistant	Laboratory Method	Broth dilution	CLSI
573.14107	Klebsiella pneumoniae KPN384ec	levofloxacin	Resistant	Laboratory Method	Broth dilution	CLSI
1438730.3	Klebsiella pneumoniae CHS 24	levofloxacin	Resistant	Laboratory Method	Broth dilution	
573.14272	Klebsiella pneumoniae KPN601ec	levofloxacin	Resistant	Laboratory Method	Broth dilution	CLSI
573.14351	Klebsiella pneumoniae KPN725ec	levofloxacin	Resistant	Laboratory Method	Broth dilution	CLSI
573.14078	Klebsiella pneumoniae KPN353ec	levofloxacin	Resistant	Laboratory Method	Broth dilution	CLSI
573.19877	Klebsiella pneumoniae strain AR_0454	levofloxacin	Resistant	Laboratory Method	Broth dilution	CLSI
573.24264	Klebsiella pneumoniae strain 212	levofloxacin	Resistant	Laboratory Method	Broth dilution	CLSI
573.13475	Klebsiella pneumoniae KPN1546ec	levofloxacin	Resistant	Laboratory Method	Broth dilution	CLSI
573.13946	Klebsiella pneumoniae KPN2154ec	levofloxacin	Resistant	Laboratory Method	Broth dilution	CLSI
573.13734	Klebsiella pneumoniae KPN1870ec	levofloxacin	Resistant	Laboratory Method	Broth dilution	CLSI
1438718.3	Klebsiella pneumoniae CHS 12	levofloxacin	Resistant	Laboratory Method	Broth dilution	
573.24315	Klebsiella pneumoniae strain 8	levofloxacin	Resistant	Laboratory Method	Broth dilution	CLSI
573.13877	Klebsiella pneumoniae KPN2052ec	levofloxacin	Resistant	Laboratory Method	Broth dilution	CLSI
573.24412	Klebsiella pneumoniae strain MUGSI_43	levofloxacin	Resistant	Laboratory Method	Broth dilution	CLSI
573.1326	Klebsiella pneumoniae KPN1281ec	levofloxacin	Resistant	Laboratory Method	Broth dilution	CLSI
573.24295	Klebsiella pneumoniae strain 396	levofloxacin	Resistant	Laboratory Method	Broth dilution	CLSI
573.14031	Klebsiella pneumoniae KPN294ec	levofloxacin	Resistant	Laboratory Method	Broth dilution	CLSI
573.13915	Klebsiella pneumoniae KPN2092ec	levofloxacin	Resistant	Laboratory Method	Broth dilution	CLSI
573.13721	Klebsiella pneumoniae KPN1859ec	levofloxacin	Resistant	Laboratory Method	Broth dilution	CLSI
573.24312	Klebsiella pneumoniae strain 524	levofloxacin	Resistant	Laboratory Method	Broth dilution	CLSI
573.14089	Klebsiella pneumoniae KPN366ec	levofloxacin	Resistant	Laboratory Method	Broth dilution	CLSI
573.24338	Klebsiella pneumoniae strain MUGSI_120	levofloxacin	Resistant	Laboratory Method	Broth dilution	CLSI
573.14099	Klebsiella pneumoniae KPN376ec	levofloxacin	Resistant	Laboratory Method	Broth dilution	CLSI
573.13227	Klebsiella pneumoniae KPN1246ec	levofloxacin	Resistant	Laboratory Method	Broth dilution	CLSI
1284794.4	Klebsiella pneumoniae UHKPC77	levofloxacin	Resistant	Laboratory Method		
573.13667	Klebsiella pneumoniae KPN1772ec	levofloxacin	Resistant	Laboratory Method	Broth dilution	CLSI
573.13551	Klebsiella pneumoniae KPN1642ec	levofloxacin	Resistant	Laboratory Method	Broth dilution	CLSI
573.13738	Klebsiella pneumoniae KPN1875ec	levofloxacin	Resistant	Laboratory Method	Broth dilution	CLSI
573.14331	Klebsiella pneumoniae KPN703ec	levofloxacin	Resistant	Laboratory Method	Broth dilution	CLSI
573.12783	Klebsiella pneumoniae strain AR_0107	levofloxacin	Resistant	Laboratory Method	Broth dilution	CLSI
573.13689	Klebsiella pneumoniae KPN1821ec	levofloxacin	Resistant	Laboratory Method	Broth dilution	CLSI
573.1333	Klebsiella pneumoniae KPN1380ec	levofloxacin	Resistant	Laboratory Method	Broth dilution	CLSI
573.14158	Klebsiella pneumoniae KPN440ec	levofloxacin	Resistant	Laboratory Method	Broth dilution	CLSI
573.13455	Klebsiella pneumoniae KPN1522ec	levofloxacin	Resistant	Laboratory Method	Broth dilution	CLSI
573.14377	Klebsiella pneumoniae KPN759ec	levofloxacin	Resistant	Laboratory Method	Broth dilution	CLSI
573.24372	Klebsiella pneumoniae strain MUGSI_187	levofloxacin	Resistant	Laboratory Method	Broth dilution	CLSI
573.24433	Klebsiella pneumoniae strain MUGSI_74	levofloxacin	Resistant	Laboratory Method	Broth dilution	CLSI
573.135	Klebsiella pneumoniae KPN1572ec	levofloxacin	Resistant	Laboratory Method	Broth dilution	CLSI
573.14507	Klebsiella pneumoniae KPN939ec	levofloxacin	Resistant	Laboratory Method	Broth dilution	CLSI
1438714.3	Klebsiella pneumoniae CHS 08	levofloxacin	Resistant	Laboratory Method	Broth dilution	
1284829.3	Klebsiella pneumoniae VAKPC270	levofloxacin	Resistant	Laboratory Method		
573.14422	Klebsiella pneumoniae KPN823ec	levofloxacin	Resistant	Laboratory Method	Broth dilution	CLSI
573.14194	Klebsiella pneumoniae KPN503ec	levofloxacin	Resistant	Laboratory Method	Broth dilution	CLSI
573.13725	Klebsiella pneumoniae KPN1862ec	levofloxacin	Resistant	Laboratory Method	Broth dilution	CLSI
573.14279	Klebsiella pneumoniae KPN612ec	levofloxacin	Resistant	Laboratory Method	Broth dilution	CLSI
573.13482	Klebsiella pneumoniae KPN1552ec	levofloxacin	Resistant	Laboratory Method	Broth dilution	CLSI
573.13889	Klebsiella pneumoniae KPN2065ec	levofloxacin	Resistant	Laboratory Method	Broth dilution	CLSI
573.12918	Klebsiella pneumoniae 3340	levofloxacin	Resistant	Laboratory Method	Broth dilution	CLSI
573.14244	Klebsiella pneumoniae KPN569ec	levofloxacin	Resistant	Laboratory Method	Broth dilution	CLSI
1438749.3	Klebsiella pneumoniae CHS 43	levofloxacin	Resistant	Laboratory Method	Broth dilution	
573.13117	Klebsiella pneumoniae KPN1115ec	levofloxacin	Resistant	Laboratory Method	Broth dilution	CLSI
573.14448	Klebsiella pneumoniae KPN863ec	levofloxacin	Resistant	Laboratory Method	Broth dilution	CLSI
573.46861	Klebsiella pneumoniae KP-37LI	levofloxacin	Resistant	Laboratory Method	Broth dilution	EUCAST
573.13434	Klebsiella pneumoniae KPN1497ec	levofloxacin	Resistant	Laboratory Method	Broth dilution	CLSI
573.24309	Klebsiella pneumoniae strain 469	levofloxacin	Resistant	Laboratory Method	Broth dilution	CLSI
573.4685	Klebsiella pneumoniae KP-22PI	levofloxacin	Resistant	Laboratory Method	Broth dilution	EUCAST
573.13791	Klebsiella pneumoniae KPN1941ec	levofloxacin	Resistant	Laboratory Method	Broth dilution	CLSI
573.14519	Klebsiella pneumoniae KPN951ec	levofloxacin	Resistant	Laboratory Method	Broth dilution	CLSI
573.12994	Klebsiella pneumoniae 3215	levofloxacin	Resistant	Laboratory Method	Broth dilution	CLSI
573.14154	Klebsiella pneumoniae KPN436ec	levofloxacin	Resistant	Laboratory Method	Broth dilution	CLSI
573.14224	Klebsiella pneumoniae KPN542ec	levofloxacin	Resistant	Laboratory Method	Broth dilution	CLSI
573.13316	Klebsiella pneumoniae KPN1357ec	levofloxacin	Resistant	Laboratory Method	Broth dilution	CLSI
573.13223	Klebsiella pneumoniae KPN1242ec	levofloxacin	Resistant	Laboratory Method	Broth dilution	CLSI
573.13581	Klebsiella pneumoniae KPN1677ec	levofloxacin	Resistant	Laboratory Method	Broth dilution	CLSI
573.14459	Klebsiella pneumoniae KPN877ec	levofloxacin	Resistant	Laboratory Method	Broth dilution	CLSI
573.13424	Klebsiella pneumoniae KPN1484ec	levofloxacin	Resistant	Laboratory Method	Broth dilution	CLSI
573.14465	Klebsiella pneumoniae KPN883ec	levofloxacin	Resistant	Laboratory Method	Broth dilution	CLSI
573.14266	Klebsiella pneumoniae KPN594ec	levofloxacin	Resistant	Laboratory Method	Broth dilution	CLSI
573.13787	Klebsiella pneumoniae KPN1936ec	levofloxacin	Resistant	Laboratory Method	Broth dilution	CLSI
573.13902	Klebsiella pneumoniae KPN207ec	levofloxacin	Resistant	Laboratory Method	Broth dilution	CLSI
573.13887	Klebsiella pneumoniae KPN2063ec	levofloxacin	Resistant	Laboratory Method	Broth dilution	CLSI
573.13661	Klebsiella pneumoniae KPN1767ec	levofloxacin	Resistant	Laboratory Method	Broth dilution	CLSI
573.14342	Klebsiella pneumoniae KPN716ec	levofloxacin	Resistant	Laboratory Method	Broth dilution	CLSI
573.14545	Klebsiella pneumoniae KPN989ec	levofloxacin	Resistant	Laboratory Method	Broth dilution	CLSI
573.13696	Klebsiella pneumoniae KPN1831ec	levofloxacin	Resistant	Laboratory Method	Broth dilution	CLSI
573.2437	Klebsiella pneumoniae strain MUGSI_181	levofloxacin	Resistant	Laboratory Method	Broth dilution	CLSI
573.14548	Klebsiella pneumoniae KPN995ec	levofloxacin	Resistant	Laboratory Method	Broth dilution	CLSI
573.14542	Klebsiella pneumoniae KPN984ec	levofloxacin	Resistant	Laboratory Method	Broth dilution	CLSI
573.13865	Klebsiella pneumoniae KPN2039ec	levofloxacin	Resistant	Laboratory Method	Broth dilution	CLSI
573.13347	Klebsiella pneumoniae KPN1403ec	levofloxacin	Resistant	Laboratory Method	Broth dilution	CLSI
573.15042	Klebsiella pneumoniae strain AR_0158	levofloxacin	Resistant	Laboratory Method	Broth dilution	CLSI
573.24258	Klebsiella pneumoniae strain 19	levofloxacin	Resistant	Laboratory Method	Broth dilution	CLSI
573.13477	Klebsiella pneumoniae KPN1548ec	levofloxacin	Resistant	Laboratory Method	Broth dilution	CLSI
573.17908	Klebsiella pneumoniae strain AR_0066	levofloxacin	Resistant	Laboratory Method	Broth dilution	CLSI
573.13276	Klebsiella pneumoniae KPN1312ec	levofloxacin	Resistant	Laboratory Method	Broth dilution	CLSI
573.46829	Klebsiella pneumoniae KP-101LU	levofloxacin	Resistant	Laboratory Method	Broth dilution	EUCAST
573.13268	Klebsiella pneumoniae KPN1301ec	levofloxacin	Resistant	Laboratory Method	Broth dilution	CLSI
573.24326	Klebsiella pneumoniae strain MUGSI_102	levofloxacin	Resistant	Laboratory Method	Broth dilution	CLSI
573.13582	Klebsiella pneumoniae KPN1678ec	levofloxacin	Resistant	Laboratory Method	Broth dilution	CLSI
573.13108	Klebsiella pneumoniae KPN1104ec	levofloxacin	Resistant	Laboratory Method	Broth dilution	CLSI
573.18093	Klebsiella pneumoniae strain AR_0153	levofloxacin	Resistant	Laboratory Method	Broth dilution	CLSI
573.13813	Klebsiella pneumoniae KPN197ec	levofloxacin	Resistant	Laboratory Method	Broth dilution	CLSI
1438779.3	Klebsiella pneumoniae CHS 75	levofloxacin	Resistant	Laboratory Method	Broth dilution	
573.13678	Klebsiella pneumoniae KPN1785ec	levofloxacin	Resistant	Laboratory Method	Broth dilution	CLSI
573.13723	Klebsiella pneumoniae KPN1860ec	levofloxacin	Resistant	Laboratory Method	Broth dilution	CLSI
573.14452	Klebsiella pneumoniae KPN867ec	levofloxacin	Resistant	Laboratory Method	Broth dilution	CLSI
573.12976	Klebsiella pneumoniae 3277	levofloxacin	Resistant	Laboratory Method	Broth dilution	CLSI
573.14352	Klebsiella pneumoniae KPN727ec	levofloxacin	Resistant	Laboratory Method	Broth dilution	CLSI
573.13563	Klebsiella pneumoniae KPN1654ec	levofloxacin	Resistant	Laboratory Method	Broth dilution	CLSI
573.14362	Klebsiella pneumoniae KPN740ec	levofloxacin	Resistant	Laboratory Method	Broth dilution	CLSI
573.46871	Klebsiella pneumoniae KP-83LU	levofloxacin	Resistant	Laboratory Method	Broth dilution	EUCAST
573.14255	Klebsiella pneumoniae KPN581ec	levofloxacin	Resistant	Laboratory Method	Broth dilution	CLSI
573.14067	Klebsiella pneumoniae KPN336ec	levofloxacin	Resistant	Laboratory Method	Broth dilution	CLSI
573.14273	Klebsiella pneumoniae KPN604ec	levofloxacin	Resistant	Laboratory Method	Broth dilution	CLSI
573.14491	Klebsiella pneumoniae KPN918ec	levofloxacin	Resistant	Laboratory Method	Broth dilution	CLSI
573.14088	Klebsiella pneumoniae KPN364ec	levofloxacin	Resistant	Laboratory Method	Broth dilution	CLSI
573.14174	Klebsiella pneumoniae KPN463ec	levofloxacin	Resistant	Laboratory Method	Broth dilution	CLSI
573.24448	Klebsiella pneumoniae strain MUGSI_89	levofloxacin	Resistant	Laboratory Method	Broth dilution	CLSI
1438760.3	Klebsiella pneumoniae CHS 54	levofloxacin	Resistant	Laboratory Method	Broth dilution	
573.13371	Klebsiella pneumoniae KPN142ec	levofloxacin	Resistant	Laboratory Method	Broth dilution	CLSI
573.13311	Klebsiella pneumoniae KPN1350ec	levofloxacin	Resistant	Laboratory Method	Broth dilution	CLSI
573.12982	Klebsiella pneumoniae 3305	levofloxacin	Resistant	Laboratory Method	Broth dilution	CLSI
573.13438	Klebsiella pneumoniae KPN1501ec	levofloxacin	Resistant	Laboratory Method	Broth dilution	CLSI
573.14382	Klebsiella pneumoniae KPN766ec	levofloxacin	Resistant	Laboratory Method	Broth dilution	CLSI
573.13594	Klebsiella pneumoniae KPN1691ec	levofloxacin	Resistant	Laboratory Method	Broth dilution	CLSI
573.13821	Klebsiella pneumoniae KPN1988ec	levofloxacin	Resistant	Laboratory Method	Broth dilution	CLSI
573.46863	Klebsiella pneumoniae KP-39LI	levofloxacin	Resistant	Laboratory Method	Broth dilution	EUCAST
573.23213	Klebsiella pneumoniae strain KP_123	levofloxacin	Resistant	Laboratory Method	Disk diffusion	CLSI
573.13172	Klebsiella pneumoniae KPN1179ec	levofloxacin	Resistant	Laboratory Method	Broth dilution	CLSI
1304916.4	Klebsiella pneumoniae 140_1040	levofloxacin	Resistant	Laboratory Method		
573.13757	Klebsiella pneumoniae KPN1897ec	levofloxacin	Resistant	Laboratory Method	Broth dilution	CLSI
573.24371	Klebsiella pneumoniae strain MUGSI_184	levofloxacin	Resistant	Laboratory Method	Broth dilution	CLSI
573.13386	Klebsiella pneumoniae KPN1445ec	levofloxacin	Resistant	Laboratory Method	Broth dilution	CLSI
573.13448	Klebsiella pneumoniae KPN1515ec	levofloxacin	Resistant	Laboratory Method	Broth dilution	CLSI
573.24452	Klebsiella pneumoniae strain MUGSI_95	levofloxacin	Resistant	Laboratory Method	Broth dilution	CLSI
573.23199	Klebsiella pneumoniae strain KP_121	levofloxacin	Resistant	Laboratory Method	Disk diffusion	CLSI
573.13485	Klebsiella pneumoniae KPN1557ec	levofloxacin	Resistant	Laboratory Method	Broth dilution	CLSI
573.13715	Klebsiella pneumoniae KPN1852ec	levofloxacin	Resistant	Laboratory Method	Broth dilution	CLSI
573.14321	Klebsiella pneumoniae KPN691ec	levofloxacin	Resistant	Laboratory Method	Broth dilution	CLSI
573.46832	Klebsiella pneumoniae KP-10PI	levofloxacin	Resistant	Laboratory Method	Broth dilution	EUCAST
573.14227	Klebsiella pneumoniae KPN546ec	levofloxacin	Resistant	Laboratory Method	Broth dilution	CLSI
1438745.3	Klebsiella pneumoniae CHS 39	levofloxacin	Resistant	Laboratory Method	Broth dilution	
573.13404	Klebsiella pneumoniae KPN1465ec	levofloxacin	Resistant	Laboratory Method	Broth dilution	CLSI
573.24403	Klebsiella pneumoniae strain MUGSI_33	levofloxacin	Resistant	Laboratory Method	Broth dilution	CLSI
573.13209	Klebsiella pneumoniae KPN1219ec	levofloxacin	Resistant	Laboratory Method	Broth dilution	CLSI
573.13077	Klebsiella pneumoniae KPN1060ec	levofloxacin	Resistant	Laboratory Method	Broth dilution	CLSI
573.13153	Klebsiella pneumoniae KPN1155ec	levofloxacin	Resistant	Laboratory Method	Broth dilution	CLSI
573.14048	Klebsiella pneumoniae KPN314ec	levofloxacin	Resistant	Laboratory Method	Broth dilution	CLSI
573.13774	Klebsiella pneumoniae KPN1920ec	levofloxacin	Resistant	Laboratory Method	Broth dilution	CLSI
573.13602	Klebsiella pneumoniae KPN1699ec	levofloxacin	Resistant	Laboratory Method	Broth dilution	CLSI
573.12898	Klebsiella pneumoniae 3216	levofloxacin	Resistant	Laboratory Method	Broth dilution	CLSI
573.24427	Klebsiella pneumoniae strain MUGSI_65	levofloxacin	Resistant	Laboratory Method	Broth dilution	CLSI
573.13884	Klebsiella pneumoniae KPN205ec	levofloxacin	Resistant	Laboratory Method	Broth dilution	CLSI
573.14256	Klebsiella pneumoniae KPN582ec	levofloxacin	Resistant	Laboratory Method	Broth dilution	CLSI
573.1349	Klebsiella pneumoniae KPN1561ec	levofloxacin	Resistant	Laboratory Method	Broth dilution	CLSI
573.13936	Klebsiella pneumoniae KPN2122ec	levofloxacin	Resistant	Laboratory Method	Broth dilution	CLSI
573.13871	Klebsiella pneumoniae KPN2045ec	levofloxacin	Resistant	Laboratory Method	Broth dilution	CLSI
573.13999	Klebsiella pneumoniae KPN260ec	levofloxacin	Resistant	Laboratory Method	Broth dilution	CLSI
573.13334	Klebsiella pneumoniae KPN1384ec	levofloxacin	Resistant	Laboratory Method	Broth dilution	CLSI
573.24451	Klebsiella pneumoniae strain MUGSI_94	levofloxacin	Resistant	Laboratory Method	Broth dilution	CLSI
573.13751	Klebsiella pneumoniae KPN188ec	levofloxacin	Resistant	Laboratory Method	Broth dilution	CLSI
573.1436	Klebsiella pneumoniae KPN737ec	levofloxacin	Resistant	Laboratory Method	Broth dilution	CLSI
573.13666	Klebsiella pneumoniae KPN1771ec	levofloxacin	Resistant	Laboratory Method	Broth dilution	CLSI
573.24278	Klebsiella pneumoniae strain 30	levofloxacin	Resistant	Laboratory Method	Broth dilution	CLSI
573.13668	Klebsiella pneumoniae KPN1774ec	levofloxacin	Resistant	Laboratory Method	Broth dilution	CLSI
573.13479	Klebsiella pneumoniae KPN154ec	levofloxacin	Resistant	Laboratory Method	Broth dilution	CLSI
573.13067	Klebsiella pneumoniae KPN1045ec	levofloxacin	Resistant	Laboratory Method	Broth dilution	CLSI
573.14522	Klebsiella pneumoniae KPN956ec	levofloxacin	Resistant	Laboratory Method	Broth dilution	CLSI
573.13893	Klebsiella pneumoniae KPN206ec	levofloxacin	Resistant	Laboratory Method	Broth dilution	CLSI
573.1433	Klebsiella pneumoniae KPN702ec	levofloxacin	Resistant	Laboratory Method	Broth dilution	CLSI
573.1328	Klebsiella pneumoniae KPN1317ec	levofloxacin	Resistant	Laboratory Method	Broth dilution	CLSI
573.1453	Klebsiella pneumoniae KPN966ec	levofloxacin	Resistant	Laboratory Method	Broth dilution	CLSI
573.9722	Klebsiella pneumoniae strain AR_0068	levofloxacin	Resistant	Laboratory Method	Broth dilution	CLSI
573.13079	Klebsiella pneumoniae KPN1064ec	levofloxacin	Resistant	Laboratory Method	Broth dilution	CLSI
573.14288	Klebsiella pneumoniae KPN621ec	levofloxacin	Resistant	Laboratory Method	Broth dilution	CLSI
573.14023	Klebsiella pneumoniae KPN286ec	levofloxacin	Resistant	Laboratory Method	Broth dilution	CLSI
573.14189	Klebsiella pneumoniae KPN482ec	levofloxacin	Resistant	Laboratory Method	Broth dilution	CLSI
573.14536	Klebsiella pneumoniae KPN977ec	levofloxacin	Resistant	Laboratory Method	Broth dilution	CLSI
573.13269	Klebsiella pneumoniae KPN1302ec	levofloxacin	Resistant	Laboratory Method	Broth dilution	CLSI
573.14487	Klebsiella pneumoniae KPN913ec	levofloxacin	Resistant	Laboratory Method	Broth dilution	CLSI
573.13249	Klebsiella pneumoniae KPN1270ec	levofloxacin	Resistant	Laboratory Method	Broth dilution	CLSI
573.13765	Klebsiella pneumoniae KPN1906ec	levofloxacin	Resistant	Laboratory Method	Broth dilution	CLSI
573.13585	Klebsiella pneumoniae KPN1680ec	levofloxacin	Resistant	Laboratory Method	Broth dilution	CLSI
573.13562	Klebsiella pneumoniae KPN1653ec	levofloxacin	Resistant	Laboratory Method	Broth dilution	CLSI
573.13579	Klebsiella pneumoniae KPN1675ec	levofloxacin	Resistant	Laboratory Method	Broth dilution	CLSI
1438724.3	Klebsiella pneumoniae CHS 18	levofloxacin	Resistant	Laboratory Method	Broth dilution	
573.24288	Klebsiella pneumoniae strain 350	levofloxacin	Resistant	Laboratory Method	Broth dilution	CLSI
573.13623	Klebsiella pneumoniae KPN1720ec	levofloxacin	Resistant	Laboratory Method	Broth dilution	CLSI
573.13177	Klebsiella pneumoniae KPN1185ec	levofloxacin	Resistant	Laboratory Method	Broth dilution	CLSI
573.24346	Klebsiella pneumoniae strain MUGSI_129	levofloxacin	Resistant	Laboratory Method	Broth dilution	CLSI
573.13124	Klebsiella pneumoniae KPN1122ec	levofloxacin	Resistant	Laboratory Method	Broth dilution	CLSI
573.12867	Klebsiella pneumoniae 3345	levofloxacin	Resistant	Laboratory Method	Broth dilution	CLSI
573.13954	Klebsiella pneumoniae KPN2163ec	levofloxacin	Resistant	Laboratory Method	Broth dilution	CLSI
1438715.3	Klebsiella pneumoniae CHS 09	levofloxacin	Resistant	Laboratory Method	Broth dilution	
573.13836	Klebsiella pneumoniae KPN2006ec	levofloxacin	Resistant	Laboratory Method	Broth dilution	CLSI
573.13356	Klebsiella pneumoniae KPN1413ec	levofloxacin	Resistant	Laboratory Method	Broth dilution	CLSI
573.14097	Klebsiella pneumoniae KPN374ec	levofloxacin	Resistant	Laboratory Method	Broth dilution	CLSI
573.13226	Klebsiella pneumoniae KPN1245ec	levofloxacin	Resistant	Laboratory Method	Broth dilution	CLSI
573.14524	Klebsiella pneumoniae KPN958ec	levofloxacin	Resistant	Laboratory Method	Broth dilution	CLSI
573.14225	Klebsiella pneumoniae KPN544ec	levofloxacin	Resistant	Laboratory Method	Broth dilution	CLSI
573.13926	Klebsiella pneumoniae KPN2108ec	levofloxacin	Resistant	Laboratory Method	Broth dilution	CLSI
573.17915	Klebsiella pneumoniae strain AR_0361	levofloxacin	Resistant	Laboratory Method	Broth dilution	CLSI
573.13413	Klebsiella pneumoniae KPN1475ec	levofloxacin	Resistant	Laboratory Method	Broth dilution	CLSI
573.13068	Klebsiella pneumoniae KPN1046ec	levofloxacin	Resistant	Laboratory Method	Broth dilution	CLSI
573.14289	Klebsiella pneumoniae KPN622ec	levofloxacin	Resistant	Laboratory Method	Broth dilution	CLSI
573.23201	Klebsiella pneumoniae strain KP_109	levofloxacin	Resistant	Laboratory Method	Disk diffusion	CLSI
573.13235	Klebsiella pneumoniae KPN1256ec	levofloxacin	Resistant	Laboratory Method	Broth dilution	CLSI
573.1404	Klebsiella pneumoniae KPN305ec	levofloxacin	Resistant	Laboratory Method	Broth dilution	CLSI
573.13441	Klebsiella pneumoniae KPN1507ec	levofloxacin	Resistant	Laboratory Method	Broth dilution	CLSI
1438771.3	Klebsiella pneumoniae CHS 65	levofloxacin	Resistant	Laboratory Method	Broth dilution	
573.13158	Klebsiella pneumoniae KPN1163ec	levofloxacin	Resistant	Laboratory Method	Broth dilution	CLSI
573.13983	Klebsiella pneumoniae KPN238ec	levofloxacin	Resistant	Laboratory Method	Broth dilution	CLSI
1438770.3	Klebsiella pneumoniae CHS 64	levofloxacin	Resistant	Laboratory Method	Broth dilution	
573.13773	Klebsiella pneumoniae KPN191ec	levofloxacin	Resistant	Laboratory Method	Broth dilution	CLSI
573.14215	Klebsiella pneumoniae KPN530ec	levofloxacin	Resistant	Laboratory Method	Broth dilution	CLSI
573.1391	Klebsiella pneumoniae KPN2087ec	levofloxacin	Resistant	Laboratory Method	Broth dilution	CLSI
573.14168	Klebsiella pneumoniae KPN455ec	levofloxacin	Resistant	Laboratory Method	Broth dilution	CLSI
573.13186	Klebsiella pneumoniae KPN1194ec	levofloxacin	Resistant	Laboratory Method	Broth dilution	CLSI
1304923.3	Klebsiella pneumoniae 540_1460	levofloxacin	Resistant	Laboratory Method		
573.1728	Klebsiella pneumoniae strain KpVA-10	levofloxacin	Resistant	Laboratory Method	Disk diffusion	EUCAST
573.13709	Klebsiella pneumoniae KPN1847ec	levofloxacin	Resistant	Laboratory Method	Broth dilution	CLSI
1304918.4	Klebsiella pneumoniae 120_1020	levofloxacin	Resistant	Laboratory Method		
573.13733	Klebsiella pneumoniae KPN186ec	levofloxacin	Resistant	Laboratory Method	Broth dilution	CLSI
573.1392	Klebsiella pneumoniae KPN209ec	levofloxacin	Resistant	Laboratory Method	Broth dilution	CLSI
573.12781	Klebsiella pneumoniae strain AR_0152	levofloxacin	Resistant	Laboratory Method	Broth dilution	CLSI
72407.2899	Klebsiella pneumoniae subsp. pneumoniae MRSN752085	levofloxacin	Resistant	Laboratory Method		
573.13533	Klebsiella pneumoniae KPN1612ec	levofloxacin	Resistant	Laboratory Method	Broth dilution	CLSI
573.13673	Klebsiella pneumoniae KPN177ec	levofloxacin	Resistant	Laboratory Method	Broth dilution	CLSI
573.13699	Klebsiella pneumoniae KPN1835ec	levofloxacin	Resistant	Laboratory Method	Broth dilution	CLSI
573.13045	Klebsiella pneumoniae KPN1019ec	levofloxacin	Resistant	Laboratory Method	Broth dilution	CLSI
72407.2891	Klebsiella pneumoniae subsp. pneumoniae MRSN752921	levofloxacin	Resistant	Laboratory Method		
573.1732	Klebsiella pneumoniae strain KpVA-14	levofloxacin	Resistant	Laboratory Method	Disk diffusion	EUCAST
573.14009	Klebsiella pneumoniae KPN271ec	levofloxacin	Resistant	Laboratory Method	Broth dilution	CLSI
573.14258	Klebsiella pneumoniae KPN584ec	levofloxacin	Resistant	Laboratory Method	Broth dilution	CLSI
573.13922	Klebsiella pneumoniae KPN2101ec	levofloxacin	Resistant	Laboratory Method	Broth dilution	CLSI
573.14165	Klebsiella pneumoniae KPN449ec	levofloxacin	Resistant	Laboratory Method	Broth dilution	CLSI
573.13467	Klebsiella pneumoniae KPN1536ec	levofloxacin	Resistant	Laboratory Method	Broth dilution	CLSI
1284813.3	Klebsiella pneumoniae UHKPC27	levofloxacin	Resistant	Laboratory Method		
1284827.3	Klebsiella pneumoniae VAKPC278	levofloxacin	Resistant	Laboratory Method		
573.12897	Klebsiella pneumoniae 3241	levofloxacin	Resistant	Laboratory Method	Broth dilution	CLSI
573.13782	Klebsiella pneumoniae KPN1930ec	levofloxacin	Resistant	Laboratory Method	Broth dilution	CLSI
573.13543	Klebsiella pneumoniae KPN1626ec	levofloxacin	Resistant	Laboratory Method	Broth dilution	CLSI
573.13974	Klebsiella pneumoniae KPN228ec	levofloxacin	Resistant	Laboratory Method	Broth dilution	CLSI
1304921.4	Klebsiella pneumoniae 440_1540	levofloxacin	Resistant	Laboratory Method		
573.13965	Klebsiella pneumoniae KPN218ec	levofloxacin	Resistant	Laboratory Method	Broth dilution	CLSI
573.14434	Klebsiella pneumoniae KPN839ec	levofloxacin	Resistant	Laboratory Method	Broth dilution	CLSI
1284795.4	Klebsiella pneumoniae UHKPC96	levofloxacin	Resistant	Laboratory Method		
573.14469	Klebsiella pneumoniae KPN890ec	levofloxacin	Resistant	Laboratory Method	Broth dilution	CLSI
573.13474	Klebsiella pneumoniae KPN1545ec	levofloxacin	Resistant	Laboratory Method	Broth dilution	CLSI
573.13971	Klebsiella pneumoniae KPN224ec	levofloxacin	Resistant	Laboratory Method	Broth dilution	CLSI
72407.29	Klebsiella pneumoniae subsp. pneumoniae MRSN849888	levofloxacin	Resistant	Laboratory Method		
573.14295	Klebsiella pneumoniae KPN635ec	levofloxacin	Resistant	Laboratory Method	Broth dilution	CLSI
573.13992	Klebsiella pneumoniae KPN251ec	levofloxacin	Resistant	Laboratory Method	Broth dilution	CLSI
573.13008	Klebsiella pneumoniae 3302	levofloxacin	Resistant	Laboratory Method	Broth dilution	CLSI
573.13066	Klebsiella pneumoniae KPN1044ec	levofloxacin	Resistant	Laboratory Method	Broth dilution	CLSI
573.13558	Klebsiella pneumoniae KPN164ec	levofloxacin	Resistant	Laboratory Method	Broth dilution	CLSI
573.13828	Klebsiella pneumoniae KPN1997ec	levofloxacin	Resistant	Laboratory Method	Broth dilution	CLSI
573.13919	Klebsiella pneumoniae KPN2099ec	levofloxacin	Resistant	Laboratory Method	Broth dilution	CLSI
573.14421	Klebsiella pneumoniae KPN822ec	levofloxacin	Resistant	Laboratory Method	Broth dilution	CLSI
573.24318	Klebsiella pneumoniae strain FDA-CDC-AR_0106	levofloxacin	Resistant	Laboratory Method	Broth dilution	CLSI
573.7031	Klebsiella pneumoniae strain AR_0040	levofloxacin	Resistant	Laboratory Method	Broth dilution	CLSI
573.14412	Klebsiella pneumoniae KPN810ec	levofloxacin	Resistant	Laboratory Method	Broth dilution	CLSI
573.12947	Klebsiella pneumoniae 3362	levofloxacin	Resistant	Laboratory Method	Broth dilution	CLSI
573.1314	Klebsiella pneumoniae KPN1140ec	levofloxacin	Resistant	Laboratory Method	Broth dilution	CLSI
573.14223	Klebsiella pneumoniae KPN540ec	levofloxacin	Resistant	Laboratory Method	Broth dilution	CLSI
1438738.3	Klebsiella pneumoniae CHS 32	levofloxacin	Resistant	Laboratory Method	Broth dilution	
573.14041	Klebsiella pneumoniae KPN306ec	levofloxacin	Resistant	Laboratory Method	Broth dilution	CLSI
573.13786	Klebsiella pneumoniae KPN1934ec	levofloxacin	Resistant	Laboratory Method	Broth dilution	CLSI
573.13224	Klebsiella pneumoniae KPN1243ec	levofloxacin	Resistant	Laboratory Method	Broth dilution	CLSI
573.1278	Klebsiella pneumoniae strain AR_0145	levofloxacin	Resistant	Laboratory Method	Broth dilution	CLSI
573.24347	Klebsiella pneumoniae strain MUGSI_130	levofloxacin	Resistant	Laboratory Method	Broth dilution	CLSI
573.14212	Klebsiella pneumoniae KPN526ec	levofloxacin	Resistant	Laboratory Method	Broth dilution	CLSI
573.14208	Klebsiella pneumoniae KPN522ec	levofloxacin	Resistant	Laboratory Method	Broth dilution	CLSI
573.14094	Klebsiella pneumoniae KPN371ec	levofloxacin	Resistant	Laboratory Method	Broth dilution	CLSI
573.14484	Klebsiella pneumoniae KPN911ec	levofloxacin	Resistant	Laboratory Method	Broth dilution	CLSI
573.13348	Klebsiella pneumoniae KPN1404ec	levofloxacin	Resistant	Laboratory Method	Broth dilution	CLSI
72407.2898	Klebsiella pneumoniae subsp. pneumoniae MRSN752001	levofloxacin	Resistant	Laboratory Method		
573.24406	Klebsiella pneumoniae strain MUGSI_37	levofloxacin	Resistant	Laboratory Method	Broth dilution	CLSI
573.14037	Klebsiella pneumoniae KPN302ec	levofloxacin	Resistant	Laboratory Method	Broth dilution	CLSI
573.9723	Klebsiella pneumoniae strain AR_0115	levofloxacin	Resistant	Laboratory Method	Broth dilution	CLSI
72407.2895	Klebsiella pneumoniae subsp. pneumoniae MRSN752035	levofloxacin	Resistant	Laboratory Method		
573.1721	Klebsiella pneumoniae strain KpVA-3	levofloxacin	Resistant	Laboratory Method	Disk diffusion	EUCAST
573.14252	Klebsiella pneumoniae KPN578ec	levofloxacin	Resistant	Laboratory Method	Broth dilution	CLSI
573.23203	Klebsiella pneumoniae strain KP_017	levofloxacin	Resistant	Laboratory Method	Disk diffusion	CLSI
573.14282	Klebsiella pneumoniae KPN615ec	levofloxacin	Resistant	Laboratory Method	Broth dilution	CLSI
573.1447	Klebsiella pneumoniae KPN891ec	levofloxacin	Resistant	Laboratory Method	Broth dilution	CLSI
573.13397	Klebsiella pneumoniae KPN1456ec	levofloxacin	Resistant	Laboratory Method	Broth dilution	CLSI
573.1723	Klebsiella pneumoniae strain KpVA-5	levofloxacin	Resistant	Laboratory Method	Disk diffusion	EUCAST
573.14124	Klebsiella pneumoniae KPN403ec	levofloxacin	Resistant	Laboratory Method	Broth dilution	CLSI
573.24316	Klebsiella pneumoniae strain 9	levofloxacin	Resistant	Laboratory Method	Broth dilution	CLSI
573.14116	Klebsiella pneumoniae KPN394ec	levofloxacin	Resistant	Laboratory Method	Broth dilution	CLSI
573.1406	Klebsiella pneumoniae KPN327ec	levofloxacin	Resistant	Laboratory Method	Broth dilution	CLSI
573.13179	Klebsiella pneumoniae KPN1187ec	levofloxacin	Resistant	Laboratory Method	Broth dilution	CLSI
573.24271	Klebsiella pneumoniae strain 26	levofloxacin	Resistant	Laboratory Method	Broth dilution	CLSI
573.13206	Klebsiella pneumoniae KPN1216ec	levofloxacin	Resistant	Laboratory Method	Broth dilution	CLSI
573.13083	Klebsiella pneumoniae KPN1068ec	levofloxacin	Resistant	Laboratory Method	Broth dilution	CLSI
573.24388	Klebsiella pneumoniae strain MUGSI_293	levofloxacin	Resistant	Laboratory Method	Broth dilution	CLSI
573.14085	Klebsiella pneumoniae KPN361ec	levofloxacin	Resistant	Laboratory Method	Broth dilution	CLSI
573.13681	Klebsiella pneumoniae KPN1789ec	levofloxacin	Resistant	Laboratory Method	Broth dilution	CLSI
573.14447	Klebsiella pneumoniae KPN860ec	levofloxacin	Resistant	Laboratory Method	Broth dilution	CLSI
573.23224	Klebsiella pneumoniae strain KP_144	levofloxacin	Resistant	Laboratory Method	Disk diffusion	CLSI
573.13941	Klebsiella pneumoniae KPN2130ec	levofloxacin	Resistant	Laboratory Method	Broth dilution	CLSI
573.145	Klebsiella pneumoniae KPN928ec	levofloxacin	Resistant	Laboratory Method	Broth dilution	CLSI
573.13324	Klebsiella pneumoniae KPN1369ec	levofloxacin	Resistant	Laboratory Method	Broth dilution	CLSI
573.12919	Klebsiella pneumoniae 3346	levofloxacin	Resistant	Laboratory Method	Broth dilution	CLSI
573.1425	Klebsiella pneumoniae KPN576ec	levofloxacin	Resistant	Laboratory Method	Broth dilution	CLSI
573.14115	Klebsiella pneumoniae KPN393ec	levofloxacin	Resistant	Laboratory Method	Broth dilution	CLSI
1438763.3	Klebsiella pneumoniae CHS 57	levofloxacin	Resistant	Laboratory Method	Broth dilution	
573.14017	Klebsiella pneumoniae KPN279ec	levofloxacin	Resistant	Laboratory Method	Broth dilution	CLSI
573.13779	Klebsiella pneumoniae KPN1927ec	levofloxacin	Resistant	Laboratory Method	Broth dilution	CLSI
573.13264	Klebsiella pneumoniae KPN1285ec	levofloxacin	Resistant	Laboratory Method	Broth dilution	CLSI
573.12945	Klebsiella pneumoniae 3354	levofloxacin	Resistant	Laboratory Method	Broth dilution	CLSI
573.13326	Klebsiella pneumoniae KPN1372ec	levofloxacin	Resistant	Laboratory Method	Broth dilution	CLSI
573.14446	Klebsiella pneumoniae KPN858ec	levofloxacin	Resistant	Laboratory Method	Broth dilution	CLSI
573.9721	Klebsiella pneumoniae strain AR_0117	levofloxacin	Resistant	Laboratory Method	Broth dilution	CLSI
573.46876	Klebsiella pneumoniae KP-93LU	levofloxacin	Resistant	Laboratory Method	Broth dilution	EUCAST
573.13127	Klebsiella pneumoniae KPN1125ec	levofloxacin	Resistant	Laboratory Method	Broth dilution	CLSI
573.18477	Klebsiella pneumoniae strain CCUG 70747	levofloxacin	Resistant	Laboratory Method	Broth dilution	EUCAST
573.137	Klebsiella pneumoniae KPN1836ec	levofloxacin	Resistant	Laboratory Method	Broth dilution	CLSI
1284828.3	Klebsiella pneumoniae VAKPC280	levofloxacin	Resistant	Laboratory Method		
573.13895	Klebsiella pneumoniae KPN2072ec	levofloxacin	Resistant	Laboratory Method	Broth dilution	CLSI
573.13109	Klebsiella pneumoniae KPN1105ec	levofloxacin	Resistant	Laboratory Method	Broth dilution	CLSI
573.1379	Klebsiella pneumoniae KPN1940ec	levofloxacin	Resistant	Laboratory Method	Broth dilution	CLSI
573.20063	Klebsiella pneumoniae strain AR_0097	levofloxacin	Resistant	Laboratory Method	Broth dilution	CLSI
573.14147	Klebsiella pneumoniae KPN427ec	levofloxacin	Resistant	Laboratory Method	Broth dilution	CLSI
573.13266	Klebsiella pneumoniae KPN128ec	levofloxacin	Resistant	Laboratory Method	Broth dilution	CLSI
573.13272	Klebsiella pneumoniae KPN1307ec	levofloxacin	Resistant	Laboratory Method	Broth dilution	CLSI
573.13519	Klebsiella pneumoniae KPN1595ec	levofloxacin	Resistant	Laboratory Method	Broth dilution	CLSI
573.14102	Klebsiella pneumoniae KPN379ec	levofloxacin	Resistant	Laboratory Method	Broth dilution	CLSI
573.14509	Klebsiella pneumoniae KPN941ec	levofloxacin	Resistant	Laboratory Method	Broth dilution	CLSI
573.13367	Klebsiella pneumoniae KPN1426ec	levofloxacin	Resistant	Laboratory Method	Broth dilution	CLSI
573.14366	Klebsiella pneumoniae KPN745ec	levofloxacin	Resistant	Laboratory Method	Broth dilution	CLSI
573.24251	Klebsiella pneumoniae strain 15	levofloxacin	Resistant	Laboratory Method	Broth dilution	CLSI
573.1336	Klebsiella pneumoniae KPN1417ec	levofloxacin	Resistant	Laboratory Method	Broth dilution	CLSI
573.13447	Klebsiella pneumoniae KPN1514ec	levofloxacin	Resistant	Laboratory Method	Broth dilution	CLSI
1284816.3	Klebsiella pneumoniae UHKPC26	levofloxacin	Resistant	Laboratory Method		
573.1359	Klebsiella pneumoniae KPN1687ec	levofloxacin	Resistant	Laboratory Method	Broth dilution	CLSI
1438726.3	Klebsiella pneumoniae CHS 20	levofloxacin	Resistant	Laboratory Method	Broth dilution	
573.13387	Klebsiella pneumoniae KPN1446ec	levofloxacin	Resistant	Laboratory Method	Broth dilution	CLSI
573.14383	Klebsiella pneumoniae KPN768ec	levofloxacin	Resistant	Laboratory Method	Broth dilution	CLSI
573.7032	Klebsiella pneumoniae strain AR_0041	levofloxacin	Resistant	Laboratory Method	Broth dilution	CLSI
573.13308	Klebsiella pneumoniae KPN1348ec	levofloxacin	Resistant	Laboratory Method	Broth dilution	CLSI
573.13648	Klebsiella pneumoniae KPN1752ec	levofloxacin	Resistant	Laboratory Method	Broth dilution	CLSI
573.13619	Klebsiella pneumoniae KPN1716ec	levofloxacin	Resistant	Laboratory Method	Broth dilution	CLSI
573.14361	Klebsiella pneumoniae KPN738ec	levofloxacin	Resistant	Laboratory Method	Broth dilution	CLSI
573.14333	Klebsiella pneumoniae KPN705ec	levofloxacin	Resistant	Laboratory Method	Broth dilution	CLSI
573.13855	Klebsiella pneumoniae KPN2027ec	levofloxacin	Resistant	Laboratory Method	Broth dilution	CLSI
573.14267	Klebsiella pneumoniae KPN596ec	levofloxacin	Resistant	Laboratory Method	Broth dilution	CLSI
573.13147	Klebsiella pneumoniae KPN1149ec	levofloxacin	Resistant	Laboratory Method	Broth dilution	CLSI
573.1403	Klebsiella pneumoniae KPN293ec	levofloxacin	Resistant	Laboratory Method	Broth dilution	CLSI
573.1327	Klebsiella pneumoniae KPN1303ec	levofloxacin	Resistant	Laboratory Method	Broth dilution	CLSI
573.14133	Klebsiella pneumoniae KPN413ec	levofloxacin	Resistant	Laboratory Method	Broth dilution	CLSI
573.13702	Klebsiella pneumoniae KPN183ec	levofloxacin	Resistant	Laboratory Method	Broth dilution	CLSI
573.14109	Klebsiella pneumoniae KPN386ec	levofloxacin	Resistant	Laboratory Method	Broth dilution	CLSI
573.23218	Klebsiella pneumoniae strain KP_310	levofloxacin	Resistant	Laboratory Method	Disk diffusion	CLSI
573.1293	Klebsiella pneumoniae 58	levofloxacin	Resistant	Laboratory Method	Broth dilution	CLSI
573.13099	Klebsiella pneumoniae KPN1093ec	levofloxacin	Resistant	Laboratory Method	Broth dilution	CLSI
573.14007	Klebsiella pneumoniae KPN269ec	levofloxacin	Resistant	Laboratory Method	Broth dilution	CLSI
573.1369	Klebsiella pneumoniae KPN1824ec	levofloxacin	Resistant	Laboratory Method	Broth dilution	CLSI
573.14035	Klebsiella pneumoniae KPN300ec	levofloxacin	Resistant	Laboratory Method	Broth dilution	CLSI
573.24263	Klebsiella pneumoniae strain 21	levofloxacin	Resistant	Laboratory Method	Broth dilution	CLSI
1284819.3	Klebsiella pneumoniae UHKPC45	levofloxacin	Resistant	Laboratory Method		
573.1354	Klebsiella pneumoniae KPN1623ec	levofloxacin	Resistant	Laboratory Method	Broth dilution	CLSI
573.13183	Klebsiella pneumoniae KPN1191ec	levofloxacin	Resistant	Laboratory Method	Broth dilution	CLSI
573.13201	Klebsiella pneumoniae KPN1210ec	levofloxacin	Resistant	Laboratory Method	Broth dilution	CLSI
573.13236	Klebsiella pneumoniae KPN1257ec	levofloxacin	Resistant	Laboratory Method	Broth dilution	CLSI
573.13716	Klebsiella pneumoniae KPN1853ec	levofloxacin	Resistant	Laboratory Method	Broth dilution	CLSI
573.13495	Klebsiella pneumoniae KPN1567ec	levofloxacin	Resistant	Laboratory Method	Broth dilution	CLSI
1284809.4	Klebsiella pneumoniae UHKPC02	levofloxacin	Resistant	Laboratory Method		
573.14175	Klebsiella pneumoniae KPN464ec	levofloxacin	Resistant	Laboratory Method	Broth dilution	CLSI
573.24396	Klebsiella pneumoniae strain MUGSI_312	levofloxacin	Resistant	Laboratory Method	Broth dilution	CLSI
1438720.3	Klebsiella pneumoniae CHS 14	levofloxacin	Resistant	Laboratory Method	Broth dilution	
573.13446	Klebsiella pneumoniae KPN1513ec	levofloxacin	Resistant	Laboratory Method	Broth dilution	CLSI
573.12891	Klebsiella pneumoniae 3310	levofloxacin	Resistant	Laboratory Method	Broth dilution	CLSI
573.13247	Klebsiella pneumoniae KPN1269ec	levofloxacin	Resistant	Laboratory Method	Broth dilution	CLSI
573.13933	Klebsiella pneumoniae KPN2116ec	levofloxacin	Resistant	Laboratory Method	Broth dilution	CLSI
573.13135	Klebsiella pneumoniae KPN1134ec	levofloxacin	Resistant	Laboratory Method	Broth dilution	CLSI
573.24453	Klebsiella pneumoniae strain MUGSI_96	levofloxacin	Resistant	Laboratory Method	Broth dilution	CLSI
573.13285	Klebsiella pneumoniae KPN1325ec	levofloxacin	Resistant	Laboratory Method	Broth dilution	CLSI
573.14367	Klebsiella pneumoniae KPN747ec	levofloxacin	Resistant	Laboratory Method	Broth dilution	CLSI
573.13281	Klebsiella pneumoniae KPN131ec	levofloxacin	Resistant	Laboratory Method	Broth dilution	CLSI
573.1734	Klebsiella pneumoniae strain KpVA-16	levofloxacin	Resistant	Laboratory Method	Disk diffusion	EUCAST
573.14347	Klebsiella pneumoniae KPN721ec	levofloxacin	Resistant	Laboratory Method	Broth dilution	CLSI
573.1418	Klebsiella pneumoniae KPN470ec	levofloxacin	Resistant	Laboratory Method	Broth dilution	CLSI
1284807.4	Klebsiella pneumoniae UHKPC31	levofloxacin	Resistant	Laboratory Method		
573.13862	Klebsiella pneumoniae KPN2036ec	levofloxacin	Resistant	Laboratory Method	Broth dilution	CLSI
573.13839	Klebsiella pneumoniae KPN2009ec	levofloxacin	Resistant	Laboratory Method	Broth dilution	CLSI
1284801.3	Klebsiella pneumoniae UHKPC48	levofloxacin	Resistant	Laboratory Method		
573.13854	Klebsiella pneumoniae KPN2026ec	levofloxacin	Resistant	Laboratory Method	Broth dilution	CLSI
573.46869	Klebsiella pneumoniae KP-7PI	levofloxacin	Resistant	Laboratory Method	Broth dilution	EUCAST
1284831.3	Klebsiella pneumoniae VAKPC297	levofloxacin	Resistant	Laboratory Method		
573.13676	Klebsiella pneumoniae KPN1783ec	levofloxacin	Resistant	Laboratory Method	Broth dilution	CLSI
573.13292	Klebsiella pneumoniae KPN1331ec	levofloxacin	Resistant	Laboratory Method	Broth dilution	CLSI
573.13402	Klebsiella pneumoniae KPN1464ec	levofloxacin	Resistant	Laboratory Method	Broth dilution	CLSI
573.13393	Klebsiella pneumoniae KPN1451ec	levofloxacin	Resistant	Laboratory Method	Broth dilution	CLSI
573.46874	Klebsiella pneumoniae KP-8POA	levofloxacin	Resistant	Laboratory Method	Broth dilution	EUCAST
573.1725	Klebsiella pneumoniae strain KpVA-7	levofloxacin	Resistant	Laboratory Method	Disk diffusion	EUCAST
573.13392	Klebsiella pneumoniae KPN1450ec	levofloxacin	Resistant	Laboratory Method	Broth dilution	CLSI
573.13713	Klebsiella pneumoniae KPN1850ec	levofloxacin	Resistant	Laboratory Method	Broth dilution	CLSI
573.14359	Klebsiella pneumoniae KPN736ec	levofloxacin	Resistant	Laboratory Method	Broth dilution	CLSI
573.14075	Klebsiella pneumoniae KPN347ec	levofloxacin	Resistant	Laboratory Method	Broth dilution	CLSI
573.13094	Klebsiella pneumoniae KPN1086ec	levofloxacin	Resistant	Laboratory Method	Broth dilution	CLSI
573.13282	Klebsiella pneumoniae KPN1321ec	levofloxacin	Resistant	Laboratory Method	Broth dilution	CLSI
573.13365	Klebsiella pneumoniae KPN1424ec	levofloxacin	Resistant	Laboratory Method	Broth dilution	CLSI
573.14077	Klebsiella pneumoniae KPN350ec	levofloxacin	Resistant	Laboratory Method	Broth dilution	CLSI
573.14298	Klebsiella pneumoniae KPN641ec	levofloxacin	Resistant	Laboratory Method	Broth dilution	CLSI
573.13355	Klebsiella pneumoniae KPN1411ec	levofloxacin	Resistant	Laboratory Method	Broth dilution	CLSI
573.13194	Klebsiella pneumoniae KPN1203ec	levofloxacin	Resistant	Laboratory Method	Broth dilution	CLSI
573.13819	Klebsiella pneumoniae KPN1986ec	levofloxacin	Resistant	Laboratory Method	Broth dilution	CLSI
573.12796	Klebsiella pneumoniae strain MLST-15	levofloxacin	Resistant	Laboratory Method	Broth dilution	CLSI
573.14312	Klebsiella pneumoniae KPN681ec	levofloxacin	Resistant	Laboratory Method	Broth dilution	CLSI
573.24454	Klebsiella pneumoniae strain MUGSI_97	levofloxacin	Resistant	Laboratory Method	Broth dilution	CLSI
1284792.4	Klebsiella pneumoniae UHKPC67	levofloxacin	Resistant	Laboratory Method		
573.1421	Klebsiella pneumoniae KPN524ec	levofloxacin	Resistant	Laboratory Method	Broth dilution	CLSI
573.14523	Klebsiella pneumoniae KPN957ec	levofloxacin	Resistant	Laboratory Method	Broth dilution	CLSI
573.13688	Klebsiella pneumoniae KPN181ec	levofloxacin	Resistant	Laboratory Method	Broth dilution	CLSI
573.13126	Klebsiella pneumoniae KPN1124ec	levofloxacin	Resistant	Laboratory Method	Broth dilution	CLSI
573.1355	Klebsiella pneumoniae KPN163ec	levofloxacin	Resistant	Laboratory Method	Broth dilution	CLSI
1284804.4	Klebsiella pneumoniae UHKPC07	levofloxacin	Resistant	Laboratory Method		
573.24244	Klebsiella pneumoniae strain 101	levofloxacin	Resistant	Laboratory Method	Broth dilution	CLSI
573.24341	Klebsiella pneumoniae strain MUGSI_124	levofloxacin	Resistant	Laboratory Method	Broth dilution	CLSI
573.13148	Klebsiella pneumoniae KPN1150ec	levofloxacin	Resistant	Laboratory Method	Broth dilution	CLSI
573.13559	Klebsiella pneumoniae KPN1650ec	levofloxacin	Resistant	Laboratory Method	Broth dilution	CLSI
573.13654	Klebsiella pneumoniae KPN1758ec	levofloxacin	Resistant	Laboratory Method	Broth dilution	CLSI
573.13691	Klebsiella pneumoniae KPN1826ec	levofloxacin	Resistant	Laboratory Method	Broth dilution	CLSI
573.13909	Klebsiella pneumoniae KPN2086ec	levofloxacin	Resistant	Laboratory Method	Broth dilution	CLSI
573.13625	Klebsiella pneumoniae KPN1722ec	levofloxacin	Resistant	Laboratory Method	Broth dilution	CLSI
573.13963	Klebsiella pneumoniae KPN2174ec	levofloxacin	Resistant	Laboratory Method	Broth dilution	CLSI
573.13916	Klebsiella pneumoniae KPN2093ec	levofloxacin	Resistant	Laboratory Method	Broth dilution	CLSI
573.24345	Klebsiella pneumoniae strain MUGSI_128	levofloxacin	Resistant	Laboratory Method	Broth dilution	CLSI
573.1288	Klebsiella pneumoniae 3365	levofloxacin	Resistant	Laboratory Method	Broth dilution	CLSI
573.14	Klebsiella pneumoniae KPN261ec	levofloxacin	Resistant	Laboratory Method	Broth dilution	CLSI
573.13478	Klebsiella pneumoniae KPN1549ec	levofloxacin	Resistant	Laboratory Method	Broth dilution	CLSI
573.13055	Klebsiella pneumoniae KPN1032ec	levofloxacin	Resistant	Laboratory Method	Broth dilution	CLSI
573.13059	Klebsiella pneumoniae KPN1037ec	levofloxacin	Resistant	Laboratory Method	Broth dilution	CLSI
573.24319	Klebsiella pneumoniae strain FH-2	levofloxacin	Resistant	Laboratory Method	Broth dilution	CLSI
573.13107	Klebsiella pneumoniae KPN1103ec	levofloxacin	Resistant	Laboratory Method	Broth dilution	CLSI
573.14314	Klebsiella pneumoniae KPN683ec	levofloxacin	Resistant	Laboratory Method	Broth dilution	CLSI
573.14062	Klebsiella pneumoniae KPN330ec	levofloxacin	Resistant	Laboratory Method	Broth dilution	CLSI
573.24335	Klebsiella pneumoniae strain MUGSI_117	levofloxacin	Resistant	Laboratory Method	Broth dilution	CLSI
573.13577	Klebsiella pneumoniae KPN1671ec	levofloxacin	Resistant	Laboratory Method	Broth dilution	CLSI
573.13595	Klebsiella pneumoniae KPN1692ec	levofloxacin	Resistant	Laboratory Method	Broth dilution	CLSI
573.1411	Klebsiella pneumoniae KPN387ec	levofloxacin	Resistant	Laboratory Method	Broth dilution	CLSI
573.13923	Klebsiella pneumoniae KPN2103ec	levofloxacin	Resistant	Laboratory Method	Broth dilution	CLSI
573.14388	Klebsiella pneumoniae KPN773ec	levofloxacin	Resistant	Laboratory Method	Broth dilution	CLSI
573.13603	Klebsiella pneumoniae KPN169ec	levofloxacin	Resistant	Laboratory Method	Broth dilution	CLSI
573.9724	Klebsiella pneumoniae strain AR_0098	levofloxacin	Resistant	Laboratory Method	Broth dilution	CLSI
1328386.3	Klebsiella pneumoniae BWH 36	levofloxacin	Resistant	Laboratory Method	Broth dilution	
573.14012	Klebsiella pneumoniae KPN274ec	levofloxacin	Resistant	Laboratory Method	Broth dilution	CLSI
573.1428	Klebsiella pneumoniae KPN613ec	levofloxacin	Resistant	Laboratory Method	Broth dilution	CLSI
573.23196	Klebsiella pneumoniae strain KP_317	levofloxacin	Resistant	Laboratory Method	Disk diffusion	CLSI
573.14014	Klebsiella pneumoniae KPN276ec	levofloxacin	Resistant	Laboratory Method	Broth dilution	CLSI
573.13341	Klebsiella pneumoniae KPN1393ec	levofloxacin	Resistant	Laboratory Method	Broth dilution	CLSI
573.13207	Klebsiella pneumoniae KPN1217ec	levofloxacin	Resistant	Laboratory Method	Broth dilution	CLSI
573.24428	Klebsiella pneumoniae strain MUGSI_66	levofloxacin	Resistant	Laboratory Method	Broth dilution	CLSI
573.13248	Klebsiella pneumoniae KPN126ec	levofloxacin	Resistant	Laboratory Method	Broth dilution	CLSI
573.24409	Klebsiella pneumoniae strain MUGSI_4	levofloxacin	Resistant	Laboratory Method	Broth dilution	CLSI
573.13852	Klebsiella pneumoniae KPN2021ec	levofloxacin	Resistant	Laboratory Method	Broth dilution	CLSI
573.12879	Klebsiella pneumoniae 3289	levofloxacin	Resistant	Laboratory Method	Broth dilution	CLSI
573.13687	Klebsiella pneumoniae KPN1819ec	levofloxacin	Resistant	Laboratory Method	Broth dilution	CLSI
573.1335	Klebsiella pneumoniae KPN1406ec	levofloxacin	Resistant	Laboratory Method	Broth dilution	CLSI
573.13105	Klebsiella pneumoniae KPN1100ec	levofloxacin	Resistant	Laboratory Method	Broth dilution	CLSI
573.13948	Klebsiella pneumoniae KPN2156ec	levofloxacin	Resistant	Laboratory Method	Broth dilution	CLSI
573.1724	Klebsiella pneumoniae strain KpVA-6	levofloxacin	Resistant	Laboratory Method	Disk diffusion	EUCAST
573.13262	Klebsiella pneumoniae KPN1283ec	levofloxacin	Resistant	Laboratory Method	Broth dilution	CLSI
573.1413	Klebsiella pneumoniae KPN409ec	levofloxacin	Resistant	Laboratory Method	Broth dilution	CLSI
573.13071	Klebsiella pneumoniae KPN1052ec	levofloxacin	Resistant	Laboratory Method	Broth dilution	CLSI
573.12896	Klebsiella pneumoniae 3300	levofloxacin	Resistant	Laboratory Method	Broth dilution	CLSI
573.136	Klebsiella pneumoniae KPN1697ec	levofloxacin	Resistant	Laboratory Method	Broth dilution	CLSI
573.14346	Klebsiella pneumoniae KPN720ec	levofloxacin	Resistant	Laboratory Method	Broth dilution	CLSI
573.1339	Klebsiella pneumoniae KPN1449ec	levofloxacin	Resistant	Laboratory Method	Broth dilution	CLSI
573.14167	Klebsiella pneumoniae KPN451ec	levofloxacin	Resistant	Laboratory Method	Broth dilution	CLSI
573.13859	Klebsiella pneumoniae KPN2032ec	levofloxacin	Resistant	Laboratory Method	Broth dilution	CLSI
1438744.3	Klebsiella pneumoniae CHS 38	levofloxacin	Resistant	Laboratory Method	Broth dilution	
573.24355	Klebsiella pneumoniae strain MUGSI_143	levofloxacin	Resistant	Laboratory Method	Broth dilution	CLSI
573.13174	Klebsiella pneumoniae KPN1182ec	levofloxacin	Resistant	Laboratory Method	Broth dilution	CLSI
573.13851	Klebsiella pneumoniae KPN2023ec	levofloxacin	Resistant	Laboratory Method	Broth dilution	CLSI
573.24275	Klebsiella pneumoniae strain 285	levofloxacin	Resistant	Laboratory Method	Broth dilution	CLSI
573.15108	Klebsiella pneumoniae strain AR_0143	levofloxacin	Resistant	Laboratory Method	Broth dilution	CLSI
573.24304	Klebsiella pneumoniae strain 451	levofloxacin	Resistant	Laboratory Method	Broth dilution	CLSI
573.14051	Klebsiella pneumoniae KPN317ec	levofloxacin	Resistant	Laboratory Method	Broth dilution	CLSI
573.13972	Klebsiella pneumoniae KPN226ec	levofloxacin	Resistant	Laboratory Method	Broth dilution	CLSI
573.1338	Klebsiella pneumoniae KPN1439ec	levofloxacin	Resistant	Laboratory Method	Broth dilution	CLSI
573.13816	Klebsiella pneumoniae KPN1983ec	levofloxacin	Resistant	Laboratory Method	Broth dilution	CLSI
573.14378	Klebsiella pneumoniae KPN760ec	levofloxacin	Resistant	Laboratory Method	Broth dilution	CLSI
573.13121	Klebsiella pneumoniae KPN1119ec	levofloxacin	Resistant	Laboratory Method	Broth dilution	CLSI
573.13437	Klebsiella pneumoniae KPN1500ec	levofloxacin	Resistant	Laboratory Method	Broth dilution	CLSI
573.13878	Klebsiella pneumoniae KPN2053ec	levofloxacin	Resistant	Laboratory Method	Broth dilution	CLSI
573.1343	Klebsiella pneumoniae KPN1493ec	levofloxacin	Resistant	Laboratory Method	Broth dilution	CLSI
573.1304	Klebsiella pneumoniae KPN1013ec	levofloxacin	Resistant	Laboratory Method	Broth dilution	CLSI
573.14093	Klebsiella pneumoniae KPN370ec	levofloxacin	Resistant	Laboratory Method	Broth dilution	CLSI
573.12772	Klebsiella pneumoniae strain AR_0113	levofloxacin	Resistant	Laboratory Method	Broth dilution	CLSI
573.13363	Klebsiella pneumoniae KPN1422ec	levofloxacin	Resistant	Laboratory Method	Broth dilution	CLSI
573.13539	Klebsiella pneumoniae KPN1621ec	levofloxacin	Resistant	Laboratory Method	Broth dilution	CLSI
573.13469	Klebsiella pneumoniae KPN1539ec	levofloxacin	Resistant	Laboratory Method	Broth dilution	CLSI
573.14416	Klebsiella pneumoniae KPN816ec	levofloxacin	Resistant	Laboratory Method	Broth dilution	CLSI
573.13677	Klebsiella pneumoniae KPN1784ec	levofloxacin	Resistant	Laboratory Method	Broth dilution	CLSI
573.13493	Klebsiella pneumoniae KPN1565ec	levofloxacin	Resistant	Laboratory Method	Broth dilution	CLSI
1284799.4	Klebsiella pneumoniae DMC1316	levofloxacin	Resistant	Laboratory Method		
573.14246	Klebsiella pneumoniae KPN572ec	levofloxacin	Resistant	Laboratory Method	Broth dilution	CLSI
573.14517	Klebsiella pneumoniae KPN950ec	levofloxacin	Resistant	Laboratory Method	Broth dilution	CLSI
573.13473	Klebsiella pneumoniae KPN1544ec	levofloxacin	Resistant	Laboratory Method	Broth dilution	CLSI
573.14449	Klebsiella pneumoniae KPN864ec	levofloxacin	Resistant	Laboratory Method	Broth dilution	CLSI
573.12964	Klebsiella pneumoniae 3309	levofloxacin	Resistant	Laboratory Method	Broth dilution	CLSI
573.13531	Klebsiella pneumoniae KPN1610ec	levofloxacin	Resistant	Laboratory Method	Broth dilution	CLSI
573.14337	Klebsiella pneumoniae KPN711ec	levofloxacin	Resistant	Laboratory Method	Broth dilution	CLSI
573.24363	Klebsiella pneumoniae strain MUGSI_16	levofloxacin	Resistant	Laboratory Method	Broth dilution	CLSI
573.14177	Klebsiella pneumoniae KPN467ec	levofloxacin	Resistant	Laboratory Method	Broth dilution	CLSI
573.13354	Klebsiella pneumoniae KPN1410ec	levofloxacin	Resistant	Laboratory Method	Broth dilution	CLSI
573.13905	Klebsiella pneumoniae KPN2082ec	levofloxacin	Resistant	Laboratory Method	Broth dilution	CLSI
573.14287	Klebsiella pneumoniae KPN620ec	levofloxacin	Resistant	Laboratory Method	Broth dilution	CLSI
573.13138	Klebsiella pneumoniae KPN1137ec	levofloxacin	Resistant	Laboratory Method	Broth dilution	CLSI
573.24421	Klebsiella pneumoniae strain MUGSI_57	levofloxacin	Resistant	Laboratory Method	Broth dilution	CLSI
573.13516	Klebsiella pneumoniae KPN1592ec	levofloxacin	Resistant	Laboratory Method	Broth dilution	CLSI
573.1434	Klebsiella pneumoniae KPN714ec	levofloxacin	Resistant	Laboratory Method	Broth dilution	CLSI
573.14163	Klebsiella pneumoniae KPN447ec	levofloxacin	Resistant	Laboratory Method	Broth dilution	CLSI
573.13724	Klebsiella pneumoniae KPN1861ec	levofloxacin	Resistant	Laboratory Method	Broth dilution	CLSI
573.13682	Klebsiella pneumoniae KPN178ec	levofloxacin	Resistant	Laboratory Method	Broth dilution	CLSI
573.13476	Klebsiella pneumoniae KPN1547ec	levofloxacin	Resistant	Laboratory Method	Broth dilution	CLSI
573.24443	Klebsiella pneumoniae strain MUGSI_84	levofloxacin	Resistant	Laboratory Method	Broth dilution	CLSI
573.14444	Klebsiella pneumoniae KPN854ec	levofloxacin	Resistant	Laboratory Method	Broth dilution	CLSI
573.14138	Klebsiella pneumoniae KPN418ec	levofloxacin	Resistant	Laboratory Method	Broth dilution	CLSI
573.24418	Klebsiella pneumoniae strain MUGSI_51	levofloxacin	Resistant	Laboratory Method	Broth dilution	CLSI
573.13517	Klebsiella pneumoniae KPN1593ec	levofloxacin	Resistant	Laboratory Method	Broth dilution	CLSI
1438708.3	Klebsiella pneumoniae CHS 02	levofloxacin	Resistant	Laboratory Method	Broth dilution	
573.14471	Klebsiella pneumoniae KPN892ec	levofloxacin	Resistant	Laboratory Method	Broth dilution	CLSI
573.13489	Klebsiella pneumoniae KPN1560ec	levofloxacin	Resistant	Laboratory Method	Broth dilution	CLSI
573.24262	Klebsiella pneumoniae strain 201	levofloxacin	Resistant	Laboratory Method	Broth dilution	CLSI
573.12887	Klebsiella pneumoniae 3314	levofloxacin	Resistant	Laboratory Method	Broth dilution	CLSI
573.13762	Klebsiella pneumoniae KPN1903ec	levofloxacin	Resistant	Laboratory Method	Broth dilution	CLSI
573.13814	Klebsiella pneumoniae KPN1980ec	levofloxacin	Resistant	Laboratory Method	Broth dilution	CLSI
573.13211	Klebsiella pneumoniae KPN1221ec	levofloxacin	Resistant	Laboratory Method	Broth dilution	CLSI
573.13711	Klebsiella pneumoniae KPN1849ec	levofloxacin	Resistant	Laboratory Method	Broth dilution	CLSI
573.13952	Klebsiella pneumoniae KPN2160ec	levofloxacin	Resistant	Laboratory Method	Broth dilution	CLSI
573.14033	Klebsiella pneumoniae KPN297ec	levofloxacin	Resistant	Laboratory Method	Broth dilution	CLSI
573.13231	Klebsiella pneumoniae KPN1251ec	levofloxacin	Resistant	Laboratory Method	Broth dilution	CLSI
573.1409	Klebsiella pneumoniae KPN367ec	levofloxacin	Resistant	Laboratory Method	Broth dilution	CLSI
573.13908	Klebsiella pneumoniae KPN2085ec	levofloxacin	Resistant	Laboratory Method	Broth dilution	CLSI
573.14238	Klebsiella pneumoniae KPN561ec	levofloxacin	Resistant	Laboratory Method	Broth dilution	CLSI
573.13942	Klebsiella pneumoniae KPN213ec	levofloxacin	Resistant	Laboratory Method	Broth dilution	CLSI
573.14373	Klebsiella pneumoniae KPN754ec	levofloxacin	Resistant	Laboratory Method	Broth dilution	CLSI
573.4686	Klebsiella pneumoniae KP-2SI	levofloxacin	Resistant	Laboratory Method	Broth dilution	EUCAST
573.13617	Klebsiella pneumoniae KPN1714ec	levofloxacin	Resistant	Laboratory Method	Broth dilution	CLSI
573.24358	Klebsiella pneumoniae strain MUGSI_15	levofloxacin	Resistant	Laboratory Method	Broth dilution	CLSI
573.13947	Klebsiella pneumoniae KPN2155ec	levofloxacin	Resistant	Laboratory Method	Broth dilution	CLSI
1438748.3	Klebsiella pneumoniae CHS 42	levofloxacin	Resistant	Laboratory Method	Broth dilution	
573.46862	Klebsiella pneumoniae KP-38LI	levofloxacin	Resistant	Laboratory Method	Broth dilution	EUCAST
573.14466	Klebsiella pneumoniae KPN886ec	levofloxacin	Resistant	Laboratory Method	Broth dilution	CLSI
573.12909	Klebsiella pneumoniae 3317	levofloxacin	Resistant	Laboratory Method	Broth dilution	CLSI
573.24245	Klebsiella pneumoniae strain 104	levofloxacin	Resistant	Laboratory Method	Disk diffusion	CLSI
573.13994	Klebsiella pneumoniae KPN254ec	levofloxacin	Resistant	Laboratory Method	Broth dilution	CLSI
573.243	Klebsiella pneumoniae strain 402	levofloxacin	Resistant	Laboratory Method	Broth dilution	CLSI
573.46867	Klebsiella pneumoniae KP-51LI	levofloxacin	Resistant	Laboratory Method	Broth dilution	EUCAST
573.1435	Klebsiella pneumoniae KPN724ec	levofloxacin	Resistant	Laboratory Method	Broth dilution	CLSI
573.14111	Klebsiella pneumoniae KPN388ec	levofloxacin	Resistant	Laboratory Method	Broth dilution	CLSI
1304919.4	Klebsiella pneumoniae 280_1220	levofloxacin	Resistant	Laboratory Method		
573.13149	Klebsiella pneumoniae KPN1151ec	levofloxacin	Resistant	Laboratory Method	Broth dilution	CLSI
573.14477	Klebsiella pneumoniae KPN900ec	levofloxacin	Resistant	Laboratory Method	Broth dilution	CLSI
573.1301	Klebsiella pneumoniae 3224	levofloxacin	Resistant	Laboratory Method	Broth dilution	CLSI
573.13182	Klebsiella pneumoniae KPN1190ec	levofloxacin	Resistant	Laboratory Method	Broth dilution	CLSI
573.13087	Klebsiella pneumoniae KPN1074ec	levofloxacin	Resistant	Laboratory Method	Broth dilution	CLSI
573.14371	Klebsiella pneumoniae KPN752ec	levofloxacin	Resistant	Laboratory Method	Broth dilution	CLSI
573.24323	Klebsiella pneumoniae strain MRSN19181	levofloxacin	Resistant	Laboratory Method	Broth dilution	CLSI
573.14391	Klebsiella pneumoniae KPN778ec	levofloxacin	Resistant	Laboratory Method	Broth dilution	CLSI
573.24261	Klebsiella pneumoniae strain 20	levofloxacin	Resistant	Laboratory Method	Broth dilution	CLSI
1284818.4	Klebsiella pneumoniae UHKPC179	levofloxacin	Resistant	Laboratory Method		
573.1316	Klebsiella pneumoniae KPN1165ec	levofloxacin	Resistant	Laboratory Method	Broth dilution	CLSI
573.2006	Klebsiella pneumoniae strain AR_0135	levofloxacin	Resistant	Laboratory Method	Broth dilution	CLSI
573.13197	Klebsiella pneumoniae KPN1206ec	levofloxacin	Resistant	Laboratory Method	Broth dilution	CLSI
573.2443	Klebsiella pneumoniae strain MUGSI_68	levofloxacin	Resistant	Laboratory Method	Broth dilution	CLSI
573.13596	Klebsiella pneumoniae KPN1693ec	levofloxacin	Resistant	Laboratory Method	Broth dilution	CLSI
1284821.3	Klebsiella pneumoniae UHKPC29	levofloxacin	Resistant	Laboratory Method		
1438741.3	Klebsiella pneumoniae CHS 35	levofloxacin	Resistant	Laboratory Method	Broth dilution	
573.1448	Klebsiella pneumoniae KPN904ec	levofloxacin	Resistant	Laboratory Method	Broth dilution	CLSI
573.14296	Klebsiella pneumoniae KPN636ec	levofloxacin	Resistant	Laboratory Method	Broth dilution	CLSI
573.24336	Klebsiella pneumoniae strain MUGSI_118	levofloxacin	Resistant	Laboratory Method	Broth dilution	CLSI
573.14261	Klebsiella pneumoniae KPN588ec	levofloxacin	Resistant	Laboratory Method	Broth dilution	CLSI
573.24441	Klebsiella pneumoniae strain MUGSI_82	levofloxacin	Resistant	Laboratory Method	Broth dilution	CLSI
573.13033	Klebsiella pneumoniae KPN1002ec	levofloxacin	Resistant	Laboratory Method	Broth dilution	CLSI
1284793.4	Klebsiella pneumoniae UHKPC69	levofloxacin	Resistant	Laboratory Method		
573.13113	Klebsiella pneumoniae KPN1109ec	levofloxacin	Resistant	Laboratory Method	Broth dilution	CLSI
573.14105	Klebsiella pneumoniae KPN382ec	levofloxacin	Resistant	Laboratory Method	Broth dilution	CLSI
573.13632	Klebsiella pneumoniae KPN172ec	levofloxacin	Resistant	Laboratory Method	Broth dilution	CLSI
573.13034	Klebsiella pneumoniae KPN1004ec	levofloxacin	Resistant	Laboratory Method	Broth dilution	CLSI
573.24385	Klebsiella pneumoniae strain MUGSI_27	levofloxacin	Resistant	Laboratory Method	Broth dilution	CLSI
573.13804	Klebsiella pneumoniae KPN1958ec	levofloxacin	Resistant	Laboratory Method	Broth dilution	CLSI
573.13659	Klebsiella pneumoniae KPN1764ec	levofloxacin	Resistant	Laboratory Method	Broth dilution	CLSI
1284806.4	Klebsiella pneumoniae UHKPC18	levofloxacin	Resistant	Laboratory Method		
573.1378	Klebsiella pneumoniae KPN1928ec	levofloxacin	Resistant	Laboratory Method	Broth dilution	CLSI
573.13867	Klebsiella pneumoniae KPN2041ec	levofloxacin	Resistant	Laboratory Method	Broth dilution	CLSI
573.46855	Klebsiella pneumoniae KP-25PI	levofloxacin	Resistant	Laboratory Method	Broth dilution	EUCAST
573.13382	Klebsiella pneumoniae KPN1440ec	levofloxacin	Resistant	Laboratory Method	Broth dilution	CLSI
573.14079	Klebsiella pneumoniae KPN354ec	levofloxacin	Resistant	Laboratory Method	Broth dilution	CLSI
573.13114	Klebsiella pneumoniae KPN1110ec	levofloxacin	Resistant	Laboratory Method	Broth dilution	CLSI
573.13609	Klebsiella pneumoniae KPN1706ec	levofloxacin	Resistant	Laboratory Method	Broth dilution	CLSI
573.14127	Klebsiella pneumoniae KPN406ec	levofloxacin	Resistant	Laboratory Method	Broth dilution	CLSI
573.13305	Klebsiella pneumoniae KPN1345ec	levofloxacin	Resistant	Laboratory Method	Broth dilution	CLSI
573.24283	Klebsiella pneumoniae strain 313	levofloxacin	Resistant	Laboratory Method	Broth dilution	CLSI
573.13234	Klebsiella pneumoniae KPN1255ec	levofloxacin	Resistant	Laboratory Method	Broth dilution	CLSI
573.24369	Klebsiella pneumoniae strain MUGSI_180	levofloxacin	Resistant	Laboratory Method	Broth dilution	CLSI
573.13101	Klebsiella pneumoniae KPN1095ec	levofloxacin	Resistant	Laboratory Method	Broth dilution	CLSI
573.13361	Klebsiella pneumoniae KPN141ec	levofloxacin	Resistant	Laboratory Method	Broth dilution	CLSI
573.13513	Klebsiella pneumoniae KPN1588ec	levofloxacin	Resistant	Laboratory Method	Broth dilution	CLSI
573.13415	Klebsiella pneumoniae KPN1478ec	levofloxacin	Resistant	Laboratory Method	Broth dilution	CLSI
573.13351	Klebsiella pneumoniae KPN1407ec	levofloxacin	Resistant	Laboratory Method	Broth dilution	CLSI
573.14433	Klebsiella pneumoniae KPN838ec	levofloxacin	Resistant	Laboratory Method	Broth dilution	CLSI
573.13251	Klebsiella pneumoniae KPN1272ec	levofloxacin	Resistant	Laboratory Method	Broth dilution	CLSI
573.2439	Klebsiella pneumoniae strain MUGSI_307	levofloxacin	Resistant	Laboratory Method	Broth dilution	CLSI
573.13606	Klebsiella pneumoniae KPN1703ec	levofloxacin	Resistant	Laboratory Method	Broth dilution	CLSI
573.14076	Klebsiella pneumoniae KPN348ec	levofloxacin	Resistant	Laboratory Method	Broth dilution	CLSI
573.13053	Klebsiella pneumoniae KPN1030ec	levofloxacin	Resistant	Laboratory Method	Broth dilution	CLSI
573.13037	Klebsiella pneumoniae KPN1010ec	levofloxacin	Resistant	Laboratory Method	Broth dilution	CLSI
573.13502	Klebsiella pneumoniae KPN1575ec	levofloxacin	Resistant	Laboratory Method	Broth dilution	CLSI
573.14368	Klebsiella pneumoniae KPN748ec	levofloxacin	Resistant	Laboratory Method	Broth dilution	CLSI
573.24437	Klebsiella pneumoniae strain MUGSI_78	levofloxacin	Resistant	Laboratory Method	Broth dilution	CLSI
573.13232	Klebsiella pneumoniae KPN1252ec	levofloxacin	Resistant	Laboratory Method	Broth dilution	CLSI
573.13425	Klebsiella pneumoniae KPN1487ec	levofloxacin	Resistant	Laboratory Method	Broth dilution	CLSI
1284811.3	Klebsiella pneumoniae UHKPC01	levofloxacin	Resistant	Laboratory Method		
573.24425	Klebsiella pneumoniae strain MUGSI_63	levofloxacin	Resistant	Laboratory Method	Broth dilution	CLSI
573.14549	Klebsiella pneumoniae KPN997ec	levofloxacin	Resistant	Laboratory Method	Broth dilution	CLSI
573.13685	Klebsiella pneumoniae KPN1817ec	levofloxacin	Resistant	Laboratory Method	Broth dilution	CLSI
573.13957	Klebsiella pneumoniae KPN2168ec	levofloxacin	Resistant	Laboratory Method	Broth dilution	CLSI
573.13222	Klebsiella pneumoniae KPN1241ec	levofloxacin	Resistant	Laboratory Method	Broth dilution	CLSI
573.13097	Klebsiella pneumoniae KPN1091ec	levofloxacin	Resistant	Laboratory Method	Broth dilution	CLSI
573.1376	Klebsiella pneumoniae KPN1901ec	levofloxacin	Resistant	Laboratory Method	Broth dilution	CLSI
573.24327	Klebsiella pneumoniae strain MUGSI_103	levofloxacin	Resistant	Laboratory Method	Broth dilution	CLSI
573.24322	Klebsiella pneumoniae strain MRSN14213	levofloxacin	Resistant	Laboratory Method	Broth dilution	CLSI
573.24265	Klebsiella pneumoniae strain 22	levofloxacin	Resistant	Laboratory Method	Broth dilution	CLSI
573.14292	Klebsiella pneumoniae KPN629ec	levofloxacin	Resistant	Laboratory Method	Broth dilution	CLSI
573.15043	Klebsiella pneumoniae strain AR_0146	levofloxacin	Resistant	Laboratory Method	Broth dilution	CLSI
573.13921	Klebsiella pneumoniae KPN2100ec	levofloxacin	Resistant	Laboratory Method	Broth dilution	CLSI
573.2435	Klebsiella pneumoniae strain MUGSI_136	levofloxacin	Resistant	Laboratory Method	Broth dilution	CLSI
573.13728	Klebsiella pneumoniae KPN1865ec	levofloxacin	Resistant	Laboratory Method	Broth dilution	CLSI
1438719.3	Klebsiella pneumoniae CHS 13	levofloxacin	Resistant	Laboratory Method	Broth dilution	
573.24444	Klebsiella pneumoniae strain MUGSI_85	levofloxacin	Resistant	Laboratory Method	Broth dilution	CLSI
573.13818	Klebsiella pneumoniae KPN1985ec	levofloxacin	Resistant	Laboratory Method	Broth dilution	CLSI
573.1342	Klebsiella pneumoniae KPN1482ec	levofloxacin	Resistant	Laboratory Method	Broth dilution	CLSI
1284824.3	Klebsiella pneumoniae VAKPC252	levofloxacin	Resistant	Laboratory Method		
573.13056	Klebsiella pneumoniae KPN1033ec	levofloxacin	Resistant	Laboratory Method	Broth dilution	CLSI
573.13697	Klebsiella pneumoniae KPN1832ec	levofloxacin	Resistant	Laboratory Method	Broth dilution	CLSI
573.24274	Klebsiella pneumoniae strain 28	levofloxacin	Resistant	Laboratory Method	Broth dilution	CLSI
573.13876	Klebsiella pneumoniae KPN2050ec	levofloxacin	Resistant	Laboratory Method	Broth dilution	CLSI
573.46854	Klebsiella pneumoniae KP-25PA	levofloxacin	Resistant	Laboratory Method	Broth dilution	EUCAST
573.13741	Klebsiella pneumoniae KPN1878ec	levofloxacin	Resistant	Laboratory Method	Broth dilution	CLSI
573.1347	Klebsiella pneumoniae KPN1540ec	levofloxacin	Resistant	Laboratory Method	Broth dilution	CLSI
573.24351	Klebsiella pneumoniae strain MUGSI_139	levofloxacin	Resistant	Laboratory Method	Broth dilution	CLSI
573.1307	Klebsiella pneumoniae KPN1049ec	levofloxacin	Resistant	Laboratory Method	Broth dilution	CLSI
573.13529	Klebsiella pneumoniae KPN1609ec	levofloxacin	Resistant	Laboratory Method	Broth dilution	CLSI
573.13288	Klebsiella pneumoniae KPN1328ec	levofloxacin	Resistant	Laboratory Method	Broth dilution	CLSI
573.1423	Klebsiella pneumoniae KPN552ec	levofloxacin	Resistant	Laboratory Method	Broth dilution	CLSI
1438758.3	Klebsiella pneumoniae CHS 52	levofloxacin	Resistant	Laboratory Method	Broth dilution	
573.13368	Klebsiella pneumoniae KPN1427ec	levofloxacin	Resistant	Laboratory Method	Broth dilution	CLSI
573.1362	Klebsiella pneumoniae KPN1717ec	levofloxacin	Resistant	Laboratory Method	Broth dilution	CLSI
573.14395	Klebsiella pneumoniae KPN783ec	levofloxacin	Resistant	Laboratory Method	Broth dilution	CLSI
573.13176	Klebsiella pneumoniae KPN1184ec	levofloxacin	Resistant	Laboratory Method	Broth dilution	CLSI
573.24293	Klebsiella pneumoniae strain 371	levofloxacin	Resistant	Laboratory Method	Broth dilution	CLSI
573.13534	Klebsiella pneumoniae KPN1613ec	levofloxacin	Resistant	Laboratory Method	Broth dilution	CLSI
573.13552	Klebsiella pneumoniae KPN1643ec	levofloxacin	Resistant	Laboratory Method	Broth dilution	CLSI
573.13499	Klebsiella pneumoniae KPN1571ec	levofloxacin	Resistant	Laboratory Method	Broth dilution	CLSI
573.1299	Klebsiella pneumoniae 3226	levofloxacin	Resistant	Laboratory Method	Broth dilution	CLSI
573.14468	Klebsiella pneumoniae KPN888ec	levofloxacin	Resistant	Laboratory Method	Broth dilution	CLSI
573.12778	Klebsiella pneumoniae strain AR_0125	levofloxacin	Resistant	Laboratory Method	Broth dilution	CLSI
573.46837	Klebsiella pneumoniae KP-135LU	levofloxacin	Resistant	Laboratory Method	Broth dilution	EUCAST
573.13307	Klebsiella pneumoniae KPN1347ec	levofloxacin	Resistant	Laboratory Method	Broth dilution	CLSI
573.13744	Klebsiella pneumoniae KPN1880ec	levofloxacin	Resistant	Laboratory Method	Broth dilution	CLSI
573.24301	Klebsiella pneumoniae strain 414	levofloxacin	Resistant	Laboratory Method	Broth dilution	CLSI
573.13343	Klebsiella pneumoniae KPN1394ec	levofloxacin	Resistant	Laboratory Method	Broth dilution	CLSI
573.14151	Klebsiella pneumoniae KPN432ec	levofloxacin	Resistant	Laboratory Method	Broth dilution	CLSI
573.46866	Klebsiella pneumoniae KP-50LI	levofloxacin	Resistant	Laboratory Method	Broth dilution	EUCAST
573.13635	Klebsiella pneumoniae KPN1735ec	levofloxacin	Resistant	Laboratory Method	Broth dilution	CLSI
573.13631	Klebsiella pneumoniae KPN1729ec	levofloxacin	Resistant	Laboratory Method	Broth dilution	CLSI
573.13093	Klebsiella pneumoniae KPN1085ec	levofloxacin	Resistant	Laboratory Method	Broth dilution	CLSI
573.14504	Klebsiella pneumoniae KPN933ec	levofloxacin	Resistant	Laboratory Method	Broth dilution	CLSI
573.1542	Klebsiella pneumoniae strain AR_0112	levofloxacin	Resistant	Laboratory Method	Broth dilution	CLSI
573.13035	Klebsiella pneumoniae KPN1005ec	levofloxacin	Resistant	Laboratory Method	Broth dilution	CLSI
573.14024	Klebsiella pneumoniae KPN287ec	levofloxacin	Resistant	Laboratory Method	Broth dilution	CLSI
573.13254	Klebsiella pneumoniae KPN1275ec	levofloxacin	Resistant	Laboratory Method	Broth dilution	CLSI
573.14348	Klebsiella pneumoniae KPN722ec	levofloxacin	Resistant	Laboratory Method	Broth dilution	CLSI
573.24422	Klebsiella pneumoniae strain MUGSI_58	levofloxacin	Resistant	Laboratory Method	Broth dilution	CLSI
573.142	Klebsiella pneumoniae KPN511ec	levofloxacin	Resistant	Laboratory Method	Broth dilution	CLSI
573.13655	Klebsiella pneumoniae KPN1759ec	levofloxacin	Resistant	Laboratory Method	Broth dilution	CLSI
573.13483	Klebsiella pneumoniae KPN1555ec	levofloxacin	Resistant	Laboratory Method	Broth dilution	CLSI
573.14354	Klebsiella pneumoniae KPN728ec	levofloxacin	Resistant	Laboratory Method	Broth dilution	CLSI
573.1399	Klebsiella pneumoniae KPN249ec	levofloxacin	Resistant	Laboratory Method	Broth dilution	CLSI
573.46856	Klebsiella pneumoniae KP-26PI	levofloxacin	Resistant	Laboratory Method	Broth dilution	EUCAST
573.46838	Klebsiella pneumoniae KP-13LU	levofloxacin	Resistant	Laboratory Method	Broth dilution	EUCAST
573.13775	Klebsiella pneumoniae KPN1921ec	levofloxacin	Resistant	Laboratory Method	Broth dilution	CLSI
573.13028	Klebsiella pneumoniae 3254	levofloxacin	Resistant	Laboratory Method	Broth dilution	CLSI
573.14181	Klebsiella pneumoniae KPN471ec	levofloxacin	Resistant	Laboratory Method	Broth dilution	CLSI
573.13538	Klebsiella pneumoniae KPN161ec	levofloxacin	Resistant	Laboratory Method	Broth dilution	CLSI
573.24254	Klebsiella pneumoniae strain 17	levofloxacin	Resistant	Laboratory Method	Broth dilution	CLSI
573.13463	Klebsiella pneumoniae KPN1532ec	levofloxacin	Resistant	Laboratory Method	Broth dilution	CLSI
573.12978	Klebsiella pneumoniae 82	levofloxacin	Resistant	Laboratory Method	Broth dilution	CLSI
573.14274	Klebsiella pneumoniae KPN605ec	levofloxacin	Resistant	Laboratory Method	Broth dilution	CLSI
573.13604	Klebsiella pneumoniae KPN1700ec	levofloxacin	Resistant	Laboratory Method	Broth dilution	CLSI
573.13216	Klebsiella pneumoniae KPN1233ec	levofloxacin	Resistant	Laboratory Method	Broth dilution	CLSI
1438728.3	Klebsiella pneumoniae CHS 22	levofloxacin	Resistant	Laboratory Method	Broth dilution	
573.13544	Klebsiella pneumoniae KPN1627ec	levofloxacin	Resistant	Laboratory Method	Broth dilution	CLSI
573.13377	Klebsiella pneumoniae KPN1435ec	levofloxacin	Resistant	Laboratory Method	Broth dilution	CLSI
573.14265	Klebsiella pneumoniae KPN593ec	levofloxacin	Resistant	Laboratory Method	Broth dilution	CLSI
573.14018	Klebsiella pneumoniae KPN280ec	levofloxacin	Resistant	Laboratory Method	Broth dilution	CLSI
573.13085	Klebsiella pneumoniae KPN1071ec	levofloxacin	Resistant	Laboratory Method	Broth dilution	CLSI
573.13125	Klebsiella pneumoniae KPN1123ec	levofloxacin	Resistant	Laboratory Method	Broth dilution	CLSI
573.24414	Klebsiella pneumoniae strain MUGSI_46	levofloxacin	Resistant	Laboratory Method	Broth dilution	CLSI
573.1351	Klebsiella pneumoniae KPN1585ec	levofloxacin	Resistant	Laboratory Method	Broth dilution	CLSI
573.13263	Klebsiella pneumoniae KPN1284ec	levofloxacin	Resistant	Laboratory Method	Broth dilution	CLSI
573.14464	Klebsiella pneumoniae KPN882ec	levofloxacin	Resistant	Laboratory Method	Broth dilution	CLSI
573.13982	Klebsiella pneumoniae KPN237ec	levofloxacin	Resistant	Laboratory Method	Broth dilution	CLSI
573.12975	Klebsiella pneumoniae 3285	levofloxacin	Resistant	Laboratory Method	Broth dilution	CLSI
573.13561	Klebsiella pneumoniae KPN1652ec	levofloxacin	Resistant	Laboratory Method	Broth dilution	CLSI
573.14221	Klebsiella pneumoniae KPN538ec	levofloxacin	Resistant	Laboratory Method	Broth dilution	CLSI
573.14072	Klebsiella pneumoniae KPN342ec	levofloxacin	Resistant	Laboratory Method	Broth dilution	CLSI
573.13522	Klebsiella pneumoniae KPN1598ec	levofloxacin	Resistant	Laboratory Method	Broth dilution	CLSI
573.24439	Klebsiella pneumoniae strain MUGSI_8	levofloxacin	Resistant	Laboratory Method	Broth dilution	CLSI
573.46848	Klebsiella pneumoniae KP-20PI	levofloxacin	Resistant	Laboratory Method	Broth dilution	EUCAST
573.14264	Klebsiella pneumoniae KPN592ec	levofloxacin	Resistant	Laboratory Method	Broth dilution	CLSI
573.1287	Klebsiella pneumoniae 3399	levofloxacin	Resistant	Laboratory Method	Broth dilution	CLSI
573.13593	Klebsiella pneumoniae KPN1690ec	levofloxacin	Resistant	Laboratory Method	Broth dilution	CLSI
573.13069	Klebsiella pneumoniae KPN1047ec	levofloxacin	Resistant	Laboratory Method	Broth dilution	CLSI
1438742.3	Klebsiella pneumoniae CHS 36	levofloxacin	Resistant	Laboratory Method	Broth dilution	
573.1394	Klebsiella pneumoniae KPN2129ec	levofloxacin	Resistant	Laboratory Method	Broth dilution	CLSI
573.14541	Klebsiella pneumoniae KPN983ec	levofloxacin	Resistant	Laboratory Method	Broth dilution	CLSI
573.24407	Klebsiella pneumoniae strain MUGSI_38	levofloxacin	Resistant	Laboratory Method	Broth dilution	CLSI
573.14486	Klebsiella pneumoniae KPN912ec	levofloxacin	Resistant	Laboratory Method	Broth dilution	CLSI
573.13683	Klebsiella pneumoniae KPN179ec	levofloxacin	Resistant	Laboratory Method	Broth dilution	CLSI
573.13139	Klebsiella pneumoniae KPN1139ec	levofloxacin	Resistant	Laboratory Method	Broth dilution	CLSI
573.24276	Klebsiella pneumoniae strain 29	levofloxacin	Resistant	Laboratory Method	Broth dilution	CLSI
573.1353	Klebsiella pneumoniae KPN160ec	levofloxacin	Resistant	Laboratory Method	Broth dilution	CLSI
573.23215	Klebsiella pneumoniae strain KP_084	levofloxacin	Resistant	Laboratory Method	Disk diffusion	CLSI
573.1322	Klebsiella pneumoniae KPN123ec	levofloxacin	Resistant	Laboratory Method	Broth dilution	CLSI
573.24402	Klebsiella pneumoniae strain MUGSI_320	levofloxacin	Resistant	Laboratory Method	Broth dilution	CLSI
573.13257	Klebsiella pneumoniae KPN1278ec	levofloxacin	Resistant	Laboratory Method	Broth dilution	CLSI
573.14019	Klebsiella pneumoniae KPN281ec	levofloxacin	Resistant	Laboratory Method	Broth dilution	CLSI
573.14193	Klebsiella pneumoniae KPN486ec	levofloxacin	Resistant	Laboratory Method	Broth dilution	CLSI
573.14113	Klebsiella pneumoniae KPN390ec	levofloxacin	Resistant	Laboratory Method	Broth dilution	CLSI
573.12977	Klebsiella pneumoniae 3377	levofloxacin	Resistant	Laboratory Method	Broth dilution	CLSI
573.1319	Klebsiella pneumoniae KPN1198ec	levofloxacin	Resistant	Laboratory Method	Broth dilution	CLSI
573.13061	Klebsiella pneumoniae KPN1039ec	levofloxacin	Resistant	Laboratory Method	Broth dilution	CLSI
573.13488	Klebsiella pneumoniae KPN155ec	levofloxacin	Resistant	Laboratory Method	Broth dilution	CLSI
573.14247	Klebsiella pneumoniae KPN573ec	levofloxacin	Resistant	Laboratory Method	Broth dilution	CLSI
573.13518	Klebsiella pneumoniae KPN1594ec	levofloxacin	Resistant	Laboratory Method	Broth dilution	CLSI
573.14325	Klebsiella pneumoniae KPN696ec	levofloxacin	Resistant	Laboratory Method	Broth dilution	CLSI
573.46851	Klebsiella pneumoniae KP-23PA	levofloxacin	Resistant	Laboratory Method	Broth dilution	EUCAST
573.12877	Klebsiella pneumoniae 3400	levofloxacin	Resistant	Laboratory Method	Broth dilution	CLSI
573.14204	Klebsiella pneumoniae KPN515ec	levofloxacin	Resistant	Laboratory Method	Broth dilution	CLSI
573.13823	Klebsiella pneumoniae KPN198ec	levofloxacin	Resistant	Laboratory Method	Broth dilution	CLSI
573.13018	Klebsiella pneumoniae 3319	levofloxacin	Resistant	Laboratory Method	Broth dilution	CLSI
573.13212	Klebsiella pneumoniae KPN1222ec	levofloxacin	Resistant	Laboratory Method	Broth dilution	CLSI
573.14401	Klebsiella pneumoniae KPN793ec	levofloxacin	Resistant	Laboratory Method	Broth dilution	CLSI
573.1286	Klebsiella pneumoniae 3316	levofloxacin	Resistant	Laboratory Method	Broth dilution	CLSI
1438759.3	Klebsiella pneumoniae CHS 53	levofloxacin	Resistant	Laboratory Method	Broth dilution	
573.12931	Klebsiella pneumoniae 3265	levofloxacin	Resistant	Laboratory Method	Broth dilution	CLSI
573.13364	Klebsiella pneumoniae KPN1423ec	levofloxacin	Resistant	Laboratory Method	Broth dilution	CLSI
573.24377	Klebsiella pneumoniae strain MUGSI_200	levofloxacin	Resistant	Laboratory Method	Broth dilution	CLSI
573.13284	Klebsiella pneumoniae KPN1323ec	levofloxacin	Resistant	Laboratory Method	Broth dilution	CLSI
1438755.3	Klebsiella pneumoniae CHS 49	levofloxacin	Resistant	Laboratory Method	Broth dilution	
573.14511	Klebsiella pneumoniae KPN943ec	levofloxacin	Resistant	Laboratory Method	Broth dilution	CLSI
573.14438	Klebsiella pneumoniae KPN844ec	levofloxacin	Resistant	Laboratory Method	Broth dilution	CLSI
573.14451	Klebsiella pneumoniae KPN866ec	levofloxacin	Resistant	Laboratory Method	Broth dilution	CLSI
573.24392	Klebsiella pneumoniae strain MUGSI_308	levofloxacin	Resistant	Laboratory Method	Broth dilution	CLSI
573.46843	Klebsiella pneumoniae KP-17PI	levofloxacin	Resistant	Laboratory Method	Broth dilution	EUCAST
573.13903	Klebsiella pneumoniae KPN2080ec	levofloxacin	Resistant	Laboratory Method	Broth dilution	CLSI
573.13807	Klebsiella pneumoniae KPN1968ec	levofloxacin	Resistant	Laboratory Method	Broth dilution	CLSI
573.14516	Klebsiella pneumoniae KPN948ec	levofloxacin	Resistant	Laboratory Method	Broth dilution	CLSI
573.24375	Klebsiella pneumoniae strain MUGSI_194	levofloxacin	Resistant	Laboratory Method	Broth dilution	CLSI
573.14393	Klebsiella pneumoniae KPN781ec	levofloxacin	Resistant	Laboratory Method	Broth dilution	CLSI
573.2428	Klebsiella pneumoniae strain 31	levofloxacin	Resistant	Laboratory Method	Broth dilution	CLSI
72407.297	Klebsiella pneumoniae subsp. pneumoniae MRSN849862	levofloxacin	Resistant	Laboratory Method		
573.14379	Klebsiella pneumoniae KPN762ec	levofloxacin	Resistant	Laboratory Method	Broth dilution	CLSI
573.18087	Klebsiella pneumoniae strain AR438	levofloxacin	Resistant	Laboratory Method	Broth dilution	CLSI
573.13898	Klebsiella pneumoniae KPN2076ec	levofloxacin	Resistant	Laboratory Method	Broth dilution	CLSI
573.24374	Klebsiella pneumoniae strain MUGSI_191	levofloxacin	Resistant	Laboratory Method	Broth dilution	CLSI
573.13872	Klebsiella pneumoniae KPN2046ec	levofloxacin	Resistant	Laboratory Method	Broth dilution	CLSI
72407.2894	Klebsiella pneumoniae subsp. pneumoniae MRSN752795	levofloxacin	Resistant	Laboratory Method		
1438766.3	Klebsiella pneumoniae CHS 60	levofloxacin	Resistant	Laboratory Method	Broth dilution	
573.13192	Klebsiella pneumoniae KPN1200ec	levofloxacin	Resistant	Laboratory Method	Broth dilution	CLSI
573.1408	Klebsiella pneumoniae KPN355ec	levofloxacin	Resistant	Laboratory Method	Broth dilution	CLSI
573.14326	Klebsiella pneumoniae KPN697ec	levofloxacin	Resistant	Laboratory Method	Broth dilution	CLSI
573.24383	Klebsiella pneumoniae strain MUGSI_237	levofloxacin	Resistant	Laboratory Method	Broth dilution	CLSI
573.13938	Klebsiella pneumoniae KPN2127ec	levofloxacin	Resistant	Laboratory Method	Broth dilution	CLSI
573.1424	Klebsiella pneumoniae KPN564ec	levofloxacin	Resistant	Laboratory Method	Broth dilution	CLSI
573.13494	Klebsiella pneumoniae KPN1566ec	levofloxacin	Resistant	Laboratory Method	Broth dilution	CLSI
573.13824	Klebsiella pneumoniae KPN1991ec	levofloxacin	Resistant	Laboratory Method	Broth dilution	CLSI
573.14036	Klebsiella pneumoniae KPN301ec	levofloxacin	Resistant	Laboratory Method	Broth dilution	CLSI
573.1722	Klebsiella pneumoniae strain KpVA-4	levofloxacin	Resistant	Laboratory Method	Disk diffusion	EUCAST
1284790.3	Klebsiella pneumoniae UHKPC05	levofloxacin	Resistant	Laboratory Method		
573.24442	Klebsiella pneumoniae strain MUGSI_83	levofloxacin	Resistant	Laboratory Method	Broth dilution	CLSI
573.14092	Klebsiella pneumoniae KPN369ec	levofloxacin	Resistant	Laboratory Method	Broth dilution	CLSI
573.13274	Klebsiella pneumoniae KPN130ec	levofloxacin	Resistant	Laboratory Method	Broth dilution	CLSI
573.14537	Klebsiella pneumoniae KPN978ec	levofloxacin	Resistant	Laboratory Method	Broth dilution	CLSI
573.14394	Klebsiella pneumoniae KPN782ec	levofloxacin	Resistant	Laboratory Method	Broth dilution	CLSI
573.13955	Klebsiella pneumoniae KPN2166ec	levofloxacin	Resistant	Laboratory Method	Broth dilution	CLSI
1304920.3	Klebsiella pneumoniae 361_1301	levofloxacin	Resistant	Laboratory Method		
573.14032	Klebsiella pneumoniae KPN295ec	levofloxacin	Resistant	Laboratory Method	Broth dilution	CLSI
573.1431	Klebsiella pneumoniae KPN679ec	levofloxacin	Resistant	Laboratory Method	Broth dilution	CLSI
573.1334	Klebsiella pneumoniae KPN1390ec	levofloxacin	Resistant	Laboratory Method	Broth dilution	CLSI
573.13131	Klebsiella pneumoniae KPN1129ec	levofloxacin	Resistant	Laboratory Method	Broth dilution	CLSI
573.13491	Klebsiella pneumoniae KPN1562ec	levofloxacin	Resistant	Laboratory Method	Broth dilution	CLSI
1284798.4	Klebsiella pneumoniae DMC1097	levofloxacin	Resistant	Laboratory Method		
573.12876	Klebsiella pneumoniae 3296	levofloxacin	Resistant	Laboratory Method	Broth dilution	CLSI
573.1321	Klebsiella pneumoniae KPN1220ec	levofloxacin	Resistant	Laboratory Method	Broth dilution	CLSI
573.14345	Klebsiella pneumoniae KPN719ec	levofloxacin	Resistant	Laboratory Method	Broth dilution	CLSI
573.13525	Klebsiella pneumoniae KPN1604ec	levofloxacin	Resistant	Laboratory Method	Broth dilution	CLSI
573.2426	Klebsiella pneumoniae strain 2	levofloxacin	Resistant	Laboratory Method	Broth dilution	CLSI
573.13542	Klebsiella pneumoniae KPN1625ec	levofloxacin	Resistant	Laboratory Method	Broth dilution	CLSI
573.14315	Klebsiella pneumoniae KPN684ec	levofloxacin	Resistant	Laboratory Method	Broth dilution	CLSI
573.14526	Klebsiella pneumoniae KPN960ec	levofloxacin	Resistant	Laboratory Method	Broth dilution	CLSI
573.13202	Klebsiella pneumoniae KPN1211ec	levofloxacin	Resistant	Laboratory Method	Broth dilution	CLSI
573.13189	Klebsiella pneumoniae KPN1197ec	levofloxacin	Resistant	Laboratory Method	Broth dilution	CLSI
1438739.3	Klebsiella pneumoniae CHS 33	levofloxacin	Resistant	Laboratory Method	Broth dilution	
1438729.3	Klebsiella pneumoniae CHS 23	levofloxacin	Resistant	Laboratory Method	Broth dilution	
573.14045	Klebsiella pneumoniae KPN310ec	levofloxacin	Resistant	Laboratory Method	Broth dilution	CLSI
573.14049	Klebsiella pneumoniae KPN315ec	levofloxacin	Resistant	Laboratory Method	Broth dilution	CLSI
573.24413	Klebsiella pneumoniae strain MUGSI_45	levofloxacin	Resistant	Laboratory Method	Broth dilution	CLSI
573.13426	Klebsiella pneumoniae KPN1488ec	levofloxacin	Resistant	Laboratory Method	Broth dilution	CLSI
573.13468	Klebsiella pneumoniae KPN1537ec	levofloxacin	Resistant	Laboratory Method	Broth dilution	CLSI
573.14254	Klebsiella pneumoniae KPN580ec	levofloxacin	Resistant	Laboratory Method	Broth dilution	CLSI
573.13418	Klebsiella pneumoniae KPN147ec	levofloxacin	Resistant	Laboratory Method	Broth dilution	CLSI
573.13888	Klebsiella pneumoniae KPN2064ec	levofloxacin	Resistant	Laboratory Method	Broth dilution	CLSI
573.46875	Klebsiella pneumoniae KP-91LU	levofloxacin	Resistant	Laboratory Method	Broth dilution	EUCAST
573.14418	Klebsiella pneumoniae KPN818ec	levofloxacin	Resistant	Laboratory Method	Broth dilution	CLSI
573.13634	Klebsiella pneumoniae KPN1734ec	levofloxacin	Resistant	Laboratory Method	Broth dilution	CLSI
573.13111	Klebsiella pneumoniae KPN1107ec	levofloxacin	Resistant	Laboratory Method	Broth dilution	CLSI
573.14293	Klebsiella pneumoniae KPN630ec	levofloxacin	Resistant	Laboratory Method	Broth dilution	CLSI
573.13329	Klebsiella pneumoniae KPN1378ec	levofloxacin	Resistant	Laboratory Method	Broth dilution	CLSI
573.20065	Klebsiella pneumoniae strain AR_0046	levofloxacin	Resistant	Laboratory Method	Broth dilution	CLSI
573.46834	Klebsiella pneumoniae KP-122LU	levofloxacin	Resistant	Laboratory Method	Broth dilution	EUCAST
573.13586	Klebsiella pneumoniae KPN1682ec	levofloxacin	Resistant	Laboratory Method	Broth dilution	CLSI
1438774.3	Klebsiella pneumoniae CHS 70	levofloxacin	Resistant	Laboratory Method	Broth dilution	
573.13122	Klebsiella pneumoniae KPN1120ec	levofloxacin	Resistant	Laboratory Method	Broth dilution	CLSI
573.14084	Klebsiella pneumoniae KPN360ec	levofloxacin	Resistant	Laboratory Method	Broth dilution	CLSI
573.13252	Klebsiella pneumoniae KPN1273ec	levofloxacin	Resistant	Laboratory Method	Broth dilution	CLSI
573.13809	Klebsiella pneumoniae KPN1973ec	levofloxacin	Resistant	Laboratory Method	Broth dilution	CLSI
573.14533	Klebsiella pneumoniae KPN973ec	levofloxacin	Resistant	Laboratory Method	Broth dilution	CLSI
573.14335	Klebsiella pneumoniae KPN708ec	levofloxacin	Resistant	Laboratory Method	Broth dilution	CLSI
573.1726	Klebsiella pneumoniae strain KpVA-8	levofloxacin	Resistant	Laboratory Method	Disk diffusion	EUCAST
573.24408	Klebsiella pneumoniae strain MUGSI_39	levofloxacin	Resistant	Laboratory Method	Broth dilution	CLSI
573.13573	Klebsiella pneumoniae KPN1667ec	levofloxacin	Resistant	Laboratory Method	Broth dilution	CLSI
573.13072	Klebsiella pneumoniae KPN1053ec	levofloxacin	Resistant	Laboratory Method	Broth dilution	CLSI
573.13722	Klebsiella pneumoniae KPN185ec	levofloxacin	Resistant	Laboratory Method	Broth dilution	CLSI
573.13605	Klebsiella pneumoniae KPN1701ec	levofloxacin	Resistant	Laboratory Method	Broth dilution	CLSI
573.14372	Klebsiella pneumoniae KPN753ec	levofloxacin	Resistant	Laboratory Method	Broth dilution	CLSI
573.13708	Klebsiella pneumoniae KPN1845ec	levofloxacin	Resistant	Laboratory Method	Broth dilution	CLSI
573.46857	Klebsiella pneumoniae KP-27PI	levofloxacin	Resistant	Laboratory Method	Broth dilution	EUCAST
573.13098	Klebsiella pneumoniae KPN1092ec	levofloxacin	Resistant	Laboratory Method	Broth dilution	CLSI
573.13695	Klebsiella pneumoniae KPN1830ec	levofloxacin	Resistant	Laboratory Method	Broth dilution	CLSI
573.13116	Klebsiella pneumoniae KPN1113ec	levofloxacin	Resistant	Laboratory Method	Broth dilution	CLSI
573.14149	Klebsiella pneumoniae KPN430ec	levofloxacin	Resistant	Laboratory Method	Broth dilution	CLSI
573.13574	Klebsiella pneumoniae KPN1668ec	levofloxacin	Resistant	Laboratory Method	Broth dilution	CLSI
573.2441	Klebsiella pneumoniae strain MUGSI_41	levofloxacin	Resistant	Laboratory Method	Broth dilution	CLSI
573.14042	Klebsiella pneumoniae KPN307ec	levofloxacin	Resistant	Laboratory Method	Broth dilution	CLSI
573.14054	Klebsiella pneumoniae KPN320ec	levofloxacin	Resistant	Laboratory Method	Broth dilution	CLSI
573.14044	Klebsiella pneumoniae KPN309ec	levofloxacin	Resistant	Laboratory Method	Broth dilution	CLSI
573.13379	Klebsiella pneumoniae KPN1438ec	levofloxacin	Resistant	Laboratory Method	Broth dilution	CLSI
573.13587	Klebsiella pneumoniae KPN1684ec	levofloxacin	Resistant	Laboratory Method	Broth dilution	CLSI
573.24389	Klebsiella pneumoniae strain MUGSI_30	levofloxacin	Resistant	Laboratory Method	Broth dilution	CLSI
573.12773	Klebsiella pneumoniae strain AR_0138	levofloxacin	Resistant	Laboratory Method	Broth dilution	CLSI
573.13444	Klebsiella pneumoniae KPN1511ec	levofloxacin	Resistant	Laboratory Method	Broth dilution	CLSI
573.13322	Klebsiella pneumoniae KPN1364ec	levofloxacin	Resistant	Laboratory Method	Broth dilution	CLSI
573.144	Klebsiella pneumoniae KPN792ec	levofloxacin	Resistant	Laboratory Method	Broth dilution	CLSI
573.13636	Klebsiella pneumoniae KPN1736ec	levofloxacin	Resistant	Laboratory Method	Broth dilution	CLSI
573.14142	Klebsiella pneumoniae KPN422ec	levofloxacin	Resistant	Laboratory Method	Broth dilution	CLSI
573.13391	Klebsiella pneumoniae KPN144ec	levofloxacin	Resistant	Laboratory Method	Broth dilution	CLSI
573.14385	Klebsiella pneumoniae KPN770ec	levofloxacin	Resistant	Laboratory Method	Broth dilution	CLSI
573.24317	Klebsiella pneumoniae strain 98	levofloxacin	Resistant	Laboratory Method	Broth dilution	CLSI
573.12913	Klebsiella pneumoniae 3318	levofloxacin	Resistant	Laboratory Method	Broth dilution	CLSI
573.14038	Klebsiella pneumoniae KPN303ec	levofloxacin	Resistant	Laboratory Method	Broth dilution	CLSI
72407.2893	Klebsiella pneumoniae subsp. pneumoniae MRSN849636	levofloxacin	Resistant	Laboratory Method		
1438746.3	Klebsiella pneumoniae CHS 40	levofloxacin	Resistant	Laboratory Method	Broth dilution	
573.46833	Klebsiella pneumoniae KP-11PI	levofloxacin	Resistant	Laboratory Method	Broth dilution	EUCAST
573.24252	Klebsiella pneumoniae strain 16	levofloxacin	Resistant	Laboratory Method	Broth dilution	CLSI
573.13788	Klebsiella pneumoniae KPN1937ec	levofloxacin	Resistant	Laboratory Method	Broth dilution	CLSI
573.13256	Klebsiella pneumoniae KPN1277ec	levofloxacin	Resistant	Laboratory Method	Broth dilution	CLSI
1438709.3	Klebsiella pneumoniae CHS 03	levofloxacin	Resistant	Laboratory Method	Broth dilution	
573.14291	Klebsiella pneumoniae KPN626ec	levofloxacin	Resistant	Laboratory Method	Broth dilution	CLSI
573.13998	Klebsiella pneumoniae KPN259ec	levofloxacin	Resistant	Laboratory Method	Broth dilution	CLSI
573.1365	Klebsiella pneumoniae KPN1754ec	levofloxacin	Resistant	Laboratory Method	Broth dilution	CLSI
573.14457	Klebsiella pneumoniae KPN875ec	levofloxacin	Resistant	Laboratory Method	Broth dilution	CLSI
573.14543	Klebsiella pneumoniae KPN986ec	levofloxacin	Resistant	Laboratory Method	Broth dilution	CLSI
573.46864	Klebsiella pneumoniae KP-42LI	levofloxacin	Resistant	Laboratory Method	Broth dilution	EUCAST
1438762.3	Klebsiella pneumoniae CHS 56	levofloxacin	Resistant	Laboratory Method	Broth dilution	
573.24245	Klebsiella pneumoniae strain 104	levofloxacin	Resistant	Laboratory Method	Broth dilution	CLSI
573.46845	Klebsiella pneumoniae KP-19PI	levofloxacin	Resistant	Laboratory Method	Broth dilution	EUCAST
573.13515	Klebsiella pneumoniae KPN1591ec	levofloxacin	Resistant	Laboratory Method	Broth dilution	CLSI
573.18541	Klebsiella pneumoniae strain TVGHCRE225	levofloxacin	Resistant	Laboratory Method	Broth dilution	CLSI
573.24401	Klebsiella pneumoniae strain MUGSI_32	levofloxacin	Resistant	Laboratory Method	Broth dilution	CLSI
573.13289	Klebsiella pneumoniae KPN1329ec	levofloxacin	Resistant	Laboratory Method	Broth dilution	CLSI
573.12777	Klebsiella pneumoniae strain AR_0120	levofloxacin	Resistant	Laboratory Method	Broth dilution	CLSI
1438722.3	Klebsiella pneumoniae CHS 16	levofloxacin	Resistant	Laboratory Method	Broth dilution	
573.173	Klebsiella pneumoniae strain KpVA-12	levofloxacin	Resistant	Laboratory Method	Disk diffusion	EUCAST
573.13164	Klebsiella pneumoniae KPN1169ec	levofloxacin	Resistant	Laboratory Method	Broth dilution	CLSI
573.1389	Klebsiella pneumoniae KPN2066ec	levofloxacin	Resistant	Laboratory Method	Broth dilution	CLSI
573.12878	Klebsiella pneumoniae 3262	levofloxacin	Resistant	Laboratory Method	Broth dilution	CLSI
573.13159	Klebsiella pneumoniae KPN1164ec	levofloxacin	Resistant	Laboratory Method	Broth dilution	CLSI
573.14262	Klebsiella pneumoniae KPN590ec	levofloxacin	Resistant	Laboratory Method	Broth dilution	CLSI
573.1311	Klebsiella pneumoniae KPN1106ec	levofloxacin	Resistant	Laboratory Method	Broth dilution	CLSI
573.13692	Klebsiella pneumoniae KPN1827ec	levofloxacin	Resistant	Laboratory Method	Broth dilution	CLSI
573.14547	Klebsiella pneumoniae KPN994ec	levofloxacin	Resistant	Laboratory Method	Broth dilution	CLSI
573.13007	Klebsiella pneumoniae 3381	levofloxacin	Resistant	Laboratory Method	Broth dilution	CLSI
573.1396	Klebsiella pneumoniae KPN2171ec	levofloxacin	Resistant	Laboratory Method	Broth dilution	CLSI
573.13624	Klebsiella pneumoniae KPN1721ec	levofloxacin	Resistant	Laboratory Method	Broth dilution	CLSI
573.13857	Klebsiella pneumoniae KPN202ec	levofloxacin	Resistant	Laboratory Method	Broth dilution	CLSI
573.13649	Klebsiella pneumoniae KPN1753ec	levofloxacin	Resistant	Laboratory Method	Broth dilution	CLSI
573.14129	Klebsiella pneumoniae KPN408ec	levofloxacin	Resistant	Laboratory Method	Broth dilution	CLSI
573.13309	Klebsiella pneumoniae KPN1349ec	levofloxacin	Resistant	Laboratory Method	Broth dilution	CLSI
573.24426	Klebsiella pneumoniae strain MUGSI_64	levofloxacin	Resistant	Laboratory Method	Broth dilution	CLSI
573.14399	Klebsiella pneumoniae KPN790ec	levofloxacin	Resistant	Laboratory Method	Broth dilution	CLSI
573.14046	Klebsiella pneumoniae KPN312ec	levofloxacin	Resistant	Laboratory Method	Broth dilution	CLSI
573.13806	Klebsiella pneumoniae KPN1961ec	levofloxacin	Resistant	Laboratory Method	Broth dilution	CLSI
573.15217	Klebsiella pneumoniae strain AR_0112	levofloxacin	Resistant	Laboratory Method	Broth dilution	CLSI
573.13454	Klebsiella pneumoniae KPN1521ec	levofloxacin	Resistant	Laboratory Method	Broth dilution	CLSI
573.13985	Klebsiella pneumoniae KPN244ec	levofloxacin	Resistant	Laboratory Method	Broth dilution	CLSI
573.13092	Klebsiella pneumoniae KPN1080ec	levofloxacin	Resistant	Laboratory Method	Broth dilution	CLSI
573.7024	Klebsiella pneumoniae strain AR_0012	levofloxacin	Resistant	Laboratory Method	Broth dilution	CLSI
573.14456	Klebsiella pneumoniae KPN874ec	levofloxacin	Resistant	Laboratory Method	Broth dilution	CLSI
573.13794	Klebsiella pneumoniae KPN1947ec	levofloxacin	Susceptible	Laboratory Method	Broth dilution	CLSI
573.12995	Klebsiella pneumoniae 5	levofloxacin	Susceptible	Laboratory Method	Broth dilution	CLSI
573.12921	Klebsiella pneumoniae 73	levofloxacin	Susceptible	Laboratory Method	Broth dilution	CLSI
573.13003	Klebsiella pneumoniae 127	levofloxacin	Susceptible	Laboratory Method	Broth dilution	CLSI
573.12883	Klebsiella pneumoniae 48	levofloxacin	Susceptible	Laboratory Method	Broth dilution	CLSI
573.13199	Klebsiella pneumoniae KPN1208ec	levofloxacin	Susceptible	Laboratory Method	Broth dilution	CLSI
1284833.4	Klebsiella pneumoniae KP-7	levofloxacin	Susceptible	Laboratory Method		
573.14219	Klebsiella pneumoniae KPN535ec	levofloxacin	Susceptible	Laboratory Method	Broth dilution	CLSI
573.13656	Klebsiella pneumoniae KPN1760ec	levofloxacin	Susceptible	Laboratory Method	Broth dilution	CLSI
573.14499	Klebsiella pneumoniae KPN927ec	levofloxacin	Susceptible	Laboratory Method	Broth dilution	CLSI
573.14505	Klebsiella pneumoniae KPN934ec	levofloxacin	Susceptible	Laboratory Method	Broth dilution	CLSI
573.14169	Klebsiella pneumoniae KPN457ec	levofloxacin	Susceptible	Laboratory Method	Broth dilution	CLSI
573.14363	Klebsiella pneumoniae KPN741ec	levofloxacin	Susceptible	Laboratory Method	Broth dilution	CLSI
573.13498	Klebsiella pneumoniae KPN1570ec	levofloxacin	Susceptible	Laboratory Method	Broth dilution	CLSI
573.12771	Klebsiella pneumoniae strain AR_0126	levofloxacin	Susceptible	Laboratory Method	Broth dilution	CLSI
573.12935	Klebsiella pneumoniae 104	levofloxacin	Susceptible	Laboratory Method	Broth dilution	CLSI
573.13914	Klebsiella pneumoniae KPN2091ec	levofloxacin	Susceptible	Laboratory Method	Broth dilution	CLSI
573.13993	Klebsiella pneumoniae KPN252ec	levofloxacin	Susceptible	Laboratory Method	Broth dilution	CLSI
573.23212	Klebsiella pneumoniae strain KP_135	levofloxacin	Susceptible	Laboratory Method	Disk diffusion	CLSI
573.13745	Klebsiella pneumoniae KPN1881ec	levofloxacin	Susceptible	Laboratory Method	Broth dilution	CLSI
573.14201	Klebsiella pneumoniae KPN512ec	levofloxacin	Susceptible	Laboratory Method	Broth dilution	CLSI
573.14101	Klebsiella pneumoniae KPN378ec	levofloxacin	Susceptible	Laboratory Method	Broth dilution	CLSI
573.13679	Klebsiella pneumoniae KPN1786ec	levofloxacin	Susceptible	Laboratory Method	Broth dilution	CLSI
573.25927	Klebsiella pneumoniae strain ST23	levofloxacin	Susceptible	Laboratory Method	Broth dilution	CLSI
573.13841	Klebsiella pneumoniae KPN2010ec	levofloxacin	Susceptible	Laboratory Method	Broth dilution	CLSI
573.14013	Klebsiella pneumoniae KPN275ec	levofloxacin	Susceptible	Laboratory Method	Broth dilution	CLSI
573.13726	Klebsiella pneumoniae KPN1863ec	levofloxacin	Susceptible	Laboratory Method	Broth dilution	CLSI
1284834.3	Klebsiella pneumoniae KP-11	levofloxacin	Susceptible	Laboratory Method		
573.13752	Klebsiella pneumoniae KPN1890ec	levofloxacin	Susceptible	Laboratory Method	Broth dilution	CLSI
573.1451	Klebsiella pneumoniae KPN942ec	levofloxacin	Susceptible	Laboratory Method	Broth dilution	CLSI
573.12885	Klebsiella pneumoniae 91	levofloxacin	Susceptible	Laboratory Method	Broth dilution	CLSI
573.13146	Klebsiella pneumoniae KPN1148ec	levofloxacin	Susceptible	Laboratory Method	Broth dilution	CLSI
573.2321	Klebsiella pneumoniae strain KP_136	levofloxacin	Susceptible	Laboratory Method	Disk diffusion	CLSI
573.13767	Klebsiella pneumoniae KPN1911ec	levofloxacin	Susceptible	Laboratory Method	Broth dilution	CLSI
573.14431	Klebsiella pneumoniae KPN836ec	levofloxacin	Susceptible	Laboratory Method	Broth dilution	CLSI
573.12915	Klebsiella pneumoniae 3401	levofloxacin	Susceptible	Laboratory Method	Broth dilution	CLSI
573.13058	Klebsiella pneumoniae KPN1036ec	levofloxacin	Susceptible	Laboratory Method	Broth dilution	CLSI
573.13714	Klebsiella pneumoniae KPN1851ec	levofloxacin	Susceptible	Laboratory Method	Broth dilution	CLSI
573.13286	Klebsiella pneumoniae KPN1326ec	levofloxacin	Susceptible	Laboratory Method	Broth dilution	CLSI
573.13935	Klebsiella pneumoniae KPN2121ec	levofloxacin	Susceptible	Laboratory Method	Broth dilution	CLSI
573.14443	Klebsiella pneumoniae KPN853ec	levofloxacin	Susceptible	Laboratory Method	Broth dilution	CLSI
573.13833	Klebsiella pneumoniae KPN2003ec	levofloxacin	Susceptible	Laboratory Method	Broth dilution	CLSI
573.13198	Klebsiella pneumoniae KPN1207ec	levofloxacin	Susceptible	Laboratory Method	Broth dilution	CLSI
573.14171	Klebsiella pneumoniae KPN460ec	levofloxacin	Susceptible	Laboratory Method	Broth dilution	CLSI
573.24266	Klebsiella pneumoniae strain 239	levofloxacin	Susceptible	Laboratory Method	Broth dilution	CLSI
573.12907	Klebsiella pneumoniae 89	levofloxacin	Susceptible	Laboratory Method	Broth dilution	CLSI
573.13022	Klebsiella pneumoniae 40	levofloxacin	Susceptible	Laboratory Method	Broth dilution	CLSI
573.12971	Klebsiella pneumoniae 3303	levofloxacin	Susceptible	Laboratory Method	Broth dilution	CLSI
573.1417	Klebsiella pneumoniae KPN458ec	levofloxacin	Susceptible	Laboratory Method	Broth dilution	CLSI
573.1337	Klebsiella pneumoniae KPN1429ec	levofloxacin	Susceptible	Laboratory Method	Broth dilution	CLSI
573.12944	Klebsiella pneumoniae 3273	levofloxacin	Susceptible	Laboratory Method	Broth dilution	CLSI
573.12979	Klebsiella pneumoniae 3268	levofloxacin	Susceptible	Laboratory Method	Broth dilution	CLSI
573.24342	Klebsiella pneumoniae strain MUGSI_125	levofloxacin	Susceptible	Laboratory Method	Broth dilution	CLSI
573.13006	Klebsiella pneumoniae 30	levofloxacin	Susceptible	Laboratory Method	Broth dilution	CLSI
573.13443	Klebsiella pneumoniae KPN1509ec	levofloxacin	Susceptible	Laboratory Method	Broth dilution	CLSI
573.13047	Klebsiella pneumoniae KPN1021ec	levofloxacin	Susceptible	Laboratory Method	Broth dilution	CLSI
573.14408	Klebsiella pneumoniae KPN802ec	levofloxacin	Susceptible	Laboratory Method	Broth dilution	CLSI
573.24281	Klebsiella pneumoniae strain 310	levofloxacin	Susceptible	Laboratory Method	Broth dilution	CLSI
573.14297	Klebsiella pneumoniae KPN639ec	levofloxacin	Susceptible	Laboratory Method	Broth dilution	CLSI
573.13141	Klebsiella pneumoniae KPN1142ec	levofloxacin	Susceptible	Laboratory Method	Broth dilution	CLSI
573.12872	Klebsiella pneumoniae 15	levofloxacin	Susceptible	Laboratory Method	Broth dilution	CLSI
573.13459	Klebsiella pneumoniae KPN1527ec	levofloxacin	Susceptible	Laboratory Method	Broth dilution	CLSI
573.12985	Klebsiella pneumoniae 3396	levofloxacin	Susceptible	Laboratory Method	Broth dilution	CLSI
573.13732	Klebsiella pneumoniae KPN1869ec	levofloxacin	Susceptible	Laboratory Method	Broth dilution	CLSI
573.13509	Klebsiella pneumoniae KPN1584ec	levofloxacin	Susceptible	Laboratory Method	Broth dilution	CLSI
573.14344	Klebsiella pneumoniae KPN718ec	levofloxacin	Susceptible	Laboratory Method	Broth dilution	CLSI
573.13701	Klebsiella pneumoniae KPN1839ec	levofloxacin	Susceptible	Laboratory Method	Broth dilution	CLSI
573.12928	Klebsiella pneumoniae 96	levofloxacin	Susceptible	Laboratory Method	Broth dilution	CLSI
573.13924	Klebsiella pneumoniae KPN2105ec	levofloxacin	Susceptible	Laboratory Method	Broth dilution	CLSI
573.12943	Klebsiella pneumoniae 81	levofloxacin	Susceptible	Laboratory Method	Broth dilution	CLSI
573.13967	Klebsiella pneumoniae KPN220ec	levofloxacin	Susceptible	Laboratory Method	Broth dilution	CLSI
573.13375	Klebsiella pneumoniae KPN1433ec	levofloxacin	Susceptible	Laboratory Method	Broth dilution	CLSI
573.14427	Klebsiella pneumoniae KPN830ec	levofloxacin	Susceptible	Laboratory Method	Broth dilution	CLSI
573.13928	Klebsiella pneumoniae KPN210ec	levofloxacin	Susceptible	Laboratory Method	Broth dilution	CLSI
573.13027	Klebsiella pneumoniae 26	levofloxacin	Susceptible	Laboratory Method	Broth dilution	CLSI
573.13137	Klebsiella pneumoniae KPN1136ec	levofloxacin	Susceptible	Laboratory Method	Broth dilution	CLSI
573.12986	Klebsiella pneumoniae 21	levofloxacin	Susceptible	Laboratory Method	Broth dilution	CLSI
573.14302	Klebsiella pneumoniae KPN660ec	levofloxacin	Susceptible	Laboratory Method	Broth dilution	CLSI
573.13032	Klebsiella pneumoniae KPN1001ec	levofloxacin	Susceptible	Laboratory Method	Broth dilution	CLSI
573.1294	Klebsiella pneumoniae 87	levofloxacin	Susceptible	Laboratory Method	Broth dilution	CLSI
573.13346	Klebsiella pneumoniae KPN1401ec	levofloxacin	Susceptible	Laboratory Method	Broth dilution	CLSI
573.14435	Klebsiella pneumoniae KPN840ec	levofloxacin	Susceptible	Laboratory Method	Broth dilution	CLSI
573.23208	Klebsiella pneumoniae strain KP_195	levofloxacin	Susceptible	Laboratory Method	Disk diffusion	CLSI
573.13663	Klebsiella pneumoniae KPN1769ec	levofloxacin	Susceptible	Laboratory Method	Broth dilution	CLSI
573.13845	Klebsiella pneumoniae KPN2015ec	levofloxacin	Susceptible	Laboratory Method	Broth dilution	CLSI
573.13331	Klebsiella pneumoniae KPN1381ec	levofloxacin	Susceptible	Laboratory Method	Broth dilution	CLSI
573.14073	Klebsiella pneumoniae KPN343ec	levofloxacin	Susceptible	Laboratory Method	Broth dilution	CLSI
573.14071	Klebsiella pneumoniae KPN340ec	levofloxacin	Susceptible	Laboratory Method	Broth dilution	CLSI
573.14277	Klebsiella pneumoniae KPN610ec	levofloxacin	Susceptible	Laboratory Method	Broth dilution	CLSI
573.23223	Klebsiella pneumoniae strain KP_030	levofloxacin	Susceptible	Laboratory Method	Disk diffusion	CLSI
573.24449	Klebsiella pneumoniae strain MUGSI_91	levofloxacin	Susceptible	Laboratory Method	Broth dilution	CLSI
573.12917	Klebsiella pneumoniae 112	levofloxacin	Susceptible	Laboratory Method	Broth dilution	CLSI
573.1441	Klebsiella pneumoniae KPN807ec	levofloxacin	Susceptible	Laboratory Method	Broth dilution	CLSI
573.12937	Klebsiella pneumoniae 3251	levofloxacin	Susceptible	Laboratory Method	Broth dilution	CLSI
573.13021	Klebsiella pneumoniae 3253	levofloxacin	Susceptible	Laboratory Method	Broth dilution	CLSI
573.14411	Klebsiella pneumoniae KPN809ec	levofloxacin	Susceptible	Laboratory Method	Broth dilution	CLSI
573.13046	Klebsiella pneumoniae KPN1020ec	levofloxacin	Susceptible	Laboratory Method	Broth dilution	CLSI
573.14493	Klebsiella pneumoniae KPN921ec	levofloxacin	Susceptible	Laboratory Method	Broth dilution	CLSI
573.14108	Klebsiella pneumoniae KPN385ec	levofloxacin	Susceptible	Laboratory Method	Broth dilution	CLSI
573.24376	Klebsiella pneumoniae strain MUGSI_2	levofloxacin	Susceptible	Laboratory Method	Broth dilution	CLSI
573.13675	Klebsiella pneumoniae KPN1782ec	levofloxacin	Susceptible	Laboratory Method	Broth dilution	CLSI
573.1295	Klebsiella pneumoniae 75	levofloxacin	Susceptible	Laboratory Method	Broth dilution	CLSI
573.13929	Klebsiella pneumoniae KPN2111ec	levofloxacin	Susceptible	Laboratory Method	Broth dilution	CLSI
573.13133	Klebsiella pneumoniae KPN1132ec	levofloxacin	Susceptible	Laboratory Method	Broth dilution	CLSI
573.13366	Klebsiella pneumoniae KPN1425ec	levofloxacin	Susceptible	Laboratory Method	Broth dilution	CLSI
573.13739	Klebsiella pneumoniae KPN1876ec	levofloxacin	Susceptible	Laboratory Method	Broth dilution	CLSI
573.12912	Klebsiella pneumoniae 79	levofloxacin	Susceptible	Laboratory Method	Broth dilution	CLSI
573.12859	Klebsiella pneumoniae 3248	levofloxacin	Susceptible	Laboratory Method	Broth dilution	CLSI
1438754.3	Klebsiella pneumoniae CHS 48	levofloxacin	Susceptible	Laboratory Method	Broth dilution	
573.129	Klebsiella pneumoniae 1	levofloxacin	Susceptible	Laboratory Method	Broth dilution	CLSI
573.13664	Klebsiella pneumoniae KPN176ec	levofloxacin	Susceptible	Laboratory Method	Broth dilution	CLSI
573.1306	Klebsiella pneumoniae KPN1038ec	levofloxacin	Susceptible	Laboratory Method	Broth dilution	CLSI
573.24353	Klebsiella pneumoniae strain MUGSI_141	levofloxacin	Susceptible	Laboratory Method	Broth dilution	CLSI
573.14445	Klebsiella pneumoniae KPN857ec	levofloxacin	Susceptible	Laboratory Method	Broth dilution	CLSI
573.14515	Klebsiella pneumoniae KPN947ec	levofloxacin	Susceptible	Laboratory Method	Broth dilution	CLSI
573.12873	Klebsiella pneumoniae 106	levofloxacin	Susceptible	Laboratory Method	Broth dilution	CLSI
573.13835	Klebsiella pneumoniae KPN2005ec	levofloxacin	Susceptible	Laboratory Method	Broth dilution	CLSI
573.14338	Klebsiella pneumoniae KPN712ec	levofloxacin	Susceptible	Laboratory Method	Broth dilution	CLSI
573.14047	Klebsiella pneumoniae KPN313ec	levofloxacin	Susceptible	Laboratory Method	Broth dilution	CLSI
573.13043	Klebsiella pneumoniae KPN1017ec	levofloxacin	Susceptible	Laboratory Method	Broth dilution	CLSI
573.1444	Klebsiella pneumoniae KPN848ec	levofloxacin	Susceptible	Laboratory Method	Broth dilution	CLSI
573.12997	Klebsiella pneumoniae 99	levofloxacin	Susceptible	Laboratory Method	Broth dilution	CLSI
573.13301	Klebsiella pneumoniae KPN1340ec	levofloxacin	Susceptible	Laboratory Method	Broth dilution	CLSI
573.14479	Klebsiella pneumoniae KPN903ec	levofloxacin	Susceptible	Laboratory Method	Broth dilution	CLSI
573.24282	Klebsiella pneumoniae strain 311	levofloxacin	Susceptible	Laboratory Method	Broth dilution	CLSI
573.12955	Klebsiella pneumoniae 126	levofloxacin	Susceptible	Laboratory Method	Broth dilution	CLSI
573.18472	Klebsiella pneumoniae strain 203	levofloxacin	Susceptible	Laboratory Method	Broth dilution	CLSI
573.13897	Klebsiella pneumoniae KPN2075ec	levofloxacin	Susceptible	Laboratory Method	Broth dilution	CLSI
573.24253	Klebsiella pneumoniae strain 167	levofloxacin	Susceptible	Laboratory Method	Disk diffusion	CLSI
573.13508	Klebsiella pneumoniae KPN1583ec	levofloxacin	Susceptible	Laboratory Method	Broth dilution	CLSI
573.13	Klebsiella pneumoniae 33	levofloxacin	Susceptible	Laboratory Method	Broth dilution	CLSI
573.1291	Klebsiella pneumoniae 3315	levofloxacin	Susceptible	Laboratory Method	Broth dilution	CLSI
573.1363	Klebsiella pneumoniae KPN1728ec	levofloxacin	Susceptible	Laboratory Method	Broth dilution	CLSI
573.24255	Klebsiella pneumoniae strain 178	levofloxacin	Susceptible	Laboratory Method	Broth dilution	CLSI
573.24302	Klebsiella pneumoniae strain 415	levofloxacin	Susceptible	Laboratory Method	Broth dilution	CLSI
573.12906	Klebsiella pneumoniae 98	levofloxacin	Susceptible	Laboratory Method	Broth dilution	CLSI
573.13017	Klebsiella pneumoniae 3242	levofloxacin	Susceptible	Laboratory Method	Broth dilution	CLSI
573.13409	Klebsiella pneumoniae KPN1471ec	levofloxacin	Susceptible	Laboratory Method	Broth dilution	CLSI
573.1357	Klebsiella pneumoniae KPN1664ec	levofloxacin	Susceptible	Laboratory Method	Broth dilution	CLSI
573.13403	Klebsiella pneumoniae KPN1462ec	levofloxacin	Susceptible	Laboratory Method	Broth dilution	CLSI
573.12899	Klebsiella pneumoniae 3368	levofloxacin	Susceptible	Laboratory Method	Broth dilution	CLSI
573.12951	Klebsiella pneumoniae 97	levofloxacin	Susceptible	Laboratory Method	Broth dilution	CLSI
573.13203	Klebsiella pneumoniae KPN1213ec	levofloxacin	Susceptible	Laboratory Method	Broth dilution	CLSI
573.12892	Klebsiella pneumoniae 3371	levofloxacin	Susceptible	Laboratory Method	Broth dilution	CLSI
573.12991	Klebsiella pneumoniae 62	levofloxacin	Susceptible	Laboratory Method	Broth dilution	CLSI
573.12959	Klebsiella pneumoniae 3283	levofloxacin	Susceptible	Laboratory Method	Broth dilution	CLSI
573.13735	Klebsiella pneumoniae KPN1871ec	levofloxacin	Susceptible	Laboratory Method	Broth dilution	CLSI
1328382.3	Klebsiella pneumoniae BWH 15	levofloxacin	Susceptible	Laboratory Method	Broth dilution	
573.13822	Klebsiella pneumoniae KPN1989ec	levofloxacin	Susceptible	Laboratory Method	Broth dilution	CLSI
573.1366	Klebsiella pneumoniae KPN1766ec	levofloxacin	Susceptible	Laboratory Method	Broth dilution	CLSI
573.13527	Klebsiella pneumoniae KPN1607ec	levofloxacin	Susceptible	Laboratory Method	Broth dilution	CLSI
573.13705	Klebsiella pneumoniae KPN1842ec	levofloxacin	Susceptible	Laboratory Method	Broth dilution	CLSI
573.13642	Klebsiella pneumoniae KPN1744ec	levofloxacin	Susceptible	Laboratory Method	Broth dilution	CLSI
573.12972	Klebsiella pneumoniae 3244	levofloxacin	Susceptible	Laboratory Method	Broth dilution	CLSI
573.13374	Klebsiella pneumoniae KPN1432ec	levofloxacin	Susceptible	Laboratory Method	Broth dilution	CLSI
573.13492	Klebsiella pneumoniae KPN1564ec	levofloxacin	Susceptible	Laboratory Method	Broth dilution	CLSI
573.244	Klebsiella pneumoniae strain MUGSI_318	levofloxacin	Susceptible	Laboratory Method	Broth dilution	CLSI
573.24334	Klebsiella pneumoniae strain MUGSI_116	levofloxacin	Susceptible	Laboratory Method	Broth dilution	CLSI
573.14544	Klebsiella pneumoniae KPN988ec	levofloxacin	Susceptible	Laboratory Method	Broth dilution	CLSI
1284812.3	Klebsiella pneumoniae UHKPC81	levofloxacin	Susceptible	Laboratory Method		
573.14365	Klebsiella pneumoniae KPN744ec	levofloxacin	Susceptible	Laboratory Method	Broth dilution	CLSI
573.24268	Klebsiella pneumoniae strain 246	levofloxacin	Susceptible	Laboratory Method	Broth dilution	CLSI
573.7025	Klebsiella pneumoniae strain AR_0010	levofloxacin	Susceptible	Laboratory Method	Broth dilution	CLSI
573.13633	Klebsiella pneumoniae KPN1730ec	levofloxacin	Susceptible	Laboratory Method	Broth dilution	CLSI
573.1374	Klebsiella pneumoniae KPN1877ec	levofloxacin	Susceptible	Laboratory Method	Broth dilution	CLSI
573.12875	Klebsiella pneumoniae 77	levofloxacin	Susceptible	Laboratory Method	Broth dilution	CLSI
573.13844	Klebsiella pneumoniae KPN2013ec	levofloxacin	Susceptible	Laboratory Method	Broth dilution	CLSI
573.12934	Klebsiella pneumoniae 9	levofloxacin	Susceptible	Laboratory Method	Broth dilution	CLSI
573.13081	Klebsiella pneumoniae KPN1066ec	levofloxacin	Susceptible	Laboratory Method	Broth dilution	CLSI
573.13805	Klebsiella pneumoniae KPN1960ec	levofloxacin	Susceptible	Laboratory Method	Broth dilution	CLSI
573.14514	Klebsiella pneumoniae KPN946ec	levofloxacin	Susceptible	Laboratory Method	Broth dilution	CLSI
573.13168	Klebsiella pneumoniae KPN1174ec	levofloxacin	Susceptible	Laboratory Method	Broth dilution	CLSI
573.13414	Klebsiella pneumoniae KPN1476ec	levofloxacin	Susceptible	Laboratory Method	Broth dilution	CLSI
573.24397	Klebsiella pneumoniae strain MUGSI_314	levofloxacin	Susceptible	Laboratory Method	Broth dilution	CLSI
573.12989	Klebsiella pneumoniae 46	levofloxacin	Susceptible	Laboratory Method	Broth dilution	CLSI
573.13318	Klebsiella pneumoniae KPN1360ec	levofloxacin	Susceptible	Laboratory Method	Broth dilution	CLSI
573.13118	Klebsiella pneumoniae KPN1116ec	levofloxacin	Susceptible	Laboratory Method	Broth dilution	CLSI
1284797.4	Klebsiella pneumoniae DMC0799	levofloxacin	Susceptible	Laboratory Method		
573.13134	Klebsiella pneumoniae KPN1133ec	levofloxacin	Susceptible	Laboratory Method	Broth dilution	CLSI
573.24279	Klebsiella pneumoniae strain 308	levofloxacin	Susceptible	Laboratory Method	Broth dilution	CLSI
573.13038	Klebsiella pneumoniae KPN1011ec	levofloxacin	Susceptible	Laboratory Method	Broth dilution	CLSI
573.1305	Klebsiella pneumoniae KPN1025ec	levofloxacin	Susceptible	Laboratory Method	Broth dilution	CLSI
573.14117	Klebsiella pneumoniae KPN395ec	levofloxacin	Susceptible	Laboratory Method	Broth dilution	CLSI
573.24249	Klebsiella pneumoniae strain 132	levofloxacin	Susceptible	Laboratory Method	Broth dilution	CLSI
573.12946	Klebsiella pneumoniae 45	levofloxacin	Susceptible	Laboratory Method	Broth dilution	CLSI
573.1415	Klebsiella pneumoniae KPN431ec	levofloxacin	Susceptible	Laboratory Method	Broth dilution	CLSI
573.13843	Klebsiella pneumoniae KPN2012ec	levofloxacin	Susceptible	Laboratory Method	Broth dilution	CLSI
573.13471	Klebsiella pneumoniae KPN1542ec	levofloxacin	Susceptible	Laboratory Method	Broth dilution	CLSI
573.12998	Klebsiella pneumoniae 80	levofloxacin	Susceptible	Laboratory Method	Broth dilution	CLSI
573.13304	Klebsiella pneumoniae KPN1344ec	levofloxacin	Susceptible	Laboratory Method	Broth dilution	CLSI
573.13568	Klebsiella pneumoniae KPN1662ec	levofloxacin	Susceptible	Laboratory Method	Broth dilution	CLSI
573.13511	Klebsiella pneumoniae KPN1586ec	levofloxacin	Susceptible	Laboratory Method	Broth dilution	CLSI
573.13129	Klebsiella pneumoniae KPN1127ec	levofloxacin	Susceptible	Laboratory Method	Broth dilution	CLSI
573.12925	Klebsiella pneumoniae 93	levofloxacin	Susceptible	Laboratory Method	Broth dilution	CLSI
573.13545	Klebsiella pneumoniae KPN1629ec	levofloxacin	Susceptible	Laboratory Method	Broth dilution	CLSI
573.13556	Klebsiella pneumoniae KPN1648ec	levofloxacin	Susceptible	Laboratory Method	Broth dilution	CLSI
573.12954	Klebsiella pneumoniae 3210	levofloxacin	Susceptible	Laboratory Method	Broth dilution	CLSI
573.12914	Klebsiella pneumoniae 3275	levofloxacin	Susceptible	Laboratory Method	Broth dilution	CLSI
573.12869	Klebsiella pneumoniae 3229	levofloxacin	Susceptible	Laboratory Method	Broth dilution	CLSI
573.13486	Klebsiella pneumoniae KPN1558ec	levofloxacin	Susceptible	Laboratory Method	Broth dilution	CLSI
573.13319	Klebsiella pneumoniae KPN1361ec	levofloxacin	Susceptible	Laboratory Method	Broth dilution	CLSI
573.14454	Klebsiella pneumoniae KPN871ec	levofloxacin	Susceptible	Laboratory Method	Broth dilution	CLSI
573.7023	Klebsiella pneumoniae strain AR_0043	levofloxacin	Susceptible	Laboratory Method	Broth dilution	CLSI
573.13925	Klebsiella pneumoniae KPN2106ec	levofloxacin	Susceptible	Laboratory Method	Broth dilution	CLSI
573.14428	Klebsiella pneumoniae KPN831ec	levofloxacin	Susceptible	Laboratory Method	Broth dilution	CLSI
573.703	Klebsiella pneumoniae strain AR_0034	levofloxacin	Susceptible	Laboratory Method	Broth dilution	CLSI
573.12882	Klebsiella pneumoniae 113	levofloxacin	Susceptible	Laboratory Method	Broth dilution	CLSI
573.1317	Klebsiella pneumoniae KPN1177ec	levofloxacin	Susceptible	Laboratory Method	Broth dilution	CLSI
573.13627	Klebsiella pneumoniae KPN1725ec	levofloxacin	Susceptible	Laboratory Method	Broth dilution	CLSI
573.13019	Klebsiella pneumoniae 3313	levofloxacin	Susceptible	Laboratory Method	Broth dilution	CLSI
573.13891	Klebsiella pneumoniae KPN2067ec	levofloxacin	Susceptible	Laboratory Method	Broth dilution	CLSI
573.20061	Klebsiella pneumoniae strain AR_0160	levofloxacin	Susceptible	Laboratory Method	Broth dilution	CLSI
573.13091	Klebsiella pneumoniae KPN1079ec	levofloxacin	Susceptible	Laboratory Method	Broth dilution	CLSI
573.14334	Klebsiella pneumoniae KPN707ec	levofloxacin	Susceptible	Laboratory Method	Broth dilution	CLSI
573.17927	Klebsiella pneumoniae strain AR_0080	levofloxacin	Susceptible	Laboratory Method	Broth dilution	CLSI
573.13025	Klebsiella pneumoniae 3364	levofloxacin	Susceptible	Laboratory Method	Broth dilution	CLSI
573.13576	Klebsiella pneumoniae KPN166ec	levofloxacin	Susceptible	Laboratory Method	Broth dilution	CLSI
573.13411	Klebsiella pneumoniae KPN1473ec	levofloxacin	Susceptible	Laboratory Method	Broth dilution	CLSI
573.13748	Klebsiella pneumoniae KPN1884ec	levofloxacin	Susceptible	Laboratory Method	Broth dilution	CLSI
573.13104	Klebsiella pneumoniae KPN1099ec	levofloxacin	Susceptible	Laboratory Method	Broth dilution	CLSI
573.13554	Klebsiella pneumoniae KPN1646ec	levofloxacin	Susceptible	Laboratory Method	Broth dilution	CLSI
1328384.3	Klebsiella pneumoniae BWH 28	levofloxacin	Susceptible	Laboratory Method	Broth dilution	
573.12863	Klebsiella pneumoniae 105	levofloxacin	Susceptible	Laboratory Method	Broth dilution	CLSI
573.12988	Klebsiella pneumoniae 3312	levofloxacin	Susceptible	Laboratory Method	Broth dilution	CLSI
573.13514	Klebsiella pneumoniae KPN1590ec	levofloxacin	Susceptible	Laboratory Method	Broth dilution	CLSI
573.24395	Klebsiella pneumoniae strain MUGSI_311	levofloxacin	Susceptible	Laboratory Method	Broth dilution	CLSI
573.13442	Klebsiella pneumoniae KPN1508ec	levofloxacin	Susceptible	Laboratory Method	Broth dilution	CLSI
573.12923	Klebsiella pneumoniae 83	levofloxacin	Susceptible	Laboratory Method	Broth dilution	CLSI
573.13026	Klebsiella pneumoniae 43	levofloxacin	Susceptible	Laboratory Method	Broth dilution	CLSI
573.14229	Klebsiella pneumoniae KPN550ec	levofloxacin	Susceptible	Laboratory Method	Broth dilution	CLSI
573.13853	Klebsiella pneumoniae KPN2024ec	levofloxacin	Susceptible	Laboratory Method	Broth dilution	CLSI
573.13241	Klebsiella pneumoniae KPN1262ec	levofloxacin	Susceptible	Laboratory Method	Broth dilution	CLSI
573.14376	Klebsiella pneumoniae KPN758ec	levofloxacin	Susceptible	Laboratory Method	Broth dilution	CLSI
573.14104	Klebsiella pneumoniae KPN381ec	levofloxacin	Susceptible	Laboratory Method	Broth dilution	CLSI
573.14402	Klebsiella pneumoniae KPN795ec	levofloxacin	Susceptible	Laboratory Method	Broth dilution	CLSI
573.14324	Klebsiella pneumoniae KPN695ec	levofloxacin	Susceptible	Laboratory Method	Broth dilution	CLSI
573.12974	Klebsiella pneumoniae 3380	levofloxacin	Susceptible	Laboratory Method	Broth dilution	CLSI
573.13344	Klebsiella pneumoniae KPN1398ec	levofloxacin	Susceptible	Laboratory Method	Broth dilution	CLSI
573.13763	Klebsiella pneumoniae KPN1904ec	levofloxacin	Susceptible	Laboratory Method	Broth dilution	CLSI
573.14463	Klebsiella pneumoniae KPN881ec	levofloxacin	Susceptible	Laboratory Method	Broth dilution	CLSI
1438727.3	Klebsiella pneumoniae CHS 21	levofloxacin	Susceptible	Laboratory Method	Broth dilution	
573.12968	Klebsiella pneumoniae 114	levofloxacin	Susceptible	Laboratory Method	Broth dilution	CLSI
573.13036	Klebsiella pneumoniae KPN1007ec	levofloxacin	Susceptible	Laboratory Method	Broth dilution	CLSI
573.1348	Klebsiella pneumoniae KPN1550ec	levofloxacin	Susceptible	Laboratory Method	Broth dilution	CLSI
573.13385	Klebsiella pneumoniae KPN1444ec	levofloxacin	Susceptible	Laboratory Method	Broth dilution	CLSI
573.13613	Klebsiella pneumoniae KPN1710ec	levofloxacin	Susceptible	Laboratory Method	Broth dilution	CLSI
573.13825	Klebsiella pneumoniae KPN1992ec	levofloxacin	Susceptible	Laboratory Method	Broth dilution	CLSI
573.14423	Klebsiella pneumoniae KPN824ec	levofloxacin	Susceptible	Laboratory Method	Broth dilution	CLSI
573.12926	Klebsiella pneumoniae 23	levofloxacin	Susceptible	Laboratory Method	Broth dilution	CLSI
573.13013	Klebsiella pneumoniae 125	levofloxacin	Susceptible	Laboratory Method	Broth dilution	CLSI
573.12908	Klebsiella pneumoniae 74	levofloxacin	Susceptible	Laboratory Method	Broth dilution	CLSI
573.12949	Klebsiella pneumoniae 3281	levofloxacin	Susceptible	Laboratory Method	Broth dilution	CLSI
573.12941	Klebsiella pneumoniae 29	levofloxacin	Susceptible	Laboratory Method	Broth dilution	CLSI
573.12861	Klebsiella pneumoniae 35	levofloxacin	Susceptible	Laboratory Method	Broth dilution	CLSI
573.1315	Klebsiella pneumoniae KPN1152ec	levofloxacin	Susceptible	Laboratory Method	Broth dilution	CLSI
573.1455	Klebsiella pneumoniae KPN999ec	levofloxacin	Susceptible	Laboratory Method	Broth dilution	CLSI
573.13719	Klebsiella pneumoniae KPN1856ec	levofloxacin	Susceptible	Laboratory Method	Broth dilution	CLSI
573.13572	Klebsiella pneumoniae KPN1666ec	levofloxacin	Susceptible	Laboratory Method	Broth dilution	CLSI
573.12911	Klebsiella pneumoniae 3259	levofloxacin	Susceptible	Laboratory Method	Broth dilution	CLSI
573.13456	Klebsiella pneumoniae KPN1523ec	levofloxacin	Susceptible	Laboratory Method	Broth dilution	CLSI
573.12889	Klebsiella pneumoniae 51	levofloxacin	Susceptible	Laboratory Method	Broth dilution	CLSI
573.13599	Klebsiella pneumoniae KPN1696ec	levofloxacin	Susceptible	Laboratory Method	Broth dilution	CLSI
573.14527	Klebsiella pneumoniae KPN962ec	levofloxacin	Susceptible	Laboratory Method	Broth dilution	CLSI
573.12903	Klebsiella pneumoniae 61	levofloxacin	Susceptible	Laboratory Method	Broth dilution	CLSI
573.13325	Klebsiella pneumoniae KPN1366ec	levofloxacin	Susceptible	Laboratory Method	Broth dilution	CLSI
573.14518	Klebsiella pneumoniae KPN952ec	levofloxacin	Susceptible	Laboratory Method	Broth dilution	CLSI
573.12922	Klebsiella pneumoniae 60	levofloxacin	Susceptible	Laboratory Method	Broth dilution	CLSI
573.23209	Klebsiella pneumoniae strain KP_184	levofloxacin	Susceptible	Laboratory Method	Disk diffusion	CLSI
573.13029	Klebsiella pneumoniae 49	levofloxacin	Susceptible	Laboratory Method	Broth dilution	CLSI
1328385.3	Klebsiella pneumoniae BWH 30	levofloxacin	Susceptible	Laboratory Method	Broth dilution	
573.12871	Klebsiella pneumoniae 94	levofloxacin	Susceptible	Laboratory Method	Broth dilution	CLSI
573.23197	Klebsiella pneumoniae strain KP_280	levofloxacin	Susceptible	Laboratory Method	Disk diffusion	CLSI
573.13882	Klebsiella pneumoniae KPN2058ec	levofloxacin	Susceptible	Laboratory Method	Broth dilution	CLSI
573.13672	Klebsiella pneumoniae KPN1779ec	levofloxacin	Susceptible	Laboratory Method	Broth dilution	CLSI
573.13501	Klebsiella pneumoniae KPN1573ec	levofloxacin	Susceptible	Laboratory Method	Broth dilution	CLSI
573.12933	Klebsiella pneumoniae 76	levofloxacin	Susceptible	Laboratory Method	Broth dilution	CLSI
573.1387	Klebsiella pneumoniae KPN2044ec	levofloxacin	Susceptible	Laboratory Method	Broth dilution	CLSI
573.12858	Klebsiella pneumoniae 3243	levofloxacin	Susceptible	Laboratory Method	Broth dilution	CLSI
573.24285	Klebsiella pneumoniae strain 335	levofloxacin	Susceptible	Laboratory Method	Broth dilution	CLSI
573.13703	Klebsiella pneumoniae KPN1840ec	levofloxacin	Susceptible	Laboratory Method	Broth dilution	CLSI
573.13651	Klebsiella pneumoniae KPN1755ec	levofloxacin	Susceptible	Laboratory Method	Broth dilution	CLSI
573.24284	Klebsiella pneumoniae strain 324	levofloxacin	Susceptible	Laboratory Method	Broth dilution	CLSI
573.13638	Klebsiella pneumoniae KPN1739ec	levofloxacin	Susceptible	Laboratory Method	Broth dilution	CLSI
573.14387	Klebsiella pneumoniae KPN771ec	levofloxacin	Susceptible	Laboratory Method	Broth dilution	CLSI
573.14309	Klebsiella pneumoniae KPN678ec	levofloxacin	Susceptible	Laboratory Method	Broth dilution	CLSI
573.13074	Klebsiella pneumoniae KPN1056ec	levofloxacin	Susceptible	Laboratory Method	Broth dilution	CLSI
573.13422	Klebsiella pneumoniae KPN1485ec	levofloxacin	Susceptible	Laboratory Method	Broth dilution	CLSI
573.24257	Klebsiella pneumoniae strain 180	levofloxacin	Susceptible	Laboratory Method	Disk diffusion	CLSI
573.14027	Klebsiella pneumoniae KPN290ec	levofloxacin	Susceptible	Laboratory Method	Broth dilution	CLSI
573.13001	Klebsiella pneumoniae 3290	levofloxacin	Susceptible	Laboratory Method	Broth dilution	CLSI
573.13567	Klebsiella pneumoniae KPN1660ec	levofloxacin	Susceptible	Laboratory Method	Broth dilution	CLSI
573.13005	Klebsiella pneumoniae 24	levofloxacin	Susceptible	Laboratory Method	Broth dilution	CLSI
573.12924	Klebsiella pneumoniae 3230	levofloxacin	Susceptible	Laboratory Method	Broth dilution	CLSI
573.13589	Klebsiella pneumoniae KPN1686ec	levofloxacin	Susceptible	Laboratory Method	Broth dilution	CLSI
573.13057	Klebsiella pneumoniae KPN1034ec	levofloxacin	Susceptible	Laboratory Method	Broth dilution	CLSI
573.12927	Klebsiella pneumoniae 116	levofloxacin	Susceptible	Laboratory Method	Broth dilution	CLSI
573.24296	Klebsiella pneumoniae strain 397	levofloxacin	Susceptible	Laboratory Method	Broth dilution	CLSI
573.13618	Klebsiella pneumoniae KPN1715ec	levofloxacin	Susceptible	Laboratory Method	Broth dilution	CLSI
573.24384	Klebsiella pneumoniae strain MUGSI_246	levofloxacin	Susceptible	Laboratory Method	Broth dilution	CLSI
573.12868	Klebsiella pneumoniae 78	levofloxacin	Susceptible	Laboratory Method	Broth dilution	CLSI
573.1407	Klebsiella pneumoniae KPN339ec	levofloxacin	Susceptible	Laboratory Method	Broth dilution	CLSI
573.14328	Klebsiella pneumoniae KPN700ec	levofloxacin	Susceptible	Laboratory Method	Broth dilution	CLSI
573.12895	Klebsiella pneumoniae 3209	levofloxacin	Susceptible	Laboratory Method	Broth dilution	CLSI
573.13792	Klebsiella pneumoniae KPN1942ec	levofloxacin	Susceptible	Laboratory Method	Broth dilution	CLSI
573.14135	Klebsiella pneumoniae KPN415ec	levofloxacin	Susceptible	Laboratory Method	Broth dilution	CLSI
573.12938	Klebsiella pneumoniae 3329	levofloxacin	Susceptible	Laboratory Method	Broth dilution	CLSI
573.2425	Klebsiella pneumoniae strain 133	levofloxacin	Susceptible	Laboratory Method	Broth dilution	CLSI
573.12992	Klebsiella pneumoniae 3307	levofloxacin	Susceptible	Laboratory Method	Broth dilution	CLSI
573.13358	Klebsiella pneumoniae KPN1415ec	levofloxacin	Susceptible	Laboratory Method	Broth dilution	CLSI
573.14043	Klebsiella pneumoniae KPN308ec	levofloxacin	Susceptible	Laboratory Method	Broth dilution	CLSI
573.13532	Klebsiella pneumoniae KPN1611ec	levofloxacin	Susceptible	Laboratory Method	Broth dilution	CLSI
573.13848	Klebsiella pneumoniae KPN2019ec	levofloxacin	Susceptible	Laboratory Method	Broth dilution	CLSI
573.24381	Klebsiella pneumoniae strain MUGSI_227	levofloxacin	Susceptible	Laboratory Method	Broth dilution	CLSI
573.13383	Klebsiella pneumoniae KPN1441ec	levofloxacin	Susceptible	Laboratory Method	Broth dilution	CLSI
573.13874	Klebsiella pneumoniae KPN2048ec	levofloxacin	Susceptible	Laboratory Method	Broth dilution	CLSI
573.12961	Klebsiella pneumoniae 10	levofloxacin	Susceptible	Laboratory Method	Broth dilution	CLSI
573.12967	Klebsiella pneumoniae 18	levofloxacin	Susceptible	Laboratory Method	Broth dilution	CLSI
573.13012	Klebsiella pneumoniae 3326	levofloxacin	Susceptible	Laboratory Method	Broth dilution	CLSI
573.13004	Klebsiella pneumoniae 95	levofloxacin	Susceptible	Laboratory Method	Broth dilution	CLSI
573.24299	Klebsiella pneumoniae strain 401	levofloxacin	Susceptible	Laboratory Method	Broth dilution	CLSI
573.13801	Klebsiella pneumoniae KPN1953ec	levofloxacin	Susceptible	Laboratory Method	Broth dilution	CLSI
573.13637	Klebsiella pneumoniae KPN1738ec	levofloxacin	Susceptible	Laboratory Method	Broth dilution	CLSI
573.13123	Klebsiella pneumoniae KPN1121ec	levofloxacin	Susceptible	Laboratory Method	Broth dilution	CLSI
573.13591	Klebsiella pneumoniae KPN1688ec	levofloxacin	Susceptible	Laboratory Method	Broth dilution	CLSI
573.13639	Klebsiella pneumoniae KPN1740ec	levofloxacin	Susceptible	Laboratory Method	Broth dilution	CLSI
573.13332	Klebsiella pneumoniae KPN1382ec	levofloxacin	Susceptible	Laboratory Method	Broth dilution	CLSI
573.23219	Klebsiella pneumoniae strain KP_320	levofloxacin	Susceptible	Laboratory Method	Disk diffusion	CLSI
573.13401	Klebsiella pneumoniae KPN1461ec	levofloxacin	Susceptible	Laboratory Method	Broth dilution	CLSI
573.12962	Klebsiella pneumoniae 28	levofloxacin	Susceptible	Laboratory Method	Broth dilution	CLSI
573.12881	Klebsiella pneumoniae 108	levofloxacin	Susceptible	Laboratory Method	Broth dilution	CLSI
573.13662	Klebsiella pneumoniae KPN1768ec	levofloxacin	Susceptible	Laboratory Method	Broth dilution	CLSI
573.13103	Klebsiella pneumoniae KPN1097ec	levofloxacin	Susceptible	Laboratory Method	Broth dilution	CLSI
573.13717	Klebsiella pneumoniae KPN1854ec	levofloxacin	Susceptible	Laboratory Method	Broth dilution	CLSI
573.13102	Klebsiella pneumoniae KPN1096ec	levofloxacin	Susceptible	Laboratory Method	Broth dilution	CLSI
573.13408	Klebsiella pneumoniae KPN1470ec	levofloxacin	Susceptible	Laboratory Method	Broth dilution	CLSI
573.14059	Klebsiella pneumoniae KPN325ec	levofloxacin	Susceptible	Laboratory Method	Broth dilution	CLSI
573.24348	Klebsiella pneumoniae strain MUGSI_131	levofloxacin	Susceptible	Laboratory Method	Broth dilution	CLSI
573.12987	Klebsiella pneumoniae 3386	levofloxacin	Susceptible	Laboratory Method	Broth dilution	CLSI
573.1442	Klebsiella pneumoniae KPN821ec	levofloxacin	Susceptible	Laboratory Method	Broth dilution	CLSI
573.13166	Klebsiella pneumoniae KPN1171ec	levofloxacin	Susceptible	Laboratory Method	Broth dilution	CLSI
573.14026	Klebsiella pneumoniae KPN289ec	levofloxacin	Susceptible	Laboratory Method	Broth dilution	CLSI
573.12996	Klebsiella pneumoniae 54	levofloxacin	Susceptible	Laboratory Method	Broth dilution	CLSI
573.1372	Klebsiella pneumoniae KPN1857ec	levofloxacin	Susceptible	Laboratory Method	Broth dilution	CLSI
573.13279	Klebsiella pneumoniae KPN1316ec	levofloxacin	Susceptible	Laboratory Method	Broth dilution	CLSI
573.12983	Klebsiella pneumoniae 44	levofloxacin	Susceptible	Laboratory Method	Broth dilution	CLSI
573.13484	Klebsiella pneumoniae KPN1556ec	levofloxacin	Susceptible	Laboratory Method	Broth dilution	CLSI
573.14429	Klebsiella pneumoniae KPN832ec	levofloxacin	Susceptible	Laboratory Method	Broth dilution	CLSI
573.1302	Klebsiella pneumoniae 41	levofloxacin	Susceptible	Laboratory Method	Broth dilution	CLSI
573.13995	Klebsiella pneumoniae KPN256ec	levofloxacin	Susceptible	Laboratory Method	Broth dilution	CLSI
573.13009	Klebsiella pneumoniae 16	levofloxacin	Susceptible	Laboratory Method	Broth dilution	CLSI
573.1398	Klebsiella pneumoniae KPN235ec	levofloxacin	Susceptible	Laboratory Method	Broth dilution	CLSI
573.13764	Klebsiella pneumoniae KPN1905ec	levofloxacin	Susceptible	Laboratory Method	Broth dilution	CLSI
573.1313	Klebsiella pneumoniae KPN1128ec	levofloxacin	Susceptible	Laboratory Method	Broth dilution	CLSI
573.13521	Klebsiella pneumoniae KPN1597ec	levofloxacin	Susceptible	Laboratory Method	Broth dilution	CLSI
573.13015	Klebsiella pneumoniae 70	levofloxacin	Susceptible	Laboratory Method	Broth dilution	CLSI
573.131	Klebsiella pneumoniae KPN1094ec	levofloxacin	Susceptible	Laboratory Method	Broth dilution	CLSI
573.13834	Klebsiella pneumoniae KPN2004ec	levofloxacin	Susceptible	Laboratory Method	Broth dilution	CLSI
573.13736	Klebsiella pneumoniae KPN1872ec	levofloxacin	Susceptible	Laboratory Method	Broth dilution	CLSI
573.1298	Klebsiella pneumoniae 101	levofloxacin	Susceptible	Laboratory Method	Broth dilution	CLSI
573.14237	Klebsiella pneumoniae KPN560ec	levofloxacin	Susceptible	Laboratory Method	Broth dilution	CLSI
573.12865	Klebsiella pneumoniae 34	levofloxacin	Susceptible	Laboratory Method	Broth dilution	CLSI
573.13165	Klebsiella pneumoniae KPN1170ec	levofloxacin	Susceptible	Laboratory Method	Broth dilution	CLSI
573.13457	Klebsiella pneumoniae KPN1525ec	levofloxacin	Susceptible	Laboratory Method	Broth dilution	CLSI
573.13669	Klebsiella pneumoniae KPN1775ec	levofloxacin	Susceptible	Laboratory Method	Broth dilution	CLSI
573.1289	Klebsiella pneumoniae 103	levofloxacin	Susceptible	Laboratory Method	Broth dilution	CLSI
573.14546	Klebsiella pneumoniae KPN990ec	levofloxacin	Susceptible	Laboratory Method	Broth dilution	CLSI
573.20059	Klebsiella pneumoniae strain AR_0076	levofloxacin	Susceptible	Laboratory Method	Broth dilution	CLSI
573.12886	Klebsiella pneumoniae 53	levofloxacin	Susceptible	Laboratory Method	Broth dilution	CLSI
573.13768	Klebsiella pneumoniae KPN1912ec	levofloxacin	Susceptible	Laboratory Method	Broth dilution	CLSI
573.13031	Klebsiella pneumoniae KPN1000ec	levofloxacin	Susceptible	Laboratory Method	Broth dilution	CLSI
573.12993	Klebsiella pneumoniae 64	levofloxacin	Susceptible	Laboratory Method	Broth dilution	CLSI
573.24269	Klebsiella pneumoniae strain 25	levofloxacin	Susceptible	Laboratory Method	Broth dilution	CLSI
573.13611	Klebsiella pneumoniae KPN1708ec	levofloxacin	Susceptible	Laboratory Method	Broth dilution	CLSI
573.13359	Klebsiella pneumoniae KPN1416ec	levofloxacin	Susceptible	Laboratory Method	Broth dilution	CLSI
573.1373	Klebsiella pneumoniae KPN1867ec	levofloxacin	Susceptible	Laboratory Method	Broth dilution	CLSI
573.12901	Klebsiella pneumoniae 39	levofloxacin	Susceptible	Laboratory Method	Broth dilution	CLSI
573.13817	Klebsiella pneumoniae KPN1984ec	levofloxacin	Susceptible	Laboratory Method	Broth dilution	CLSI
573.13275	Klebsiella pneumoniae KPN1311ec	levofloxacin	Susceptible	Laboratory Method	Broth dilution	CLSI
573.13229	Klebsiella pneumoniae KPN1249ec	levofloxacin	Susceptible	Laboratory Method	Broth dilution	CLSI
573.13815	Klebsiella pneumoniae KPN1981ec	levofloxacin	Susceptible	Laboratory Method	Broth dilution	CLSI
573.12999	Klebsiella pneumoniae 3234	levofloxacin	Susceptible	Laboratory Method	Broth dilution	CLSI
573.13671	Klebsiella pneumoniae KPN1777ec	levofloxacin	Susceptible	Laboratory Method	Broth dilution	CLSI
573.12963	Klebsiella pneumoniae 31	levofloxacin	Susceptible	Laboratory Method	Broth dilution	CLSI
573.13335	Klebsiella pneumoniae KPN1385ec	levofloxacin	Susceptible	Laboratory Method	Broth dilution	CLSI
573.13608	Klebsiella pneumoniae KPN1705ec	levofloxacin	Susceptible	Laboratory Method	Broth dilution	CLSI
573.1296	Klebsiella pneumoniae 123	levofloxacin	Susceptible	Laboratory Method	Broth dilution	CLSI
573.12902	Klebsiella pneumoniae 119	levofloxacin	Susceptible	Laboratory Method	Broth dilution	CLSI
573.12984	Klebsiella pneumoniae 63	levofloxacin	Susceptible	Laboratory Method	Broth dilution	CLSI
573.13258	Klebsiella pneumoniae KPN1279ec	levofloxacin	Susceptible	Laboratory Method	Broth dilution	CLSI
573.13115	Klebsiella pneumoniae KPN1111ec	levofloxacin	Susceptible	Laboratory Method	Broth dilution	CLSI
573.14397	Klebsiella pneumoniae KPN786ec	levofloxacin	Susceptible	Laboratory Method	Broth dilution	CLSI
573.13002	Klebsiella pneumoniae 102	levofloxacin	Susceptible	Laboratory Method	Broth dilution	CLSI
573.12939	Klebsiella pneumoniae 8	levofloxacin	Susceptible	Laboratory Method	Broth dilution	CLSI
573.12965	Klebsiella pneumoniae 124	levofloxacin	Susceptible	Laboratory Method	Broth dilution	CLSI
573.12952	Klebsiella pneumoniae 3324	levofloxacin	Susceptible	Laboratory Method	Broth dilution	CLSI
573.14305	Klebsiella pneumoniae KPN674ec	levofloxacin	Susceptible	Laboratory Method	Broth dilution	CLSI
573.13277	Klebsiella pneumoniae KPN1314ec	levofloxacin	Susceptible	Laboratory Method	Broth dilution	CLSI
573.12904	Klebsiella pneumoniae 6	levofloxacin	Susceptible	Laboratory Method	Broth dilution	CLSI
573.2322	Klebsiella pneumoniae strain KP_046	levofloxacin	Susceptible	Laboratory Method	Disk diffusion	CLSI
573.1308	Klebsiella pneumoniae KPN1065ec	levofloxacin	Susceptible	Laboratory Method	Broth dilution	CLSI
573.13428	Klebsiella pneumoniae KPN1490ec	levofloxacin	Susceptible	Laboratory Method	Broth dilution	CLSI
573.13614	Klebsiella pneumoniae KPN1711ec	levofloxacin	Susceptible	Laboratory Method	Broth dilution	CLSI
573.15364	Klebsiella pneumoniae strain INF278	norfloxacin	Resistant	Laboratory Method	Broth dilution	CLSI
573.15606	Klebsiella pneumoniae strain INF061	norfloxacin	Resistant	Laboratory Method	Broth dilution	CLSI
573.4607	Klebsiella pneumoniae INF314	norfloxacin	Resistant	Laboratory Method	Broth dilution	CLSI
573.46116	Klebsiella pneumoniae INF269	norfloxacin	Resistant	Laboratory Method	Broth dilution	CLSI
573.15629	Klebsiella pneumoniae strain INF158	norfloxacin	Resistant	Laboratory Method	Broth dilution	CLSI
573.15375	Klebsiella pneumoniae strain INF164	norfloxacin	Resistant	Laboratory Method	Broth dilution	CLSI
573.46075	Klebsiella pneumoniae KSB2_5A	norfloxacin	Resistant	Laboratory Method	Broth dilution	CLSI
573.15374	Klebsiella pneumoniae strain INF163	norfloxacin	Resistant	Laboratory Method	Broth dilution	CLSI
573.46074	Klebsiella pneumoniae INF093	norfloxacin	Resistant	Laboratory Method	Broth dilution	CLSI
573.15614	Klebsiella pneumoniae strain KSB2_2B	norfloxacin	Resistant	Laboratory Method	Broth dilution	CLSI
573.15626	Klebsiella pneumoniae strain KSB1_1H	norfloxacin	Resistant	Laboratory Method	Broth dilution	CLSI
573.15602	Klebsiella pneumoniae strain INF277	norfloxacin	Resistant	Laboratory Method	Broth dilution	CLSI
573.15376	Klebsiella pneumoniae strain INF274	norfloxacin	Resistant	Laboratory Method	Broth dilution	CLSI
573.15602	Klebsiella pneumoniae strain INF277	norfloxacin	Resistant	Laboratory Method	Broth dilution	CLSI
573.15371	Klebsiella pneumoniae strain KSB1_9D	norfloxacin	Resistant	Laboratory Method	Broth dilution	CLSI
573.15616	Klebsiella pneumoniae strain INF298	norfloxacin	Resistant	Laboratory Method	Broth dilution	CLSI
573.15603	Klebsiella pneumoniae strain KSB1_5D	norfloxacin	Resistant	Laboratory Method	Broth dilution	CLSI
573.15609	Klebsiella pneumoniae strain KSB1_5H	norfloxacin	Resistant	Laboratory Method	Broth dilution	CLSI
573.1537	Klebsiella pneumoniae strain INF157	norfloxacin	Resistant	Laboratory Method	Broth dilution	CLSI
573.15369	Klebsiella pneumoniae strain INF158	norfloxacin	Resistant	Laboratory Method	Broth dilution	CLSI
573.15592	Klebsiella pneumoniae strain MSB1_8A	norfloxacin	Resistant	Laboratory Method	Broth dilution	CLSI
573.1553	Klebsiella pneumoniae strain INF305	norfloxacin	Resistant	Laboratory Method	Broth dilution	CLSI
573.34278	Klebsiella pneumoniae strain INF142-sc-2279977	norfloxacin	Resistant	Laboratory Method	Broth dilution	CLSI
573.15626	Klebsiella pneumoniae strain KSB1_1H	norfloxacin	Resistant	Laboratory Method	Broth dilution	CLSI
573.15329	Klebsiella pneumoniae strain KSB1_5D	norfloxacin	Resistant	Laboratory Method	Broth dilution	CLSI
72407.693	Klebsiella pneumoniae subsp. pneumoniae strain AUSMDU00008079	norfloxacin	Resistant	Laboratory Method	Broth dilution	
573.46071	Klebsiella pneumoniae KSB2_8B	norfloxacin	Resistant	Laboratory Method	Broth dilution	CLSI
573.15613	Klebsiella pneumoniae strain KSB2_8B	norfloxacin	Resistant	Laboratory Method	Broth dilution	CLSI
573.15592	Klebsiella pneumoniae strain MSB1_8A	norfloxacin	Resistant	Laboratory Method	Broth dilution	CLSI
573.15618	Klebsiella pneumoniae strain KSB2_5A	norfloxacin	Resistant	Laboratory Method	Broth dilution	CLSI
573.46072	Klebsiella pneumoniae KSB2_2B	norfloxacin	Resistant	Laboratory Method	Broth dilution	CLSI
573.15599	Klebsiella pneumoniae strain KSB1_5B	norfloxacin	Resistant	Laboratory Method	Broth dilution	CLSI
573.15538	Klebsiella pneumoniae strain KSB1_2A	norfloxacin	Susceptible	Laboratory Method	Broth dilution	CLSI
573.1559	Klebsiella pneumoniae strain KSB2_5D	norfloxacin	Susceptible	Laboratory Method	Broth dilution	CLSI
573.46082	Klebsiella pneumoniae INF023	norfloxacin	Susceptible	Laboratory Method	Broth dilution	CLSI
573.15564	Klebsiella pneumoniae strain KSB1_10G	norfloxacin	Susceptible	Laboratory Method	Broth dilution	CLSI
573.15563	Klebsiella pneumoniae strain KSB1_4G	norfloxacin	Susceptible	Laboratory Method	Broth dilution	CLSI
573.15367	Klebsiella pneumoniae strain KSB2_1B	norfloxacin	Susceptible	Laboratory Method	Broth dilution	CLSI
573.34284	Klebsiella pneumoniae strain INF327-sc-2280132	norfloxacin	Susceptible	Laboratory Method	Broth dilution	CLSI
573.15547	Klebsiella pneumoniae strain KSB1_2D	norfloxacin	Susceptible	Laboratory Method	Broth dilution	CLSI
573.46067	Klebsiella pneumoniae INF289	norfloxacin	Susceptible	Laboratory Method	Broth dilution	CLSI
573.15515	Klebsiella pneumoniae strain INF062	norfloxacin	Susceptible	Laboratory Method	Broth dilution	CLSI
573.15518	Klebsiella pneumoniae strain INF072	norfloxacin	Susceptible	Laboratory Method	Broth dilution	CLSI
573.4609	Klebsiella pneumoniae KSB1_3B	norfloxacin	Susceptible	Laboratory Method	Broth dilution	CLSI
573.46081	Klebsiella pneumoniae INF159	norfloxacin	Susceptible	Laboratory Method	Broth dilution	CLSI
573.1555	Klebsiella pneumoniae strain KSB1_3E	norfloxacin	Susceptible	Laboratory Method	Broth dilution	CLSI
573.46099	Klebsiella pneumoniae KSB1_10C	norfloxacin	Susceptible	Laboratory Method	Broth dilution	CLSI
573.15615	Klebsiella pneumoniae strain KSB1_7B	norfloxacin	Susceptible	Laboratory Method	Broth dilution	CLSI
573.46108	Klebsiella pneumoniae KSB1_8I	norfloxacin	Susceptible	Laboratory Method	Broth dilution	CLSI
573.34283	Klebsiella pneumoniae strain KSB1_8J-sc-2280307	norfloxacin	Susceptible	Laboratory Method	Broth dilution	CLSI
573.15579	Klebsiella pneumoniae strain KSB2_7B	norfloxacin	Susceptible	Laboratory Method	Broth dilution	CLSI
573.15554	Klebsiella pneumoniae strain KSB1_9E	norfloxacin	Susceptible	Laboratory Method	Broth dilution	CLSI
573.46094	Klebsiella pneumoniae KSB1_9B	norfloxacin	Susceptible	Laboratory Method	Broth dilution	CLSI
573.15555	Klebsiella pneumoniae strain KSB1_10E	norfloxacin	Susceptible	Laboratory Method	Broth dilution	CLSI
573.15622	Klebsiella pneumoniae strain KSB1_4I	norfloxacin	Susceptible	Laboratory Method	Broth dilution	CLSI
573.15571	Klebsiella pneumoniae strain KSB2_3A	norfloxacin	Susceptible	Laboratory Method	Broth dilution	CLSI
573.46079	Klebsiella pneumoniae INF295	norfloxacin	Susceptible	Laboratory Method	Broth dilution	CLSI
573.15551	Klebsiella pneumoniae strain KSB1_2E	norfloxacin	Susceptible	Laboratory Method	Broth dilution	CLSI
573.46105	Klebsiella pneumoniae KSB1_8F	norfloxacin	Susceptible	Laboratory Method	Broth dilution	CLSI
573.15591	Klebsiella pneumoniae strain KSB2_7D	norfloxacin	Susceptible	Laboratory Method	Broth dilution	CLSI
573.46087	Klebsiella pneumoniae KSB1_8A	norfloxacin	Susceptible	Laboratory Method	Broth dilution	CLSI
573.15521	Klebsiella pneumoniae strain INF168	norfloxacin	Susceptible	Laboratory Method	Broth dilution	CLSI
573.15526	Klebsiella pneumoniae strain INF204	norfloxacin	Susceptible	Laboratory Method	Broth dilution	CLSI
573.15535	Klebsiella pneumoniae strain INF245	norfloxacin	Susceptible	Laboratory Method	Broth dilution	CLSI
573.15608	Klebsiella pneumoniae strain INF311	norfloxacin	Susceptible	Laboratory Method	Broth dilution	CLSI
573.15511	Klebsiella pneumoniae strain INF025	norfloxacin	Susceptible	Laboratory Method	Broth dilution	CLSI
573.15543	Klebsiella pneumoniae strain KSB1_3C	norfloxacin	Susceptible	Laboratory Method	Broth dilution	CLSI
573.15539	Klebsiella pneumoniae strain KSB1_1A	norfloxacin	Susceptible	Laboratory Method	Broth dilution	CLSI
573.46088	Klebsiella pneumoniae KSB1_10A	norfloxacin	Susceptible	Laboratory Method	Broth dilution	CLSI
573.46103	Klebsiella pneumoniae KSB1_1F	norfloxacin	Susceptible	Laboratory Method	Broth dilution	CLSI
573.46118	Klebsiella pneumoniae INF050	norfloxacin	Susceptible	Laboratory Method	Broth dilution	CLSI
573.46107	Klebsiella pneumoniae KSB1_2I	norfloxacin	Susceptible	Laboratory Method	Broth dilution	CLSI
573.46112	Klebsiella pneumoniae KSB2_2D	norfloxacin	Susceptible	Laboratory Method	Broth dilution	CLSI
573.15574	Klebsiella pneumoniae strain KSB2_7A	norfloxacin	Susceptible	Laboratory Method	Broth dilution	CLSI
573.15624	Klebsiella pneumoniae strain INF255	norfloxacin	Susceptible	Laboratory Method	Broth dilution	CLSI
573.15573	Klebsiella pneumoniae strain KSB2_6A	norfloxacin	Susceptible	Laboratory Method	Broth dilution	CLSI
573.15594	Klebsiella pneumoniae strain INF293	norfloxacin	Susceptible	Laboratory Method	Broth dilution	CLSI
573.461	Klebsiella pneumoniae KSB1_7D	norfloxacin	Susceptible	Laboratory Method	Broth dilution	CLSI
573.15607	Klebsiella pneumoniae strain KSB1_7I	norfloxacin	Susceptible	Laboratory Method	Broth dilution	CLSI
573.46084	Klebsiella pneumoniae INF112	norfloxacin	Susceptible	Laboratory Method	Broth dilution	CLSI
573.15366	Klebsiella pneumoniae strain INF042	norfloxacin	Susceptible	Laboratory Method	Broth dilution	CLSI
573.15561	Klebsiella pneumoniae strain KSB1_2G	norfloxacin	Susceptible	Laboratory Method	Broth dilution	CLSI
573.15572	Klebsiella pneumoniae strain KSB2_4A	norfloxacin	Susceptible	Laboratory Method	Broth dilution	CLSI
573.15567	Klebsiella pneumoniae strain KSB1_9I	norfloxacin	Susceptible	Laboratory Method	Broth dilution	CLSI
573.15519	Klebsiella pneumoniae strain INF073	norfloxacin	Susceptible	Laboratory Method	Broth dilution	CLSI
573.15377	Klebsiella pneumoniae strain KSB1_4E	norfloxacin	Susceptible	Laboratory Method	Broth dilution	CLSI
573.1552	Klebsiella pneumoniae strain INF074	norfloxacin	Susceptible	Laboratory Method	Broth dilution	CLSI
573.15583	Klebsiella pneumoniae strain KSB2_6C	norfloxacin	Susceptible	Laboratory Method	Broth dilution	CLSI
573.46078	Klebsiella pneumoniae INF073	norfloxacin	Susceptible	Laboratory Method	Broth dilution	CLSI
573.46098	Klebsiella pneumoniae KSB1_6D	norfloxacin	Susceptible	Laboratory Method	Broth dilution	CLSI
573.15527	Klebsiella pneumoniae strain INF208	norfloxacin	Susceptible	Laboratory Method	Broth dilution	CLSI
573.34252	Klebsiella pneumoniae strain KSB1_8D-sc-2280250	norfloxacin	Susceptible	Laboratory Method	Broth dilution	CLSI
573.15544	Klebsiella pneumoniae strain KSB1_5C	norfloxacin	Susceptible	Laboratory Method	Broth dilution	CLSI
573.15598	Klebsiella pneumoniae strain KSB1_10I	norfloxacin	Susceptible	Laboratory Method	Broth dilution	CLSI
573.15373	Klebsiella pneumoniae strain KSB1_7J	norfloxacin	Susceptible	Laboratory Method	Broth dilution	CLSI
573.15512	Klebsiella pneumoniae strain INF109	norfloxacin	Susceptible	Laboratory Method	Broth dilution	CLSI
573.1561	Klebsiella pneumoniae strain INF333	norfloxacin	Susceptible	Laboratory Method	Broth dilution	CLSI
573.15559	Klebsiella pneumoniae strain KSB1_9F	norfloxacin	Susceptible	Laboratory Method	Broth dilution	CLSI
573.15611	Klebsiella pneumoniae strain INF332	norfloxacin	Susceptible	Laboratory Method	Broth dilution	CLSI
573.34239	Klebsiella pneumoniae strain INF133-sc-2279960	norfloxacin	Susceptible	Laboratory Method	Broth dilution	CLSI
573.15621	Klebsiella pneumoniae strain KSB2_5B	norfloxacin	Susceptible	Laboratory Method	Broth dilution	CLSI
573.46064	Klebsiella pneumoniae INF282	norfloxacin	Susceptible	Laboratory Method	Broth dilution	CLSI
573.1536	Klebsiella pneumoniae strain INF249	norfloxacin	Susceptible	Laboratory Method	Broth dilution	CLSI
573.46073	Klebsiella pneumoniae INF302	norfloxacin	Susceptible	Laboratory Method	Broth dilution	CLSI
573.46089	Klebsiella pneumoniae KSB1_2B	norfloxacin	Susceptible	Laboratory Method	Broth dilution	CLSI
573.1554	Klebsiella pneumoniae strain KSB1_4A	norfloxacin	Susceptible	Laboratory Method	Broth dilution	CLSI
573.15522	Klebsiella pneumoniae strain INF173	norfloxacin	Susceptible	Laboratory Method	Broth dilution	CLSI
573.15533	Klebsiella pneumoniae strain INF330	norfloxacin	Susceptible	Laboratory Method	Broth dilution	CLSI
573.34246	Klebsiella pneumoniae strain INF354-sc-2280183	norfloxacin	Susceptible	Laboratory Method	Broth dilution	CLSI
573.46077	Klebsiella pneumoniae KSB1_6C	norfloxacin	Susceptible	Laboratory Method	Broth dilution	CLSI
573.3425	Klebsiella pneumoniae strain INF250-sc-2280154	norfloxacin	Susceptible	Laboratory Method	Broth dilution	CLSI
573.15361	Klebsiella pneumoniae strain INF322	norfloxacin	Susceptible	Laboratory Method	Broth dilution	CLSI
573.15568	Klebsiella pneumoniae strain KSB1_2J	norfloxacin	Susceptible	Laboratory Method	Broth dilution	CLSI
573.46065	Klebsiella pneumoniae INF261	norfloxacin	Susceptible	Laboratory Method	Broth dilution	CLSI
573.34297	Klebsiella pneumoniae strain INF065-sc-2279980	norfloxacin	Susceptible	Laboratory Method	Broth dilution	CLSI
573.15581	Klebsiella pneumoniae strain KSB2_1C	norfloxacin	Susceptible	Laboratory Method	Broth dilution	CLSI
573.15372	Klebsiella pneumoniae strain INF059	norfloxacin	Susceptible	Laboratory Method	Broth dilution	CLSI
573.34261	Klebsiella pneumoniae strain INF313-sc-2280106	norfloxacin	Susceptible	Laboratory Method	Broth dilution	CLSI
573.46093	Klebsiella pneumoniae KSB1_4C	norfloxacin	Susceptible	Laboratory Method	Broth dilution	CLSI
573.46115	Klebsiella pneumoniae INF332	norfloxacin	Susceptible	Laboratory Method	Broth dilution	CLSI
573.15612	Klebsiella pneumoniae strain INF339	norfloxacin	Susceptible	Laboratory Method	Broth dilution	CLSI
573.46076	Klebsiella pneumoniae KSB1_10F	norfloxacin	Susceptible	Laboratory Method	Broth dilution	CLSI
573.4611	Klebsiella pneumoniae KSB2_1D	norfloxacin	Susceptible	Laboratory Method	Broth dilution	CLSI
573.1558	Klebsiella pneumoniae strain KSB2_10B	norfloxacin	Susceptible	Laboratory Method	Broth dilution	CLSI
573.46102	Klebsiella pneumoniae KSB1_8E	norfloxacin	Susceptible	Laboratory Method	Broth dilution	CLSI
573.1562	Klebsiella pneumoniae strain KSB1_5J	norfloxacin	Susceptible	Laboratory Method	Broth dilution	CLSI
573.15619	Klebsiella pneumoniae strain KSB1_6F	norfloxacin	Susceptible	Laboratory Method	Broth dilution	CLSI
573.46068	Klebsiella pneumoniae INF246	norfloxacin	Susceptible	Laboratory Method	Broth dilution	CLSI
573.15605	Klebsiella pneumoniae strain INF143	norfloxacin	Susceptible	Laboratory Method	Broth dilution	CLSI
573.35513	Klebsiella pneumoniae strain KSB1_9A	norfloxacin	Susceptible	Laboratory Method	Broth dilution	CLSI
573.15587	Klebsiella pneumoniae strain KSB2_10C	norfloxacin	Susceptible	Laboratory Method	Broth dilution	CLSI
573.15627	Klebsiella pneumoniae strain KSB1_5G	norfloxacin	Susceptible	Laboratory Method	Broth dilution	CLSI
573.1561	Klebsiella pneumoniae strain INF333	norfloxacin	Susceptible	Laboratory Method	Broth dilution	CLSI
573.15517	Klebsiella pneumoniae strain INF150	norfloxacin	Susceptible	Laboratory Method	Broth dilution	CLSI
573.4608	Klebsiella pneumoniae INF070	norfloxacin	Susceptible	Laboratory Method	Broth dilution	CLSI
573.46114	Klebsiella pneumoniae INF003	norfloxacin	Susceptible	Laboratory Method	Broth dilution	CLSI
573.46101	Klebsiella pneumoniae KSB1_3F	norfloxacin	Susceptible	Laboratory Method	Broth dilution	CLSI
573.46085	Klebsiella pneumoniae INF356	norfloxacin	Susceptible	Laboratory Method	Broth dilution	CLSI
573.46092	Klebsiella pneumoniae KSB1_8B	norfloxacin	Susceptible	Laboratory Method	Broth dilution	CLSI
573.15628	Klebsiella pneumoniae strain KSB1_6B	norfloxacin	Susceptible	Laboratory Method	Broth dilution	CLSI
573.34262	Klebsiella pneumoniae strain KSB1_9J-sc-2280309	norfloxacin	Susceptible	Laboratory Method	Broth dilution	CLSI
573.1556	Klebsiella pneumoniae strain KSB1_1G	norfloxacin	Susceptible	Laboratory Method	Broth dilution	CLSI
573.34248	Klebsiella pneumoniae strain INF148-sc-2279987	norfloxacin	Susceptible	Laboratory Method	Broth dilution	CLSI
573.15585	Klebsiella pneumoniae strain KSB2_8C	norfloxacin	Susceptible	Laboratory Method	Broth dilution	CLSI
573.15601	Klebsiella pneumoniae strain INF326	norfloxacin	Susceptible	Laboratory Method	Broth dilution	CLSI
573.15584	Klebsiella pneumoniae strain KSB2_7C	norfloxacin	Susceptible	Laboratory Method	Broth dilution	CLSI
573.15575	Klebsiella pneumoniae strain KSB2_8A	norfloxacin	Susceptible	Laboratory Method	Broth dilution	CLSI
573.15577	Klebsiella pneumoniae strain KSB2_4B	norfloxacin	Susceptible	Laboratory Method	Broth dilution	CLSI
573.46095	Klebsiella pneumoniae KSB1_9C	norfloxacin	Susceptible	Laboratory Method	Broth dilution	CLSI
573.15562	Klebsiella pneumoniae strain KSB1_3G	norfloxacin	Susceptible	Laboratory Method	Broth dilution	CLSI
573.34237	Klebsiella pneumoniae strain KSB1_7G-sc-2280277	norfloxacin	Susceptible	Laboratory Method	Broth dilution	CLSI
573.15534	Klebsiella pneumoniae strain INF238	norfloxacin	Susceptible	Laboratory Method	Broth dilution	CLSI
573.4612	Klebsiella pneumoniae KSB1_5A	norfloxacin	Susceptible	Laboratory Method	Broth dilution	CLSI
573.15516	Klebsiella pneumoniae strain INF070	norfloxacin	Susceptible	Laboratory Method	Broth dilution	CLSI
573.46083	Klebsiella pneumoniae INF114	norfloxacin	Susceptible	Laboratory Method	Broth dilution	CLSI
573.46111	Klebsiella pneumoniae KSB2_10A	norfloxacin	Susceptible	Laboratory Method	Broth dilution	CLSI
573.15566	Klebsiella pneumoniae strain KSB1_4H	norfloxacin	Susceptible	Laboratory Method	Broth dilution	CLSI
573.34234	Klebsiella pneumoniae strain INF357-sc-2280189	norfloxacin	Susceptible	Laboratory Method	Broth dilution	CLSI
573.46117	Klebsiella pneumoniae INF260	norfloxacin	Susceptible	Laboratory Method	Broth dilution	CLSI
573.15586	Klebsiella pneumoniae strain KSB2_9C	norfloxacin	Susceptible	Laboratory Method	Broth dilution	CLSI
573.15552	Klebsiella pneumoniae strain KSB1_5E	norfloxacin	Susceptible	Laboratory Method	Broth dilution	CLSI
573.15582	Klebsiella pneumoniae strain KSB2_3C	norfloxacin	Susceptible	Laboratory Method	Broth dilution	CLSI
573.15589	Klebsiella pneumoniae strain KSB2_6D	norfloxacin	Susceptible	Laboratory Method	Broth dilution	CLSI
573.15514	Klebsiella pneumoniae strain INF128	norfloxacin	Susceptible	Laboratory Method	Broth dilution	CLSI
573.15537	Klebsiella pneumoniae strain INF349	norfloxacin	Susceptible	Laboratory Method	Broth dilution	CLSI
573.15523	Klebsiella pneumoniae strain INF092	norfloxacin	Susceptible	Laboratory Method	Broth dilution	CLSI
573.34294	Klebsiella pneumoniae strain INF279-sc-2280202	norfloxacin	Susceptible	Laboratory Method	Broth dilution	CLSI
573.46104	Klebsiella pneumoniae KSB1_2F	norfloxacin	Susceptible	Laboratory Method	Broth dilution	CLSI
573.15597	Klebsiella pneumoniae strain INF312	norfloxacin	Susceptible	Laboratory Method	Broth dilution	CLSI
573.15546	Klebsiella pneumoniae strain KSB1_8C	norfloxacin	Susceptible	Laboratory Method	Broth dilution	CLSI
573.46119	Klebsiella pneumoniae INF115	norfloxacin	Susceptible	Laboratory Method	Broth dilution	CLSI
573.15528	Klebsiella pneumoniae strain INF209	norfloxacin	Susceptible	Laboratory Method	Broth dilution	CLSI
573.15557	Klebsiella pneumoniae strain KSB1_5F	norfloxacin	Susceptible	Laboratory Method	Broth dilution	CLSI
573.15595	Klebsiella pneumoniae strain KSB1_6J	norfloxacin	Susceptible	Laboratory Method	Broth dilution	CLSI
573.46069	Klebsiella pneumoniae INF094	norfloxacin	Susceptible	Laboratory Method	Broth dilution	CLSI
573.15368	Klebsiella pneumoniae strain KSB1_10J	norfloxacin	Susceptible	Laboratory Method	Broth dilution	CLSI
573.46113	Klebsiella pneumoniae KSB2_8D	norfloxacin	Susceptible	Laboratory Method	Broth dilution	CLSI
573.15362	Klebsiella pneumoniae strain KSB1_7E	norfloxacin	Susceptible	Laboratory Method	Broth dilution	CLSI
573.15531	Klebsiella pneumoniae strain INF220	norfloxacin	Susceptible	Laboratory Method	Broth dilution	CLSI
573.46086	Klebsiella pneumoniae KSB1_3A	norfloxacin	Susceptible	Laboratory Method	Broth dilution	CLSI
573.34302	Klebsiella pneumoniae strain KSB1_10B-sc-2280232	norfloxacin	Susceptible	Laboratory Method	Broth dilution	CLSI
573.15529	Klebsiella pneumoniae strain INF212	norfloxacin	Susceptible	Laboratory Method	Broth dilution	CLSI
573.15558	Klebsiella pneumoniae strain KSB1_7F	norfloxacin	Susceptible	Laboratory Method	Broth dilution	CLSI
573.1557	Klebsiella pneumoniae strain KSB1_4J	norfloxacin	Susceptible	Laboratory Method	Broth dilution	CLSI
573.15569	Klebsiella pneumoniae strain KSB1_3J	norfloxacin	Susceptible	Laboratory Method	Broth dilution	CLSI
573.15576	Klebsiella pneumoniae strain KSB2_3B	norfloxacin	Susceptible	Laboratory Method	Broth dilution	CLSI
573.15513	Klebsiella pneumoniae strain INF052	norfloxacin	Susceptible	Laboratory Method	Broth dilution	CLSI
573.15548	Klebsiella pneumoniae strain KSB1_4D	norfloxacin	Susceptible	Laboratory Method	Broth dilution	CLSI
573.15525	Klebsiella pneumoniae strain INF200	norfloxacin	Susceptible	Laboratory Method	Broth dilution	CLSI
573.46091	Klebsiella pneumoniae KSB1_4B	norfloxacin	Susceptible	Laboratory Method	Broth dilution	CLSI
573.15545	Klebsiella pneumoniae strain KSB1_7C	norfloxacin	Susceptible	Laboratory Method	Broth dilution	CLSI
573.15524	Klebsiella pneumoniae strain INF197	norfloxacin	Susceptible	Laboratory Method	Broth dilution	CLSI
573.15588	Klebsiella pneumoniae strain KSB2_4D	norfloxacin	Susceptible	Laboratory Method	Broth dilution	CLSI
573.15541	Klebsiella pneumoniae strain KSB1_1C	norfloxacin	Susceptible	Laboratory Method	Broth dilution	CLSI
573.46066	Klebsiella pneumoniae INF360	norfloxacin	Susceptible	Laboratory Method	Broth dilution	CLSI
573.34254	Klebsiella pneumoniae strain KSB1_1B	norfloxacin	Susceptible	Laboratory Method	Broth dilution	CLSI
573.15553	Klebsiella pneumoniae strain KSB1_6E	norfloxacin	Susceptible	Laboratory Method	Broth dilution	CLSI
573.46096	Klebsiella pneumoniae KSB1_1D	norfloxacin	Susceptible	Laboratory Method	Broth dilution	CLSI
573.46109	Klebsiella pneumoniae KSB1_3I	norfloxacin	Susceptible	Laboratory Method	Broth dilution	CLSI
573.15623	Klebsiella pneumoniae strain INF304	norfloxacin	Susceptible	Laboratory Method	Broth dilution	CLSI
573.46106	Klebsiella pneumoniae KSB1_8H	norfloxacin	Susceptible	Laboratory Method	Broth dilution	CLSI
573.15536	Klebsiella pneumoniae strain INF346	norfloxacin	Susceptible	Laboratory Method	Broth dilution	CLSI
573.156	Klebsiella pneumoniae strain KSB2_4C	norfloxacin	Susceptible	Laboratory Method	Broth dilution	CLSI
573.15542	Klebsiella pneumoniae strain KSB1_2C	norfloxacin	Susceptible	Laboratory Method	Broth dilution	CLSI
573.15596	Klebsiella pneumoniae strain INF275	norfloxacin	Susceptible	Laboratory Method	Broth dilution	CLSI
573.15556	Klebsiella pneumoniae strain KSB1_4F	norfloxacin	Susceptible	Laboratory Method	Broth dilution	CLSI
573.15617	Klebsiella pneumoniae strain KSB2_5C	norfloxacin	Susceptible	Laboratory Method	Broth dilution	CLSI
573.15567	Klebsiella pneumoniae strain KSB1_9I	norfloxacin	Susceptible	Laboratory Method	Broth dilution	CLSI
573.46097	Klebsiella pneumoniae KSB1_3D	norfloxacin	Susceptible	Laboratory Method	Broth dilution	CLSI
573.15565	Klebsiella pneumoniae strain KSB1_2H	norfloxacin	Susceptible	Laboratory Method	Broth dilution	CLSI
573.34255	Klebsiella pneumoniae strain KSB1_6G-sc-2280276	norfloxacin	Susceptible	Laboratory Method	Broth dilution	CLSI
