genome_id	genome_name	antibiotic	resistant_phenotype	evidence	laboratory_typing_method	testing_standard
573.14023	Klebsiella pneumoniae KPN286ec	ceftriaxone	Resistant	Laboratory Method	Broth dilution	CLSI
573.1324	Klebsiella pneumoniae KPN1261ec	ceftazidime	Resistant	Laboratory Method	Broth dilution	CLSI
573.5806	Klebsiella pneumoniae strain PB107	ceftazidime	Resistant	Laboratory Method	Broth dilution	EUCAST
573.14047	Klebsiella pneumoniae KPN313ec	ceftazidime	Resistant	Laboratory Method	Broth dilution	CLSI
1284832.3	Klebsiella pneumoniae VAKPC309	ceftazidime	Resistant	Laboratory Method		
1438757.3	Klebsiella pneumoniae CHS 51	ceftazidime	Resistant	Laboratory Method	Broth dilution	
72407.562	Klebsiella pneumoniae subsp. pneumoniae strain 3189STDY5864789	ceftazidime	Resistant	Laboratory Method	Broth dilution	CLSI
573.13426	Klebsiella pneumoniae KPN1488ec	ceftazidime	Resistant	Laboratory Method	Broth dilution	CLSI
573.7029	Klebsiella pneumoniae strain AR_0005	ceftazidime	Resistant	Laboratory Method	Broth dilution	CLSI
573.12957	Klebsiella pneumoniae 3252	ceftazidime	Resistant	Laboratory Method	Broth dilution	CLSI
573.66552	Klebsiella pneumoniae 29109_2#205	ceftazidime	Resistant	Laboratory Method	MIC	
573.14192	Klebsiella pneumoniae KPN485ec	ceftazidime	Resistant	Laboratory Method	Broth dilution	CLSI
573.6633	Klebsiella pneumoniae 26994_6#76	ceftazidime	Resistant	Laboratory Method	MIC	
573.18472	Klebsiella pneumoniae strain 203	ceftazidime	Resistant	Laboratory Method	Broth dilution	CLSI
573.66267	Klebsiella pneumoniae 26968_6#130	ceftazidime	Resistant	Laboratory Method	MIC	
573.13922	Klebsiella pneumoniae KPN2101ec	ceftazidime	Resistant	Laboratory Method	Broth dilution	CLSI
72407.558	Klebsiella pneumoniae subsp. pneumoniae strain 3189STDY5864881	ceftazidime	Resistant	Laboratory Method	Broth dilution	CLSI
573.5818	Klebsiella pneumoniae strain PB497	ceftazidime	Resistant	Laboratory Method	Broth dilution	EUCAST
573.24343	Klebsiella pneumoniae strain MUGSI_126	ceftazidime	Resistant	Laboratory Method	Broth dilution	CLSI
573.14457	Klebsiella pneumoniae KPN875ec	ceftazidime	Resistant	Laboratory Method	Broth dilution	CLSI
573.67176	Klebsiella pneumoniae KP_NORM_URN_2015_111577	ceftazidime	Resistant	Laboratory Method		EUCAST
573.13801	Klebsiella pneumoniae KPN1953ec	ceftazidime	Resistant	Laboratory Method	Broth dilution	CLSI
573.24445	Klebsiella pneumoniae strain MUGSI_86	ceftazidime	Resistant	Laboratory Method	Broth dilution	CLSI
573.14404	Klebsiella pneumoniae KPN797ec	ceftazidime	Resistant	Laboratory Method	Broth dilution	CLSI
573.12887	Klebsiella pneumoniae 3314	ceftazidime	Resistant	Laboratory Method	Broth dilution	CLSI
573.24405	Klebsiella pneumoniae strain MUGSI_35	ceftazidime	Resistant	Laboratory Method	Broth dilution	CLSI
573.1444	Klebsiella pneumoniae KPN848ec	ceftazidime	Resistant	Laboratory Method	Broth dilution	CLSI
573.13607	Klebsiella pneumoniae KPN1704ec	ceftazidime	Resistant	Laboratory Method	Broth dilution	CLSI
573.12963	Klebsiella pneumoniae 31	ceftazidime	Resistant	Laboratory Method	Broth dilution	CLSI
573.66342	Klebsiella pneumoniae 26994_6#164	ceftazidime	Resistant	Laboratory Method	MIC	
1438712.3	Klebsiella pneumoniae CHS 06	ceftazidime	Resistant	Laboratory Method	Broth dilution	
573.66543	Klebsiella pneumoniae 27261_8#89	ceftazidime	Resistant	Laboratory Method	MIC	
573.24447	Klebsiella pneumoniae strain MUGSI_88	ceftazidime	Resistant	Laboratory Method	Broth dilution	CLSI
573.13391	Klebsiella pneumoniae KPN144ec	ceftazidime	Resistant	Laboratory Method	Broth dilution	CLSI
573.66435	Klebsiella pneumoniae 27097_7#77	ceftazidime	Resistant	Laboratory Method	MIC	
573.33421	Klebsiella pneumoniae strain PMK7	ceftazidime	Resistant	Laboratory Method	Broth dilution	EUCAST
573.14264	Klebsiella pneumoniae KPN592ec	ceftazidime	Resistant	Laboratory Method	Broth dilution	CLSI
573.26266	Klebsiella pneumoniae strain 5012STDY7626385	ceftazidime	Resistant	Laboratory Method	Broth dilution	
573.66884	Klebsiella pneumoniae KP_NORM_BLD_2011_74841	ceftazidime	Resistant	Laboratory Method		EUCAST
573.13962	Klebsiella pneumoniae KPN2173ec	ceftazidime	Resistant	Laboratory Method	Broth dilution	CLSI
573.13405	Klebsiella pneumoniae KPN1467ec	ceftazidime	Resistant	Laboratory Method	Broth dilution	CLSI
573.26278	Klebsiella pneumoniae strain 5012STDY7626397	ceftazidime	Resistant	Laboratory Method	Broth dilution	
573.66415	Klebsiella pneumoniae 26994_8#181	ceftazidime	Resistant	Laboratory Method	MIC	
573.13161	Klebsiella pneumoniae KPN1166ec	ceftazidime	Resistant	Laboratory Method	Broth dilution	CLSI
573.15716	Klebsiella pneumoniae strain K1257	ceftazidime	Resistant	Laboratory Method	Disk diffusion	EUCAST
573.24435	Klebsiella pneumoniae strain MUGSI_76	ceftazidime	Resistant	Laboratory Method	Broth dilution	CLSI
573.12781	Klebsiella pneumoniae strain AR_0152	ceftazidime	Resistant	Laboratory Method	Broth dilution	CLSI
573.13468	Klebsiella pneumoniae KPN1537ec	ceftazidime	Resistant	Laboratory Method	Broth dilution	CLSI
573.13105	Klebsiella pneumoniae KPN1100ec	ceftazidime	Resistant	Laboratory Method	Broth dilution	CLSI
72407.488	Klebsiella pneumoniae subsp. pneumoniae strain 3189STDY5864846	ceftazidime	Resistant	Laboratory Method	Broth dilution	CLSI
573.138	Klebsiella pneumoniae KPN1952ec	ceftazidime	Resistant	Laboratory Method	Broth dilution	CLSI
573.5827	Klebsiella pneumoniae strain F1-9-ERG1	ceftazidime	Resistant	Laboratory Method	Broth dilution	EUCAST
573.13367	Klebsiella pneumoniae KPN1426ec	ceftazidime	Resistant	Laboratory Method	Broth dilution	CLSI
573.14207	Klebsiella pneumoniae KPN521ec	ceftazidime	Resistant	Laboratory Method	Broth dilution	CLSI
573.13783	Klebsiella pneumoniae KPN1931ec	ceftazidime	Resistant	Laboratory Method	Broth dilution	CLSI
573.15677	Klebsiella pneumoniae strain K725	ceftazidime	Resistant	Laboratory Method	Disk diffusion	EUCAST
573.17908	Klebsiella pneumoniae strain AR_0066	ceftazidime	Resistant	Laboratory Method	Broth dilution	CLSI
573.67163	Klebsiella pneumoniae KP_NORM_URN_2014_99206	ceftazidime	Resistant	Laboratory Method		EUCAST
573.14546	Klebsiella pneumoniae KPN990ec	ceftazidime	Resistant	Laboratory Method	Broth dilution	CLSI
573.66436	Klebsiella pneumoniae 27261_7#1	ceftazidime	Resistant	Laboratory Method	MIC	
573.23206	Klebsiella pneumoniae strain KP_241	ceftazidime	Resistant	Laboratory Method	Disk diffusion	CLSI
573.14092	Klebsiella pneumoniae KPN369ec	ceftazidime	Resistant	Laboratory Method	Broth dilution	CLSI
573.24453	Klebsiella pneumoniae strain MUGSI_96	ceftazidime	Resistant	Laboratory Method	Broth dilution	CLSI
573.2429	Klebsiella pneumoniae strain 36	ceftazidime	Resistant	Laboratory Method	Disk diffusion	CLSI
573.13164	Klebsiella pneumoniae KPN1169ec	ceftazidime	Resistant	Laboratory Method	Broth dilution	CLSI
573.24359	Klebsiella pneumoniae strain MUGSI_153	ceftazidime	Resistant	Laboratory Method	Broth dilution	CLSI
573.14174	Klebsiella pneumoniae KPN463ec	ceftazidime	Resistant	Laboratory Method	Broth dilution	CLSI
573.13419	Klebsiella pneumoniae KPN1481ec	ceftazidime	Resistant	Laboratory Method	Broth dilution	CLSI
573.66348	Klebsiella pneumoniae 26994_6#168	ceftazidime	Resistant	Laboratory Method	MIC	
573.14466	Klebsiella pneumoniae KPN886ec	ceftazidime	Resistant	Laboratory Method	Broth dilution	CLSI
573.7025	Klebsiella pneumoniae strain AR_0010	ceftazidime	Resistant	Laboratory Method	Broth dilution	CLSI
573.18093	Klebsiella pneumoniae strain AR_0153	ceftazidime	Resistant	Laboratory Method	Broth dilution	CLSI
573.2439	Klebsiella pneumoniae strain MUGSI_307	ceftazidime	Resistant	Laboratory Method	Broth dilution	CLSI
573.66917	Klebsiella pneumoniae KP_NORM_BLD_2013_92550	ceftazidime	Resistant	Laboratory Method		EUCAST
573.14148	Klebsiella pneumoniae KPN428ec	ceftazidime	Resistant	Laboratory Method	Broth dilution	CLSI
573.46074	Klebsiella pneumoniae INF093	ceftazidime	Resistant	Laboratory Method	Broth dilution	CLSI
573.66204	Klebsiella pneumoniae KP_NORM_URN_2013_96219	ceftazidime	Resistant	Laboratory Method		EUCAST
573.14119	Klebsiella pneumoniae KPN397ec	ceftazidime	Resistant	Laboratory Method	Broth dilution	CLSI
573.5809	Klebsiella pneumoniae strain PB270	ceftazidime	Resistant	Laboratory Method	Broth dilution	EUCAST
573.46863	Klebsiella pneumoniae KP-39LI	ceftazidime	Resistant	Laboratory Method	Broth dilution	EUCAST
573.66902	Klebsiella pneumoniae KP_NORM_BLD_2012_85462	ceftazidime	Resistant	Laboratory Method		EUCAST
573.13146	Klebsiella pneumoniae KPN1148ec	ceftazidime	Resistant	Laboratory Method	Broth dilution	CLSI
573.13143	Klebsiella pneumoniae KPN1145ec	ceftazidime	Resistant	Laboratory Method	Broth dilution	CLSI
573.13752	Klebsiella pneumoniae KPN1890ec	ceftazidime	Resistant	Laboratory Method	Broth dilution	CLSI
573.24326	Klebsiella pneumoniae strain MUGSI_102	ceftazidime	Resistant	Laboratory Method	Broth dilution	CLSI
573.24332	Klebsiella pneumoniae strain MUGSI_114	ceftazidime	Resistant	Laboratory Method	Broth dilution	CLSI
573.66486	Klebsiella pneumoniae 27261_8#107	ceftazidime	Resistant	Laboratory Method	MIC	
1284800.4	Klebsiella pneumoniae UHKPC61	ceftazidime	Resistant	Laboratory Method		
573.13784	Klebsiella pneumoniae KPN1932ec	ceftazidime	Resistant	Laboratory Method	Broth dilution	CLSI
573.66311	Klebsiella pneumoniae 26975_5#169	ceftazidime	Resistant	Laboratory Method	MIC	
573.46067	Klebsiella pneumoniae INF289	ceftazidime	Resistant	Laboratory Method	Broth dilution	CLSI
573.14255	Klebsiella pneumoniae KPN581ec	ceftazidime	Resistant	Laboratory Method	Broth dilution	CLSI
573.66196	Klebsiella pneumoniae KP_NORM_BLD_2009_61895	ceftazidime	Resistant	Laboratory Method		EUCAST
573.14363	Klebsiella pneumoniae KPN741ec	ceftazidime	Resistant	Laboratory Method	Broth dilution	CLSI
573.46858	Klebsiella pneumoniae KP-2LU	ceftazidime	Resistant	Laboratory Method	Broth dilution	EUCAST
573.14077	Klebsiella pneumoniae KPN350ec	ceftazidime	Resistant	Laboratory Method	Broth dilution	CLSI
573.1413	Klebsiella pneumoniae KPN409ec	ceftazidime	Resistant	Laboratory Method	Broth dilution	CLSI
573.1376	Klebsiella pneumoniae KPN1901ec	ceftazidime	Resistant	Laboratory Method	Broth dilution	CLSI
573.24264	Klebsiella pneumoniae strain 212	ceftazidime	Resistant	Laboratory Method	Broth dilution	CLSI
573.14032	Klebsiella pneumoniae KPN295ec	ceftazidime	Resistant	Laboratory Method	Broth dilution	CLSI
573.14513	Klebsiella pneumoniae KPN945ec	ceftazidime	Resistant	Laboratory Method	Broth dilution	CLSI
573.46862	Klebsiella pneumoniae KP-38LI	ceftazidime	Resistant	Laboratory Method	Broth dilution	EUCAST
573.13023	Klebsiella pneumoniae 3235	ceftazidime	Resistant	Laboratory Method	Broth dilution	CLSI
573.66337	Klebsiella pneumoniae 26994_6#122	ceftazidime	Resistant	Laboratory Method	MIC	
573.14105	Klebsiella pneumoniae KPN382ec	ceftazidime	Resistant	Laboratory Method	Broth dilution	CLSI
573.13688	Klebsiella pneumoniae KPN181ec	ceftazidime	Resistant	Laboratory Method	Broth dilution	CLSI
573.14499	Klebsiella pneumoniae KPN927ec	ceftazidime	Resistant	Laboratory Method	Broth dilution	CLSI
573.33407	Klebsiella pneumoniae strain PMK23	ceftazidime	Resistant	Laboratory Method	Broth dilution	EUCAST
573.14036	Klebsiella pneumoniae KPN301ec	ceftazidime	Resistant	Laboratory Method	Broth dilution	CLSI
573.13014	Klebsiella pneumoniae 3284	ceftazidime	Resistant	Laboratory Method	Broth dilution	CLSI
573.13342	Klebsiella pneumoniae KPN1397ec	ceftazidime	Resistant	Laboratory Method	Broth dilution	CLSI
573.13442	Klebsiella pneumoniae KPN1508ec	ceftazidime	Resistant	Laboratory Method	Broth dilution	CLSI
573.14421	Klebsiella pneumoniae KPN822ec	ceftazidime	Resistant	Laboratory Method	Broth dilution	CLSI
573.13635	Klebsiella pneumoniae KPN1735ec	ceftazidime	Resistant	Laboratory Method	Broth dilution	CLSI
573.1727	Klebsiella pneumoniae strain KpVA-9	ceftazidime	Resistant	Laboratory Method	Disk diffusion	EUCAST
573.66276	Klebsiella pneumoniae 26975_4#91	ceftazidime	Resistant	Laboratory Method	MIC	
573.13334	Klebsiella pneumoniae KPN1384ec	ceftazidime	Resistant	Laboratory Method	Broth dilution	CLSI
573.13817	Klebsiella pneumoniae KPN1984ec	ceftazidime	Resistant	Laboratory Method	Broth dilution	CLSI
573.24349	Klebsiella pneumoniae strain MUGSI_133	ceftazidime	Resistant	Laboratory Method	Broth dilution	CLSI
573.67133	Klebsiella pneumoniae KP_NORM_URN_2012_80681	ceftazidime	Resistant	Laboratory Method		EUCAST
573.13445	Klebsiella pneumoniae KPN1512ec	ceftazidime	Resistant	Laboratory Method	Broth dilution	CLSI
573.66472	Klebsiella pneumoniae 27261_8#46	ceftazidime	Resistant	Laboratory Method	MIC	
573.13336	Klebsiella pneumoniae KPN1386ec	ceftazidime	Resistant	Laboratory Method	Broth dilution	CLSI
1438746.3	Klebsiella pneumoniae CHS 40	ceftazidime	Resistant	Laboratory Method	Broth dilution	
72407.495	Klebsiella pneumoniae subsp. pneumoniae strain 3189STDY5864747	ceftazidime	Resistant	Laboratory Method	Broth dilution	CLSI
573.66461	Klebsiella pneumoniae 27261_8#18	ceftazidime	Resistant	Laboratory Method	MIC	
573.13257	Klebsiella pneumoniae KPN1278ec	ceftazidime	Resistant	Laboratory Method	Broth dilution	CLSI
573.5658	Klebsiella pneumoniae strain PB495	ceftazidime	Resistant	Laboratory Method	Broth dilution	EUCAST
573.5766	Klebsiella pneumoniae strain 1_GR_13	ceftazidime	Resistant	Laboratory Method	Broth dilution	CLSI
573.12909	Klebsiella pneumoniae 3317	ceftazidime	Resistant	Laboratory Method	Broth dilution	CLSI
573.13147	Klebsiella pneumoniae KPN1149ec	ceftazidime	Resistant	Laboratory Method	Broth dilution	CLSI
573.46835	Klebsiella pneumoniae KP-134LU	ceftazidime	Resistant	Laboratory Method	Broth dilution	EUCAST
573.14296	Klebsiella pneumoniae KPN636ec	ceftazidime	Resistant	Laboratory Method	Broth dilution	CLSI
573.5646	Klebsiella pneumoniae strain 4_GR_12	ceftazidime	Resistant	Laboratory Method	Broth dilution	CLSI
573.24303	Klebsiella pneumoniae strain 417	ceftazidime	Resistant	Laboratory Method	Broth dilution	CLSI
573.12958	Klebsiella pneumoniae 3270	ceftazidime	Resistant	Laboratory Method	Broth dilution	CLSI
573.66226	Klebsiella pneumoniae 26968_5#117	ceftazidime	Resistant	Laboratory Method	MIC	
573.1731	Klebsiella pneumoniae strain KpVA-13	ceftazidime	Resistant	Laboratory Method	Disk diffusion	EUCAST
573.66423	Klebsiella pneumoniae 27097_7#5	ceftazidime	Resistant	Laboratory Method	MIC	
573.1382	Klebsiella pneumoniae KPN1987ec	ceftazidime	Resistant	Laboratory Method	Broth dilution	CLSI
72407.566	Klebsiella pneumoniae subsp. pneumoniae strain 3189STDY5864886	ceftazidime	Resistant	Laboratory Method	Broth dilution	CLSI
573.24357	Klebsiella pneumoniae strain MUGSI_149	ceftazidime	Resistant	Laboratory Method	Broth dilution	CLSI
573.66908	Klebsiella pneumoniae KP_NORM_BLD_2012_86927	ceftazidime	Resistant	Laboratory Method		EUCAST
573.12772	Klebsiella pneumoniae strain AR_0113	ceftazidime	Resistant	Laboratory Method	Broth dilution	CLSI
573.13569	Klebsiella pneumoniae KPN1663ec	ceftazidime	Resistant	Laboratory Method	Broth dilution	CLSI
573.13745	Klebsiella pneumoniae KPN1881ec	ceftazidime	Resistant	Laboratory Method	Broth dilution	CLSI
573.24334	Klebsiella pneumoniae strain MUGSI_116	ceftazidime	Resistant	Laboratory Method	Broth dilution	CLSI
573.66272	Klebsiella pneumoniae 26968_6#187	ceftazidime	Resistant	Laboratory Method	MIC	
573.1399	Klebsiella pneumoniae KPN249ec	ceftazidime	Resistant	Laboratory Method	Broth dilution	CLSI
573.14393	Klebsiella pneumoniae KPN781ec	ceftazidime	Resistant	Laboratory Method	Broth dilution	CLSI
573.66309	Klebsiella pneumoniae 26975_5#141	ceftazidime	Resistant	Laboratory Method	MIC	
573.13035	Klebsiella pneumoniae KPN1005ec	ceftazidime	Resistant	Laboratory Method	Broth dilution	CLSI
573.1723	Klebsiella pneumoniae strain KpVA-5	ceftazidime	Resistant	Laboratory Method	Disk diffusion	EUCAST
573.66371	Klebsiella pneumoniae 26994_7#120	ceftazidime	Resistant	Laboratory Method	MIC	
573.66457	Klebsiella pneumoniae 27261_7#163	ceftazidime	Resistant	Laboratory Method	MIC	
573.13411	Klebsiella pneumoniae KPN1473ec	ceftazidime	Resistant	Laboratory Method	Broth dilution	CLSI
573.14209	Klebsiella pneumoniae KPN523ec	ceftazidime	Resistant	Laboratory Method	Broth dilution	CLSI
1284830.3	Klebsiella pneumoniae VAKPC276	ceftazidime	Resistant	Laboratory Method		
573.14215	Klebsiella pneumoniae KPN530ec	ceftazidime	Resistant	Laboratory Method	Broth dilution	CLSI
573.13404	Klebsiella pneumoniae KPN1465ec	ceftazidime	Resistant	Laboratory Method	Broth dilution	CLSI
573.14374	Klebsiella pneumoniae KPN755ec	ceftazidime	Resistant	Laboratory Method	Broth dilution	CLSI
573.66887	Klebsiella pneumoniae KP_NORM_BLD_2011_74862	ceftazidime	Resistant	Laboratory Method		EUCAST
573.13053	Klebsiella pneumoniae KPN1030ec	ceftazidime	Resistant	Laboratory Method	Broth dilution	CLSI
573.24391	Klebsiella pneumoniae strain MUGSI_309	ceftazidime	Resistant	Laboratory Method	Broth dilution	CLSI
573.15644	Klebsiella pneumoniae strain K1119	ceftazidime	Resistant	Laboratory Method	Disk diffusion	EUCAST
573.14035	Klebsiella pneumoniae KPN300ec	ceftazidime	Resistant	Laboratory Method	Broth dilution	CLSI
573.14186	Klebsiella pneumoniae KPN479ec	ceftazidime	Resistant	Laboratory Method	Broth dilution	CLSI
573.13992	Klebsiella pneumoniae KPN251ec	ceftazidime	Resistant	Laboratory Method	Broth dilution	CLSI
72407.582	Klebsiella pneumoniae subsp. pneumoniae strain 3189STDY5864801	ceftazidime	Resistant	Laboratory Method	Broth dilution	CLSI
573.14276	Klebsiella pneumoniae KPN609ec	ceftazidime	Resistant	Laboratory Method	Broth dilution	CLSI
573.14076	Klebsiella pneumoniae KPN348ec	ceftazidime	Resistant	Laboratory Method	Broth dilution	CLSI
1284831.3	Klebsiella pneumoniae VAKPC297	ceftazidime	Resistant	Laboratory Method		
573.66246	Klebsiella pneumoniae 26968_6#6	ceftazidime	Resistant	Laboratory Method	MIC	
573.66372	Klebsiella pneumoniae 26994_7#121	ceftazidime	Resistant	Laboratory Method	MIC	
573.26311	Klebsiella pneumoniae strain 5012STDY7626430	ceftazidime	Resistant	Laboratory Method	Broth dilution	
573.14385	Klebsiella pneumoniae KPN770ec	ceftazidime	Resistant	Laboratory Method	Broth dilution	CLSI
573.13505	Klebsiella pneumoniae KPN157ec	ceftazidime	Resistant	Laboratory Method	Broth dilution	CLSI
573.15659	Klebsiella pneumoniae strain K967	ceftazidime	Resistant	Laboratory Method	Disk diffusion	EUCAST
573.66939	Klebsiella pneumoniae KP_NORM_BLD_2015_114050	ceftazidime	Resistant	Laboratory Method		EUCAST
573.66532	Klebsiella pneumoniae 27322_4#113	ceftazidime	Resistant	Laboratory Method	MIC	
573.14097	Klebsiella pneumoniae KPN374ec	ceftazidime	Resistant	Laboratory Method	Broth dilution	CLSI
573.66217	Klebsiella pneumoniae 26968_5#10	ceftazidime	Resistant	Laboratory Method	MIC	
573.66183	Klebsiella pneumoniae KP_NORM_BLD_2014_107242	ceftazidime	Resistant	Laboratory Method		EUCAST
573.14137	Klebsiella pneumoniae KPN417ec	ceftazidime	Resistant	Laboratory Method	Broth dilution	CLSI
573.13441	Klebsiella pneumoniae KPN1507ec	ceftazidime	Resistant	Laboratory Method	Broth dilution	CLSI
573.13673	Klebsiella pneumoniae KPN177ec	ceftazidime	Resistant	Laboratory Method	Broth dilution	CLSI
72407.592	Klebsiella pneumoniae subsp. pneumoniae strain 3189STDY5864821	ceftazidime	Resistant	Laboratory Method	Broth dilution	CLSI
573.13915	Klebsiella pneumoniae KPN2092ec	ceftazidime	Resistant	Laboratory Method	Broth dilution	CLSI
573.13744	Klebsiella pneumoniae KPN1880ec	ceftazidime	Resistant	Laboratory Method	Broth dilution	CLSI
1438728.3	Klebsiella pneumoniae CHS 22	ceftazidime	Resistant	Laboratory Method	Broth dilution	
573.66263	Klebsiella pneumoniae 26968_6#116	ceftazidime	Resistant	Laboratory Method	MIC	
573.13725	Klebsiella pneumoniae KPN1862ec	ceftazidime	Resistant	Laboratory Method	Broth dilution	CLSI
573.66938	Klebsiella pneumoniae KP_NORM_BLD_2015_115372	ceftazidime	Resistant	Laboratory Method		EUCAST
573.1419	Klebsiella pneumoniae KPN483ec	ceftazidime	Resistant	Laboratory Method	Broth dilution	CLSI
573.13717	Klebsiella pneumoniae KPN1854ec	ceftazidime	Resistant	Laboratory Method	Broth dilution	CLSI
573.13314	Klebsiella pneumoniae KPN1355ec	ceftazidime	Resistant	Laboratory Method	Broth dilution	CLSI
573.66526	Klebsiella pneumoniae 27322_4#76	ceftazidime	Resistant	Laboratory Method	MIC	
573.46068	Klebsiella pneumoniae INF246	ceftazidime	Resistant	Laboratory Method	Broth dilution	CLSI
573.14435	Klebsiella pneumoniae KPN840ec	ceftazidime	Resistant	Laboratory Method	Broth dilution	CLSI
573.66943	Klebsiella pneumoniae KP_NORM_BLD_2015_116590	ceftazidime	Resistant	Laboratory Method		EUCAST
573.5676	Klebsiella pneumoniae strain W2-1-ERY5(G)	ceftazidime	Resistant	Laboratory Method	Broth dilution	EUCAST
573.1729	Klebsiella pneumoniae strain KpVA-11	ceftazidime	Resistant	Laboratory Method	Disk diffusion	EUCAST
573.13667	Klebsiella pneumoniae KPN1772ec	ceftazidime	Resistant	Laboratory Method	Broth dilution	CLSI
573.46839	Klebsiella pneumoniae KP-14442FI	ceftazidime	Resistant	Laboratory Method	Broth dilution	EUCAST
573.66252	Klebsiella pneumoniae 26968_6#38	ceftazidime	Resistant	Laboratory Method	MIC	
573.5767	Klebsiella pneumoniae strain 7_GR_13	ceftazidime	Resistant	Laboratory Method	Broth dilution	CLSI
573.15609	Klebsiella pneumoniae strain KSB1_5H	ceftazidime	Resistant	Laboratory Method	Broth dilution	CLSI
573.13844	Klebsiella pneumoniae KPN2013ec	ceftazidime	Resistant	Laboratory Method	Broth dilution	CLSI
573.66321	Klebsiella pneumoniae 26994_6#67	ceftazidime	Resistant	Laboratory Method	MIC	
573.13799	Klebsiella pneumoniae KPN1951ec	ceftazidime	Resistant	Laboratory Method	Broth dilution	CLSI
1284834.3	Klebsiella pneumoniae KP-11	ceftazidime	Resistant	Laboratory Method		
1438778.3	Klebsiella pneumoniae CHS 74	ceftazidime	Resistant	Laboratory Method	Broth dilution	
573.66447	Klebsiella pneumoniae 27261_7#93	ceftazidime	Resistant	Laboratory Method	MIC	
573.66389	Klebsiella pneumoniae 26994_8#28	ceftazidime	Resistant	Laboratory Method	MIC	
573.13349	Klebsiella pneumoniae KPN1405ec	ceftazidime	Resistant	Laboratory Method	Broth dilution	CLSI
573.13265	Klebsiella pneumoniae KPN1286ec	ceftazidime	Resistant	Laboratory Method	Broth dilution	CLSI
573.66331	Klebsiella pneumoniae 26994_6#102	ceftazidime	Resistant	Laboratory Method	MIC	
573.13501	Klebsiella pneumoniae KPN1573ec	ceftazidime	Resistant	Laboratory Method	Broth dilution	CLSI
573.14543	Klebsiella pneumoniae KPN986ec	ceftazidime	Resistant	Laboratory Method	Broth dilution	CLSI
573.67145	Klebsiella pneumoniae KP_NORM_URN_2013_95819	ceftazidime	Resistant	Laboratory Method		EUCAST
573.33418	Klebsiella pneumoniae strain PMK5b	ceftazidime	Resistant	Laboratory Method	Broth dilution	EUCAST
573.6641	Klebsiella pneumoniae 26994_8#157	ceftazidime	Resistant	Laboratory Method	MIC	
573.1434	Klebsiella pneumoniae KPN714ec	ceftazidime	Resistant	Laboratory Method	Broth dilution	CLSI
573.13021	Klebsiella pneumoniae 3253	ceftazidime	Resistant	Laboratory Method	Broth dilution	CLSI
573.23211	Klebsiella pneumoniae strain KP_160	ceftazidime	Resistant	Laboratory Method	Disk diffusion	CLSI
1284822.3	Klebsiella pneumoniae UHKPC32	ceftazidime	Resistant	Laboratory Method		
573.14469	Klebsiella pneumoniae KPN890ec	ceftazidime	Resistant	Laboratory Method	Broth dilution	CLSI
573.13727	Klebsiella pneumoniae KPN1864ec	ceftazidime	Resistant	Laboratory Method	Broth dilution	CLSI
573.14456	Klebsiella pneumoniae KPN874ec	ceftazidime	Resistant	Laboratory Method	Broth dilution	CLSI
573.66885	Klebsiella pneumoniae KP_NORM_BLD_2011_74861	ceftazidime	Resistant	Laboratory Method		EUCAST
573.13176	Klebsiella pneumoniae KPN1184ec	ceftazidime	Resistant	Laboratory Method	Broth dilution	CLSI
573.5799	Klebsiella pneumoniae strain PB65	ceftazidime	Resistant	Laboratory Method	Broth dilution	EUCAST
573.13979	Klebsiella pneumoniae KPN234ec	ceftazidime	Resistant	Laboratory Method	Broth dilution	CLSI
573.13151	Klebsiella pneumoniae KPN1153ec	ceftazidime	Resistant	Laboratory Method	Broth dilution	CLSI
573.5678	Klebsiella pneumoniae strain PB28	ceftazidime	Resistant	Laboratory Method	Broth dilution	EUCAST
573.66476	Klebsiella pneumoniae 27261_8#61	ceftazidime	Resistant	Laboratory Method	MIC	
573.12913	Klebsiella pneumoniae 3318	ceftazidime	Resistant	Laboratory Method	Broth dilution	CLSI
573.15706	Klebsiella pneumoniae strain K884	ceftazidime	Resistant	Laboratory Method	Disk diffusion	EUCAST
573.14345	Klebsiella pneumoniae KPN719ec	ceftazidime	Resistant	Laboratory Method	Broth dilution	CLSI
573.13623	Klebsiella pneumoniae KPN1720ec	ceftazidime	Resistant	Laboratory Method	Broth dilution	CLSI
573.66254	Klebsiella pneumoniae 26968_6#62	ceftazidime	Resistant	Laboratory Method	MIC	
573.14114	Klebsiella pneumoniae KPN392ec	ceftazidime	Resistant	Laboratory Method	Broth dilution	CLSI
573.15705	Klebsiella pneumoniae strain K882	ceftazidime	Resistant	Laboratory Method	Disk diffusion	EUCAST
573.15618	Klebsiella pneumoniae strain KSB2_5A	ceftazidime	Resistant	Laboratory Method	Broth dilution	CLSI
573.66288	Klebsiella pneumoniae 26975_5#11	ceftazidime	Resistant	Laboratory Method	MIC	
573.66896	Klebsiella pneumoniae KP_NORM_BLD_2011_76233	ceftazidime	Resistant	Laboratory Method		EUCAST
573.14512	Klebsiella pneumoniae KPN944ec	ceftazidime	Resistant	Laboratory Method	Broth dilution	CLSI
573.143	Klebsiella pneumoniae KPN649ec	ceftazidime	Resistant	Laboratory Method	Broth dilution	CLSI
573.66493	Klebsiella pneumoniae 27261_8#121	ceftazidime	Resistant	Laboratory Method	MIC	
573.13792	Klebsiella pneumoniae KPN1942ec	ceftazidime	Resistant	Laboratory Method	Broth dilution	CLSI
72407.525	Klebsiella pneumoniae subsp. pneumoniae strain 3189STDY5864759	ceftazidime	Resistant	Laboratory Method	Broth dilution	CLSI
573.66238	Klebsiella pneumoniae 26968_5#151	ceftazidime	Resistant	Laboratory Method	MIC	
573.13458	Klebsiella pneumoniae KPN1526ec	ceftazidime	Resistant	Laboratory Method	Broth dilution	CLSI
573.1337	Klebsiella pneumoniae KPN1429ec	ceftazidime	Resistant	Laboratory Method	Broth dilution	CLSI
573.13205	Klebsiella pneumoniae KPN1215ec	ceftazidime	Resistant	Laboratory Method	Broth dilution	CLSI
573.66215	Klebsiella pneumoniae 26968_5#4	ceftazidime	Resistant	Laboratory Method	MIC	
573.66282	Klebsiella pneumoniae 26975_5#18	ceftazidime	Resistant	Laboratory Method	MIC	
1438779.3	Klebsiella pneumoniae CHS 75	ceftazidime	Resistant	Laboratory Method	Broth dilution	
573.1436	Klebsiella pneumoniae KPN737ec	ceftazidime	Resistant	Laboratory Method	Broth dilution	CLSI
573.13856	Klebsiella pneumoniae KPN2029ec	ceftazidime	Resistant	Laboratory Method	Broth dilution	CLSI
573.13916	Klebsiella pneumoniae KPN2093ec	ceftazidime	Resistant	Laboratory Method	Broth dilution	CLSI
573.13647	Klebsiella pneumoniae KPN1751ec	ceftazidime	Resistant	Laboratory Method	Broth dilution	CLSI
1438745.3	Klebsiella pneumoniae CHS 39	ceftazidime	Resistant	Laboratory Method	Broth dilution	
573.13203	Klebsiella pneumoniae KPN1213ec	ceftazidime	Resistant	Laboratory Method	Broth dilution	CLSI
573.1402	Klebsiella pneumoniae KPN282ec	ceftazidime	Resistant	Laboratory Method	Broth dilution	CLSI
573.13907	Klebsiella pneumoniae KPN2084ec	ceftazidime	Resistant	Laboratory Method	Broth dilution	CLSI
573.1356	Klebsiella pneumoniae KPN1651ec	ceftazidime	Resistant	Laboratory Method	Broth dilution	CLSI
573.24347	Klebsiella pneumoniae strain MUGSI_130	ceftazidime	Resistant	Laboratory Method	Broth dilution	CLSI
573.13986	Klebsiella pneumoniae KPN245ec	ceftazidime	Resistant	Laboratory Method	Broth dilution	CLSI
72407.535	Klebsiella pneumoniae subsp. pneumoniae strain 3189STDY5864864	ceftazidime	Resistant	Laboratory Method	Broth dilution	CLSI
573.13871	Klebsiella pneumoniae KPN2045ec	ceftazidime	Resistant	Laboratory Method	Broth dilution	CLSI
573.66504	Klebsiella pneumoniae 27261_8#173	ceftazidime	Resistant	Laboratory Method	MIC	
573.15626	Klebsiella pneumoniae strain KSB1_1H	ceftazidime	Resistant	Laboratory Method	Broth dilution	CLSI
573.13764	Klebsiella pneumoniae KPN1905ec	ceftazidime	Resistant	Laboratory Method	Broth dilution	CLSI
72407.554	Klebsiella pneumoniae subsp. pneumoniae strain 3189STDY5864782	ceftazidime	Resistant	Laboratory Method	Broth dilution	CLSI
1284799.4	Klebsiella pneumoniae DMC1316	ceftazidime	Resistant	Laboratory Method		
573.26297	Klebsiella pneumoniae strain 5012STDY7626417	ceftazidime	Resistant	Laboratory Method	Broth dilution	
573.15374	Klebsiella pneumoniae strain INF163	ceftazidime	Resistant	Laboratory Method	Broth dilution	CLSI
573.13444	Klebsiella pneumoniae KPN1511ec	ceftazidime	Resistant	Laboratory Method	Broth dilution	CLSI
573.13529	Klebsiella pneumoniae KPN1609ec	ceftazidime	Resistant	Laboratory Method	Broth dilution	CLSI
573.13038	Klebsiella pneumoniae KPN1011ec	ceftazidime	Resistant	Laboratory Method	Broth dilution	CLSI
573.13882	Klebsiella pneumoniae KPN2058ec	ceftazidime	Resistant	Laboratory Method	Broth dilution	CLSI
573.66347	Klebsiella pneumoniae 26994_6#181	ceftazidime	Resistant	Laboratory Method	MIC	
573.66544	Klebsiella pneumoniae 27261_8#93	ceftazidime	Resistant	Laboratory Method	MIC	
573.66237	Klebsiella pneumoniae 26968_5#165	ceftazidime	Resistant	Laboratory Method	MIC	
573.15519	Klebsiella pneumoniae strain INF073	ceftazidime	Resistant	Laboratory Method	Broth dilution	CLSI
573.14094	Klebsiella pneumoniae KPN371ec	ceftazidime	Resistant	Laboratory Method	Broth dilution	CLSI
573.14396	Klebsiella pneumoniae KPN785ec	ceftazidime	Resistant	Laboratory Method	Broth dilution	CLSI
573.15602	Klebsiella pneumoniae strain INF277	ceftazidime	Resistant	Laboratory Method	Broth dilution	CLSI
573.15364	Klebsiella pneumoniae strain INF278	ceftazidime	Resistant	Laboratory Method	Broth dilution	CLSI
72407.591	Klebsiella pneumoniae subsp. pneumoniae strain 3189STDY5864820	ceftazidime	Resistant	Laboratory Method	Broth dilution	CLSI
573.66524	Klebsiella pneumoniae 27322_4#71	ceftazidime	Resistant	Laboratory Method	MIC	
573.14125	Klebsiella pneumoniae KPN404ec	ceftazidime	Resistant	Laboratory Method	Broth dilution	CLSI
573.14477	Klebsiella pneumoniae KPN900ec	ceftazidime	Resistant	Laboratory Method	Broth dilution	CLSI
573.33408	Klebsiella pneumoniae strain PMK21c	ceftazidime	Resistant	Laboratory Method	Broth dilution	EUCAST
573.1537	Klebsiella pneumoniae strain INF157	ceftazidime	Resistant	Laboratory Method	Broth dilution	CLSI
573.137	Klebsiella pneumoniae KPN1836ec	ceftazidime	Resistant	Laboratory Method	Broth dilution	CLSI
573.1733	Klebsiella pneumoniae strain KpVA-15	ceftazidime	Resistant	Laboratory Method	Disk diffusion	EUCAST
573.14238	Klebsiella pneumoniae KPN561ec	ceftazidime	Resistant	Laboratory Method	Broth dilution	CLSI
573.13011	Klebsiella pneumoniae 3221	ceftazidime	Resistant	Laboratory Method	Broth dilution	CLSI
573.13775	Klebsiella pneumoniae KPN1921ec	ceftazidime	Resistant	Laboratory Method	Broth dilution	CLSI
573.13218	Klebsiella pneumoniae KPN1237ec	ceftazidime	Resistant	Laboratory Method	Broth dilution	CLSI
573.15624	Klebsiella pneumoniae strain INF255	ceftazidime	Resistant	Laboratory Method	Broth dilution	CLSI
573.66185	Klebsiella pneumoniae KP_NORM_BLD_2015_112901	ceftazidime	Resistant	Laboratory Method		EUCAST
573.14353	Klebsiella pneumoniae KPN729ec	ceftazidime	Resistant	Laboratory Method	Broth dilution	CLSI
573.13978	Klebsiella pneumoniae KPN233ec	ceftazidime	Resistant	Laboratory Method	Broth dilution	CLSI
573.24429	Klebsiella pneumoniae strain MUGSI_67	ceftazidime	Resistant	Laboratory Method	Broth dilution	CLSI
1284818.4	Klebsiella pneumoniae UHKPC179	ceftazidime	Resistant	Laboratory Method		
573.66534	Klebsiella pneumoniae 27322_4#127	ceftazidime	Resistant	Laboratory Method	MIC	
573.14062	Klebsiella pneumoniae KPN330ec	ceftazidime	Resistant	Laboratory Method	Broth dilution	CLSI
573.5717	Klebsiella pneumoniae strain W2-13-ERG5	ceftazidime	Resistant	Laboratory Method	Broth dilution	EUCAST
573.13668	Klebsiella pneumoniae KPN1774ec	ceftazidime	Resistant	Laboratory Method	Broth dilution	CLSI
573.14286	Klebsiella pneumoniae KPN619ec	ceftazidime	Resistant	Laboratory Method	Broth dilution	CLSI
573.66392	Klebsiella pneumoniae 26994_8#49	ceftazidime	Resistant	Laboratory Method	MIC	
573.13657	Klebsiella pneumoniae KPN1761ec	ceftazidime	Resistant	Laboratory Method	Broth dilution	CLSI
573.13528	Klebsiella pneumoniae KPN1608ec	ceftazidime	Resistant	Laboratory Method	Broth dilution	CLSI
573.67177	Klebsiella pneumoniae KP_NORM_URN_2015_111534	ceftazidime	Resistant	Laboratory Method		EUCAST
573.135	Klebsiella pneumoniae KPN1572ec	ceftazidime	Resistant	Laboratory Method	Broth dilution	CLSI
573.14123	Klebsiella pneumoniae KPN402ec	ceftazidime	Resistant	Laboratory Method	Broth dilution	CLSI
573.24426	Klebsiella pneumoniae strain MUGSI_64	ceftazidime	Resistant	Laboratory Method	Broth dilution	CLSI
573.13193	Klebsiella pneumoniae KPN1202ec	ceftazidime	Resistant	Laboratory Method	Broth dilution	CLSI
573.13994	Klebsiella pneumoniae KPN254ec	ceftazidime	Resistant	Laboratory Method	Broth dilution	CLSI
573.13796	Klebsiella pneumoniae KPN1949ec	ceftazidime	Resistant	Laboratory Method	Broth dilution	CLSI
573.6693	Klebsiella pneumoniae KP_NORM_BLD_2015_113891	ceftazidime	Resistant	Laboratory Method		EUCAST
573.15638	Klebsiella pneumoniae strain K1035	ceftazidime	Resistant	Laboratory Method	Disk diffusion	EUCAST
573.1451	Klebsiella pneumoniae KPN942ec	ceftazidime	Resistant	Laboratory Method	Broth dilution	CLSI
573.24422	Klebsiella pneumoniae strain MUGSI_58	ceftazidime	Resistant	Laboratory Method	Broth dilution	CLSI
1438717.3	Klebsiella pneumoniae CHS 11	ceftazidime	Resistant	Laboratory Method	Broth dilution	
573.14526	Klebsiella pneumoniae KPN960ec	ceftazidime	Resistant	Laboratory Method	Broth dilution	CLSI
573.13804	Klebsiella pneumoniae KPN1958ec	ceftazidime	Resistant	Laboratory Method	Broth dilution	CLSI
1284815.3	Klebsiella pneumoniae UHKPC24	ceftazidime	Resistant	Laboratory Method		
573.34239	Klebsiella pneumoniae strain INF133-sc-2279960	ceftazidime	Resistant	Laboratory Method	Broth dilution	CLSI
573.24295	Klebsiella pneumoniae strain 396	ceftazidime	Resistant	Laboratory Method	Broth dilution	CLSI
1284808.4	Klebsiella pneumoniae UHKPC06	ceftazidime	Resistant	Laboratory Method		
573.14009	Klebsiella pneumoniae KPN271ec	ceftazidime	Resistant	Laboratory Method	Broth dilution	CLSI
573.15595	Klebsiella pneumoniae strain KSB1_6J	ceftazidime	Resistant	Laboratory Method	Broth dilution	CLSI
1284794.4	Klebsiella pneumoniae UHKPC77	ceftazidime	Resistant	Laboratory Method		
573.66922	Klebsiella pneumoniae KP_NORM_BLD_2014_100833	ceftazidime	Resistant	Laboratory Method		EUCAST
573.14525	Klebsiella pneumoniae KPN959ec	ceftazidime	Resistant	Laboratory Method	Broth dilution	CLSI
72407.529	Klebsiella pneumoniae subsp. pneumoniae strain 3189STDY5864858	ceftazidime	Resistant	Laboratory Method	Broth dilution	CLSI
573.14279	Klebsiella pneumoniae KPN612ec	ceftazidime	Resistant	Laboratory Method	Broth dilution	CLSI
573.13604	Klebsiella pneumoniae KPN1700ec	ceftazidime	Resistant	Laboratory Method	Broth dilution	CLSI
1438737.3	Klebsiella pneumoniae CHS 31	ceftazidime	Resistant	Laboratory Method	Broth dilution	
573.13174	Klebsiella pneumoniae KPN1182ec	ceftazidime	Resistant	Laboratory Method	Broth dilution	CLSI
573.13818	Klebsiella pneumoniae KPN1985ec	ceftazidime	Resistant	Laboratory Method	Broth dilution	CLSI
573.13964	Klebsiella pneumoniae KPN217ec	ceftazidime	Resistant	Laboratory Method	Broth dilution	CLSI
573.14424	Klebsiella pneumoniae KPN825ec	ceftazidime	Resistant	Laboratory Method	Broth dilution	CLSI
573.24398	Klebsiella pneumoniae strain MUGSI_316	ceftazidime	Resistant	Laboratory Method	Broth dilution	CLSI
573.66451	Klebsiella pneumoniae 27261_7#70	ceftazidime	Resistant	Laboratory Method	MIC	
574.2	Klebsiella pneumoniae subsp. ozaenae strain AR_0096	ceftazidime	Resistant	Laboratory Method	Broth dilution	CLSI
573.14284	Klebsiella pneumoniae KPN617ec	ceftazidime	Resistant	Laboratory Method	Broth dilution	CLSI
573.13885	Klebsiella pneumoniae KPN2061ec	ceftazidime	Resistant	Laboratory Method	Broth dilution	CLSI
573.13031	Klebsiella pneumoniae KPN1000ec	ceftazidime	Resistant	Laboratory Method	Broth dilution	CLSI
573.14161	Klebsiella pneumoniae KPN444ec	ceftazidime	Resistant	Laboratory Method	Broth dilution	CLSI
573.15732	Klebsiella pneumoniae strain K1624	ceftazidime	Resistant	Laboratory Method	Disk diffusion	EUCAST
573.24362	Klebsiella pneumoniae strain MUGSI_159	ceftazidime	Resistant	Laboratory Method	Broth dilution	CLSI
573.13735	Klebsiella pneumoniae KPN1871ec	ceftazidime	Resistant	Laboratory Method	Broth dilution	CLSI
573.1278	Klebsiella pneumoniae strain AR_0145	ceftazidime	Resistant	Laboratory Method	Broth dilution	CLSI
573.14441	Klebsiella pneumoniae KPN850ec	ceftazidime	Resistant	Laboratory Method	Broth dilution	CLSI
573.13267	Klebsiella pneumoniae KPN129ec	ceftazidime	Resistant	Laboratory Method	Broth dilution	CLSI
573.13513	Klebsiella pneumoniae KPN1588ec	ceftazidime	Resistant	Laboratory Method	Broth dilution	CLSI
573.13066	Klebsiella pneumoniae KPN1044ec	ceftazidime	Resistant	Laboratory Method	Broth dilution	CLSI
573.24289	Klebsiella pneumoniae strain 351	ceftazidime	Resistant	Laboratory Method	Broth dilution	CLSI
573.5779	Klebsiella pneumoniae strain 11_BR_13	ceftazidime	Resistant	Laboratory Method	Broth dilution	CLSI
573.13798	Klebsiella pneumoniae KPN1950ec	ceftazidime	Resistant	Laboratory Method	Broth dilution	CLSI
573.67154	Klebsiella pneumoniae KP_NORM_URN_2014_97411	ceftazidime	Resistant	Laboratory Method		EUCAST
573.1405	Klebsiella pneumoniae KPN316ec	ceftazidime	Resistant	Laboratory Method	Broth dilution	CLSI
1284806.4	Klebsiella pneumoniae UHKPC18	ceftazidime	Resistant	Laboratory Method		
573.13403	Klebsiella pneumoniae KPN1462ec	ceftazidime	Resistant	Laboratory Method	Broth dilution	CLSI
573.14433	Klebsiella pneumoniae KPN838ec	ceftazidime	Resistant	Laboratory Method	Broth dilution	CLSI
573.14325	Klebsiella pneumoniae KPN696ec	ceftazidime	Resistant	Laboratory Method	Broth dilution	CLSI
573.13539	Klebsiella pneumoniae KPN1621ec	ceftazidime	Resistant	Laboratory Method	Broth dilution	CLSI
573.2628	Klebsiella pneumoniae strain 5012STDY7626396	ceftazidime	Resistant	Laboratory Method	Broth dilution	
573.13531	Klebsiella pneumoniae KPN1610ec	ceftazidime	Resistant	Laboratory Method	Broth dilution	CLSI
573.1309	Klebsiella pneumoniae KPN1078ec	ceftazidime	Resistant	Laboratory Method	Broth dilution	CLSI
573.24433	Klebsiella pneumoniae strain MUGSI_74	ceftazidime	Resistant	Laboratory Method	Broth dilution	CLSI
573.24393	Klebsiella pneumoniae strain MUGSI_31	ceftazidime	Resistant	Laboratory Method	Broth dilution	CLSI
573.1291	Klebsiella pneumoniae 3315	ceftazidime	Resistant	Laboratory Method	Broth dilution	CLSI
573.13107	Klebsiella pneumoniae KPN1103ec	ceftazidime	Resistant	Laboratory Method	Broth dilution	CLSI
573.13641	Klebsiella pneumoniae KPN1743ec	ceftazidime	Resistant	Laboratory Method	Broth dilution	CLSI
573.24388	Klebsiella pneumoniae strain MUGSI_293	ceftazidime	Resistant	Laboratory Method	Broth dilution	CLSI
573.66338	Klebsiella pneumoniae 26994_6#123	ceftazidime	Resistant	Laboratory Method	MIC	
72407.505	Klebsiella pneumoniae subsp. pneumoniae strain 3189STDY5864938	ceftazidime	Resistant	Laboratory Method	Broth dilution	CLSI
573.14218	Klebsiella pneumoniae KPN534ec	ceftazidime	Resistant	Laboratory Method	Broth dilution	CLSI
573.14518	Klebsiella pneumoniae KPN952ec	ceftazidime	Resistant	Laboratory Method	Broth dilution	CLSI
573.66431	Klebsiella pneumoniae 27097_7#63	ceftazidime	Resistant	Laboratory Method	MIC	
573.1443	Klebsiella pneumoniae KPN835ec	ceftazidime	Resistant	Laboratory Method	Broth dilution	CLSI
573.1311	Klebsiella pneumoniae KPN1106ec	ceftazidime	Resistant	Laboratory Method	Broth dilution	CLSI
573.13255	Klebsiella pneumoniae KPN1276ec	ceftazidime	Resistant	Laboratory Method	Broth dilution	CLSI
573.14401	Klebsiella pneumoniae KPN793ec	ceftazidime	Resistant	Laboratory Method	Broth dilution	CLSI
573.13431	Klebsiella pneumoniae KPN1494ec	ceftazidime	Resistant	Laboratory Method	Broth dilution	CLSI
573.5796	Klebsiella pneumoniae strain PB209	ceftazidime	Resistant	Laboratory Method	Broth dilution	EUCAST
573.15692	Klebsiella pneumoniae strain K874	ceftazidime	Resistant	Laboratory Method	Disk diffusion	EUCAST
573.13881	Klebsiella pneumoniae KPN2056ec	ceftazidime	Resistant	Laboratory Method	Broth dilution	CLSI
573.15684	Klebsiella pneumoniae strain K761	ceftazidime	Resistant	Laboratory Method	Disk diffusion	EUCAST
573.14417	Klebsiella pneumoniae KPN817ec	ceftazidime	Resistant	Laboratory Method	Broth dilution	CLSI
573.12956	Klebsiella pneumoniae 3272	ceftazidime	Resistant	Laboratory Method	Broth dilution	CLSI
1284789.4	Klebsiella pneumoniae UHKPC28	ceftazidime	Resistant	Laboratory Method		
573.13808	Klebsiella pneumoniae KPN196ec	ceftazidime	Resistant	Laboratory Method	Broth dilution	CLSI
573.13299	Klebsiella pneumoniae KPN1338ec	ceftazidime	Resistant	Laboratory Method	Broth dilution	CLSI
573.14431	Klebsiella pneumoniae KPN836ec	ceftazidime	Resistant	Laboratory Method	Broth dilution	CLSI
573.5807	Klebsiella pneumoniae strain PB129	ceftazidime	Resistant	Laboratory Method	Broth dilution	EUCAST
573.24341	Klebsiella pneumoniae strain MUGSI_124	ceftazidime	Resistant	Laboratory Method	Broth dilution	CLSI
573.7027	Klebsiella pneumoniae strain AR_0003	ceftazidime	Resistant	Laboratory Method	Broth dilution	CLSI
573.13063	Klebsiella pneumoniae KPN1041ec	ceftazidime	Resistant	Laboratory Method	Broth dilution	CLSI
573.12964	Klebsiella pneumoniae 3309	ceftazidime	Resistant	Laboratory Method	Broth dilution	CLSI
573.1333	Klebsiella pneumoniae KPN1380ec	ceftazidime	Resistant	Laboratory Method	Broth dilution	CLSI
573.13116	Klebsiella pneumoniae KPN1113ec	ceftazidime	Resistant	Laboratory Method	Broth dilution	CLSI
573.5777	Klebsiella pneumoniae strain 14_GR_14	ceftazidime	Resistant	Laboratory Method	Broth dilution	CLSI
573.14208	Klebsiella pneumoniae KPN522ec	ceftazidime	Resistant	Laboratory Method	Broth dilution	CLSI
573.13225	Klebsiella pneumoniae KPN1244ec	ceftazidime	Resistant	Laboratory Method	Broth dilution	CLSI
573.66304	Klebsiella pneumoniae 26975_5#39	ceftazidime	Resistant	Laboratory Method	MIC	
573.13579	Klebsiella pneumoniae KPN1675ec	ceftazidime	Resistant	Laboratory Method	Broth dilution	CLSI
72407.528	Klebsiella pneumoniae subsp. pneumoniae strain 3189STDY5864763	ceftazidime	Resistant	Laboratory Method	Broth dilution	CLSI
573.46064	Klebsiella pneumoniae INF282	ceftazidime	Resistant	Laboratory Method	Broth dilution	CLSI
573.14346	Klebsiella pneumoniae KPN720ec	ceftazidime	Resistant	Laboratory Method	Broth dilution	CLSI
573.66565	Klebsiella pneumoniae 29339_1#55	ceftazidime	Resistant	Laboratory Method	MIC	
573.14018	Klebsiella pneumoniae KPN280ec	ceftazidime	Resistant	Laboratory Method	Broth dilution	CLSI
573.13846	Klebsiella pneumoniae KPN2016ec	ceftazidime	Resistant	Laboratory Method	Broth dilution	CLSI
573.14124	Klebsiella pneumoniae KPN403ec	ceftazidime	Resistant	Laboratory Method	Broth dilution	CLSI
573.67138	Klebsiella pneumoniae KP_NORM_URN_2012_82069	ceftazidime	Resistant	Laboratory Method		EUCAST
573.66293	Klebsiella pneumoniae 26975_4#124	ceftazidime	Resistant	Laboratory Method	MIC	
573.13224	Klebsiella pneumoniae KPN1243ec	ceftazidime	Resistant	Laboratory Method	Broth dilution	CLSI
573.13033	Klebsiella pneumoniae KPN1002ec	ceftazidime	Resistant	Laboratory Method	Broth dilution	CLSI
573.15655	Klebsiella pneumoniae strain K921	ceftazidime	Resistant	Laboratory Method	Disk diffusion	EUCAST
573.14232	Klebsiella pneumoniae KPN554ec	ceftazidime	Resistant	Laboratory Method	Broth dilution	CLSI
573.2433	Klebsiella pneumoniae strain MUGSI_112	ceftazidime	Resistant	Laboratory Method	Broth dilution	CLSI
573.15376	Klebsiella pneumoniae strain INF274	ceftazidime	Resistant	Laboratory Method	Broth dilution	CLSI
573.24409	Klebsiella pneumoniae strain MUGSI_4	ceftazidime	Resistant	Laboratory Method	Broth dilution	CLSI
573.13558	Klebsiella pneumoniae KPN164ec	ceftazidime	Resistant	Laboratory Method	Broth dilution	CLSI
573.66394	Klebsiella pneumoniae 26994_8#69	ceftazidime	Resistant	Laboratory Method	MIC	
573.13395	Klebsiella pneumoniae KPN1454ec	ceftazidime	Resistant	Laboratory Method	Broth dilution	CLSI
573.31074	Klebsiella pneumoniae strain WU12	ceftazidime	Resistant	Laboratory Method	Disk diffusion	CLSI
573.12782	Klebsiella pneumoniae strain AR_0148	ceftazidime	Resistant	Laboratory Method	Broth dilution	CLSI
573.1427	Klebsiella pneumoniae KPN599ec	ceftazidime	Resistant	Laboratory Method	Broth dilution	CLSI
573.13781	Klebsiella pneumoniae KPN1929ec	ceftazidime	Resistant	Laboratory Method	Broth dilution	CLSI
573.14343	Klebsiella pneumoniae KPN717ec	ceftazidime	Resistant	Laboratory Method	Broth dilution	CLSI
573.13182	Klebsiella pneumoniae KPN1190ec	ceftazidime	Resistant	Laboratory Method	Broth dilution	CLSI
573.15708	Klebsiella pneumoniae strain K1075	ceftazidime	Resistant	Laboratory Method	Disk diffusion	EUCAST
573.15695	Klebsiella pneumoniae strain K892	ceftazidime	Resistant	Laboratory Method	Disk diffusion	EUCAST
573.14405	Klebsiella pneumoniae KPN801ec	ceftazidime	Resistant	Laboratory Method	Broth dilution	CLSI
573.66932	Klebsiella pneumoniae KP_NORM_BLD_2015_111587	ceftazidime	Resistant	Laboratory Method		EUCAST
573.13258	Klebsiella pneumoniae KPN1279ec	ceftazidime	Resistant	Laboratory Method	Broth dilution	CLSI
573.66398	Klebsiella pneumoniae 26994_8#123	ceftazidime	Resistant	Laboratory Method	MIC	
573.13598	Klebsiella pneumoniae KPN1695ec	ceftazidime	Resistant	Laboratory Method	Broth dilution	CLSI
573.66847	Klebsiella pneumoniae KP_NORM_BLD_2005_1167	ceftazidime	Resistant	Laboratory Method		EUCAST
573.14026	Klebsiella pneumoniae KPN289ec	ceftazidime	Resistant	Laboratory Method	Broth dilution	CLSI
573.17914	Klebsiella pneumoniae strain AR_0363	ceftazidime	Resistant	Laboratory Method	Broth dilution	CLSI
573.14406	Klebsiella pneumoniae KPN799ec	ceftazidime	Resistant	Laboratory Method	Broth dilution	CLSI
573.13851	Klebsiella pneumoniae KPN2023ec	ceftazidime	Resistant	Laboratory Method	Broth dilution	CLSI
1438775.3	Klebsiella pneumoniae CHS 71	ceftazidime	Resistant	Laboratory Method	Broth dilution	
573.13671	Klebsiella pneumoniae KPN1777ec	ceftazidime	Resistant	Laboratory Method	Broth dilution	CLSI
573.13465	Klebsiella pneumoniae KPN1534ec	ceftazidime	Resistant	Laboratory Method	Broth dilution	CLSI
573.66864	Klebsiella pneumoniae KP_NORM_BLD_2009_62208	ceftazidime	Resistant	Laboratory Method		EUCAST
573.1314	Klebsiella pneumoniae KPN1140ec	ceftazidime	Resistant	Laboratory Method	Broth dilution	CLSI
573.1366	Klebsiella pneumoniae KPN1766ec	ceftazidime	Resistant	Laboratory Method	Broth dilution	CLSI
573.13942	Klebsiella pneumoniae KPN213ec	ceftazidime	Resistant	Laboratory Method	Broth dilution	CLSI
573.14427	Klebsiella pneumoniae KPN830ec	ceftazidime	Resistant	Laboratory Method	Broth dilution	CLSI
573.26196	Klebsiella pneumoniae strain 5012STDY7312660	ceftazidime	Resistant	Laboratory Method	Broth dilution	
573.14257	Klebsiella pneumoniae KPN583ec	ceftazidime	Resistant	Laboratory Method	Broth dilution	CLSI
573.26253	Klebsiella pneumoniae strain 5012STDY7626374	ceftazidime	Resistant	Laboratory Method	Broth dilution	
573.13048	Klebsiella pneumoniae KPN1022ec	ceftazidime	Resistant	Laboratory Method	Broth dilution	CLSI
1438723.3	Klebsiella pneumoniae CHS 17	ceftazidime	Resistant	Laboratory Method	Broth dilution	
573.13353	Klebsiella pneumoniae KPN140ec	ceftazidime	Resistant	Laboratory Method	Broth dilution	CLSI
573.13677	Klebsiella pneumoniae KPN1784ec	ceftazidime	Resistant	Laboratory Method	Broth dilution	CLSI
573.18543	Klebsiella pneumoniae strain AR_0140	ceftazidime	Resistant	Laboratory Method	Broth dilution	CLSI
573.1287	Klebsiella pneumoniae 3399	ceftazidime	Resistant	Laboratory Method	Broth dilution	CLSI
573.46856	Klebsiella pneumoniae KP-26PI	ceftazidime	Resistant	Laboratory Method	Broth dilution	EUCAST
573.6618	Klebsiella pneumoniae KP_NORM_BLD_2014_103381	ceftazidime	Resistant	Laboratory Method		EUCAST
573.13149	Klebsiella pneumoniae KPN1151ec	ceftazidime	Resistant	Laboratory Method	Broth dilution	CLSI
573.1381	Klebsiella pneumoniae KPN1974ec	ceftazidime	Resistant	Laboratory Method	Broth dilution	CLSI
573.13669	Klebsiella pneumoniae KPN1775ec	ceftazidime	Resistant	Laboratory Method	Broth dilution	CLSI
573.13017	Klebsiella pneumoniae 3242	ceftazidime	Resistant	Laboratory Method	Broth dilution	CLSI
573.14271	Klebsiella pneumoniae KPN600ec	ceftazidime	Resistant	Laboratory Method	Broth dilution	CLSI
573.1325	Klebsiella pneumoniae KPN1271ec	ceftazidime	Resistant	Laboratory Method	Broth dilution	CLSI
573.24339	Klebsiella pneumoniae strain MUGSI_121	ceftazidime	Resistant	Laboratory Method	Broth dilution	CLSI
573.15693	Klebsiella pneumoniae strain K875	ceftazidime	Resistant	Laboratory Method	Disk diffusion	EUCAST
573.14059	Klebsiella pneumoniae KPN325ec	ceftazidime	Resistant	Laboratory Method	Broth dilution	CLSI
573.5623	Klebsiella pneumoniae strain 18_GR_14	ceftazidime	Resistant	Laboratory Method	Broth dilution	CLSI
573.13156	Klebsiella pneumoniae KPN1160ec	ceftazidime	Resistant	Laboratory Method	Broth dilution	CLSI
573.24328	Klebsiella pneumoniae strain MUGSI_110	ceftazidime	Resistant	Laboratory Method	Broth dilution	CLSI
573.66278	Klebsiella pneumoniae 26975_4#43	ceftazidime	Resistant	Laboratory Method	MIC	
573.66291	Klebsiella pneumoniae 26975_4#152	ceftazidime	Resistant	Laboratory Method	MIC	
573.13227	Klebsiella pneumoniae KPN1246ec	ceftazidime	Resistant	Laboratory Method	Broth dilution	CLSI
573.46861	Klebsiella pneumoniae KP-37LI	ceftazidime	Resistant	Laboratory Method	Broth dilution	EUCAST
573.13592	Klebsiella pneumoniae KPN1689ec	ceftazidime	Resistant	Laboratory Method	Broth dilution	CLSI
573.26139	Klebsiella pneumoniae strain 5012STDY7312755	ceftazidime	Resistant	Laboratory Method	Broth dilution	
573.13416	Klebsiella pneumoniae KPN1477ec	ceftazidime	Resistant	Laboratory Method	Broth dilution	CLSI
573.67132	Klebsiella pneumoniae KP_NORM_URN_2012_81432	ceftazidime	Resistant	Laboratory Method		EUCAST
573.13841	Klebsiella pneumoniae KPN2010ec	ceftazidime	Resistant	Laboratory Method	Broth dilution	CLSI
573.14095	Klebsiella pneumoniae KPN372ec	ceftazidime	Resistant	Laboratory Method	Broth dilution	CLSI
573.13157	Klebsiella pneumoniae KPN1162ec	ceftazidime	Resistant	Laboratory Method	Broth dilution	CLSI
573.15724	Klebsiella pneumoniae strain K1667	ceftazidime	Resistant	Laboratory Method	Disk diffusion	EUCAST
573.13618	Klebsiella pneumoniae KPN1715ec	ceftazidime	Resistant	Laboratory Method	Broth dilution	CLSI
573.663	Klebsiella pneumoniae 26975_5#33	ceftazidime	Resistant	Laboratory Method	MIC	
573.14326	Klebsiella pneumoniae KPN697ec	ceftazidime	Resistant	Laboratory Method	Broth dilution	CLSI
573.24451	Klebsiella pneumoniae strain MUGSI_94	ceftazidime	Resistant	Laboratory Method	Broth dilution	CLSI
573.13666	Klebsiella pneumoniae KPN1771ec	ceftazidime	Resistant	Laboratory Method	Broth dilution	CLSI
573.1431	Klebsiella pneumoniae KPN679ec	ceftazidime	Resistant	Laboratory Method	Broth dilution	CLSI
573.5768	Klebsiella pneumoniae strain 15_GR_13	ceftazidime	Resistant	Laboratory Method	Broth dilution	CLSI
573.1418	Klebsiella pneumoniae KPN470ec	ceftazidime	Resistant	Laboratory Method	Broth dilution	CLSI
573.13079	Klebsiella pneumoniae KPN1064ec	ceftazidime	Resistant	Laboratory Method	Broth dilution	CLSI
573.66362	Klebsiella pneumoniae 26994_7#89	ceftazidime	Resistant	Laboratory Method	MIC	
573.13126	Klebsiella pneumoniae KPN1124ec	ceftazidime	Resistant	Laboratory Method	Broth dilution	CLSI
573.23225	Klebsiella pneumoniae strain KP_307	ceftazidime	Resistant	Laboratory Method	Disk diffusion	CLSI
573.66512	Klebsiella pneumoniae 27322_4#55	ceftazidime	Resistant	Laboratory Method	MIC	
573.23216	Klebsiella pneumoniae strain KP_063	ceftazidime	Resistant	Laboratory Method	Disk diffusion	CLSI
573.13831	Klebsiella pneumoniae KPN2000ec	ceftazidime	Resistant	Laboratory Method	Broth dilution	CLSI
573.24424	Klebsiella pneumoniae strain MUGSI_61	ceftazidime	Resistant	Laboratory Method	Broth dilution	CLSI
573.14517	Klebsiella pneumoniae KPN950ec	ceftazidime	Resistant	Laboratory Method	Broth dilution	CLSI
573.66387	Klebsiella pneumoniae 26994_8#22	ceftazidime	Resistant	Laboratory Method	MIC	
573.1373	Klebsiella pneumoniae KPN1867ec	ceftazidime	Resistant	Laboratory Method	Broth dilution	CLSI
573.26092	Klebsiella pneumoniae strain 5012STDY7312708	ceftazidime	Resistant	Laboratory Method	Broth dilution	
573.14108	Klebsiella pneumoniae KPN385ec	ceftazidime	Resistant	Laboratory Method	Broth dilution	CLSI
573.46868	Klebsiella pneumoniae KP-74LU	ceftazidime	Resistant	Laboratory Method	Broth dilution	EUCAST
573.13071	Klebsiella pneumoniae KPN1052ec	ceftazidime	Resistant	Laboratory Method	Broth dilution	CLSI
573.66559	Klebsiella pneumoniae 29109_2#334	ceftazidime	Resistant	Laboratory Method	MIC	
573.13991	Klebsiella pneumoniae KPN250ec	ceftazidime	Resistant	Laboratory Method	Broth dilution	CLSI
1284805.4	Klebsiella pneumoniae UHKPC17	ceftazidime	Resistant	Laboratory Method		
573.66482	Klebsiella pneumoniae 27261_8#79	ceftazidime	Resistant	Laboratory Method	MIC	
573.13857	Klebsiella pneumoniae KPN202ec	ceftazidime	Resistant	Laboratory Method	Broth dilution	CLSI
573.23221	Klebsiella pneumoniae strain KP_044	ceftazidime	Resistant	Laboratory Method	Disk diffusion	CLSI
573.1429	Klebsiella pneumoniae KPN623ec	ceftazidime	Resistant	Laboratory Method	Broth dilution	CLSI
573.26281	Klebsiella pneumoniae strain 5012STDY7626401	ceftazidime	Resistant	Laboratory Method	Broth dilution	
573.13855	Klebsiella pneumoniae KPN2027ec	ceftazidime	Resistant	Laboratory Method	Broth dilution	CLSI
573.24374	Klebsiella pneumoniae strain MUGSI_191	ceftazidime	Resistant	Laboratory Method	Broth dilution	CLSI
573.24298	Klebsiella pneumoniae strain 400	ceftazidime	Resistant	Laboratory Method	Broth dilution	CLSI
573.18542	Klebsiella pneumoniae strain AR_0087	ceftazidime	Resistant	Laboratory Method	Broth dilution	CLSI
573.66308	Klebsiella pneumoniae 26975_5#137	ceftazidime	Resistant	Laboratory Method	MIC	
573.13828	Klebsiella pneumoniae KPN1997ec	ceftazidime	Resistant	Laboratory Method	Broth dilution	CLSI
1438724.3	Klebsiella pneumoniae CHS 18	ceftazidime	Resistant	Laboratory Method	Broth dilution	
573.24395	Klebsiella pneumoniae strain MUGSI_311	ceftazidime	Resistant	Laboratory Method	Broth dilution	CLSI
573.26321	Klebsiella pneumoniae strain 5012STDY7626441	ceftazidime	Resistant	Laboratory Method	Broth dilution	
573.66408	Klebsiella pneumoniae 26994_8#159	ceftazidime	Resistant	Laboratory Method	MIC	
1438713.3	Klebsiella pneumoniae CHS 07	ceftazidime	Resistant	Laboratory Method	Broth dilution	
573.13209	Klebsiella pneumoniae KPN1219ec	ceftazidime	Resistant	Laboratory Method	Broth dilution	CLSI
72407.515	Klebsiella pneumoniae subsp. pneumoniae strain 3189STDY5864943	ceftazidime	Resistant	Laboratory Method	Broth dilution	CLSI
573.1358	Klebsiella pneumoniae KPN1676ec	ceftazidime	Resistant	Laboratory Method	Broth dilution	CLSI
573.14065	Klebsiella pneumoniae KPN333ec	ceftazidime	Resistant	Laboratory Method	Broth dilution	CLSI
573.12942	Klebsiella pneumoniae 3353	ceftazidime	Resistant	Laboratory Method	Broth dilution	CLSI
573.66477	Klebsiella pneumoniae 27261_8#96	ceftazidime	Resistant	Laboratory Method	MIC	
573.18477	Klebsiella pneumoniae strain CCUG 70747	ceftazidime	Resistant	Laboratory Method	Broth dilution	EUCAST
573.13478	Klebsiella pneumoniae KPN1549ec	ceftazidime	Resistant	Laboratory Method	Broth dilution	CLSI
573.34278	Klebsiella pneumoniae strain INF142-sc-2279977	ceftazidime	Resistant	Laboratory Method	Broth dilution	CLSI
573.26305	Klebsiella pneumoniae strain 5012STDY7626425	ceftazidime	Resistant	Laboratory Method	Broth dilution	
573.66558	Klebsiella pneumoniae 29109_2#172	ceftazidime	Resistant	Laboratory Method	MIC	
573.26268	Klebsiella pneumoniae strain 5012STDY7626388	ceftazidime	Resistant	Laboratory Method	Broth dilution	
573.14418	Klebsiella pneumoniae KPN818ec	ceftazidime	Resistant	Laboratory Method	Broth dilution	CLSI
573.33398	Klebsiella pneumoniae strain PMK13a	ceftazidime	Resistant	Laboratory Method	Broth dilution	EUCAST
573.1441	Klebsiella pneumoniae KPN807ec	ceftazidime	Resistant	Laboratory Method	Broth dilution	CLSI
573.13195	Klebsiella pneumoniae KPN1204ec	ceftazidime	Resistant	Laboratory Method	Broth dilution	CLSI
573.13153	Klebsiella pneumoniae KPN1155ec	ceftazidime	Resistant	Laboratory Method	Broth dilution	CLSI
573.13383	Klebsiella pneumoniae KPN1441ec	ceftazidime	Resistant	Laboratory Method	Broth dilution	CLSI
573.13113	Klebsiella pneumoniae KPN1109ec	ceftazidime	Resistant	Laboratory Method	Broth dilution	CLSI
72407.536	Klebsiella pneumoniae subsp. pneumoniae strain 3189STDY5864776	ceftazidime	Resistant	Laboratory Method	Broth dilution	CLSI
573.5701	Klebsiella pneumoniae strain PB388	ceftazidime	Resistant	Laboratory Method	Broth dilution	EUCAST
573.13678	Klebsiella pneumoniae KPN1785ec	ceftazidime	Resistant	Laboratory Method	Broth dilution	CLSI
72407.489	Klebsiella pneumoniae subsp. pneumoniae strain 3189STDY5864850	ceftazidime	Resistant	Laboratory Method	Broth dilution	CLSI
573.14299	Klebsiella pneumoniae KPN648ec	ceftazidime	Resistant	Laboratory Method	Broth dilution	CLSI
573.24352	Klebsiella pneumoniae strain MUGSI_140	ceftazidime	Resistant	Laboratory Method	Broth dilution	CLSI
573.23199	Klebsiella pneumoniae strain KP_121	ceftazidime	Resistant	Laboratory Method	Disk diffusion	CLSI
573.15657	Klebsiella pneumoniae strain K924	ceftazidime	Resistant	Laboratory Method	Disk diffusion	EUCAST
573.13347	Klebsiella pneumoniae KPN1403ec	ceftazidime	Resistant	Laboratory Method	Broth dilution	CLSI
573.13532	Klebsiella pneumoniae KPN1611ec	ceftazidime	Resistant	Laboratory Method	Broth dilution	CLSI
573.6643	Klebsiella pneumoniae 27097_7#75	ceftazidime	Resistant	Laboratory Method	MIC	
573.13097	Klebsiella pneumoniae KPN1091ec	ceftazidime	Resistant	Laboratory Method	Broth dilution	CLSI
1438774.3	Klebsiella pneumoniae CHS 70	ceftazidime	Resistant	Laboratory Method	Broth dilution	
573.13242	Klebsiella pneumoniae KPN1263ec	ceftazidime	Resistant	Laboratory Method	Broth dilution	CLSI
573.13068	Klebsiella pneumoniae KPN1046ec	ceftazidime	Resistant	Laboratory Method	Broth dilution	CLSI
573.13167	Klebsiella pneumoniae KPN1172ec	ceftazidime	Resistant	Laboratory Method	Broth dilution	CLSI
573.66549	Klebsiella pneumoniae 29105_1#149	ceftazidime	Resistant	Laboratory Method	MIC	
573.1391	Klebsiella pneumoniae KPN2087ec	ceftazidime	Resistant	Laboratory Method	Broth dilution	CLSI
573.1423	Klebsiella pneumoniae KPN552ec	ceftazidime	Resistant	Laboratory Method	Broth dilution	CLSI
573.31064	Klebsiella pneumoniae strain PH25	ceftazidime	Resistant	Laboratory Method	Disk diffusion	CLSI
573.14502	Klebsiella pneumoniae KPN930ec	ceftazidime	Resistant	Laboratory Method	Broth dilution	CLSI
573.24337	Klebsiella pneumoniae strain MUGSI_119	ceftazidime	Resistant	Laboratory Method	Broth dilution	CLSI
573.13043	Klebsiella pneumoniae KPN1017ec	ceftazidime	Resistant	Laboratory Method	Broth dilution	CLSI
573.13052	Klebsiella pneumoniae KPN1027ec	ceftazidime	Resistant	Laboratory Method	Broth dilution	CLSI
573.1319	Klebsiella pneumoniae KPN1198ec	ceftazidime	Resistant	Laboratory Method	Broth dilution	CLSI
573.13756	Klebsiella pneumoniae KPN1895ec	ceftazidime	Resistant	Laboratory Method	Broth dilution	CLSI
573.66301	Klebsiella pneumoniae 26975_5#105	ceftazidime	Resistant	Laboratory Method	MIC	
573.13244	Klebsiella pneumoniae KPN1265ec	ceftazidime	Resistant	Laboratory Method	Broth dilution	CLSI
573.66925	Klebsiella pneumoniae KP_NORM_BLD_2014_104302	ceftazidime	Resistant	Laboratory Method		EUCAST
573.66561	Klebsiella pneumoniae 29109_2#265	ceftazidime	Resistant	Laboratory Method	MIC	
573.6638	Klebsiella pneumoniae 26994_8#5	ceftazidime	Resistant	Laboratory Method	MIC	
573.14539	Klebsiella pneumoniae KPN981ec	ceftazidime	Resistant	Laboratory Method	Broth dilution	CLSI
573.26081	Klebsiella pneumoniae strain 5012STDY7312716	ceftazidime	Resistant	Laboratory Method	Broth dilution	
573.66366	Klebsiella pneumoniae 26994_7#92	ceftazidime	Resistant	Laboratory Method	MIC	
72407.289	Klebsiella pneumoniae subsp. pneumoniae MRSN752309	ceftazidime	Resistant	Laboratory Method		
573.15108	Klebsiella pneumoniae strain AR_0143	ceftazidime	Resistant	Laboratory Method	Broth dilution	CLSI
573.14144	Klebsiella pneumoniae KPN424ec	ceftazidime	Resistant	Laboratory Method	Broth dilution	CLSI
573.13533	Klebsiella pneumoniae KPN1612ec	ceftazidime	Resistant	Laboratory Method	Broth dilution	CLSI
1438720.3	Klebsiella pneumoniae CHS 14	ceftazidime	Resistant	Laboratory Method	Broth dilution	
573.33405	Klebsiella pneumoniae strain PMK26a	ceftazidime	Resistant	Laboratory Method	Broth dilution	EUCAST
573.24446	Klebsiella pneumoniae strain MUGSI_87	ceftazidime	Resistant	Laboratory Method	Broth dilution	CLSI
573.66332	Klebsiella pneumoniae 26994_6#104	ceftazidime	Resistant	Laboratory Method	MIC	
573.26238	Klebsiella pneumoniae strain 5012STDY7626475	ceftazidime	Resistant	Laboratory Method	Broth dilution	
573.1394	Klebsiella pneumoniae KPN2129ec	ceftazidime	Resistant	Laboratory Method	Broth dilution	CLSI
573.66498	Klebsiella pneumoniae 27261_8#154	ceftazidime	Resistant	Laboratory Method	MIC	
573.13963	Klebsiella pneumoniae KPN2174ec	ceftazidime	Resistant	Laboratory Method	Broth dilution	CLSI
573.66515	Klebsiella pneumoniae 27261_8#191	ceftazidime	Resistant	Laboratory Method	MIC	
573.66505	Klebsiella pneumoniae 27261_8#172	ceftazidime	Resistant	Laboratory Method	MIC	
573.66361	Klebsiella pneumoniae 26994_7#87	ceftazidime	Resistant	Laboratory Method	MIC	
573.13355	Klebsiella pneumoniae KPN1411ec	ceftazidime	Resistant	Laboratory Method	Broth dilution	CLSI
573.3106	Klebsiella pneumoniae strain PH139	ceftazidime	Resistant	Laboratory Method	Disk diffusion	CLSI
573.14298	Klebsiella pneumoniae KPN641ec	ceftazidime	Resistant	Laboratory Method	Broth dilution	CLSI
573.13145	Klebsiella pneumoniae KPN1147ec	ceftazidime	Resistant	Laboratory Method	Broth dilution	CLSI
573.7032	Klebsiella pneumoniae strain AR_0041	ceftazidime	Resistant	Laboratory Method	Broth dilution	CLSI
573.133	Klebsiella pneumoniae KPN133ec	ceftazidime	Resistant	Laboratory Method	Broth dilution	CLSI
573.12783	Klebsiella pneumoniae strain AR_0107	ceftazidime	Resistant	Laboratory Method	Broth dilution	CLSI
573.13959	Klebsiella pneumoniae KPN216ec	ceftazidime	Resistant	Laboratory Method	Broth dilution	CLSI
573.13771	Klebsiella pneumoniae KPN1917ec	ceftazidime	Resistant	Laboratory Method	Broth dilution	CLSI
573.66307	Klebsiella pneumoniae 26975_5#153	ceftazidime	Resistant	Laboratory Method	MIC	
573.66359	Klebsiella pneumoniae 26994_7#55	ceftazidime	Resistant	Laboratory Method	MIC	
573.13348	Klebsiella pneumoniae KPN1404ec	ceftazidime	Resistant	Laboratory Method	Broth dilution	CLSI
573.15698	Klebsiella pneumoniae strain K756	ceftazidime	Resistant	Laboratory Method	Disk diffusion	EUCAST
573.5697	Klebsiella pneumoniae strain PB502	ceftazidime	Resistant	Laboratory Method	Broth dilution	EUCAST
573.66327	Klebsiella pneumoniae 26994_6#87	ceftazidime	Resistant	Laboratory Method	MIC	
573.24353	Klebsiella pneumoniae strain MUGSI_141	ceftazidime	Resistant	Laboratory Method	Broth dilution	CLSI
573.66467	Klebsiella pneumoniae 27261_8#53	ceftazidime	Resistant	Laboratory Method	MIC	
573.14039	Klebsiella pneumoniae KPN304ec	ceftazidime	Resistant	Laboratory Method	Broth dilution	CLSI
573.14203	Klebsiella pneumoniae KPN514ec	ceftazidime	Resistant	Laboratory Method	Broth dilution	CLSI
573.13605	Klebsiella pneumoniae KPN1701ec	ceftazidime	Resistant	Laboratory Method	Broth dilution	CLSI
573.13315	Klebsiella pneumoniae KPN1356ec	ceftazidime	Resistant	Laboratory Method	Broth dilution	CLSI
72407.546	Klebsiella pneumoniae subsp. pneumoniae strain 3189STDY5864774	ceftazidime	Resistant	Laboratory Method	Broth dilution	CLSI
573.13235	Klebsiella pneumoniae KPN1256ec	ceftazidime	Resistant	Laboratory Method	Broth dilution	CLSI
573.13089	Klebsiella pneumoniae KPN1077ec	ceftazidime	Resistant	Laboratory Method	Broth dilution	CLSI
573.13246	Klebsiella pneumoniae KPN1268ec	ceftazidime	Resistant	Laboratory Method	Broth dilution	CLSI
573.5694	Klebsiella pneumoniae strain W2-1-ERG5	ceftazidime	Resistant	Laboratory Method	Broth dilution	EUCAST
573.13234	Klebsiella pneumoniae KPN1255ec	ceftazidime	Resistant	Laboratory Method	Broth dilution	CLSI
573.13629	Klebsiella pneumoniae KPN1727ec	ceftazidime	Resistant	Laboratory Method	Broth dilution	CLSI
573.66379	Klebsiella pneumoniae 26994_7#157	ceftazidime	Resistant	Laboratory Method	MIC	
573.1732	Klebsiella pneumoniae strain KpVA-14	ceftazidime	Resistant	Laboratory Method	Disk diffusion	EUCAST
573.66364	Klebsiella pneumoniae 26994_7#99	ceftazidime	Resistant	Laboratory Method	MIC	
573.14465	Klebsiella pneumoniae KPN883ec	ceftazidime	Resistant	Laboratory Method	Broth dilution	CLSI
573.14336	Klebsiella pneumoniae KPN709ec	ceftazidime	Resistant	Laboratory Method	Broth dilution	CLSI
573.66328	Klebsiella pneumoniae 26994_6#95	ceftazidime	Resistant	Laboratory Method	MIC	
573.66284	Klebsiella pneumoniae 26975_5#16	ceftazidime	Resistant	Laboratory Method	MIC	
573.1347	Klebsiella pneumoniae KPN1540ec	ceftazidime	Resistant	Laboratory Method	Broth dilution	CLSI
573.24336	Klebsiella pneumoniae strain MUGSI_118	ceftazidime	Resistant	Laboratory Method	Broth dilution	CLSI
573.13584	Klebsiella pneumoniae KPN167ec	ceftazidime	Resistant	Laboratory Method	Broth dilution	CLSI
573.569	Klebsiella pneumoniae strain PB226	ceftazidime	Resistant	Laboratory Method	Broth dilution	EUCAST
573.12949	Klebsiella pneumoniae 3281	ceftazidime	Resistant	Laboratory Method	Broth dilution	CLSI
573.66358	Klebsiella pneumoniae 26994_7#73	ceftazidime	Resistant	Laboratory Method	MIC	
573.13019	Klebsiella pneumoniae 3313	ceftazidime	Resistant	Laboratory Method	Broth dilution	CLSI
573.14052	Klebsiella pneumoniae KPN318ec	ceftazidime	Resistant	Laboratory Method	Broth dilution	CLSI
573.6646	Klebsiella pneumoniae 27261_8#2	ceftazidime	Resistant	Laboratory Method	MIC	
573.24415	Klebsiella pneumoniae strain MUGSI_49	ceftazidime	Resistant	Laboratory Method	Broth dilution	CLSI
573.24376	Klebsiella pneumoniae strain MUGSI_2	ceftazidime	Resistant	Laboratory Method	Broth dilution	CLSI
573.13887	Klebsiella pneumoniae KPN2063ec	ceftazidime	Resistant	Laboratory Method	Broth dilution	CLSI
573.14471	Klebsiella pneumoniae KPN892ec	ceftazidime	Resistant	Laboratory Method	Broth dilution	CLSI
573.66274	Klebsiella pneumoniae 26975_4#25	ceftazidime	Resistant	Laboratory Method	MIC	
573.13091	Klebsiella pneumoniae KPN1079ec	ceftazidime	Resistant	Laboratory Method	Broth dilution	CLSI
573.15375	Klebsiella pneumoniae strain INF164	ceftazidime	Resistant	Laboratory Method	Broth dilution	CLSI
573.24345	Klebsiella pneumoniae strain MUGSI_128	ceftazidime	Resistant	Laboratory Method	Broth dilution	CLSI
573.24449	Klebsiella pneumoniae strain MUGSI_91	ceftazidime	Resistant	Laboratory Method	Broth dilution	CLSI
72407.542	Klebsiella pneumoniae subsp. pneumoniae strain 3189STDY5864777	ceftazidime	Resistant	Laboratory Method	Broth dilution	CLSI
1438711.3	Klebsiella pneumoniae CHS 05	ceftazidime	Resistant	Laboratory Method	Broth dilution	
573.15664	Klebsiella pneumoniae strain K1047	ceftazidime	Resistant	Laboratory Method	Disk diffusion	EUCAST
573.24319	Klebsiella pneumoniae strain FH-2	ceftazidime	Resistant	Laboratory Method	Broth dilution	CLSI
573.13697	Klebsiella pneumoniae KPN1832ec	ceftazidime	Resistant	Laboratory Method	Broth dilution	CLSI
573.66322	Klebsiella pneumoniae 26994_6#59	ceftazidime	Resistant	Laboratory Method	MIC	
573.66367	Klebsiella pneumoniae 26994_7#90	ceftazidime	Resistant	Laboratory Method	MIC	
573.5698	Klebsiella pneumoniae strain PB463	ceftazidime	Resistant	Laboratory Method	Broth dilution	EUCAST
573.12947	Klebsiella pneumoniae 3362	ceftazidime	Resistant	Laboratory Method	Broth dilution	CLSI
573.13832	Klebsiella pneumoniae KPN2002ec	ceftazidime	Resistant	Laboratory Method	Broth dilution	CLSI
573.33419	Klebsiella pneumoniae strain PMK6	ceftazidime	Resistant	Laboratory Method	Broth dilution	EUCAST
573.66571	Klebsiella pneumoniae 29339_1#68	ceftazidime	Resistant	Laboratory Method	MIC	
573.1722	Klebsiella pneumoniae strain KpVA-4	ceftazidime	Resistant	Laboratory Method	Disk diffusion	EUCAST
573.1565	Klebsiella pneumoniae strain K944	ceftazidime	Resistant	Laboratory Method	Disk diffusion	EUCAST
573.24414	Klebsiella pneumoniae strain MUGSI_46	ceftazidime	Resistant	Laboratory Method	Broth dilution	CLSI
1438732.3	Klebsiella pneumoniae CHS 26	ceftazidime	Resistant	Laboratory Method	Broth dilution	
573.13791	Klebsiella pneumoniae KPN1941ec	ceftazidime	Resistant	Laboratory Method	Broth dilution	CLSI
573.66935	Klebsiella pneumoniae KP_NORM_BLD_2015_115991	ceftazidime	Resistant	Laboratory Method		EUCAST
573.6771	Klebsiella pneumoniae KP_NORM_URN_2015_113010	ceftazidime	Resistant	Laboratory Method		EUCAST
573.13328	Klebsiella pneumoniae KPN1377ec	ceftazidime	Resistant	Laboratory Method	Broth dilution	CLSI
573.14484	Klebsiella pneumoniae KPN911ec	ceftazidime	Resistant	Laboratory Method	Broth dilution	CLSI
573.13805	Klebsiella pneumoniae KPN1960ec	ceftazidime	Resistant	Laboratory Method	Broth dilution	CLSI
573.1384	Klebsiella pneumoniae KPN200ec	ceftazidime	Resistant	Laboratory Method	Broth dilution	CLSI
573.66205	Klebsiella pneumoniae KP_NORM_URN_2015_109629	ceftazidime	Resistant	Laboratory Method		EUCAST
573.2437	Klebsiella pneumoniae strain MUGSI_181	ceftazidime	Resistant	Laboratory Method	Broth dilution	CLSI
573.14241	Klebsiella pneumoniae KPN566ec	ceftazidime	Resistant	Laboratory Method	Broth dilution	CLSI
573.33396	Klebsiella pneumoniae strain PMK16	ceftazidime	Resistant	Laboratory Method	Broth dilution	EUCAST
573.13638	Klebsiella pneumoniae KPN1739ec	ceftazidime	Resistant	Laboratory Method	Broth dilution	CLSI
573.22562	Klebsiella pneumoniae strain SU3	ceftazidime	Resistant	Laboratory Method		EUCAST
573.12999	Klebsiella pneumoniae 3234	ceftazidime	Resistant	Laboratory Method	Broth dilution	CLSI
1438754.3	Klebsiella pneumoniae CHS 48	ceftazidime	Resistant	Laboratory Method	Broth dilution	
573.13484	Klebsiella pneumoniae KPN1556ec	ceftazidime	Resistant	Laboratory Method	Broth dilution	CLSI
573.1374	Klebsiella pneumoniae KPN1877ec	ceftazidime	Resistant	Laboratory Method	Broth dilution	CLSI
573.66339	Klebsiella pneumoniae 26994_6#162	ceftazidime	Resistant	Laboratory Method	MIC	
573.14219	Klebsiella pneumoniae KPN535ec	ceftazidime	Resistant	Laboratory Method	Broth dilution	CLSI
573.66231	Klebsiella pneumoniae 26968_5#76	ceftazidime	Resistant	Laboratory Method	MIC	
573.14175	Klebsiella pneumoniae KPN464ec	ceftazidime	Resistant	Laboratory Method	Broth dilution	CLSI
573.15636	Klebsiella pneumoniae strain K779	ceftazidime	Resistant	Laboratory Method	Disk diffusion	EUCAST
573.14293	Klebsiella pneumoniae KPN630ec	ceftazidime	Resistant	Laboratory Method	Broth dilution	CLSI
573.66248	Klebsiella pneumoniae 26968_6#25	ceftazidime	Resistant	Laboratory Method	MIC	
573.13144	Klebsiella pneumoniae KPN1146ec	ceftazidime	Resistant	Laboratory Method	Broth dilution	CLSI
573.66401	Klebsiella pneumoniae 26994_8#70	ceftazidime	Resistant	Laboratory Method	MIC	
573.13971	Klebsiella pneumoniae KPN224ec	ceftazidime	Resistant	Laboratory Method	Broth dilution	CLSI
573.1412	Klebsiella pneumoniae KPN399ec	ceftazidime	Resistant	Laboratory Method	Broth dilution	CLSI
573.14181	Klebsiella pneumoniae KPN471ec	ceftazidime	Resistant	Laboratory Method	Broth dilution	CLSI
573.13938	Klebsiella pneumoniae KPN2127ec	ceftazidime	Resistant	Laboratory Method	Broth dilution	CLSI
72407.486	Klebsiella pneumoniae subsp. pneumoniae strain 3189STDY5864851	ceftazidime	Resistant	Laboratory Method	Broth dilution	CLSI
573.24288	Klebsiella pneumoniae strain 350	ceftazidime	Resistant	Laboratory Method	Broth dilution	CLSI
573.13041	Klebsiella pneumoniae KPN1014ec	ceftazidime	Resistant	Laboratory Method	Broth dilution	CLSI
573.66871	Klebsiella pneumoniae KP_NORM_BLD_2010_70364	ceftazidime	Resistant	Laboratory Method		EUCAST
573.14483	Klebsiella pneumoniae KPN908ec	ceftazidime	Resistant	Laboratory Method	Broth dilution	CLSI
573.67149	Klebsiella pneumoniae KP_NORM_URN_2013_95870	ceftazidime	Resistant	Laboratory Method		EUCAST
573.13332	Klebsiella pneumoniae KPN1382ec	ceftazidime	Resistant	Laboratory Method	Broth dilution	CLSI
573.13522	Klebsiella pneumoniae KPN1598ec	ceftazidime	Resistant	Laboratory Method	Broth dilution	CLSI
573.14532	Klebsiella pneumoniae KPN968ec	ceftazidime	Resistant	Laboratory Method	Broth dilution	CLSI
573.23214	Klebsiella pneumoniae strain KP_093	ceftazidime	Resistant	Laboratory Method	Disk diffusion	CLSI
573.1308	Klebsiella pneumoniae KPN1065ec	ceftazidime	Resistant	Laboratory Method	Broth dilution	CLSI
573.5673	Klebsiella pneumoniae strain PB94	ceftazidime	Resistant	Laboratory Method	Broth dilution	EUCAST
72407.507	Klebsiella pneumoniae subsp. pneumoniae strain 3189STDY5864942	ceftazidime	Resistant	Laboratory Method	Broth dilution	CLSI
573.14028	Klebsiella pneumoniae KPN291ec	ceftazidime	Resistant	Laboratory Method	Broth dilution	CLSI
573.13672	Klebsiella pneumoniae KPN1779ec	ceftazidime	Resistant	Laboratory Method	Broth dilution	CLSI
573.13042	Klebsiella pneumoniae KPN1015ec	ceftazidime	Resistant	Laboratory Method	Broth dilution	CLSI
573.24306	Klebsiella pneumoniae strain 459	ceftazidime	Resistant	Laboratory Method	Broth dilution	CLSI
573.13762	Klebsiella pneumoniae KPN1903ec	ceftazidime	Resistant	Laboratory Method	Broth dilution	CLSI
573.14015	Klebsiella pneumoniae KPN277ec	ceftazidime	Resistant	Laboratory Method	Broth dilution	CLSI
573.14261	Klebsiella pneumoniae KPN588ec	ceftazidime	Resistant	Laboratory Method	Broth dilution	CLSI
573.66916	Klebsiella pneumoniae KP_NORM_BLD_2013_92328	ceftazidime	Resistant	Laboratory Method		EUCAST
573.66357	Klebsiella pneumoniae 26994_7#74	ceftazidime	Resistant	Laboratory Method	MIC	
573.46847	Klebsiella pneumoniae KP-20LU	ceftazidime	Resistant	Laboratory Method	Broth dilution	EUCAST
1438726.3	Klebsiella pneumoniae CHS 20	ceftazidime	Resistant	Laboratory Method	Broth dilution	
573.13976	Klebsiella pneumoniae KPN231ec	ceftazidime	Resistant	Laboratory Method	Broth dilution	CLSI
573.66539	Klebsiella pneumoniae 29105_1#88	ceftazidime	Resistant	Laboratory Method	MIC	
573.13926	Klebsiella pneumoniae KPN2108ec	ceftazidime	Resistant	Laboratory Method	Broth dilution	CLSI
573.1392	Klebsiella pneumoniae KPN209ec	ceftazidime	Resistant	Laboratory Method	Broth dilution	CLSI
573.24454	Klebsiella pneumoniae strain MUGSI_97	ceftazidime	Resistant	Laboratory Method	Broth dilution	CLSI
573.24244	Klebsiella pneumoniae strain 101	ceftazidime	Resistant	Laboratory Method	Broth dilution	CLSI
573.1361	Klebsiella pneumoniae KPN1707ec	ceftazidime	Resistant	Laboratory Method	Broth dilution	CLSI
573.1439	Klebsiella pneumoniae KPN777ec	ceftazidime	Resistant	Laboratory Method	Broth dilution	CLSI
573.14514	Klebsiella pneumoniae KPN946ec	ceftazidime	Resistant	Laboratory Method	Broth dilution	CLSI
573.13008	Klebsiella pneumoniae 3302	ceftazidime	Resistant	Laboratory Method	Broth dilution	CLSI
573.33417	Klebsiella pneumoniae strain PMK4b	ceftazidime	Resistant	Laboratory Method	Broth dilution	EUCAST
573.23229	Klebsiella pneumoniae strain KP_328	ceftazidime	Resistant	Laboratory Method	Disk diffusion	CLSI
573.14169	Klebsiella pneumoniae KPN457ec	ceftazidime	Resistant	Laboratory Method	Broth dilution	CLSI
573.15632	Klebsiella pneumoniae strain K792	ceftazidime	Resistant	Laboratory Method	Disk diffusion	EUCAST
573.66369	Klebsiella pneumoniae 26994_7#115	ceftazidime	Resistant	Laboratory Method	MIC	
573.66933	Klebsiella pneumoniae KP_NORM_BLD_2014_104360	ceftazidime	Resistant	Laboratory Method		EUCAST
573.13701	Klebsiella pneumoniae KPN1839ec	ceftazidime	Resistant	Laboratory Method	Broth dilution	CLSI
573.66537	Klebsiella pneumoniae 27098_8#1	ceftazidime	Resistant	Laboratory Method	MIC	
573.23217	Klebsiella pneumoniae strain KP_158	ceftazidime	Resistant	Laboratory Method	Disk diffusion	CLSI
573.46841	Klebsiella pneumoniae KP-15PI	ceftazidime	Resistant	Laboratory Method	Broth dilution	EUCAST
573.13139	Klebsiella pneumoniae KPN1139ec	ceftazidime	Resistant	Laboratory Method	Broth dilution	CLSI
573.66894	Klebsiella pneumoniae KP_NORM_BLD_2011_76205	ceftazidime	Resistant	Laboratory Method		EUCAST
573.13955	Klebsiella pneumoniae KPN2166ec	ceftazidime	Resistant	Laboratory Method	Broth dilution	CLSI
573.173	Klebsiella pneumoniae strain KpVA-12	ceftazidime	Resistant	Laboratory Method	Disk diffusion	EUCAST
573.46848	Klebsiella pneumoniae KP-20PI	ceftazidime	Resistant	Laboratory Method	Broth dilution	EUCAST
573.13413	Klebsiella pneumoniae KPN1475ec	ceftazidime	Resistant	Laboratory Method	Broth dilution	CLSI
573.66194	Klebsiella pneumoniae KP_NORM_URN_2015_109356	ceftazidime	Resistant	Laboratory Method		EUCAST
573.13381	Klebsiella pneumoniae KPN143ec	ceftazidime	Resistant	Laboratory Method	Broth dilution	CLSI
573.66298	Klebsiella pneumoniae 26975_5#27	ceftazidime	Resistant	Laboratory Method	MIC	
573.13481	Klebsiella pneumoniae KPN1551ec	ceftazidime	Resistant	Laboratory Method	Broth dilution	CLSI
573.14358	Klebsiella pneumoniae KPN735ec	ceftazidime	Resistant	Laboratory Method	Broth dilution	CLSI
573.13639	Klebsiella pneumoniae KPN1740ec	ceftazidime	Resistant	Laboratory Method	Broth dilution	CLSI
1438766.3	Klebsiella pneumoniae CHS 60	ceftazidime	Resistant	Laboratory Method	Broth dilution	
573.66178	Klebsiella pneumoniae KP_NORM_BLD_2014_101320	ceftazidime	Resistant	Laboratory Method		EUCAST
573.66851	Klebsiella pneumoniae KP_NORM_BLD_2007_48136	ceftazidime	Resistant	Laboratory Method		EUCAST
573.13548	Klebsiella pneumoniae KPN1635ec	ceftazidime	Resistant	Laboratory Method	Broth dilution	CLSI
573.66849	Klebsiella pneumoniae KP_NORM_BLD_2007_46696	ceftazidime	Resistant	Laboratory Method		EUCAST
573.23215	Klebsiella pneumoniae strain KP_084	ceftazidime	Resistant	Laboratory Method	Disk diffusion	CLSI
573.4684	Klebsiella pneumoniae KP-14PI	ceftazidime	Resistant	Laboratory Method	Broth dilution	EUCAST
573.33394	Klebsiella pneumoniae strain PMK11	ceftazidime	Resistant	Laboratory Method	Broth dilution	EUCAST
573.26244	Klebsiella pneumoniae strain 5012STDY7626364	ceftazidime	Resistant	Laboratory Method	Broth dilution	
573.13833	Klebsiella pneumoniae KPN2003ec	ceftazidime	Resistant	Laboratory Method	Broth dilution	CLSI
573.13012	Klebsiella pneumoniae 3326	ceftazidime	Resistant	Laboratory Method	Broth dilution	CLSI
573.14538	Klebsiella pneumoniae KPN980ec	ceftazidime	Resistant	Laboratory Method	Broth dilution	CLSI
573.34248	Klebsiella pneumoniae strain INF148-sc-2279987	ceftazidime	Resistant	Laboratory Method	Broth dilution	CLSI
72407.497	Klebsiella pneumoniae subsp. pneumoniae strain 3189STDY5864848	ceftazidime	Resistant	Laboratory Method	Broth dilution	CLSI
573.13352	Klebsiella pneumoniae KPN1409ec	ceftazidime	Resistant	Laboratory Method	Broth dilution	CLSI
573.13259	Klebsiella pneumoniae KPN1280ec	ceftazidime	Resistant	Laboratory Method	Broth dilution	CLSI
573.13216	Klebsiella pneumoniae KPN1233ec	ceftazidime	Resistant	Laboratory Method	Broth dilution	CLSI
573.24443	Klebsiella pneumoniae strain MUGSI_84	ceftazidime	Resistant	Laboratory Method	Broth dilution	CLSI
573.66479	Klebsiella pneumoniae 27261_8#77	ceftazidime	Resistant	Laboratory Method	MIC	
573.66191	Klebsiella pneumoniae KP_NORM_BLD_2015_117563	ceftazidime	Resistant	Laboratory Method		EUCAST
573.14495	Klebsiella pneumoniae KPN923ec	ceftazidime	Resistant	Laboratory Method	Broth dilution	CLSI
573.14542	Klebsiella pneumoniae KPN984ec	ceftazidime	Resistant	Laboratory Method	Broth dilution	CLSI
72407.572	Klebsiella pneumoniae subsp. pneumoniae strain 3189STDY5864795	ceftazidime	Resistant	Laboratory Method	Broth dilution	CLSI
573.26166	Klebsiella pneumoniae strain 5012STDY7312603	ceftazidime	Resistant	Laboratory Method	Broth dilution	
573.13321	Klebsiella pneumoniae KPN1363ec	ceftazidime	Resistant	Laboratory Method	Broth dilution	CLSI
573.13913	Klebsiella pneumoniae KPN2090ec	ceftazidime	Resistant	Laboratory Method	Broth dilution	CLSI
573.14053	Klebsiella pneumoniae KPN319ec	ceftazidime	Resistant	Laboratory Method	Broth dilution	CLSI
573.24442	Klebsiella pneumoniae strain MUGSI_83	ceftazidime	Resistant	Laboratory Method	Broth dilution	CLSI
573.13179	Klebsiella pneumoniae KPN1187ec	ceftazidime	Resistant	Laboratory Method	Broth dilution	CLSI
573.1728	Klebsiella pneumoniae strain KpVA-10	ceftazidime	Resistant	Laboratory Method	Disk diffusion	EUCAST
573.66382	Klebsiella pneumoniae 26994_7#171	ceftazidime	Resistant	Laboratory Method	MIC	
573.13357	Klebsiella pneumoniae KPN1414ec	ceftazidime	Resistant	Laboratory Method	Broth dilution	CLSI
573.172	Klebsiella pneumoniae strain KpVA-2	ceftazidime	Resistant	Laboratory Method	Disk diffusion	EUCAST
573.6655	Klebsiella pneumoniae 29105_1#161	ceftazidime	Resistant	Laboratory Method	MIC	
573.13106	Klebsiella pneumoniae KPN1102ec	ceftazidime	Resistant	Laboratory Method	Broth dilution	CLSI
573.66302	Klebsiella pneumoniae 26975_5#96	ceftazidime	Resistant	Laboratory Method	MIC	
573.14533	Klebsiella pneumoniae KPN973ec	ceftazidime	Resistant	Laboratory Method	Broth dilution	CLSI
573.14267	Klebsiella pneumoniae KPN596ec	ceftazidime	Resistant	Laboratory Method	Broth dilution	CLSI
573.24452	Klebsiella pneumoniae strain MUGSI_95	ceftazidime	Resistant	Laboratory Method	Broth dilution	CLSI
72407.555	Klebsiella pneumoniae subsp. pneumoniae strain 3189STDY5864783	ceftazidime	Resistant	Laboratory Method	Broth dilution	CLSI
573.13447	Klebsiella pneumoniae KPN1514ec	ceftazidime	Resistant	Laboratory Method	Broth dilution	CLSI
573.14155	Klebsiella pneumoniae KPN437ec	ceftazidime	Resistant	Laboratory Method	Broth dilution	CLSI
573.14297	Klebsiella pneumoniae KPN639ec	ceftazidime	Resistant	Laboratory Method	Broth dilution	CLSI
1438753.3	Klebsiella pneumoniae CHS 47	ceftazidime	Resistant	Laboratory Method	Broth dilution	
573.26239	Klebsiella pneumoniae strain 5012STDY7626490	ceftazidime	Resistant	Laboratory Method	Broth dilution	
573.15606	Klebsiella pneumoniae strain INF061	ceftazidime	Resistant	Laboratory Method	Broth dilution	CLSI
573.46865	Klebsiella pneumoniae KP-43LI	ceftazidime	Resistant	Laboratory Method	Broth dilution	EUCAST
573.14519	Klebsiella pneumoniae KPN951ec	ceftazidime	Resistant	Laboratory Method	Broth dilution	CLSI
573.6621	Klebsiella pneumoniae KP_NORM_BLD_2014_104014	ceftazidime	Resistant	Laboratory Method		EUCAST
573.14217	Klebsiella pneumoniae KPN533ec	ceftazidime	Resistant	Laboratory Method	Broth dilution	CLSI
573.15107	Klebsiella pneumoniae strain AR_0129	ceftazidime	Resistant	Laboratory Method	Broth dilution	CLSI
573.66396	Klebsiella pneumoniae 26994_8#79	ceftazidime	Resistant	Laboratory Method	MIC	
573.26169	Klebsiella pneumoniae strain 5012STDY7312606	ceftazidime	Resistant	Laboratory Method	Broth dilution	
573.66525	Klebsiella pneumoniae 27322_4#82	ceftazidime	Resistant	Laboratory Method	MIC	
573.13587	Klebsiella pneumoniae KPN1684ec	ceftazidime	Resistant	Laboratory Method	Broth dilution	CLSI
573.14106	Klebsiella pneumoniae KPN383ec	ceftazidime	Resistant	Laboratory Method	Broth dilution	CLSI
573.13525	Klebsiella pneumoniae KPN1604ec	ceftazidime	Resistant	Laboratory Method	Broth dilution	CLSI
573.66197	Klebsiella pneumoniae KP_NORM_BLD_2011_74835	ceftazidime	Resistant	Laboratory Method		EUCAST
573.13236	Klebsiella pneumoniae KPN1257ec	ceftazidime	Resistant	Laboratory Method	Broth dilution	CLSI
573.24267	Klebsiella pneumoniae strain 24	ceftazidime	Resistant	Laboratory Method	Broth dilution	CLSI
573.1301	Klebsiella pneumoniae 3224	ceftazidime	Resistant	Laboratory Method	Broth dilution	CLSI
573.23218	Klebsiella pneumoniae strain KP_310	ceftazidime	Resistant	Laboratory Method	Disk diffusion	CLSI
72407.2899	Klebsiella pneumoniae subsp. pneumoniae MRSN752085	ceftazidime	Resistant	Laboratory Method		
573.13037	Klebsiella pneumoniae KPN1010ec	ceftazidime	Resistant	Laboratory Method	Broth dilution	CLSI
573.14031	Klebsiella pneumoniae KPN294ec	ceftazidime	Resistant	Laboratory Method	Broth dilution	CLSI
573.13544	Klebsiella pneumoniae KPN1627ec	ceftazidime	Resistant	Laboratory Method	Broth dilution	CLSI
573.23222	Klebsiella pneumoniae strain KP_040	ceftazidime	Resistant	Laboratory Method	Disk diffusion	CLSI
573.13175	Klebsiella pneumoniae KPN1183ec	ceftazidime	Resistant	Laboratory Method	Broth dilution	CLSI
573.13731	Klebsiella pneumoniae KPN1868ec	ceftazidime	Resistant	Laboratory Method	Broth dilution	CLSI
573.12859	Klebsiella pneumoniae 3248	ceftazidime	Resistant	Laboratory Method	Broth dilution	CLSI
573.13644	Klebsiella pneumoniae KPN1747ec	ceftazidime	Resistant	Laboratory Method	Broth dilution	CLSI
573.12864	Klebsiella pneumoniae 3376	ceftazidime	Resistant	Laboratory Method	Broth dilution	CLSI
72407.523	Klebsiella pneumoniae subsp. pneumoniae strain 3189STDY5864949	ceftazidime	Resistant	Laboratory Method	Broth dilution	CLSI
573.12938	Klebsiella pneumoniae 3329	ceftazidime	Resistant	Laboratory Method	Broth dilution	CLSI
573.13889	Klebsiella pneumoniae KPN2065ec	ceftazidime	Resistant	Laboratory Method	Broth dilution	CLSI
72407.586	Klebsiella pneumoniae subsp. pneumoniae strain 3189STDY5864813	ceftazidime	Resistant	Laboratory Method	Broth dilution	CLSI
573.14223	Klebsiella pneumoniae KPN540ec	ceftazidime	Resistant	Laboratory Method	Broth dilution	CLSI
573.13675	Klebsiella pneumoniae KPN1782ec	ceftazidime	Resistant	Laboratory Method	Broth dilution	CLSI
573.34294	Klebsiella pneumoniae strain INF279-sc-2280202	ceftazidime	Resistant	Laboratory Method	Broth dilution	CLSI
573.14253	Klebsiella pneumoniae KPN579ec	ceftazidime	Resistant	Laboratory Method	Broth dilution	CLSI
573.66433	Klebsiella pneumoniae 27097_7#76	ceftazidime	Resistant	Laboratory Method	MIC	
573.14289	Klebsiella pneumoniae KPN622ec	ceftazidime	Resistant	Laboratory Method	Broth dilution	CLSI
573.13098	Klebsiella pneumoniae KPN1092ec	ceftazidime	Resistant	Laboratory Method	Broth dilution	CLSI
573.6645	Klebsiella pneumoniae 27261_7#135	ceftazidime	Resistant	Laboratory Method	MIC	
72407.564	Klebsiella pneumoniae subsp. pneumoniae strain 3189STDY5864788	ceftazidime	Resistant	Laboratory Method	Broth dilution	CLSI
573.15217	Klebsiella pneumoniae strain AR_0112	ceftazidime	Resistant	Laboratory Method	Broth dilution	CLSI
573.15683	Klebsiella pneumoniae strain K760	ceftazidime	Resistant	Laboratory Method	Disk diffusion	EUCAST
573.46877	Klebsiella pneumoniae KP-9PI	ceftazidime	Resistant	Laboratory Method	Broth dilution	EUCAST
573.66555	Klebsiella pneumoniae 29105_1#376	ceftazidime	Resistant	Laboratory Method	MIC	
573.13602	Klebsiella pneumoniae KPN1699ec	ceftazidime	Resistant	Laboratory Method	Broth dilution	CLSI
573.14426	Klebsiella pneumoniae KPN828ec	ceftazidime	Resistant	Laboratory Method	Broth dilution	CLSI
573.14054	Klebsiella pneumoniae KPN320ec	ceftazidime	Resistant	Laboratory Method	Broth dilution	CLSI
573.14258	Klebsiella pneumoniae KPN584ec	ceftazidime	Resistant	Laboratory Method	Broth dilution	CLSI
72407.482	Klebsiella pneumoniae subsp. pneumoniae strain 3189STDY5864737	ceftazidime	Resistant	Laboratory Method	Broth dilution	CLSI
573.13893	Klebsiella pneumoniae KPN206ec	ceftazidime	Resistant	Laboratory Method	Broth dilution	CLSI
573.15707	Klebsiella pneumoniae strain K830	ceftazidime	Resistant	Laboratory Method	Disk diffusion	EUCAST
573.66522	Klebsiella pneumoniae 27261_8#185	ceftazidime	Resistant	Laboratory Method	MIC	
573.66497	Klebsiella pneumoniae 27261_8#145	ceftazidime	Resistant	Laboratory Method	MIC	
573.12796	Klebsiella pneumoniae strain MLST-15	ceftazidime	Resistant	Laboratory Method	Broth dilution	CLSI
573.66507	Klebsiella pneumoniae 27261_8#165	ceftazidime	Resistant	Laboratory Method	MIC	
573.13895	Klebsiella pneumoniae KPN2072ec	ceftazidime	Resistant	Laboratory Method	Broth dilution	CLSI
573.13687	Klebsiella pneumoniae KPN1819ec	ceftazidime	Resistant	Laboratory Method	Broth dilution	CLSI
573.14206	Klebsiella pneumoniae KPN520ec	ceftazidime	Resistant	Laboratory Method	Broth dilution	CLSI
573.66351	Klebsiella pneumoniae 26994_7#32	ceftazidime	Resistant	Laboratory Method	MIC	
573.67136	Klebsiella pneumoniae KP_NORM_URN_2012_82063	ceftazidime	Resistant	Laboratory Method		EUCAST
573.66546	Klebsiella pneumoniae 29105_1#132	ceftazidime	Resistant	Laboratory Method	MIC	
573.15635	Klebsiella pneumoniae strain K983	ceftazidime	Resistant	Laboratory Method	Disk diffusion	EUCAST
573.14113	Klebsiella pneumoniae KPN390ec	ceftazidime	Resistant	Laboratory Method	Broth dilution	CLSI
573.66365	Klebsiella pneumoniae 26994_7#93	ceftazidime	Resistant	Laboratory Method	MIC	
573.12966	Klebsiella pneumoniae 3357	ceftazidime	Resistant	Laboratory Method	Broth dilution	CLSI
573.14224	Klebsiella pneumoniae KPN542ec	ceftazidime	Resistant	Laboratory Method	Broth dilution	CLSI
573.1344	Klebsiella pneumoniae KPN1505ec	ceftazidime	Resistant	Laboratory Method	Broth dilution	CLSI
72407.581	Klebsiella pneumoniae subsp. pneumoniae strain 3189STDY5864798	ceftazidime	Resistant	Laboratory Method	Broth dilution	CLSI
573.14341	Klebsiella pneumoniae KPN715ec	ceftazidime	Resistant	Laboratory Method	Broth dilution	CLSI
573.13206	Klebsiella pneumoniae KPN1216ec	ceftazidime	Resistant	Laboratory Method	Broth dilution	CLSI
573.20062	Klebsiella pneumoniae strain AR_0075	cefotaxime	Resistant	Laboratory Method	Broth dilution	CLSI
573.24325	Klebsiella pneumoniae strain MRSN20097	cefotaxime	Resistant	Laboratory Method	Broth dilution	CLSI
573.66529	Klebsiella pneumoniae 27322_4#104	cefotaxime	Resistant	Laboratory Method	MIC	
573.6694	Klebsiella pneumoniae KP_NORM_BLD_2015_116374	cefotaxime	Resistant	Laboratory Method		EUCAST
573.5649	Klebsiella pneumoniae strain DHQP1002001	cefotaxime	Resistant	Laboratory Method	Broth dilution	CLSI
573.15729	Klebsiella pneumoniae strain K1539	cefotaxime	Resistant	Laboratory Method	Disk diffusion	EUCAST
1304924.3	Klebsiella pneumoniae 646_1568	cefotaxime	Resistant	Laboratory Method		
573.66256	Klebsiella pneumoniae 26968_6#43	cefotaxime	Resistant	Laboratory Method	MIC	
573.157	Klebsiella pneumoniae strain K891	cefotaxime	Resistant	Laboratory Method	Disk diffusion	EUCAST
72407.596	Klebsiella pneumoniae subsp. pneumoniae strain 3189STDY5864827	cefotaxime	Resistant	Laboratory Method	Broth dilution	CLSI
573.67325	Klebsiella pneumoniae ERR7221336	cefotaxime	Resistant	Laboratory Method	Broth dilution	EUCAST
573.66373	Klebsiella pneumoniae 26994_7#146	cefotaxime	Resistant	Laboratory Method	MIC	
573.66199	Klebsiella pneumoniae KP_NORM_BLD_2011_75140	cefotaxime	Resistant	Laboratory Method		EUCAST
573.67195	Klebsiella pneumoniae ERR7221171	cefotaxime	Resistant	Laboratory Method	Broth dilution	EUCAST
573.24297	Klebsiella pneumoniae strain 4	cefotaxime	Resistant	Laboratory Method	Broth dilution	CLSI
573.66499	Klebsiella pneumoniae 27261_8#156	cefotaxime	Resistant	Laboratory Method	MIC	
573.67253	Klebsiella pneumoniae ERR7221239	cefotaxime	Resistant	Laboratory Method	Broth dilution	EUCAST
72407.553	Klebsiella pneumoniae subsp. pneumoniae strain 3189STDY5864877	cefotaxime	Resistant	Laboratory Method	Broth dilution	CLSI
573.67275	Klebsiella pneumoniae ERR7221274	cefotaxime	Resistant	Laboratory Method	Broth dilution	EUCAST
1304919.4	Klebsiella pneumoniae 280_1220	cefotaxime	Resistant	Laboratory Method		
573.66906	Klebsiella pneumoniae KP_NORM_BLD_2012_86962	cefotaxime	Resistant	Laboratory Method		EUCAST
573.66449	Klebsiella pneumoniae 27261_7#156	cefotaxime	Resistant	Laboratory Method	MIC	
573.66195	Klebsiella pneumoniae KP_NORM_URN_2015_108575	cefotaxime	Resistant	Laboratory Method		EUCAST
1284819.3	Klebsiella pneumoniae UHKPC45	cefotaxime	Resistant	Laboratory Method		
573.7028	Klebsiella pneumoniae strain AR_0004	cefotaxime	Resistant	Laboratory Method	Broth dilution	CLSI
1304916.4	Klebsiella pneumoniae 140_1040	cefotaxime	Resistant	Laboratory Method		
573.67328	Klebsiella pneumoniae ERR7221338	cefotaxime	Resistant	Laboratory Method	Broth dilution	EUCAST
573.67295	Klebsiella pneumoniae ERR7221288	cefotaxime	Resistant	Laboratory Method	Broth dilution	EUCAST
573.67158	Klebsiella pneumoniae KP_NORM_URN_2014_103762	cefotaxime	Resistant	Laboratory Method		EUCAST
573.66233	Klebsiella pneumoniae 26968_5#139	cefotaxime	Resistant	Laboratory Method	MIC	
573.1734	Klebsiella pneumoniae strain KpVA-16	cefotaxime	Resistant	Laboratory Method	Disk diffusion	EUCAST
573.66155	Klebsiella pneumoniae ERR2118024	cefotaxime	Resistant	Laboratory Method	Broth dilution	EUCAST
72407.544	Klebsiella pneumoniae subsp. pneumoniae strain 3189STDY5864771	cefotaxime	Resistant	Laboratory Method	Broth dilution	CLSI
573.66128	Klebsiella pneumoniae ERR1830484	cefotaxime	Resistant	Laboratory Method	Broth dilution	EUCAST
573.66416	Klebsiella pneumoniae 26994_8#174	cefotaxime	Resistant	Laboratory Method	MIC	
573.66135	Klebsiella pneumoniae ERR1830482	cefotaxime	Resistant	Laboratory Method	Broth dilution	EUCAST
573.12771	Klebsiella pneumoniae strain AR_0126	cefotaxime	Resistant	Laboratory Method	Broth dilution	CLSI
573.582	Klebsiella pneumoniae strain W2-5-ERG8	cefotaxime	Resistant	Laboratory Method	Broth dilution	EUCAST
573.5816	Klebsiella pneumoniae strain W2-5-ERG5	cefotaxime	Resistant	Laboratory Method	Broth dilution	EUCAST
1284816.3	Klebsiella pneumoniae UHKPC26	cefotaxime	Resistant	Laboratory Method		
573.24375	Klebsiella pneumoniae strain MUGSI_194	cefotaxime	Resistant	Laboratory Method	Broth dilution	CLSI
573.67258	Klebsiella pneumoniae ERR7221249	cefotaxime	Resistant	Laboratory Method	Broth dilution	EUCAST
72407.589	Klebsiella pneumoniae subsp. pneumoniae strain 3189STDY5864817	cefotaxime	Resistant	Laboratory Method	Broth dilution	CLSI
573.67248	Klebsiella pneumoniae ERR7221230	cefotaxime	Resistant	Laboratory Method	Broth dilution	EUCAST
573.15703	Klebsiella pneumoniae strain K877	cefotaxime	Resistant	Laboratory Method	Disk diffusion	EUCAST
573.24329	Klebsiella pneumoniae strain MUGSI_111	cefotaxime	Resistant	Laboratory Method	Broth dilution	CLSI
573.66856	Klebsiella pneumoniae KP_NORM_BLD_2009_61035	cefotaxime	Resistant	Laboratory Method		EUCAST
573.24324	Klebsiella pneumoniae strain MRSN20094	cefotaxime	Resistant	Laboratory Method	Broth dilution	CLSI
573.66262	Klebsiella pneumoniae 26968_6#112	cefotaxime	Resistant	Laboratory Method	MIC	
573.67234	Klebsiella pneumoniae ERR7221228	cefotaxime	Resistant	Laboratory Method	Broth dilution	EUCAST
573.67125	Klebsiella pneumoniae KP_NORM_URN_2009_57375	cefotaxime	Resistant	Laboratory Method		EUCAST
573.2443	Klebsiella pneumoniae strain MUGSI_68	cefotaxime	Resistant	Laboratory Method	Broth dilution	CLSI
573.67173	Klebsiella pneumoniae KP_NORM_URN_2015_111149	cefotaxime	Resistant	Laboratory Method		EUCAST
573.67164	Klebsiella pneumoniae KP_NORM_URN_2015_106696	cefotaxime	Resistant	Laboratory Method		EUCAST
573.66866	Klebsiella pneumoniae KP_NORM_BLD_2009_62777	cefotaxime	Resistant	Laboratory Method		EUCAST
573.5677	Klebsiella pneumoniae strain PB395	cefotaxime	Resistant	Laboratory Method	Broth dilution	EUCAST
1438714.3	Klebsiella pneumoniae CHS 08	cefotaxime	Resistant	Laboratory Method	Broth dilution	
573.18476	Klebsiella pneumoniae strain CCUG 70742	cefotaxime	Resistant	Laboratory Method	Broth dilution	EUCAST
573.67204	Klebsiella pneumoniae ERR7221185	cefotaxime	Resistant	Laboratory Method	Broth dilution	EUCAST
573.24389	Klebsiella pneumoniae strain MUGSI_30	cefotaxime	Resistant	Laboratory Method	Broth dilution	CLSI
72407.478	Klebsiella pneumoniae subsp. pneumoniae strain 3189STDY5864842	cefotaxime	Resistant	Laboratory Method	Broth dilution	CLSI
573.67194	Klebsiella pneumoniae ERR7221167	cefotaxime	Resistant	Laboratory Method	Broth dilution	EUCAST
573.5797	Klebsiella pneumoniae strain PB173	cefotaxime	Resistant	Laboratory Method	Broth dilution	EUCAST
573.5647	Klebsiella pneumoniae strain 2_GR_12	cefotaxime	Resistant	Laboratory Method	Broth dilution	CLSI
573.66413	Klebsiella pneumoniae 26994_8#143	cefotaxime	Resistant	Laboratory Method	MIC	
573.66846	Klebsiella pneumoniae KP_NORM_BLD_2006_36504	cefotaxime	Resistant	Laboratory Method		EUCAST
573.5719	Klebsiella pneumoniae strain W2-15-ERG14	cefotaxime	Resistant	Laboratory Method	Broth dilution	EUCAST
573.66279	Klebsiella pneumoniae 26975_4#30	cefotaxime	Resistant	Laboratory Method	MIC	
573.66481	Klebsiella pneumoniae 27261_8#85	cefotaxime	Resistant	Laboratory Method	MIC	
573.67261	Klebsiella pneumoniae ERR7221252	cefotaxime	Resistant	Laboratory Method	Broth dilution	EUCAST
573.7024	Klebsiella pneumoniae strain AR_0012	cefotaxime	Resistant	Laboratory Method	Broth dilution	CLSI
573.66119	Klebsiella pneumoniae ERR1815293	cefotaxime	Resistant	Laboratory Method	Broth dilution	EUCAST
573.17927	Klebsiella pneumoniae strain AR_0080	cefotaxime	Resistant	Laboratory Method	Broth dilution	CLSI
573.5691	Klebsiella pneumoniae strain PB484	cefotaxime	Resistant	Laboratory Method	Broth dilution	EUCAST
573.24316	Klebsiella pneumoniae strain 9	cefotaxime	Resistant	Laboratory Method	Broth dilution	CLSI
573.67313	Klebsiella pneumoniae ERR7221320	cefotaxime	Resistant	Laboratory Method	Broth dilution	EUCAST
573.66875	Klebsiella pneumoniae KP_NORM_BLD_2010_72017	cefotaxime	Resistant	Laboratory Method		EUCAST
573.66406	Klebsiella pneumoniae 26994_8#145	cefotaxime	Resistant	Laboratory Method	MIC	
72407.587	Klebsiella pneumoniae subsp. pneumoniae strain 3189STDY5864815	cefotaxime	Resistant	Laboratory Method	Broth dilution	CLSI
573.66207	Klebsiella pneumoniae KP_NORM_URN_2012_81473	cefotaxime	Resistant	Laboratory Method		EUCAST
573.67287	Klebsiella pneumoniae ERR7221292	cefotaxime	Resistant	Laboratory Method	Broth dilution	EUCAST
573.66333	Klebsiella pneumoniae 26994_6#115	cefotaxime	Resistant	Laboratory Method	MIC	
573.66209	Klebsiella pneumoniae KP_NORM_BLD_2015_112126	cefotaxime	Resistant	Laboratory Method		EUCAST
573.66409	Klebsiella pneumoniae 26994_8#146	cefotaxime	Resistant	Laboratory Method	MIC	
573.66212	Klebsiella pneumoniae 26968_5#1	cefotaxime	Resistant	Laboratory Method	MIC	
573.66883	Klebsiella pneumoniae KP_NORM_BLD_2011_74363	cefotaxime	Resistant	Laboratory Method		EUCAST
72407.588	Klebsiella pneumoniae subsp. pneumoniae strain 3189STDY5864816	cefotaxime	Resistant	Laboratory Method	Broth dilution	CLSI
573.67134	Klebsiella pneumoniae KP_NORM_URN_2012_81479	cefotaxime	Resistant	Laboratory Method		EUCAST
573.66153	Klebsiella pneumoniae ERR2109183	cefotaxime	Resistant	Laboratory Method	Broth dilution	EUCAST
573.5778	Klebsiella pneumoniae strain 20_GR_12	cefotaxime	Resistant	Laboratory Method	Broth dilution	CLSI
573.66173	Klebsiella pneumoniae KP_NORM_BLD_2014_100848	cefotaxime	Resistant	Laboratory Method		EUCAST
573.66169	Klebsiella pneumoniae ERR2118040	cefotaxime	Resistant	Laboratory Method	Broth dilution	EUCAST
573.66452	Klebsiella pneumoniae 27261_7#85	cefotaxime	Resistant	Laboratory Method	MIC	
573.67678	Klebsiella pneumoniae ERR1811837	cefotaxime	Resistant	Laboratory Method	Broth dilution	EUCAST
573.15669	Klebsiella pneumoniae strain K1064	cefotaxime	Resistant	Laboratory Method	Disk diffusion	EUCAST
573.66873	Klebsiella pneumoniae KP_NORM_BLD_2009_63480	cefotaxime	Resistant	Laboratory Method		EUCAST
573.24404	Klebsiella pneumoniae strain MUGSI_34	cefotaxime	Resistant	Laboratory Method	Broth dilution	CLSI
573.25568	Klebsiella pneumoniae strain 24_GR_13	cefotaxime	Resistant	Laboratory Method	Broth dilution	CLSI
573.66888	Klebsiella pneumoniae KP_NORM_BLD_2011_75117	cefotaxime	Resistant	Laboratory Method		EUCAST
573.66148	Klebsiella pneumoniae ERR2106615	cefotaxime	Resistant	Laboratory Method	Broth dilution	EUCAST
72407.561	Klebsiella pneumoniae subsp. pneumoniae strain 3189STDY5864884	cefotaxime	Resistant	Laboratory Method	Broth dilution	CLSI
72407.512	Klebsiella pneumoniae subsp. pneumoniae strain 3189STDY5864736	cefotaxime	Resistant	Laboratory Method	Broth dilution	CLSI
573.2444	Klebsiella pneumoniae strain MUGSI_80	cefotaxime	Resistant	Laboratory Method	Broth dilution	CLSI
573.67224	Klebsiella pneumoniae ERR7221205	cefotaxime	Resistant	Laboratory Method	Broth dilution	EUCAST
573.2426	Klebsiella pneumoniae strain 2	cefotaxime	Resistant	Laboratory Method	Broth dilution	CLSI
573.67301	Klebsiella pneumoniae ERR7221304	cefotaxime	Resistant	Laboratory Method	Broth dilution	EUCAST
573.66222	Klebsiella pneumoniae 26968_5#42	cefotaxime	Resistant	Laboratory Method	MIC	
1438725.3	Klebsiella pneumoniae CHS 19	cefotaxime	Resistant	Laboratory Method	Broth dilution	
573.66384	Klebsiella pneumoniae 26994_8#19	cefotaxime	Resistant	Laboratory Method	MIC	
573.66214	Klebsiella pneumoniae 26968_5#5	cefotaxime	Resistant	Laboratory Method	MIC	
72407.503	Klebsiella pneumoniae subsp. pneumoniae strain 3189STDY5864746	cefotaxime	Resistant	Laboratory Method	Broth dilution	CLSI
72407.531	Klebsiella pneumoniae subsp. pneumoniae strain 3189STDY5864862	cefotaxime	Resistant	Laboratory Method	Broth dilution	CLSI
573.66108	Klebsiella pneumoniae ERR1813604	cefotaxime	Resistant	Laboratory Method	Broth dilution	EUCAST
573.66545	Klebsiella pneumoniae 29105_1#120	cefotaxime	Resistant	Laboratory Method	MIC	
573.67168	Klebsiella pneumoniae KP_NORM_URN_2015_107993	cefotaxime	Resistant	Laboratory Method		EUCAST
1438738.3	Klebsiella pneumoniae CHS 32	cefotaxime	Resistant	Laboratory Method	Broth dilution	
72407.56	Klebsiella pneumoniae subsp. pneumoniae strain 3189STDY5864883	cefotaxime	Resistant	Laboratory Method	Broth dilution	CLSI
72407.5	Klebsiella pneumoniae subsp. pneumoniae strain 3189STDY5864738	cefotaxime	Resistant	Laboratory Method	Broth dilution	CLSI
1438764.3	Klebsiella pneumoniae CHS 58	cefotaxime	Resistant	Laboratory Method	Broth dilution	
573.9722	Klebsiella pneumoniae strain AR_0068	cefotaxime	Resistant	Laboratory Method	Broth dilution	CLSI
573.2436	Klebsiella pneumoniae strain MUGSI_157	cefotaxime	Resistant	Laboratory Method	Broth dilution	CLSI
573.15702	Klebsiella pneumoniae strain K876	cefotaxime	Resistant	Laboratory Method	Disk diffusion	EUCAST
573.67231	Klebsiella pneumoniae ERR7221218	cefotaxime	Resistant	Laboratory Method	Broth dilution	EUCAST
573.66266	Klebsiella pneumoniae 26968_6#121	cefotaxime	Resistant	Laboratory Method	MIC	
573.66934	Klebsiella pneumoniae KP_NORM_BLD_2014_104728	cefotaxime	Resistant	Laboratory Method		EUCAST
1284804.4	Klebsiella pneumoniae UHKPC07	cefotaxime	Resistant	Laboratory Method		
573.22557	Klebsiella pneumoniae strain SU13	cefotaxime	Resistant	Laboratory Method		EUCAST
573.66268	Klebsiella pneumoniae 26968_6#180	cefotaxime	Resistant	Laboratory Method	MIC	
573.67337	Klebsiella pneumoniae ERR7221347	cefotaxime	Resistant	Laboratory Method	Broth dilution	EUCAST
72407.516	Klebsiella pneumoniae subsp. pneumoniae strain 3189STDY5864755	cefotaxime	Resistant	Laboratory Method	Broth dilution	CLSI
573.66867	Klebsiella pneumoniae KP_NORM_BLD_2009_63477	cefotaxime	Resistant	Laboratory Method		EUCAST
573.24403	Klebsiella pneumoniae strain MUGSI_33	cefotaxime	Resistant	Laboratory Method	Broth dilution	CLSI
573.1724	Klebsiella pneumoniae strain KpVA-6	cefotaxime	Resistant	Laboratory Method	Disk diffusion	EUCAST
573.66878	Klebsiella pneumoniae KP_NORM_BLD_2011_72749	cefotaxime	Resistant	Laboratory Method		EUCAST
573.66247	Klebsiella pneumoniae 26968_6#8	cefotaxime	Resistant	Laboratory Method	MIC	
573.66538	Klebsiella pneumoniae 29105_1#108	cefotaxime	Resistant	Laboratory Method	MIC	
573.67146	Klebsiella pneumoniae KP_NORM_URN_2013_95977	cefotaxime	Resistant	Laboratory Method		EUCAST
72407.595	Klebsiella pneumoniae subsp. pneumoniae strain 3189STDY5864828	cefotaxime	Resistant	Laboratory Method	Broth dilution	CLSI
573.15662	Klebsiella pneumoniae strain K1031	cefotaxime	Resistant	Laboratory Method	Disk diffusion	EUCAST
573.66466	Klebsiella pneumoniae 27261_8#37	cefotaxime	Resistant	Laboratory Method	MIC	
573.15671	Klebsiella pneumoniae strain K1069	cefotaxime	Resistant	Laboratory Method	Disk diffusion	EUCAST
72407.519	Klebsiella pneumoniae subsp. pneumoniae strain 3189STDY5864856	cefotaxime	Resistant	Laboratory Method	Broth dilution	CLSI
573.15673	Klebsiella pneumoniae strain K1071	cefotaxime	Resistant	Laboratory Method	Disk diffusion	EUCAST
72407.568	Klebsiella pneumoniae subsp. pneumoniae strain 3189STDY5864888	cefotaxime	Resistant	Laboratory Method	Broth dilution	CLSI
573.66886	Klebsiella pneumoniae KP_NORM_BLD_2011_74838	cefotaxime	Resistant	Laboratory Method		EUCAST
573.66182	Klebsiella pneumoniae KP_NORM_BLD_2014_103973	cefotaxime	Resistant	Laboratory Method		EUCAST
573.67152	Klebsiella pneumoniae KP_NORM_URN_2014_100419	cefotaxime	Resistant	Laboratory Method		EUCAST
72407.557	Klebsiella pneumoniae subsp. pneumoniae strain 3189STDY5864785	cefotaxime	Resistant	Laboratory Method	Broth dilution	CLSI
573.67304	Klebsiella pneumoniae ERR7221314	cefotaxime	Resistant	Laboratory Method	Broth dilution	EUCAST
573.15719	Klebsiella pneumoniae strain K1287	cefotaxime	Resistant	Laboratory Method	Disk diffusion	EUCAST
1284801.3	Klebsiella pneumoniae UHKPC48	cefotaxime	Resistant	Laboratory Method		
573.24421	Klebsiella pneumoniae strain MUGSI_57	cefotaxime	Resistant	Laboratory Method	Broth dilution	CLSI
573.66115	Klebsiella pneumoniae ERR1815068	cefotaxime	Resistant	Laboratory Method	Broth dilution	EUCAST
573.66113	Klebsiella pneumoniae ERR1815067	cefotaxime	Resistant	Laboratory Method	Broth dilution	EUCAST
573.66286	Klebsiella pneumoniae 26975_4#128	cefotaxime	Resistant	Laboratory Method	MIC	
573.66441	Klebsiella pneumoniae 27261_7#51	cefotaxime	Resistant	Laboratory Method	MIC	
573.67247	Klebsiella pneumoniae ERR7221225	cefotaxime	Resistant	Laboratory Method	Broth dilution	EUCAST
573.66502	Klebsiella pneumoniae 27261_8#161	cefotaxime	Resistant	Laboratory Method	MIC	
573.66176	Klebsiella pneumoniae KP_NORM_BLD_2014_101814	cefotaxime	Resistant	Laboratory Method		EUCAST
573.66547	Klebsiella pneumoniae 29105_1#141	cefotaxime	Resistant	Laboratory Method	MIC	
573.66181	Klebsiella pneumoniae KP_NORM_BLD_2014_102435	cefotaxime	Resistant	Laboratory Method		EUCAST
573.66295	Klebsiella pneumoniae 26975_5#29	cefotaxime	Resistant	Laboratory Method	MIC	
573.24269	Klebsiella pneumoniae strain 25	cefotaxime	Resistant	Laboratory Method	Broth dilution	CLSI
573.6628	Klebsiella pneumoniae 26975_4#93	cefotaxime	Resistant	Laboratory Method	MIC	
573.24263	Klebsiella pneumoniae strain 21	cefotaxime	Resistant	Laboratory Method	Broth dilution	CLSI
573.5801	Klebsiella pneumoniae strain PB283	cefotaxime	Resistant	Laboratory Method	Broth dilution	EUCAST
573.67246	Klebsiella pneumoniae ERR7221226	cefotaxime	Resistant	Laboratory Method	Broth dilution	EUCAST
573.67179	Klebsiella pneumoniae KP_NORM_URN_2015_113374	cefotaxime	Resistant	Laboratory Method		EUCAST
72407.527	Klebsiella pneumoniae subsp. pneumoniae strain 3189STDY5864760	cefotaxime	Resistant	Laboratory Method	Broth dilution	CLSI
573.15656	Klebsiella pneumoniae strain K922	cefotaxime	Resistant	Laboratory Method	Disk diffusion	EUCAST
573.66407	Klebsiella pneumoniae 26994_8#160	cefotaxime	Resistant	Laboratory Method	MIC	
573.24419	Klebsiella pneumoniae strain MUGSI_52	cefotaxime	Resistant	Laboratory Method	Broth dilution	CLSI
573.7023	Klebsiella pneumoniae strain AR_0043	cefotaxime	Resistant	Laboratory Method	Broth dilution	CLSI
1438776.3	Klebsiella pneumoniae CHS 72	cefotaxime	Resistant	Laboratory Method	Broth dilution	
573.67235	Klebsiella pneumoniae ERR7221229	cefotaxime	Resistant	Laboratory Method	Broth dilution	EUCAST
573.15647	Klebsiella pneumoniae strain K863	cefotaxime	Resistant	Laboratory Method	Disk diffusion	EUCAST
573.66869	Klebsiella pneumoniae KP_NORM_BLD_2009_63807	cefotaxime	Resistant	Laboratory Method		EUCAST
72407.698	Klebsiella pneumoniae subsp. pneumoniae strain 3189STDY5864790	cefotaxime	Resistant	Laboratory Method	Broth dilution	CLSI
573.67215	Klebsiella pneumoniae ERR7221198	cefotaxime	Resistant	Laboratory Method	Broth dilution	EUCAST
573.67316	Klebsiella pneumoniae ERR7221319	cefotaxime	Resistant	Laboratory Method	Broth dilution	EUCAST
72407.508	Klebsiella pneumoniae subsp. pneumoniae strain 3189STDY5864847	cefotaxime	Resistant	Laboratory Method	Broth dilution	CLSI
573.24402	Klebsiella pneumoniae strain MUGSI_320	cefotaxime	Resistant	Laboratory Method	Broth dilution	CLSI
1438760.3	Klebsiella pneumoniae CHS 54	cefotaxime	Resistant	Laboratory Method	Broth dilution	
72407.575	Klebsiella pneumoniae subsp. pneumoniae strain 3189STDY5864892	cefotaxime	Resistant	Laboratory Method	Broth dilution	CLSI
573.66517	Klebsiella pneumoniae 27322_4#39	cefotaxime	Resistant	Laboratory Method	MIC	
573.66554	Klebsiella pneumoniae 29109_2#213	cefotaxime	Resistant	Laboratory Method	MIC	
1438709.3	Klebsiella pneumoniae CHS 03	cefotaxime	Resistant	Laboratory Method	Broth dilution	
573.66134	Klebsiella pneumoniae ERR1830481	cefotaxime	Resistant	Laboratory Method	Broth dilution	EUCAST
573.67336	Klebsiella pneumoniae ERR7221348	cefotaxime	Resistant	Laboratory Method	Broth dilution	EUCAST
573.66265	Klebsiella pneumoniae 26968_6#115	cefotaxime	Resistant	Laboratory Method	MIC	
573.15637	Klebsiella pneumoniae strain K956	cefotaxime	Resistant	Laboratory Method	Disk diffusion	EUCAST
72407.559	Klebsiella pneumoniae subsp. pneumoniae strain 3189STDY5864784	cefotaxime	Resistant	Laboratory Method	Broth dilution	CLSI
1328387.3	Klebsiella pneumoniae BWH 41	cefotaxime	Resistant	Laboratory Method	Broth dilution	
573.66516	Klebsiella pneumoniae 27322_4#16	cefotaxime	Resistant	Laboratory Method	MIC	
573.67277	Klebsiella pneumoniae ERR7221276	cefotaxime	Resistant	Laboratory Method	Broth dilution	EUCAST
573.66189	Klebsiella pneumoniae KP_NORM_URN_2012_81428	cefotaxime	Resistant	Laboratory Method		EUCAST
573.66506	Klebsiella pneumoniae 27261_8#179	cefotaxime	Resistant	Laboratory Method	MIC	
573.66188	Klebsiella pneumoniae KP_NORM_BLD_2015_115730	cefotaxime	Resistant	Laboratory Method		EUCAST
573.15658	Klebsiella pneumoniae strain K953	cefotaxime	Resistant	Laboratory Method	Disk diffusion	EUCAST
573.66151	Klebsiella pneumoniae ERR2106419	cefotaxime	Resistant	Laboratory Method	Broth dilution	EUCAST
573.6653	Klebsiella pneumoniae 27322_4#141	cefotaxime	Resistant	Laboratory Method	MIC	
573.67333	Klebsiella pneumoniae ERR7221350	cefotaxime	Resistant	Laboratory Method	Broth dilution	EUCAST
573.67305	Klebsiella pneumoniae ERR7221311	cefotaxime	Resistant	Laboratory Method	Broth dilution	EUCAST
72407.574	Klebsiella pneumoniae subsp. pneumoniae strain 3189STDY5864794	cefotaxime	Resistant	Laboratory Method	Broth dilution	CLSI
573.66475	Klebsiella pneumoniae 27261_8#97	cefotaxime	Resistant	Laboratory Method	MIC	
573.66513	Klebsiella pneumoniae 27322_4#63	cefotaxime	Resistant	Laboratory Method	MIC	
72407.551	Klebsiella pneumoniae subsp. pneumoniae strain 3189STDY5864780	cefotaxime	Resistant	Laboratory Method	Broth dilution	CLSI
573.66319	Klebsiella pneumoniae 26994_6#72	cefotaxime	Resistant	Laboratory Method	MIC	
72407.487	Klebsiella pneumoniae subsp. pneumoniae strain 3189STDY5864837	cefotaxime	Resistant	Laboratory Method	Broth dilution	CLSI
72407.2889	Klebsiella pneumoniae subsp. pneumoniae MRSN752623	cefotaxime	Resistant	Laboratory Method		
573.15689	Klebsiella pneumoniae strain K893	cefotaxime	Resistant	Laboratory Method	Disk diffusion	EUCAST
573.66911	Klebsiella pneumoniae KP_NORM_BLD_2013_91433	cefotaxime	Resistant	Laboratory Method		EUCAST
573.571	Klebsiella pneumoniae strain W2-9-ERG2	cefotaxime	Resistant	Laboratory Method	Broth dilution	EUCAST
72407.533	Klebsiella pneumoniae subsp. pneumoniae strain 3189STDY5864866	cefotaxime	Resistant	Laboratory Method	Broth dilution	CLSI
573.24399	Klebsiella pneumoniae strain MUGSI_317	cefotaxime	Resistant	Laboratory Method	Broth dilution	CLSI
573.66224	Klebsiella pneumoniae 26968_5#109	cefotaxime	Resistant	Laboratory Method	MIC	
573.24331	Klebsiella pneumoniae strain MUGSI_113	cefotaxime	Resistant	Laboratory Method	Broth dilution	CLSI
1284797.4	Klebsiella pneumoniae DMC0799	cefotaxime	Resistant	Laboratory Method		
573.66141	Klebsiella pneumoniae ERR1840993	cefotaxime	Resistant	Laboratory Method	Broth dilution	EUCAST
573.15661	Klebsiella pneumoniae strain K1029	cefotaxime	Resistant	Laboratory Method	Disk diffusion	EUCAST
573.67324	Klebsiella pneumoniae ERR7221335	cefotaxime	Resistant	Laboratory Method	Broth dilution	EUCAST
1438767.3	Klebsiella pneumoniae CHS 61	cefotaxime	Resistant	Laboratory Method	Broth dilution	
573.66523	Klebsiella pneumoniae 27322_4#70	cefotaxime	Resistant	Laboratory Method	MIC	
573.24373	Klebsiella pneumoniae strain MUGSI_190	cefotaxime	Resistant	Laboratory Method	Broth dilution	CLSI
573.66913	Klebsiella pneumoniae KP_NORM_BLD_2013_91444	cefotaxime	Resistant	Laboratory Method		EUCAST
573.66421	Klebsiella pneumoniae 27097_7#1	cefotaxime	Resistant	Laboratory Method	MIC	
573.22556	Klebsiella pneumoniae strain SU14	cefotaxime	Resistant	Laboratory Method		EUCAST
573.66241	Klebsiella pneumoniae 26968_5#176	cefotaxime	Resistant	Laboratory Method	MIC	
573.24358	Klebsiella pneumoniae strain MUGSI_15	cefotaxime	Resistant	Laboratory Method	Broth dilution	CLSI
573.15667	Klebsiella pneumoniae strain K1061	cefotaxime	Resistant	Laboratory Method	Disk diffusion	EUCAST
573.24412	Klebsiella pneumoniae strain MUGSI_43	cefotaxime	Resistant	Laboratory Method	Broth dilution	CLSI
573.24271	Klebsiella pneumoniae strain 26	cefotaxime	Resistant	Laboratory Method	Broth dilution	CLSI
72407.511	Klebsiella pneumoniae subsp. pneumoniae strain 3189STDY5864752	cefotaxime	Resistant	Laboratory Method	Broth dilution	CLSI
573.703	Klebsiella pneumoniae strain AR_0034	cefotaxime	Resistant	Laboratory Method	Broth dilution	CLSI
573.67148	Klebsiella pneumoniae KP_NORM_URN_2013_95788	cefotaxime	Resistant	Laboratory Method		EUCAST
573.66227	Klebsiella pneumoniae 26968_5#119	cefotaxime	Resistant	Laboratory Method	MIC	
1284798.4	Klebsiella pneumoniae DMC1097	cefotaxime	Resistant	Laboratory Method		
573.66198	Klebsiella pneumoniae KP_NORM_BLD_2014_102946	cefotaxime	Resistant	Laboratory Method		EUCAST
573.66324	Klebsiella pneumoniae 26994_6#78	cefotaxime	Resistant	Laboratory Method	MIC	
573.24408	Klebsiella pneumoniae strain MUGSI_39	cefotaxime	Resistant	Laboratory Method	Broth dilution	CLSI
573.66937	Klebsiella pneumoniae KP_NORM_BLD_2015_115990	cefotaxime	Resistant	Laboratory Method		EUCAST
573.24344	Klebsiella pneumoniae strain MUGSI_127	cefotaxime	Resistant	Laboratory Method	Broth dilution	CLSI
573.15666	Klebsiella pneumoniae strain K1050	cefotaxime	Resistant	Laboratory Method	Disk diffusion	EUCAST
573.6725	Klebsiella pneumoniae ERR7221224	cefotaxime	Resistant	Laboratory Method	Broth dilution	EUCAST
573.66548	Klebsiella pneumoniae 29105_1#368	cefotaxime	Resistant	Laboratory Method	MIC	
573.9724	Klebsiella pneumoniae strain AR_0098	cefotaxime	Resistant	Laboratory Method	Broth dilution	CLSI
573.15696	Klebsiella pneumoniae strain K925	cefotaxime	Resistant	Laboratory Method	Disk diffusion	EUCAST
573.66926	Klebsiella pneumoniae KP_NORM_BLD_2014_104308	cefotaxime	Resistant	Laboratory Method		EUCAST
573.67131	Klebsiella pneumoniae KP_NORM_URN_2012_81229	cefotaxime	Resistant	Laboratory Method		EUCAST
573.24436	Klebsiella pneumoniae strain MUGSI_77	cefotaxime	Resistant	Laboratory Method	Broth dilution	CLSI
573.24448	Klebsiella pneumoniae strain MUGSI_89	cefotaxime	Resistant	Laboratory Method	Broth dilution	CLSI
573.66509	Klebsiella pneumoniae 27322_4#60	cefotaxime	Resistant	Laboratory Method	MIC	
573.1719	Klebsiella pneumoniae strain KpVA-1	cefotaxime	Resistant	Laboratory Method	Disk diffusion	EUCAST
573.67151	Klebsiella pneumoniae KP_NORM_URN_2014_100386	cefotaxime	Resistant	Laboratory Method		EUCAST
1438742.3	Klebsiella pneumoniae CHS 36	cefotaxime	Resistant	Laboratory Method	Broth dilution	
573.67192	Klebsiella pneumoniae ERR7221155	cefotaxime	Resistant	Laboratory Method	Broth dilution	EUCAST
573.24407	Klebsiella pneumoniae strain MUGSI_38	cefotaxime	Resistant	Laboratory Method	Broth dilution	CLSI
72407.573	Klebsiella pneumoniae subsp. pneumoniae strain 3189STDY5864889	cefotaxime	Resistant	Laboratory Method	Broth dilution	CLSI
72407.52	Klebsiella pneumoniae subsp. pneumoniae strain 3189STDY5864857	cefotaxime	Resistant	Laboratory Method	Broth dilution	CLSI
573.66927	Klebsiella pneumoniae KP_NORM_BLD_2014_101840	cefotaxime	Resistant	Laboratory Method		EUCAST
1438765.3	Klebsiella pneumoniae CHS 59	cefotaxime	Resistant	Laboratory Method	Broth dilution	
573.66363	Klebsiella pneumoniae 26994_7#101	cefotaxime	Resistant	Laboratory Method	MIC	
573.66242	Klebsiella pneumoniae 26968_6#1	cefotaxime	Resistant	Laboratory Method	MIC	
573.6632	Klebsiella pneumoniae 26994_6#71	cefotaxime	Resistant	Laboratory Method	MIC	
573.66914	Klebsiella pneumoniae KP_NORM_BLD_2013_91700	cefotaxime	Resistant	Laboratory Method		EUCAST
573.66459	Klebsiella pneumoniae 27261_8#8	cefotaxime	Resistant	Laboratory Method	MIC	
72407.55	Klebsiella pneumoniae subsp. pneumoniae strain 3189STDY5864875	cefotaxime	Resistant	Laboratory Method	Broth dilution	CLSI
573.66187	Klebsiella pneumoniae KP_NORM_BLD_2015_115377	cefotaxime	Resistant	Laboratory Method		EUCAST
573.66882	Klebsiella pneumoniae KP_NORM_BLD_2011_73881	cefotaxime	Resistant	Laboratory Method		EUCAST
573.24258	Klebsiella pneumoniae strain 19	cefotaxime	Resistant	Laboratory Method	Broth dilution	CLSI
573.67244	Klebsiella pneumoniae ERR7221231	cefotaxime	Resistant	Laboratory Method	Broth dilution	EUCAST
573.6612	Klebsiella pneumoniae ERR1829917	cefotaxime	Resistant	Laboratory Method	Broth dilution	EUCAST
573.66179	Klebsiella pneumoniae KP_NORM_BLD_2014_101655	cefotaxime	Resistant	Laboratory Method		EUCAST
573.24428	Klebsiella pneumoniae strain MUGSI_66	cefotaxime	Resistant	Laboratory Method	Broth dilution	CLSI
573.67217	Klebsiella pneumoniae ERR7221196	cefotaxime	Resistant	Laboratory Method	Broth dilution	EUCAST
573.22561	Klebsiella pneumoniae strain SU4	cefotaxime	Resistant	Laboratory Method		EUCAST
72407.584	Klebsiella pneumoniae subsp. pneumoniae strain 3189STDY5864809	cefotaxime	Resistant	Laboratory Method	Broth dilution	CLSI
573.24394	Klebsiella pneumoniae strain MUGSI_310	cefotaxime	Resistant	Laboratory Method	Broth dilution	CLSI
573.15697	Klebsiella pneumoniae strain K935	cefotaxime	Resistant	Laboratory Method	Disk diffusion	EUCAST
573.66306	Klebsiella pneumoniae 26975_5#62	cefotaxime	Resistant	Laboratory Method	MIC	
573.15668	Klebsiella pneumoniae strain K1063	cefotaxime	Resistant	Laboratory Method	Disk diffusion	EUCAST
573.15648	Klebsiella pneumoniae strain K754	cefotaxime	Resistant	Laboratory Method	Disk diffusion	EUCAST
573.66893	Klebsiella pneumoniae KP_NORM_BLD_2011_76225	cefotaxime	Resistant	Laboratory Method		EUCAST
573.6644	Klebsiella pneumoniae 27261_7#56	cefotaxime	Resistant	Laboratory Method	MIC	
573.5695	Klebsiella pneumoniae strain PB295	cefotaxime	Resistant	Laboratory Method	Broth dilution	EUCAST
573.66271	Klebsiella pneumoniae 26968_6#186	cefotaxime	Resistant	Laboratory Method	MIC	
72407.491	Klebsiella pneumoniae subsp. pneumoniae strain 3189STDY5864749	cefotaxime	Resistant	Laboratory Method	Broth dilution	CLSI
573.66918	Klebsiella pneumoniae KP_NORM_BLD_2013_92325	cefotaxime	Resistant	Laboratory Method		EUCAST
573.66349	Klebsiella pneumoniae 26994_7#37	cefotaxime	Resistant	Laboratory Method	MIC	
573.24387	Klebsiella pneumoniae strain MUGSI_28	cefotaxime	Resistant	Laboratory Method	Broth dilution	CLSI
573.24367	Klebsiella pneumoniae strain MUGSI_166	cefotaxime	Resistant	Laboratory Method	Broth dilution	CLSI
573.67221	Klebsiella pneumoniae ERR7221201	cefotaxime	Resistant	Laboratory Method	Broth dilution	EUCAST
573.66292	Klebsiella pneumoniae 26975_4#127	cefotaxime	Resistant	Laboratory Method	MIC	
573.66536	Klebsiella pneumoniae 27322_4#155	cefotaxime	Resistant	Laboratory Method	MIC	
72407.567	Klebsiella pneumoniae subsp. pneumoniae strain 3189STDY5864787	cefotaxime	Resistant	Laboratory Method	Broth dilution	CLSI
573.669	Klebsiella pneumoniae KP_NORM_BLD_2012_85067	cefotaxime	Resistant	Laboratory Method		EUCAST
573.67338	Klebsiella pneumoniae ERR7221349	cefotaxime	Resistant	Laboratory Method	Broth dilution	EUCAST
573.24425	Klebsiella pneumoniae strain MUGSI_63	cefotaxime	Resistant	Laboratory Method	Broth dilution	CLSI
573.66439	Klebsiella pneumoniae 27261_7#30	cefotaxime	Resistant	Laboratory Method	MIC	
573.66892	Klebsiella pneumoniae KP_NORM_BLD_2011_76199	cefotaxime	Resistant	Laboratory Method		EUCAST
573.66491	Klebsiella pneumoniae 27261_8#111	cefotaxime	Resistant	Laboratory Method	MIC	
573.1573	Klebsiella pneumoniae strain K1471	cefotaxime	Resistant	Laboratory Method	Disk diffusion	EUCAST
573.66868	Klebsiella pneumoniae KP_NORM_BLD_2010_71624	cefotaxime	Resistant	Laboratory Method		EUCAST
573.24396	Klebsiella pneumoniae strain MUGSI_312	cefotaxime	Resistant	Laboratory Method	Broth dilution	CLSI
573.6715	Klebsiella pneumoniae KP_NORM_URN_2014_100377	cefotaxime	Resistant	Laboratory Method		EUCAST
573.67229	Klebsiella pneumoniae ERR7221213	cefotaxime	Resistant	Laboratory Method	Broth dilution	EUCAST
72407.537	Klebsiella pneumoniae subsp. pneumoniae strain 3189STDY5864775	cefotaxime	Resistant	Laboratory Method	Broth dilution	CLSI
573.5769	Klebsiella pneumoniae strain 17_GR_14	cefotaxime	Resistant	Laboratory Method	Broth dilution	CLSI
573.6627	Klebsiella pneumoniae 26968_6#183	cefotaxime	Resistant	Laboratory Method	MIC	
573.66562	Klebsiella pneumoniae 29339_1#47	cefotaxime	Resistant	Laboratory Method	MIC	
573.24243	Klebsiella pneumoniae strain 10	cefotaxime	Resistant	Laboratory Method	Broth dilution	CLSI
573.578	Klebsiella pneumoniae strain 9_GR_12	cefotaxime	Resistant	Laboratory Method	Broth dilution	CLSI
573.17943	Klebsiella pneumoniae strain AR_0142	cefotaxime	Resistant	Laboratory Method	Broth dilution	CLSI
573.66345	Klebsiella pneumoniae 26994_6#179	cefotaxime	Resistant	Laboratory Method	MIC	
573.24378	Klebsiella pneumoniae strain MUGSI_21	cefotaxime	Resistant	Laboratory Method	Broth dilution	CLSI
573.66533	Klebsiella pneumoniae 27322_4#115	cefotaxime	Resistant	Laboratory Method	MIC	
573.5819	Klebsiella pneumoniae strain W1-4-ERY6(G)	cefotaxime	Resistant	Laboratory Method	Broth dilution	EUCAST
573.66857	Klebsiella pneumoniae KP_NORM_BLD_2008_55153	cefotaxime	Resistant	Laboratory Method		EUCAST
573.15722	Klebsiella pneumoniae strain K1388	cefotaxime	Resistant	Laboratory Method	Disk diffusion	EUCAST
573.6649	Klebsiella pneumoniae 27261_8#115	cefotaxime	Resistant	Laboratory Method	MIC	
573.5815	Klebsiella pneumoniae strain PB38	cefotaxime	Resistant	Laboratory Method	Broth dilution	EUCAST
573.66171	Klebsiella pneumoniae ERR2130428	cefotaxime	Resistant	Laboratory Method	Broth dilution	EUCAST
573.67294	Klebsiella pneumoniae ERR7221297	cefotaxime	Resistant	Laboratory Method	Broth dilution	EUCAST
72407.521	Klebsiella pneumoniae subsp. pneumoniae strain 3189STDY5864855	cefotaxime	Resistant	Laboratory Method	Broth dilution	CLSI
573.66285	Klebsiella pneumoniae 26975_5#10	cefotaxime	Resistant	Laboratory Method	MIC	
573.66316	Klebsiella pneumoniae 26994_6#75	cefotaxime	Resistant	Laboratory Method	MIC	
573.67191	Klebsiella pneumoniae ERR7221162	cefotaxime	Resistant	Laboratory Method	Broth dilution	EUCAST
573.67245	Klebsiella pneumoniae ERR7221237	cefotaxime	Resistant	Laboratory Method	Broth dilution	EUCAST
573.66378	Klebsiella pneumoniae 26994_7#148	cefotaxime	Resistant	Laboratory Method	MIC	
573.66184	Klebsiella pneumoniae KP_NORM_BLD_2015_112900	cefotaxime	Resistant	Laboratory Method		EUCAST
573.66874	Klebsiella pneumoniae KP_NORM_BLD_2010_72019	cefotaxime	Resistant	Laboratory Method		EUCAST
573.66456	Klebsiella pneumoniae 27261_8#14	cefotaxime	Resistant	Laboratory Method	MIC	
573.24356	Klebsiella pneumoniae strain MUGSI_146	cefotaxime	Resistant	Laboratory Method	Broth dilution	CLSI
573.66881	Klebsiella pneumoniae KP_NORM_BLD_2011_74197	cefotaxime	Resistant	Laboratory Method		EUCAST
573.66563	Klebsiella pneumoniae 29135_1#109	cefotaxime	Resistant	Laboratory Method	MIC	
573.17915	Klebsiella pneumoniae strain AR_0361	cefotaxime	Resistant	Laboratory Method	Broth dilution	CLSI
573.24401	Klebsiella pneumoniae strain MUGSI_32	cefotaxime	Resistant	Laboratory Method	Broth dilution	CLSI
573.13711	Klebsiella pneumoniae KPN1849ec	ceftazidime	Resistant	Laboratory Method	Broth dilution	CLSI
72407.57	Klebsiella pneumoniae subsp. pneumoniae strain 3189STDY5864792	ceftazidime	Resistant	Laboratory Method	Broth dilution	CLSI
573.66852	Klebsiella pneumoniae KP_NORM_BLD_2008_52120	ceftazidime	Resistant	Laboratory Method		EUCAST
573.13599	Klebsiella pneumoniae KPN1696ec	ceftazidime	Resistant	Laboratory Method	Broth dilution	CLSI
573.13749	Klebsiella pneumoniae KPN1888ec	ceftazidime	Resistant	Laboratory Method	Broth dilution	CLSI
1438747.3	Klebsiella pneumoniae CHS 41	ceftazidime	Resistant	Laboratory Method	Broth dilution	
573.14324	Klebsiella pneumoniae KPN695ec	ceftazidime	Resistant	Laboratory Method	Broth dilution	CLSI
573.12932	Klebsiella pneumoniae 3393	ceftazidime	Resistant	Laboratory Method	Broth dilution	CLSI
573.13245	Klebsiella pneumoniae KPN1267ec	ceftazidime	Resistant	Laboratory Method	Broth dilution	CLSI
573.5682	Klebsiella pneumoniae strain PB14	ceftazidime	Resistant	Laboratory Method	Broth dilution	EUCAST
72407.58	Klebsiella pneumoniae subsp. pneumoniae strain 3189STDY5864893	ceftazidime	Resistant	Laboratory Method	Broth dilution	CLSI
573.57	Klebsiella pneumoniae strain PB122	ceftazidime	Resistant	Laboratory Method	Broth dilution	EUCAST
573.145	Klebsiella pneumoniae KPN928ec	ceftazidime	Resistant	Laboratory Method	Broth dilution	CLSI
573.46864	Klebsiella pneumoniae KP-42LI	ceftazidime	Resistant	Laboratory Method	Broth dilution	EUCAST
573.31067	Klebsiella pneumoniae strain PH12	ceftazidime	Resistant	Laboratory Method	Disk diffusion	CLSI
573.13166	Klebsiella pneumoniae KPN1171ec	ceftazidime	Resistant	Laboratory Method	Broth dilution	CLSI
573.5638	Klebsiella pneumoniae strain 12_BR_13	ceftazidime	Resistant	Laboratory Method	Broth dilution	CLSI
573.14378	Klebsiella pneumoniae KPN760ec	ceftazidime	Resistant	Laboratory Method	Broth dilution	CLSI
573.13069	Klebsiella pneumoniae KPN1047ec	ceftazidime	Resistant	Laboratory Method	Broth dilution	CLSI
573.66174	Klebsiella pneumoniae KP_NORM_BLD_2013_91760	ceftazidime	Resistant	Laboratory Method		EUCAST
573.14437	Klebsiella pneumoniae KPN843ec	ceftazidime	Resistant	Laboratory Method	Broth dilution	CLSI
573.14397	Klebsiella pneumoniae KPN786ec	ceftazidime	Resistant	Laboratory Method	Broth dilution	CLSI
1438735.3	Klebsiella pneumoniae CHS 29	ceftazidime	Resistant	Laboratory Method	Broth dilution	
573.23209	Klebsiella pneumoniae strain KP_184	ceftazidime	Resistant	Laboratory Method	Disk diffusion	CLSI
573.46071	Klebsiella pneumoniae KSB2_8B	ceftazidime	Resistant	Laboratory Method	Broth dilution	CLSI
573.14127	Klebsiella pneumoniae KPN406ec	ceftazidime	Resistant	Laboratory Method	Broth dilution	CLSI
573.66501	Klebsiella pneumoniae 27261_8#163	ceftazidime	Resistant	Laboratory Method	MIC	
573.13496	Klebsiella pneumoniae KPN1568ec	ceftazidime	Resistant	Laboratory Method	Broth dilution	CLSI
1438752.3	Klebsiella pneumoniae CHS 46	ceftazidime	Resistant	Laboratory Method	Broth dilution	
573.14082	Klebsiella pneumoniae KPN357ec	ceftazidime	Resistant	Laboratory Method	Broth dilution	CLSI
573.14069	Klebsiella pneumoniae KPN338ec	ceftazidime	Resistant	Laboratory Method	Broth dilution	CLSI
573.13954	Klebsiella pneumoniae KPN2163ec	ceftazidime	Resistant	Laboratory Method	Broth dilution	CLSI
573.14488	Klebsiella pneumoniae KPN914ec	ceftazidime	Resistant	Laboratory Method	Broth dilution	CLSI
573.14439	Klebsiella pneumoniae KPN849ec	ceftazidime	Resistant	Laboratory Method	Broth dilution	CLSI
573.14313	Klebsiella pneumoniae KPN682ec	ceftazidime	Resistant	Laboratory Method	Broth dilution	CLSI
573.6623	Klebsiella pneumoniae 26968_5#73	ceftazidime	Resistant	Laboratory Method	MIC	
573.15603	Klebsiella pneumoniae strain KSB1_5D	ceftazidime	Resistant	Laboratory Method	Broth dilution	CLSI
573.14153	Klebsiella pneumoniae KPN435ec	ceftazidime	Resistant	Laboratory Method	Broth dilution	CLSI
573.1572	Klebsiella pneumoniae strain K1367	ceftazidime	Resistant	Laboratory Method	Disk diffusion	EUCAST
573.14487	Klebsiella pneumoniae KPN913ec	ceftazidime	Resistant	Laboratory Method	Broth dilution	CLSI
573.31066	Klebsiella pneumoniae strain PH102	ceftazidime	Resistant	Laboratory Method	Disk diffusion	CLSI
573.14529	Klebsiella pneumoniae KPN965ec	ceftazidime	Resistant	Laboratory Method	Broth dilution	CLSI
573.14399	Klebsiella pneumoniae KPN790ec	ceftazidime	Resistant	Laboratory Method	Broth dilution	CLSI
573.13786	Klebsiella pneumoniae KPN1934ec	ceftazidime	Resistant	Laboratory Method	Broth dilution	CLSI
573.67156	Klebsiella pneumoniae KP_NORM_URN_2014_96612	ceftazidime	Resistant	Laboratory Method		EUCAST
573.66225	Klebsiella pneumoniae 26968_5#106	ceftazidime	Resistant	Laboratory Method	MIC	
573.14068	Klebsiella pneumoniae KPN337ec	ceftazidime	Resistant	Laboratory Method	Broth dilution	CLSI
573.66438	Klebsiella pneumoniae 27261_7#8	ceftazidime	Resistant	Laboratory Method	MIC	
72407.563	Klebsiella pneumoniae subsp. pneumoniae strain 3189STDY5864786	ceftazidime	Resistant	Laboratory Method	Broth dilution	CLSI
573.13617	Klebsiella pneumoniae KPN1714ec	ceftazidime	Resistant	Laboratory Method	Broth dilution	CLSI
573.13509	Klebsiella pneumoniae KPN1584ec	ceftazidime	Resistant	Laboratory Method	Broth dilution	CLSI
573.13199	Klebsiella pneumoniae KPN1208ec	ceftazidime	Resistant	Laboratory Method	Broth dilution	CLSI
573.13094	Klebsiella pneumoniae KPN1086ec	ceftazidime	Resistant	Laboratory Method	Broth dilution	CLSI
573.15674	Klebsiella pneumoniae strain K1072	ceftazidime	Resistant	Laboratory Method	Disk diffusion	EUCAST
573.13594	Klebsiella pneumoniae KPN1691ec	ceftazidime	Resistant	Laboratory Method	Broth dilution	CLSI
573.7362	Klebsiella pneumoniae strain AR_0049	ceftazidime	Resistant	Laboratory Method	Broth dilution	CLSI
573.13708	Klebsiella pneumoniae KPN1845ec	ceftazidime	Resistant	Laboratory Method	Broth dilution	CLSI
573.66177	Klebsiella pneumoniae KP_NORM_BLD_2014_100998	ceftazidime	Resistant	Laboratory Method		EUCAST
573.13432	Klebsiella pneumoniae KPN1495ec	ceftazidime	Resistant	Laboratory Method	Broth dilution	CLSI
573.13894	Klebsiella pneumoniae KPN2070ec	ceftazidime	Resistant	Laboratory Method	Broth dilution	CLSI
573.13309	Klebsiella pneumoniae KPN1349ec	ceftazidime	Resistant	Laboratory Method	Broth dilution	CLSI
573.13714	Klebsiella pneumoniae KPN1851ec	ceftazidime	Resistant	Laboratory Method	Broth dilution	CLSI
573.26095	Klebsiella pneumoniae strain 5012STDY7312696	ceftazidime	Resistant	Laboratory Method	Broth dilution	
573.66488	Klebsiella pneumoniae 27261_8#103	ceftazidime	Resistant	Laboratory Method	MIC	
573.14132	Klebsiella pneumoniae KPN412ec	ceftazidime	Resistant	Laboratory Method	Broth dilution	CLSI
573.13769	Klebsiella pneumoniae KPN1914ec	ceftazidime	Resistant	Laboratory Method	Broth dilution	CLSI
573.66465	Klebsiella pneumoniae 27261_8#35	ceftazidime	Resistant	Laboratory Method	MIC	
573.66424	Klebsiella pneumoniae 27097_7#8	ceftazidime	Resistant	Laboratory Method	MIC	
573.13875	Klebsiella pneumoniae KPN204ec	ceftazidime	Resistant	Laboratory Method	Broth dilution	CLSI
573.14528	Klebsiella pneumoniae KPN963ec	ceftazidime	Resistant	Laboratory Method	Broth dilution	CLSI
573.13148	Klebsiella pneumoniae KPN1150ec	ceftazidime	Resistant	Laboratory Method	Broth dilution	CLSI
573.13866	Klebsiella pneumoniae KPN2040ec	ceftazidime	Resistant	Laboratory Method	Broth dilution	CLSI
573.5665	Klebsiella pneumoniae strain PB127	ceftazidime	Resistant	Laboratory Method	Broth dilution	EUCAST
573.13351	Klebsiella pneumoniae KPN1407ec	ceftazidime	Resistant	Laboratory Method	Broth dilution	CLSI
573.243	Klebsiella pneumoniae strain 402	ceftazidime	Resistant	Laboratory Method	Broth dilution	CLSI
573.13301	Klebsiella pneumoniae KPN1340ec	ceftazidime	Resistant	Laboratory Method	Broth dilution	CLSI
573.24385	Klebsiella pneumoniae strain MUGSI_27	ceftazidime	Resistant	Laboratory Method	Broth dilution	CLSI
573.26262	Klebsiella pneumoniae strain 5012STDY7626380	ceftazidime	Resistant	Laboratory Method	Broth dilution	
573.13822	Klebsiella pneumoniae KPN1989ec	ceftazidime	Resistant	Laboratory Method	Broth dilution	CLSI
573.14364	Klebsiella pneumoniae KPN742ec	ceftazidime	Resistant	Laboratory Method	Broth dilution	CLSI
573.13487	Klebsiella pneumoniae KPN1559ec	ceftazidime	Resistant	Laboratory Method	Broth dilution	CLSI
573.67175	Klebsiella pneumoniae KP_NORM_URN_2015_113007	ceftazidime	Resistant	Laboratory Method		EUCAST
573.13247	Klebsiella pneumoniae KPN1269ec	ceftazidime	Resistant	Laboratory Method	Broth dilution	CLSI
573.66941	Klebsiella pneumoniae KP_NORM_BLD_2015_116588	ceftazidime	Resistant	Laboratory Method		EUCAST
573.14361	Klebsiella pneumoniae KPN738ec	ceftazidime	Resistant	Laboratory Method	Broth dilution	CLSI
573.14389	Klebsiella pneumoniae KPN775ec	ceftazidime	Resistant	Laboratory Method	Broth dilution	CLSI
573.13526	Klebsiella pneumoniae KPN1605ec	ceftazidime	Resistant	Laboratory Method	Broth dilution	CLSI
573.2434	Klebsiella pneumoniae strain MUGSI_122	ceftazidime	Resistant	Laboratory Method	Broth dilution	CLSI
573.14098	Klebsiella pneumoniae KPN375ec	ceftazidime	Resistant	Laboratory Method	Broth dilution	CLSI
573.26162	Klebsiella pneumoniae strain 5012STDY7312600	ceftazidime	Resistant	Laboratory Method	Broth dilution	
573.20063	Klebsiella pneumoniae strain AR_0097	ceftazidime	Resistant	Laboratory Method	Broth dilution	CLSI
573.13562	Klebsiella pneumoniae KPN1653ec	ceftazidime	Resistant	Laboratory Method	Broth dilution	CLSI
573.14446	Klebsiella pneumoniae KPN858ec	ceftazidime	Resistant	Laboratory Method	Broth dilution	CLSI
573.14327	Klebsiella pneumoniae KPN698ec	ceftazidime	Resistant	Laboratory Method	Broth dilution	CLSI
573.5711	Klebsiella pneumoniae strain W2-9-ERG10	ceftazidime	Resistant	Laboratory Method	Broth dilution	EUCAST
573.13393	Klebsiella pneumoniae KPN1451ec	ceftazidime	Resistant	Laboratory Method	Broth dilution	CLSI
573.26288	Klebsiella pneumoniae strain 5012STDY7626407	ceftazidime	Resistant	Laboratory Method	Broth dilution	
573.14184	Klebsiella pneumoniae KPN475ec	ceftazidime	Resistant	Laboratory Method	Broth dilution	CLSI
573.14331	Klebsiella pneumoniae KPN703ec	ceftazidime	Resistant	Laboratory Method	Broth dilution	CLSI
72407.547	Klebsiella pneumoniae subsp. pneumoniae strain 3189STDY5864779	ceftazidime	Resistant	Laboratory Method	Broth dilution	CLSI
573.13192	Klebsiella pneumoniae KPN1200ec	ceftazidime	Resistant	Laboratory Method	Broth dilution	CLSI
573.13864	Klebsiella pneumoniae KPN2038ec	ceftazidime	Resistant	Laboratory Method	Broth dilution	CLSI
573.4687	Klebsiella pneumoniae KP-82LU	ceftazidime	Resistant	Laboratory Method	Broth dilution	EUCAST
573.136	Klebsiella pneumoniae KPN1697ec	ceftazidime	Resistant	Laboratory Method	Broth dilution	CLSI
573.13045	Klebsiella pneumoniae KPN1019ec	ceftazidime	Resistant	Laboratory Method	Broth dilution	CLSI
573.13738	Klebsiella pneumoniae KPN1875ec	ceftazidime	Resistant	Laboratory Method	Broth dilution	CLSI
573.14348	Klebsiella pneumoniae KPN722ec	ceftazidime	Resistant	Laboratory Method	Broth dilution	CLSI
573.66553	Klebsiella pneumoniae 29109_2#184	ceftazidime	Resistant	Laboratory Method	MIC	
573.1397	Klebsiella pneumoniae KPN223ec	ceftazidime	Resistant	Laboratory Method	Broth dilution	CLSI
573.66343	Klebsiella pneumoniae 26994_6#124	ceftazidime	Resistant	Laboratory Method	MIC	
573.14523	Klebsiella pneumoniae KPN957ec	ceftazidime	Resistant	Laboratory Method	Broth dilution	CLSI
573.13376	Klebsiella pneumoniae KPN1434ec	ceftazidime	Resistant	Laboratory Method	Broth dilution	CLSI
573.15691	Klebsiella pneumoniae strain K871	ceftazidime	Resistant	Laboratory Method	Disk diffusion	EUCAST
573.13504	Klebsiella pneumoniae KPN1578ec	ceftazidime	Resistant	Laboratory Method	Broth dilution	CLSI
573.1317	Klebsiella pneumoniae KPN1177ec	ceftazidime	Resistant	Laboratory Method	Broth dilution	CLSI
72407.54	Klebsiella pneumoniae subsp. pneumoniae strain 3189STDY5864869	ceftazidime	Resistant	Laboratory Method	Broth dilution	CLSI
573.13331	Klebsiella pneumoniae KPN1381ec	ceftazidime	Resistant	Laboratory Method	Broth dilution	CLSI
573.13422	Klebsiella pneumoniae KPN1485ec	ceftazidime	Resistant	Laboratory Method	Broth dilution	CLSI
573.33409	Klebsiella pneumoniae strain PMK24	ceftazidime	Resistant	Laboratory Method	Broth dilution	EUCAST
1438756.3	Klebsiella pneumoniae CHS 50	ceftazidime	Resistant	Laboratory Method	Broth dilution	
573.13843	Klebsiella pneumoniae KPN2012ec	ceftazidime	Resistant	Laboratory Method	Broth dilution	CLSI
573.14515	Klebsiella pneumoniae KPN947ec	ceftazidime	Resistant	Laboratory Method	Broth dilution	CLSI
72407.504	Klebsiella pneumoniae subsp. pneumoniae strain 3189STDY5864834	ceftazidime	Resistant	Laboratory Method	Broth dilution	CLSI
573.14156	Klebsiella pneumoniae KPN438ec	ceftazidime	Resistant	Laboratory Method	Broth dilution	CLSI
573.15679	Klebsiella pneumoniae strain K726	ceftazidime	Resistant	Laboratory Method	Disk diffusion	EUCAST
573.13852	Klebsiella pneumoniae KPN2021ec	ceftazidime	Resistant	Laboratory Method	Broth dilution	CLSI
573.24411	Klebsiella pneumoniae strain MUGSI_42	ceftazidime	Resistant	Laboratory Method	Broth dilution	CLSI
72407.499	Klebsiella pneumoniae subsp. pneumoniae strain 3189STDY5864838	ceftazidime	Resistant	Laboratory Method	Broth dilution	CLSI
1304923.3	Klebsiella pneumoniae 540_1460	ceftazidime	Resistant	Laboratory Method		
573.14103	Klebsiella pneumoniae KPN380ec	ceftazidime	Resistant	Laboratory Method	Broth dilution	CLSI
573.13765	Klebsiella pneumoniae KPN1906ec	ceftazidime	Resistant	Laboratory Method	Broth dilution	CLSI
573.14233	Klebsiella pneumoniae KPN555ec	ceftazidime	Resistant	Laboratory Method	Broth dilution	CLSI
573.13138	Klebsiella pneumoniae KPN1137ec	ceftazidime	Resistant	Laboratory Method	Broth dilution	CLSI
573.66912	Klebsiella pneumoniae KP_NORM_BLD_2013_91198	ceftazidime	Resistant	Laboratory Method		EUCAST
573.1433	Klebsiella pneumoniae KPN702ec	ceftazidime	Resistant	Laboratory Method	Broth dilution	CLSI
573.66255	Klebsiella pneumoniae 26968_6#39	ceftazidime	Resistant	Laboratory Method	MIC	
573.3341	Klebsiella pneumoniae strain PMK22	ceftazidime	Resistant	Laboratory Method	Broth dilution	EUCAST
573.13324	Klebsiella pneumoniae KPN1369ec	ceftazidime	Resistant	Laboratory Method	Broth dilution	CLSI
573.1365	Klebsiella pneumoniae KPN1754ec	ceftazidime	Resistant	Laboratory Method	Broth dilution	CLSI
573.66464	Klebsiella pneumoniae 27261_8#32	ceftazidime	Resistant	Laboratory Method	MIC	
573.66483	Klebsiella pneumoniae 27261_8#62	ceftazidime	Resistant	Laboratory Method	MIC	
573.14274	Klebsiella pneumoniae KPN605ec	ceftazidime	Resistant	Laboratory Method	Broth dilution	CLSI
573.23213	Klebsiella pneumoniae strain KP_123	ceftazidime	Resistant	Laboratory Method	Disk diffusion	CLSI
573.13025	Klebsiella pneumoniae 3364	ceftazidime	Resistant	Laboratory Method	Broth dilution	CLSI
573.23228	Klebsiella pneumoniae strain KP_343	ceftazidime	Resistant	Laboratory Method	Disk diffusion	CLSI
573.24432	Klebsiella pneumoniae strain MUGSI_7	ceftazidime	Resistant	Laboratory Method	Broth dilution	CLSI
573.66335	Klebsiella pneumoniae 26994_6#120	ceftazidime	Resistant	Laboratory Method	MIC	
573.13162	Klebsiella pneumoniae KPN1167ec	ceftazidime	Resistant	Laboratory Method	Broth dilution	CLSI
573.15646	Klebsiella pneumoniae strain K1344	ceftazidime	Resistant	Laboratory Method	Disk diffusion	EUCAST
573.14226	Klebsiella pneumoniae KPN545ec	ceftazidime	Resistant	Laboratory Method	Broth dilution	CLSI
573.13815	Klebsiella pneumoniae KPN1981ec	ceftazidime	Resistant	Laboratory Method	Broth dilution	CLSI
573.13472	Klebsiella pneumoniae KPN1543ec	ceftazidime	Resistant	Laboratory Method	Broth dilution	CLSI
573.33391	Klebsiella pneumoniae strain PMK10	ceftazidime	Resistant	Laboratory Method	Broth dilution	EUCAST
573.67171	Klebsiella pneumoniae KP_NORM_URN_2015_109238	ceftazidime	Resistant	Laboratory Method		EUCAST
573.13692	Klebsiella pneumoniae KPN1827ec	ceftazidime	Resistant	Laboratory Method	Broth dilution	CLSI
573.13886	Klebsiella pneumoniae KPN2062ec	ceftazidime	Resistant	Laboratory Method	Broth dilution	CLSI
72407.494	Klebsiella pneumoniae subsp. pneumoniae strain 3189STDY5864839	ceftazidime	Resistant	Laboratory Method	Broth dilution	CLSI
573.33392	Klebsiella pneumoniae strain PMK1	ceftazidime	Resistant	Laboratory Method	Broth dilution	EUCAST
573.14173	Klebsiella pneumoniae KPN462ec	ceftazidime	Resistant	Laboratory Method	Broth dilution	CLSI
573.14303	Klebsiella pneumoniae KPN669ec	ceftazidime	Resistant	Laboratory Method	Broth dilution	CLSI
573.14478	Klebsiella pneumoniae KPN902ec	ceftazidime	Resistant	Laboratory Method	Broth dilution	CLSI
573.66519	Klebsiella pneumoniae 27322_4#41	ceftazidime	Resistant	Laboratory Method	MIC	
573.13928	Klebsiella pneumoniae KPN210ec	ceftazidime	Resistant	Laboratory Method	Broth dilution	CLSI
573.66202	Klebsiella pneumoniae KP_NORM_BLD_2012_86987	ceftazidime	Resistant	Laboratory Method		EUCAST
573.5795	Klebsiella pneumoniae strain PB425	ceftazidime	Resistant	Laboratory Method	Broth dilution	EUCAST
573.24294	Klebsiella pneumoniae strain 374	ceftazidime	Resistant	Laboratory Method	Broth dilution	CLSI
573.13603	Klebsiella pneumoniae KPN169ec	ceftazidime	Resistant	Laboratory Method	Broth dilution	CLSI
573.13302	Klebsiella pneumoniae KPN1341ec	ceftazidime	Resistant	Laboratory Method	Broth dilution	CLSI
1438758.3	Klebsiella pneumoniae CHS 52	ceftazidime	Resistant	Laboratory Method	Broth dilution	
573.3108	Klebsiella pneumoniae strain WU21	ceftazidime	Resistant	Laboratory Method	Disk diffusion	CLSI
573.1406	Klebsiella pneumoniae KPN327ec	ceftazidime	Resistant	Laboratory Method	Broth dilution	CLSI
573.66239	Klebsiella pneumoniae 26968_5#154	ceftazidime	Resistant	Laboratory Method	MIC	
573.13319	Klebsiella pneumoniae KPN1361ec	ceftazidime	Resistant	Laboratory Method	Broth dilution	CLSI
573.66564	Klebsiella pneumoniae 29339_1#51	ceftazidime	Resistant	Laboratory Method	MIC	
573.23201	Klebsiella pneumoniae strain KP_109	ceftazidime	Resistant	Laboratory Method	Disk diffusion	CLSI
573.24311	Klebsiella pneumoniae strain 523	ceftazidime	Resistant	Laboratory Method	Broth dilution	CLSI
573.12982	Klebsiella pneumoniae 3305	ceftazidime	Resistant	Laboratory Method	Broth dilution	CLSI
573.13437	Klebsiella pneumoniae KPN1500ec	ceftazidime	Resistant	Laboratory Method	Broth dilution	CLSI
573.14372	Klebsiella pneumoniae KPN753ec	ceftazidime	Resistant	Laboratory Method	Broth dilution	CLSI
573.26296	Klebsiella pneumoniae strain 5012STDY7626416	ceftazidime	Resistant	Laboratory Method	Broth dilution	
573.14282	Klebsiella pneumoniae KPN615ec	ceftazidime	Resistant	Laboratory Method	Broth dilution	CLSI
1284825.3	Klebsiella pneumoniae VAKPC254	ceftazidime	Resistant	Laboratory Method		
573.13502	Klebsiella pneumoniae KPN1575ec	ceftazidime	Resistant	Laboratory Method	Broth dilution	CLSI
573.5763	Klebsiella pneumoniae strain 19_GR_14	ceftazidime	Resistant	Laboratory Method	Broth dilution	CLSI
573.1721	Klebsiella pneumoniae strain KpVA-3	ceftazidime	Resistant	Laboratory Method	Disk diffusion	EUCAST
573.13632	Klebsiella pneumoniae KPN172ec	ceftazidime	Resistant	Laboratory Method	Broth dilution	CLSI
573.6718	Klebsiella pneumoniae KP_NORM_URN_2015_114831	cefotaxime	Resistant	Laboratory Method		EUCAST
1438780.3	Klebsiella pneumoniae CHS 76	cefotaxime	Resistant	Laboratory Method	Broth dilution	
573.6686	Klebsiella pneumoniae KP_NORM_BLD_2009_61298	cefotaxime	Resistant	Laboratory Method		EUCAST
573.6634	Klebsiella pneumoniae 26994_6#165	cefotaxime	Resistant	Laboratory Method	MIC	
573.58	Klebsiella pneumoniae strain PB121	cefotaxime	Resistant	Laboratory Method	Broth dilution	EUCAST
573.6647	Klebsiella pneumoniae 27261_8#48	cefotaxime	Resistant	Laboratory Method	MIC	
1438731.3	Klebsiella pneumoniae CHS 25	cefotaxime	Resistant	Laboratory Method	Broth dilution	
573.6637	Klebsiella pneumoniae 26994_7#119	cefotaxime	Resistant	Laboratory Method	MIC	
573.66556	Klebsiella pneumoniae 29109_2#143	cefotaxime	Resistant	Laboratory Method	MIC	
573.66376	Klebsiella pneumoniae 26994_7#124	cefotaxime	Resistant	Laboratory Method	MIC	
573.24251	Klebsiella pneumoniae strain 15	cefotaxime	Resistant	Laboratory Method	Broth dilution	CLSI
573.13813	Klebsiella pneumoniae KPN197ec	ceftazidime	Resistant	Laboratory Method	Broth dilution	CLSI
573.67284	Klebsiella pneumoniae ERR7221285	cefotaxime	Resistant	Laboratory Method	Broth dilution	EUCAST
573.67297	Klebsiella pneumoniae ERR7221298	cefotaxime	Resistant	Laboratory Method	Broth dilution	EUCAST
1438749.3	Klebsiella pneumoniae CHS 43	cefotaxime	Resistant	Laboratory Method	Broth dilution	
573.15721	Klebsiella pneumoniae strain K1387	cefotaxime	Resistant	Laboratory Method	Disk diffusion	EUCAST
573.66453	Klebsiella pneumoniae 27261_7#68	cefotaxime	Resistant	Laboratory Method	MIC	
573.66201	Klebsiella pneumoniae KP_NORM_URN_2015_109627	cefotaxime	Resistant	Laboratory Method		EUCAST
573.5687	Klebsiella pneumoniae strain PB291	cefotaxime	Resistant	Laboratory Method	Broth dilution	EUCAST
573.22555	Klebsiella pneumoniae strain SU11	cefotaxime	Resistant	Laboratory Method		EUCAST
573.24335	Klebsiella pneumoniae strain MUGSI_117	cefotaxime	Resistant	Laboratory Method	Broth dilution	CLSI
573.66862	Klebsiella pneumoniae KP_NORM_BLD_2009_63475	cefotaxime	Resistant	Laboratory Method		EUCAST
573.67178	Klebsiella pneumoniae ERR7221152	cefotaxime	Resistant	Laboratory Method	Broth dilution	EUCAST
573.5814	Klebsiella pneumoniae strain PB199	cefotaxime	Resistant	Laboratory Method	Broth dilution	EUCAST
573.66159	Klebsiella pneumoniae ERR2118026	cefotaxime	Resistant	Laboratory Method	Broth dilution	EUCAST
573.15733	Klebsiella pneumoniae strain K1623	cefotaxime	Resistant	Laboratory Method	Disk diffusion	EUCAST
573.67219	Klebsiella pneumoniae ERR7221197	cefotaxime	Resistant	Laboratory Method	Broth dilution	EUCAST
573.1564	Klebsiella pneumoniae strain K1057	cefotaxime	Resistant	Laboratory Method	Disk diffusion	EUCAST
573.67321	Klebsiella pneumoniae ERR7221333	cefotaxime	Resistant	Laboratory Method	Broth dilution	EUCAST
573.2006	Klebsiella pneumoniae strain AR_0135	cefotaxime	Resistant	Laboratory Method	Broth dilution	CLSI
573.67276	Klebsiella pneumoniae ERR7221273	cefotaxime	Resistant	Laboratory Method	Broth dilution	EUCAST
573.15642	Klebsiella pneumoniae strain K1232	cefotaxime	Resistant	Laboratory Method	Disk diffusion	EUCAST
573.67187	Klebsiella pneumoniae ERR7221157	cefotaxime	Resistant	Laboratory Method	Broth dilution	EUCAST
573.22568	Klebsiella pneumoniae strain SU9	cefotaxime	Resistant	Laboratory Method		EUCAST
573.24381	Klebsiella pneumoniae strain MUGSI_227	cefotaxime	Resistant	Laboratory Method	Broth dilution	CLSI
573.2435	Klebsiella pneumoniae strain MUGSI_136	cefotaxime	Resistant	Laboratory Method	Broth dilution	CLSI
573.66275	Klebsiella pneumoniae 26968_6#191	cefotaxime	Resistant	Laboratory Method	MIC	
573.66165	Klebsiella pneumoniae ERR2118035	cefotaxime	Resistant	Laboratory Method	Broth dilution	EUCAST
573.66469	Klebsiella pneumoniae 27261_8#39	cefotaxime	Resistant	Laboratory Method	MIC	
1284823.3	Klebsiella pneumoniae UHKPC04	cefotaxime	Resistant	Laboratory Method		
573.66584	Klebsiella pneumoniae 27322_4#35	cefotaxime	Resistant	Laboratory Method	MIC	
573.24355	Klebsiella pneumoniae strain MUGSI_143	cefotaxime	Resistant	Laboratory Method	Broth dilution	CLSI
573.67257	Klebsiella pneumoniae ERR7221247	cefotaxime	Resistant	Laboratory Method	Broth dilution	EUCAST
573.15717	Klebsiella pneumoniae strain K1108	cefotaxime	Resistant	Laboratory Method	Disk diffusion	EUCAST
573.66474	Klebsiella pneumoniae 27261_8#98	cefotaxime	Resistant	Laboratory Method	MIC	
573.15694	Klebsiella pneumoniae strain K879	cefotaxime	Resistant	Laboratory Method	Disk diffusion	EUCAST
573.66375	Klebsiella pneumoniae 26994_7#126	cefotaxime	Resistant	Laboratory Method	MIC	
573.66146	Klebsiella pneumoniae ERR1981103	cefotaxime	Resistant	Laboratory Method	Broth dilution	EUCAST
1438770.3	Klebsiella pneumoniae CHS 64	cefotaxime	Resistant	Laboratory Method	Broth dilution	
573.15645	Klebsiella pneumoniae strain K1288	cefotaxime	Resistant	Laboratory Method	Disk diffusion	EUCAST
573.15701	Klebsiella pneumoniae strain K889	cefotaxime	Resistant	Laboratory Method	Disk diffusion	EUCAST
573.24382	Klebsiella pneumoniae strain MUGSI_23	cefotaxime	Resistant	Laboratory Method	Broth dilution	CLSI
573.24369	Klebsiella pneumoniae strain MUGSI_180	cefotaxime	Resistant	Laboratory Method	Broth dilution	CLSI
573.5712	Klebsiella pneumoniae strain W2-11-ERG2	cefotaxime	Resistant	Laboratory Method	Broth dilution	EUCAST
573.24346	Klebsiella pneumoniae strain MUGSI_129	cefotaxime	Resistant	Laboratory Method	Broth dilution	CLSI
573.66448	Klebsiella pneumoniae 27261_7#145	cefotaxime	Resistant	Laboratory Method	MIC	
573.66845	Klebsiella pneumoniae KP_NORM_BLD_2004_19607	cefotaxime	Resistant	Laboratory Method		EUCAST
1438722.3	Klebsiella pneumoniae CHS 16	cefotaxime	Resistant	Laboratory Method	Broth dilution	
1438719.3	Klebsiella pneumoniae CHS 13	cefotaxime	Resistant	Laboratory Method	Broth dilution	
573.66383	Klebsiella pneumoniae 26994_7#161	cefotaxime	Resistant	Laboratory Method	MIC	
72407.483	Klebsiella pneumoniae subsp. pneumoniae strain 3189STDY5864843	cefotaxime	Resistant	Laboratory Method	Broth dilution	CLSI
573.66299	Klebsiella pneumoniae 26975_5#20	cefotaxime	Resistant	Laboratory Method	MIC	
573.15681	Klebsiella pneumoniae strain K757	cefotaxime	Resistant	Laboratory Method	Disk diffusion	EUCAST
573.67213	Klebsiella pneumoniae ERR7221191	cefotaxime	Resistant	Laboratory Method	Broth dilution	EUCAST
573.5645	Klebsiella pneumoniae strain 3_GR_13	cefotaxime	Resistant	Laboratory Method	Broth dilution	CLSI
573.66251	Klebsiella pneumoniae 26968_6#28	cefotaxime	Resistant	Laboratory Method	MIC	
573.66269	Klebsiella pneumoniae 26968_6#125	cefotaxime	Resistant	Laboratory Method	MIC	
72407.569	Klebsiella pneumoniae subsp. pneumoniae strain 3189STDY5864793	cefotaxime	Resistant	Laboratory Method	Broth dilution	CLSI
573.67174	Klebsiella pneumoniae KP_NORM_URN_2015_111489	cefotaxime	Resistant	Laboratory Method		EUCAST
573.66244	Klebsiella pneumoniae 26968_6#2	cefotaxime	Resistant	Laboratory Method	MIC	
573.24427	Klebsiella pneumoniae strain MUGSI_65	cefotaxime	Resistant	Laboratory Method	Broth dilution	CLSI
573.66897	Klebsiella pneumoniae KP_NORM_BLD_2012_83884	cefotaxime	Resistant	Laboratory Method		EUCAST
573.24254	Klebsiella pneumoniae strain 17	cefotaxime	Resistant	Laboratory Method	Broth dilution	CLSI
573.15727	Klebsiella pneumoniae strain K1579	cefotaxime	Resistant	Laboratory Method	Disk diffusion	EUCAST
573.24438	Klebsiella pneumoniae strain MUGSI_79	cefotaxime	Resistant	Laboratory Method	Broth dilution	CLSI
573.6642	Klebsiella pneumoniae 26994_8#177	cefotaxime	Resistant	Laboratory Method	MIC	
573.24348	Klebsiella pneumoniae strain MUGSI_131	cefotaxime	Resistant	Laboratory Method	Broth dilution	CLSI
573.67197	Klebsiella pneumoniae ERR7221169	cefotaxime	Resistant	Laboratory Method	Broth dilution	EUCAST
72407.29	Klebsiella pneumoniae subsp. pneumoniae MRSN849888	cefotaxime	Resistant	Laboratory Method		
1284791.4	Klebsiella pneumoniae UHKPC47	cefotaxime	Resistant	Laboratory Method		
573.13032	Klebsiella pneumoniae KPN1001ec	ceftriaxone	Resistant	Laboratory Method	Broth dilution	CLSI
573.2631	Klebsiella pneumoniae strain 5012STDY7626428	ceftazidime	Resistant	Laboratory Method	Broth dilution	
1438761.3	Klebsiella pneumoniae CHS 55	ceftazidime	Resistant	Laboratory Method	Broth dilution	
573.14432	Klebsiella pneumoniae KPN837ec	ceftazidime	Resistant	Laboratory Method	Broth dilution	CLSI
573.14467	Klebsiella pneumoniae KPN887ec	ceftazidime	Resistant	Laboratory Method	Broth dilution	CLSI
573.142	Klebsiella pneumoniae KPN511ec	ceftazidime	Resistant	Laboratory Method	Broth dilution	CLSI
573.24262	Klebsiella pneumoniae strain 201	ceftazidime	Resistant	Laboratory Method	Broth dilution	CLSI
72407.53	Klebsiella pneumoniae subsp. pneumoniae strain 3189STDY5864765	ceftazidime	Resistant	Laboratory Method	Broth dilution	CLSI
573.14536	Klebsiella pneumoniae KPN977ec	ceftazidime	Resistant	Laboratory Method	Broth dilution	CLSI
573.14056	Klebsiella pneumoniae KPN322ec	ceftazidime	Resistant	Laboratory Method	Broth dilution	CLSI
573.66854	Klebsiella pneumoniae KP_NORM_BLD_2008_54367	ceftazidime	Resistant	Laboratory Method		EUCAST
573.13545	Klebsiella pneumoniae KPN1629ec	ceftazidime	Resistant	Laboratory Method	Broth dilution	CLSI
573.66221	Klebsiella pneumoniae 26968_5#43	ceftazidime	Resistant	Laboratory Method	MIC	
573.13186	Klebsiella pneumoniae KPN1194ec	ceftazidime	Resistant	Laboratory Method	Broth dilution	CLSI
573.66356	Klebsiella pneumoniae 26994_7#52	ceftazidime	Resistant	Laboratory Method	MIC	
573.14545	Klebsiella pneumoniae KPN989ec	ceftazidime	Resistant	Laboratory Method	Broth dilution	CLSI
573.13125	Klebsiella pneumoniae KPN1123ec	ceftazidime	Resistant	Laboratory Method	Broth dilution	CLSI
573.14367	Klebsiella pneumoniae KPN747ec	ceftazidime	Resistant	Laboratory Method	Broth dilution	CLSI
573.14245	Klebsiella pneumoniae KPN571ec	ceftazidime	Resistant	Laboratory Method	Broth dilution	CLSI
573.13362	Klebsiella pneumoniae KPN1420ec	ceftazidime	Resistant	Laboratory Method	Broth dilution	CLSI
573.13794	Klebsiella pneumoniae KPN1947ec	ceftazidime	Resistant	Laboratory Method	Broth dilution	CLSI
573.14051	Klebsiella pneumoniae KPN317ec	ceftazidime	Resistant	Laboratory Method	Broth dilution	CLSI
573.66261	Klebsiella pneumoniae 26968_6#98	ceftazidime	Resistant	Laboratory Method	MIC	
573.66305	Klebsiella pneumoniae 26975_5#59	ceftazidime	Resistant	Laboratory Method	MIC	
573.13949	Klebsiella pneumoniae KPN2157ec	ceftazidime	Resistant	Laboratory Method	Broth dilution	CLSI
573.13872	Klebsiella pneumoniae KPN2046ec	ceftazidime	Resistant	Laboratory Method	Broth dilution	CLSI
573.14544	Klebsiella pneumoniae KPN988ec	ceftazidime	Resistant	Laboratory Method	Broth dilution	CLSI
72407.506	Klebsiella pneumoniae subsp. pneumoniae strain 3189STDY5864849	ceftazidime	Resistant	Laboratory Method	Broth dilution	CLSI
573.9721	Klebsiella pneumoniae strain AR_0117	ceftazidime	Resistant	Laboratory Method	Broth dilution	CLSI
573.14176	Klebsiella pneumoniae KPN465ec	ceftazidime	Resistant	Laboratory Method	Broth dilution	CLSI
573.15649	Klebsiella pneumoniae strain K943	ceftazidime	Resistant	Laboratory Method	Disk diffusion	EUCAST
573.13221	Klebsiella pneumoniae KPN1240ec	ceftazidime	Resistant	Laboratory Method	Broth dilution	CLSI
573.13285	Klebsiella pneumoniae KPN1325ec	ceftazidime	Resistant	Laboratory Method	Broth dilution	CLSI
573.67141	Klebsiella pneumoniae KP_NORM_URN_2013_95505	ceftazidime	Resistant	Laboratory Method		EUCAST
573.13335	Klebsiella pneumoniae KPN1385ec	ceftazidime	Resistant	Laboratory Method	Broth dilution	CLSI
573.14003	Klebsiella pneumoniae KPN264ec	ceftazidime	Resistant	Laboratory Method	Broth dilution	CLSI
573.12778	Klebsiella pneumoniae strain AR_0125	ceftazidime	Resistant	Laboratory Method	Broth dilution	CLSI
573.66551	Klebsiella pneumoniae 29105_1#255	ceftazidime	Resistant	Laboratory Method	MIC	
573.66329	Klebsiella pneumoniae 26994_6#98	ceftazidime	Resistant	Laboratory Method	MIC	
573.14408	Klebsiella pneumoniae KPN802ec	ceftazidime	Resistant	Laboratory Method	Broth dilution	CLSI
573.13931	Klebsiella pneumoniae KPN2114ec	ceftazidime	Resistant	Laboratory Method	Broth dilution	CLSI
573.66312	Klebsiella pneumoniae 26975_5#156	ceftazidime	Resistant	Laboratory Method	MIC	
573.66496	Klebsiella pneumoniae 27261_8#141	ceftazidime	Resistant	Laboratory Method	MIC	
573.13961	Klebsiella pneumoniae KPN2172ec	ceftazidime	Resistant	Laboratory Method	Broth dilution	CLSI
1438755.3	Klebsiella pneumoniae CHS 49	ceftazidime	Resistant	Laboratory Method	Broth dilution	
573.13448	Klebsiella pneumoniae KPN1515ec	ceftazidime	Resistant	Laboratory Method	Broth dilution	CLSI
573.5706	Klebsiella pneumoniae strain W2-4-ERG4	ceftazidime	Resistant	Laboratory Method	Broth dilution	EUCAST
573.31065	Klebsiella pneumoniae strain PH124	ceftazidime	Resistant	Laboratory Method	Disk diffusion	CLSI
573.46065	Klebsiella pneumoniae INF261	ceftazidime	Resistant	Laboratory Method	Broth dilution	CLSI
573.26258	Klebsiella pneumoniae strain 5012STDY7626377	ceftazidime	Resistant	Laboratory Method	Broth dilution	
573.66211	Klebsiella pneumoniae KP_NORM_URN_2013_95579	ceftazidime	Resistant	Laboratory Method		EUCAST
573.66234	Klebsiella pneumoniae 26968_5#67	ceftazidime	Resistant	Laboratory Method	MIC	
573.14273	Klebsiella pneumoniae KPN604ec	ceftazidime	Resistant	Laboratory Method	Broth dilution	CLSI
573.12952	Klebsiella pneumoniae 3324	ceftazidime	Resistant	Laboratory Method	Broth dilution	CLSI
573.12914	Klebsiella pneumoniae 3275	ceftazidime	Resistant	Laboratory Method	Broth dilution	CLSI
573.13341	Klebsiella pneumoniae KPN1393ec	ceftazidime	Resistant	Laboratory Method	Broth dilution	CLSI
573.13908	Klebsiella pneumoniae KPN2085ec	ceftazidime	Resistant	Laboratory Method	Broth dilution	CLSI
573.26319	Klebsiella pneumoniae strain 5012STDY7626439	ceftazidime	Resistant	Laboratory Method	Broth dilution	
573.13945	Klebsiella pneumoniae KPN2152ec	ceftazidime	Resistant	Laboratory Method	Broth dilution	CLSI
573.13506	Klebsiella pneumoniae KPN1580ec	ceftazidime	Resistant	Laboratory Method	Broth dilution	CLSI
573.46831	Klebsiella pneumoniae KP-106LU	ceftazidime	Resistant	Laboratory Method	Broth dilution	EUCAST
573.14011	Klebsiella pneumoniae KPN273ec	ceftazidime	Resistant	Laboratory Method	Broth dilution	CLSI
573.13028	Klebsiella pneumoniae 3254	ceftazidime	Resistant	Laboratory Method	Broth dilution	CLSI
573.14166	Klebsiella pneumoniae KPN450ec	ceftazidime	Resistant	Laboratory Method	Broth dilution	CLSI
573.66924	Klebsiella pneumoniae KP_NORM_BLD_2014_101477	ceftazidime	Resistant	Laboratory Method		EUCAST
573.67142	Klebsiella pneumoniae KP_NORM_URN_2013_95439	ceftazidime	Resistant	Laboratory Method		EUCAST
573.13191	Klebsiella pneumoniae KPN1199ec	ceftazidime	Resistant	Laboratory Method	Broth dilution	CLSI
573.67167	Klebsiella pneumoniae KP_NORM_URN_2015_109056	ceftazidime	Resistant	Laboratory Method		EUCAST
573.66232	Klebsiella pneumoniae 26968_5#140	ceftazidime	Resistant	Laboratory Method	MIC	
573.66889	Klebsiella pneumoniae KP_NORM_BLD_2011_75132	ceftazidime	Resistant	Laboratory Method		EUCAST
573.2626	Klebsiella pneumoniae strain 5012STDY7626379	ceftazidime	Resistant	Laboratory Method	Broth dilution	
573.14248	Klebsiella pneumoniae KPN574ec	ceftazidime	Resistant	Laboratory Method	Broth dilution	CLSI
573.14164	Klebsiella pneumoniae KPN448ec	ceftazidime	Resistant	Laboratory Method	Broth dilution	CLSI
573.13356	Klebsiella pneumoniae KPN1413ec	ceftazidime	Resistant	Laboratory Method	Broth dilution	CLSI
573.14507	Klebsiella pneumoniae KPN939ec	ceftazidime	Resistant	Laboratory Method	Broth dilution	CLSI
573.14468	Klebsiella pneumoniae KPN888ec	ceftazidime	Resistant	Laboratory Method	Broth dilution	CLSI
573.13228	Klebsiella pneumoniae KPN1248ec	ceftazidime	Resistant	Laboratory Method	Broth dilution	CLSI
573.14179	Klebsiella pneumoniae KPN469ec	ceftazidime	Resistant	Laboratory Method	Broth dilution	CLSI
573.66484	Klebsiella pneumoniae 27261_8#99	ceftazidime	Resistant	Laboratory Method	MIC	
573.15686	Klebsiella pneumoniae strain K796	ceftazidime	Resistant	Laboratory Method	Disk diffusion	EUCAST
573.13576	Klebsiella pneumoniae KPN166ec	ceftazidime	Resistant	Laboratory Method	Broth dilution	CLSI
72407.545	Klebsiella pneumoniae subsp. pneumoniae strain 3189STDY5864873	ceftazidime	Resistant	Laboratory Method	Broth dilution	CLSI
1438727.3	Klebsiella pneumoniae CHS 21	ceftazidime	Resistant	Laboratory Method	Broth dilution	
573.13163	Klebsiella pneumoniae KPN1168ec	ceftazidime	Resistant	Laboratory Method	Broth dilution	CLSI
573.13109	Klebsiella pneumoniae KPN1105ec	ceftazidime	Resistant	Laboratory Method	Broth dilution	CLSI
573.66313	Klebsiella pneumoniae 26975_5#166	ceftazidime	Resistant	Laboratory Method	MIC	
573.13322	Klebsiella pneumoniae KPN1364ec	ceftazidime	Resistant	Laboratory Method	Broth dilution	CLSI
573.46837	Klebsiella pneumoniae KP-135LU	ceftazidime	Resistant	Laboratory Method	Broth dilution	EUCAST
573.14269	Klebsiella pneumoniae KPN598ec	ceftazidime	Resistant	Laboratory Method	Broth dilution	CLSI
573.24278	Klebsiella pneumoniae strain 30	cefotaxime	Resistant	Laboratory Method	Broth dilution	CLSI
573.66344	Klebsiella pneumoniae 26994_7#22	ceftazidime	Resistant	Laboratory Method	MIC	
573.1407	Klebsiella pneumoniae KPN339ec	ceftazidime	Resistant	Laboratory Method	Broth dilution	CLSI
72407.477	Klebsiella pneumoniae subsp. pneumoniae strain 3189STDY5864735	ceftazidime	Resistant	Laboratory Method	Broth dilution	CLSI
72407.502	Klebsiella pneumoniae subsp. pneumoniae strain 3189STDY5864744	ceftazidime	Resistant	Laboratory Method	Broth dilution	CLSI
573.13178	Klebsiella pneumoniae KPN1186ec	ceftazidime	Resistant	Laboratory Method	Broth dilution	CLSI
1284817.3	Klebsiella pneumoniae UHKPC57	ceftazidime	Resistant	Laboratory Method		
573.5702	Klebsiella pneumoniae strain PB242	ceftazidime	Resistant	Laboratory Method	Broth dilution	EUCAST
573.13128	Klebsiella pneumoniae KPN1126ec	ceftazidime	Resistant	Laboratory Method	Broth dilution	CLSI
573.66531	Klebsiella pneumoniae 27322_4#137	ceftazidime	Resistant	Laboratory Method	MIC	
573.24361	Klebsiella pneumoniae strain MUGSI_158	ceftazidime	Resistant	Laboratory Method	Broth dilution	CLSI
573.13417	Klebsiella pneumoniae KPN1479ec	ceftazidime	Resistant	Laboratory Method	Broth dilution	CLSI
573.24371	Klebsiella pneumoniae strain MUGSI_184	ceftazidime	Resistant	Laboratory Method	Broth dilution	CLSI
573.13261	Klebsiella pneumoniae KPN1282ec	ceftazidime	Resistant	Laboratory Method	Broth dilution	CLSI
573.13292	Klebsiella pneumoniae KPN1331ec	ceftazidime	Resistant	Laboratory Method	Broth dilution	CLSI
573.66323	Klebsiella pneumoniae 26994_6#77	ceftazidime	Resistant	Laboratory Method	MIC	
573.13429	Klebsiella pneumoniae KPN1491ec	ceftazidime	Resistant	Laboratory Method	Broth dilution	CLSI
573.24266	Klebsiella pneumoniae strain 239	ceftazidime	Resistant	Laboratory Method	Broth dilution	CLSI
573.66395	Klebsiella pneumoniae 26994_8#52	ceftazidime	Resistant	Laboratory Method	MIC	
573.2441	Klebsiella pneumoniae strain MUGSI_41	ceftazidime	Resistant	Laboratory Method	Broth dilution	CLSI
573.5812	Klebsiella pneumoniae strain W2-1-ERG2	ceftazidime	Resistant	Laboratory Method	Broth dilution	EUCAST
573.13575	Klebsiella pneumoniae KPN1669ec	ceftazidime	Resistant	Laboratory Method	Broth dilution	CLSI
573.14154	Klebsiella pneumoniae KPN436ec	ceftazidime	Resistant	Laboratory Method	Broth dilution	CLSI
573.14317	Klebsiella pneumoniae KPN686ec	ceftazidime	Resistant	Laboratory Method	Broth dilution	CLSI
573.66478	Klebsiella pneumoniae 27261_8#70	ceftazidime	Resistant	Laboratory Method	MIC	
573.14375	Klebsiella pneumoniae KPN756ec	ceftazidime	Resistant	Laboratory Method	Broth dilution	CLSI
573.67162	Klebsiella pneumoniae KP_NORM_URN_2014_98501	ceftazidime	Resistant	Laboratory Method		EUCAST
573.46866	Klebsiella pneumoniae KP-50LI	ceftazidime	Resistant	Laboratory Method	Broth dilution	EUCAST
573.5705	Klebsiella pneumoniae strain PB157	ceftazidime	Resistant	Laboratory Method	Broth dilution	EUCAST
573.5707	Klebsiella pneumoniae strain W2-5-ERG7	ceftazidime	Resistant	Laboratory Method	Broth dilution	EUCAST
573.13656	Klebsiella pneumoniae KPN1760ec	ceftazidime	Resistant	Laboratory Method	Broth dilution	CLSI
573.13619	Klebsiella pneumoniae KPN1716ec	ceftazidime	Resistant	Laboratory Method	Broth dilution	CLSI
573.13231	Klebsiella pneumoniae KPN1251ec	ceftazidime	Resistant	Laboratory Method	Broth dilution	CLSI
573.13215	Klebsiella pneumoniae KPN1230ec	ceftazidime	Resistant	Laboratory Method	Broth dilution	CLSI
573.13204	Klebsiella pneumoniae KPN1214ec	ceftazidime	Resistant	Laboratory Method	Broth dilution	CLSI
573.15663	Klebsiella pneumoniae strain K1040	ceftazidime	Resistant	Laboratory Method	Disk diffusion	EUCAST
573.13779	Klebsiella pneumoniae KPN1927ec	ceftazidime	Resistant	Laboratory Method	Broth dilution	CLSI
573.13904	Klebsiella pneumoniae KPN2081ec	ceftazidime	Resistant	Laboratory Method	Broth dilution	CLSI
573.66863	Klebsiella pneumoniae KP_NORM_BLD_2009_62172	ceftazidime	Resistant	Laboratory Method		EUCAST
573.33404	Klebsiella pneumoniae strain PMK26b	ceftazidime	Resistant	Laboratory Method	Broth dilution	EUCAST
573.24321	Klebsiella pneumoniae strain MRSN14170	ceftazidime	Resistant	Laboratory Method	Broth dilution	CLSI
573.66228	Klebsiella pneumoniae 26968_5#82	ceftazidime	Resistant	Laboratory Method	MIC	
573.12779	Klebsiella pneumoniae strain AR_0139	ceftazidime	Resistant	Laboratory Method	Broth dilution	CLSI
573.13095	Klebsiella pneumoniae KPN1087ec	ceftazidime	Resistant	Laboratory Method	Broth dilution	CLSI
573.67143	Klebsiella pneumoniae KP_NORM_URN_2013_96191	ceftazidime	Resistant	Laboratory Method		EUCAST
573.1363	Klebsiella pneumoniae KPN1728ec	ceftazidime	Resistant	Laboratory Method	Broth dilution	CLSI
72407.548	Klebsiella pneumoniae subsp. pneumoniae strain 3189STDY5864870	ceftazidime	Resistant	Laboratory Method	Broth dilution	CLSI
573.12894	Klebsiella pneumoniae 3264	ceftazidime	Resistant	Laboratory Method	Broth dilution	CLSI
1284828.3	Klebsiella pneumoniae VAKPC280	ceftazidime	Resistant	Laboratory Method		
573.13368	Klebsiella pneumoniae KPN1427ec	ceftazidime	Resistant	Laboratory Method	Broth dilution	CLSI
1328382.3	Klebsiella pneumoniae BWH 15	ceftazidime	Resistant	Laboratory Method	Broth dilution	
573.26252	Klebsiella pneumoniae strain 5012STDY7626373	ceftazidime	Resistant	Laboratory Method	Broth dilution	
573.14455	Klebsiella pneumoniae KPN870ec	ceftazidime	Resistant	Laboratory Method	Broth dilution	CLSI
573.66393	Klebsiella pneumoniae 26994_8#41	ceftazidime	Resistant	Laboratory Method	MIC	
573.1375	Klebsiella pneumoniae KPN1889ec	ceftazidime	Resistant	Laboratory Method	Broth dilution	CLSI
573.14349	Klebsiella pneumoniae KPN723ec	ceftazidime	Resistant	Laboratory Method	Broth dilution	CLSI
72407.492	Klebsiella pneumoniae subsp. pneumoniae strain 3189STDY5864740	ceftazidime	Resistant	Laboratory Method	Broth dilution	CLSI
573.15654	Klebsiella pneumoniae strain K864	ceftazidime	Resistant	Laboratory Method	Disk diffusion	EUCAST
573.13519	Klebsiella pneumoniae KPN1595ec	ceftazidime	Resistant	Laboratory Method	Broth dilution	CLSI
573.14496	Klebsiella pneumoniae KPN924ec	ceftazidime	Resistant	Laboratory Method	Broth dilution	CLSI
573.13948	Klebsiella pneumoniae KPN2156ec	ceftazidime	Resistant	Laboratory Method	Broth dilution	CLSI
573.14216	Klebsiella pneumoniae KPN532ec	ceftazidime	Resistant	Laboratory Method	Broth dilution	CLSI
1284824.3	Klebsiella pneumoniae VAKPC252	ceftazidime	Resistant	Laboratory Method		
573.14167	Klebsiella pneumoniae KPN451ec	ceftazidime	Resistant	Laboratory Method	Broth dilution	CLSI
573.12971	Klebsiella pneumoniae 3303	ceftazidime	Resistant	Laboratory Method	Broth dilution	CLSI
573.24314	Klebsiella pneumoniae strain 66	ceftazidime	Resistant	Laboratory Method	Disk diffusion	CLSI
573.14001	Klebsiella pneumoniae KPN262ec	ceftazidime	Resistant	Laboratory Method	Broth dilution	CLSI
573.15731	Klebsiella pneumoniae strain K1641	ceftazidime	Resistant	Laboratory Method	Disk diffusion	EUCAST
573.66541	Klebsiella pneumoniae 27322_4#179	ceftazidime	Resistant	Laboratory Method	MIC	
573.24441	Klebsiella pneumoniae strain MUGSI_82	ceftazidime	Resistant	Laboratory Method	Broth dilution	CLSI
573.14194	Klebsiella pneumoniae KPN503ec	ceftazidime	Resistant	Laboratory Method	Broth dilution	CLSI
573.66287	Klebsiella pneumoniae 26975_4#130	ceftazidime	Resistant	Laboratory Method	MIC	
1328386.3	Klebsiella pneumoniae BWH 36	ceftazidime	Resistant	Laboratory Method	Broth dilution	
72407.565	Klebsiella pneumoniae subsp. pneumoniae strain 3189STDY5864791	ceftazidime	Resistant	Laboratory Method	Broth dilution	CLSI
573.23202	Klebsiella pneumoniae strain KP_089	ceftazidime	Resistant	Laboratory Method	Disk diffusion	CLSI
573.14295	Klebsiella pneumoniae KPN635ec	ceftazidime	Resistant	Laboratory Method	Broth dilution	CLSI
573.67673	Klebsiella pneumoniae 26994_6#100	ceftazidime	Resistant	Laboratory Method	MIC	
573.13773	Klebsiella pneumoniae KPN191ec	ceftazidime	Resistant	Laboratory Method	Broth dilution	CLSI
573.66521	Klebsiella pneumoniae 27322_4#36	ceftazidime	Resistant	Laboratory Method	MIC	
573.1414	Klebsiella pneumoniae KPN420ec	ceftazidime	Resistant	Laboratory Method	Broth dilution	CLSI
573.66216	Klebsiella pneumoniae 26968_5#13	ceftazidime	Resistant	Laboratory Method	MIC	
573.14351	Klebsiella pneumoniae KPN725ec	ceftazidime	Resistant	Laboratory Method	Broth dilution	CLSI
573.13093	Klebsiella pneumoniae KPN1085ec	ceftazidime	Resistant	Laboratory Method	Broth dilution	CLSI
573.24249	Klebsiella pneumoniae strain 132	ceftazidime	Resistant	Laboratory Method	Broth dilution	CLSI
573.13238	Klebsiella pneumoniae KPN125ec	ceftazidime	Resistant	Laboratory Method	Broth dilution	CLSI
573.15633	Klebsiella pneumoniae strain K946	ceftazidime	Resistant	Laboratory Method	Disk diffusion	EUCAST
573.14381	Klebsiella pneumoniae KPN765ec	ceftazidime	Resistant	Laboratory Method	Broth dilution	CLSI
573.13593	Klebsiella pneumoniae KPN1690ec	ceftazidime	Resistant	Laboratory Method	Broth dilution	CLSI
573.13867	Klebsiella pneumoniae KPN2041ec	ceftazidime	Resistant	Laboratory Method	Broth dilution	CLSI
573.14151	Klebsiella pneumoniae KPN432ec	ceftazidime	Resistant	Laboratory Method	Broth dilution	CLSI
573.14356	Klebsiella pneumoniae KPN733ec	ceftazidime	Resistant	Laboratory Method	Broth dilution	CLSI
573.13083	Klebsiella pneumoniae KPN1068ec	ceftazidime	Resistant	Laboratory Method	Broth dilution	CLSI
573.13453	Klebsiella pneumoniae KPN1520ec	ceftazidime	Resistant	Laboratory Method	Broth dilution	CLSI
573.13115	Klebsiella pneumoniae KPN1111ec	ceftazidime	Resistant	Laboratory Method	Broth dilution	CLSI
573.14017	Klebsiella pneumoniae KPN279ec	ceftazidime	Resistant	Laboratory Method	Broth dilution	CLSI
573.7033	Klebsiella pneumoniae strain AR_0044	ceftazidime	Resistant	Laboratory Method	Broth dilution	CLSI
573.13933	Klebsiella pneumoniae KPN2116ec	ceftazidime	Resistant	Laboratory Method	Broth dilution	CLSI
573.13262	Klebsiella pneumoniae KPN1283ec	ceftazidime	Resistant	Laboratory Method	Broth dilution	CLSI
573.6622	Klebsiella pneumoniae 26968_5#50	ceftazidime	Resistant	Laboratory Method	MIC	
573.13051	Klebsiella pneumoniae KPN1026ec	ceftazidime	Resistant	Laboratory Method	Broth dilution	CLSI
573.15592	Klebsiella pneumoniae strain MSB1_8A	ceftazidime	Resistant	Laboratory Method	Broth dilution	CLSI
573.4685	Klebsiella pneumoniae KP-22PI	ceftazidime	Resistant	Laboratory Method	Broth dilution	EUCAST
1328384.3	Klebsiella pneumoniae BWH 28	ceftazidime	Resistant	Laboratory Method	Broth dilution	
573.67169	Klebsiella pneumoniae KP_NORM_URN_2015_108182	ceftazidime	Resistant	Laboratory Method		EUCAST
573.13969	Klebsiella pneumoniae KPN222ec	ceftazidime	Resistant	Laboratory Method	Broth dilution	CLSI
573.14122	Klebsiella pneumoniae KPN401ec	ceftazidime	Resistant	Laboratory Method	Broth dilution	CLSI
72407.51	Klebsiella pneumoniae subsp. pneumoniae strain 3189STDY5864927	ceftazidime	Resistant	Laboratory Method	Broth dilution	CLSI
573.13373	Klebsiella pneumoniae KPN1431ec	ceftazidime	Resistant	Laboratory Method	Broth dilution	CLSI
573.26308	Klebsiella pneumoniae strain 5012STDY7626426	ceftazidime	Resistant	Laboratory Method	Broth dilution	
573.14362	Klebsiella pneumoniae KPN740ec	ceftazidime	Resistant	Laboratory Method	Broth dilution	CLSI
573.33415	Klebsiella pneumoniae strain PMK4a	ceftazidime	Resistant	Laboratory Method	Broth dilution	EUCAST
573.13483	Klebsiella pneumoniae KPN1555ec	ceftazidime	Resistant	Laboratory Method	Broth dilution	CLSI
573.664	Klebsiella pneumoniae 26994_8#77	ceftazidime	Resistant	Laboratory Method	MIC	
573.14214	Klebsiella pneumoniae KPN528ec	ceftazidime	Resistant	Laboratory Method	Broth dilution	CLSI
573.66422	Klebsiella pneumoniae 27097_7#3	ceftazidime	Resistant	Laboratory Method	MIC	
573.66859	Klebsiella pneumoniae KP_NORM_BLD_2009_61037	ceftazidime	Resistant	Laboratory Method		EUCAST
573.14386	Klebsiella pneumoniae KPN772ec	ceftazidime	Resistant	Laboratory Method	Broth dilution	CLSI
573.13715	Klebsiella pneumoniae KPN1852ec	ceftazidime	Resistant	Laboratory Method	Broth dilution	CLSI
573.13158	Klebsiella pneumoniae KPN1163ec	ceftazidime	Resistant	Laboratory Method	Broth dilution	CLSI
573.13751	Klebsiella pneumoniae KPN188ec	ceftazidime	Resistant	Laboratory Method	Broth dilution	CLSI
573.1338	Klebsiella pneumoniae KPN1439ec	ceftazidime	Resistant	Laboratory Method	Broth dilution	CLSI
573.6624	Klebsiella pneumoniae 26968_5#174	ceftazidime	Resistant	Laboratory Method	MIC	
1438740.3	Klebsiella pneumoniae CHS 34	ceftazidime	Resistant	Laboratory Method	Broth dilution	
573.12874	Klebsiella pneumoniae 3294	ceftazidime	Resistant	Laboratory Method	Broth dilution	CLSI
573.13601	Klebsiella pneumoniae KPN1698ec	ceftazidime	Resistant	Laboratory Method	Broth dilution	CLSI
573.14237	Klebsiella pneumoniae KPN560ec	ceftazidime	Resistant	Laboratory Method	Broth dilution	CLSI
573.13999	Klebsiella pneumoniae KPN260ec	ceftazidime	Resistant	Laboratory Method	Broth dilution	CLSI
573.18088	Klebsiella pneumoniae strain AR_0079	ceftazidime	Resistant	Laboratory Method	Broth dilution	CLSI
72407.577	Klebsiella pneumoniae subsp. pneumoniae strain 3189STDY5864895	ceftazidime	Resistant	Laboratory Method	Broth dilution	CLSI
573.13876	Klebsiella pneumoniae KPN2050ec	ceftazidime	Resistant	Laboratory Method	Broth dilution	CLSI
573.13724	Klebsiella pneumoniae KPN1861ec	ceftazidime	Resistant	Laboratory Method	Broth dilution	CLSI
573.13503	Klebsiella pneumoniae KPN1577ec	ceftazidime	Resistant	Laboratory Method	Broth dilution	CLSI
573.66257	Klebsiella pneumoniae 26968_6#88	ceftazidime	Resistant	Laboratory Method	MIC	
573.24333	Klebsiella pneumoniae strain MUGSI_115	ceftazidime	Resistant	Laboratory Method	Broth dilution	CLSI
573.13702	Klebsiella pneumoniae KPN183ec	ceftazidime	Resistant	Laboratory Method	Broth dilution	CLSI
573.14377	Klebsiella pneumoniae KPN759ec	ceftazidime	Resistant	Laboratory Method	Broth dilution	CLSI
573.13591	Klebsiella pneumoniae KPN1688ec	ceftazidime	Resistant	Laboratory Method	Broth dilution	CLSI
573.14149	Klebsiella pneumoniae KPN430ec	ceftazidime	Resistant	Laboratory Method	Broth dilution	CLSI
573.24417	Klebsiella pneumoniae strain MUGSI_50	ceftazidime	Resistant	Laboratory Method	Broth dilution	CLSI
573.24342	Klebsiella pneumoniae strain MUGSI_125	ceftazidime	Resistant	Laboratory Method	Broth dilution	CLSI
573.13734	Klebsiella pneumoniae KPN1870ec	ceftazidime	Resistant	Laboratory Method	Broth dilution	CLSI
573.14407	Klebsiella pneumoniae KPN800ec	ceftazidime	Resistant	Laboratory Method	Broth dilution	CLSI
573.13194	Klebsiella pneumoniae KPN1203ec	ceftazidime	Resistant	Laboratory Method	Broth dilution	CLSI
573.13643	Klebsiella pneumoniae KPN1746ec	ceftazidime	Resistant	Laboratory Method	Broth dilution	CLSI
573.14183	Klebsiella pneumoniae KPN473ec	ceftazidime	Resistant	Laboratory Method	Broth dilution	CLSI
573.66853	Klebsiella pneumoniae KP_NORM_BLD_2008_53804	ceftazidime	Resistant	Laboratory Method		EUCAST
573.14079	Klebsiella pneumoniae KPN354ec	ceftazidime	Resistant	Laboratory Method	Broth dilution	CLSI
573.13409	Klebsiella pneumoniae KPN1471ec	ceftazidime	Resistant	Laboratory Method	Broth dilution	CLSI
573.13812	Klebsiella pneumoniae KPN1976ec	ceftazidime	Resistant	Laboratory Method	Broth dilution	CLSI
573.46845	Klebsiella pneumoniae KP-19PI	ceftazidime	Resistant	Laboratory Method	Broth dilution	EUCAST
573.66492	Klebsiella pneumoniae 27261_8#133	ceftazidime	Resistant	Laboratory Method	MIC	
573.13691	Klebsiella pneumoniae KPN1826ec	ceftazidime	Resistant	Laboratory Method	Broth dilution	CLSI
573.1299	Klebsiella pneumoniae 3226	ceftazidime	Resistant	Laboratory Method	Broth dilution	CLSI
573.23198	Klebsiella pneumoniae strain KP_208	ceftazidime	Resistant	Laboratory Method	Disk diffusion	CLSI
573.13741	Klebsiella pneumoniae KPN1878ec	ceftazidime	Resistant	Laboratory Method	Broth dilution	CLSI
573.13537	Klebsiella pneumoniae KPN1618ec	ceftazidime	Resistant	Laboratory Method	Broth dilution	CLSI
573.66514	Klebsiella pneumoniae 27261_8#187	ceftazidime	Resistant	Laboratory Method	MIC	
573.13825	Klebsiella pneumoniae KPN1992ec	ceftazidime	Resistant	Laboratory Method	Broth dilution	CLSI
573.144	Klebsiella pneumoniae KPN792ec	ceftazidime	Resistant	Laboratory Method	Broth dilution	CLSI
573.1435	Klebsiella pneumoniae KPN724ec	ceftazidime	Resistant	Laboratory Method	Broth dilution	CLSI
573.13377	Klebsiella pneumoniae KPN1435ec	ceftazidime	Resistant	Laboratory Method	Broth dilution	CLSI
573.5679	Klebsiella pneumoniae strain PB466	ceftazidime	Resistant	Laboratory Method	Broth dilution	EUCAST
573.12862	Klebsiella pneumoniae 3288	ceftazidime	Resistant	Laboratory Method	Broth dilution	CLSI
573.24351	Klebsiella pneumoniae strain MUGSI_139	ceftazidime	Resistant	Laboratory Method	Broth dilution	CLSI
573.13616	Klebsiella pneumoniae KPN1713ec	ceftazidime	Resistant	Laboratory Method	Broth dilution	CLSI
573.14531	Klebsiella pneumoniae KPN967ec	ceftazidime	Resistant	Laboratory Method	Broth dilution	CLSI
573.20065	Klebsiella pneumoniae strain AR_0046	ceftazidime	Resistant	Laboratory Method	Broth dilution	CLSI
573.12972	Klebsiella pneumoniae 3244	ceftazidime	Resistant	Laboratory Method	Broth dilution	CLSI
573.13279	Klebsiella pneumoniae KPN1316ec	ceftazidime	Resistant	Laboratory Method	Broth dilution	CLSI
573.13449	Klebsiella pneumoniae KPN1516ec	ceftazidime	Resistant	Laboratory Method	Broth dilution	CLSI
573.13934	Klebsiella pneumoniae KPN2118ec	ceftazidime	Resistant	Laboratory Method	Broth dilution	CLSI
573.66318	Klebsiella pneumoniae 26994_6#57	ceftazidime	Resistant	Laboratory Method	MIC	
1284829.3	Klebsiella pneumoniae VAKPC270	ceftazidime	Resistant	Laboratory Method		
573.24366	Klebsiella pneumoniae strain MUGSI_165	ceftazidime	Resistant	Laboratory Method	Broth dilution	CLSI
573.66542	Klebsiella pneumoniae 29105_1#112	ceftazidime	Resistant	Laboratory Method	MIC	
573.13753	Klebsiella pneumoniae KPN1891ec	ceftazidime	Resistant	Laboratory Method	Broth dilution	CLSI
573.12969	Klebsiella pneumoniae 3295	ceftazidime	Resistant	Laboratory Method	Broth dilution	CLSI
573.13699	Klebsiella pneumoniae KPN1835ec	ceftazidime	Resistant	Laboratory Method	Broth dilution	CLSI
573.13879	Klebsiella pneumoniae KPN2054ec	ceftazidime	Resistant	Laboratory Method	Broth dilution	CLSI
573.14334	Klebsiella pneumoniae KPN707ec	ceftazidime	Resistant	Laboratory Method	Broth dilution	CLSI
573.14046	Klebsiella pneumoniae KPN312ec	ceftazidime	Resistant	Laboratory Method	Broth dilution	CLSI
573.46119	Klebsiella pneumoniae INF115	ceftazidime	Resistant	Laboratory Method	Broth dilution	CLSI
573.14163	Klebsiella pneumoniae KPN447ec	ceftazidime	Resistant	Laboratory Method	Broth dilution	CLSI
573.13471	Klebsiella pneumoniae KPN1542ec	ceftazidime	Resistant	Laboratory Method	Broth dilution	CLSI
573.1372	Klebsiella pneumoniae KPN1857ec	ceftazidime	Resistant	Laboratory Method	Broth dilution	CLSI
573.13007	Klebsiella pneumoniae 3381	ceftazidime	Resistant	Laboratory Method	Broth dilution	CLSI
573.13064	Klebsiella pneumoniae KPN1042ec	ceftazidime	Resistant	Laboratory Method	Broth dilution	CLSI
573.13067	Klebsiella pneumoniae KPN1045ec	ceftazidime	Resistant	Laboratory Method	Broth dilution	CLSI
573.13374	Klebsiella pneumoniae KPN1432ec	ceftazidime	Resistant	Laboratory Method	Broth dilution	CLSI
573.13136	Klebsiella pneumoniae KPN1135ec	ceftazidime	Resistant	Laboratory Method	Broth dilution	CLSI
573.14012	Klebsiella pneumoniae KPN274ec	ceftazidime	Resistant	Laboratory Method	Broth dilution	CLSI
573.13361	Klebsiella pneumoniae KPN141ec	ceftazidime	Resistant	Laboratory Method	Broth dilution	CLSI
573.66404	Klebsiella pneumoniae 26994_8#124	ceftazidime	Resistant	Laboratory Method	MIC	
573.14459	Klebsiella pneumoniae KPN877ec	ceftazidime	Resistant	Laboratory Method	Broth dilution	CLSI
573.13173	Klebsiella pneumoniae KPN1181ec	ceftazidime	Resistant	Laboratory Method	Broth dilution	CLSI
573.13074	Klebsiella pneumoniae KPN1056ec	ceftazidime	Resistant	Laboratory Method	Broth dilution	CLSI
573.13473	Klebsiella pneumoniae KPN1544ec	ceftazidime	Resistant	Laboratory Method	Broth dilution	CLSI
573.66172	Klebsiella pneumoniae KP_NORM_BLD_2012_84087	ceftazidime	Resistant	Laboratory Method		EUCAST
573.66192	Klebsiella pneumoniae KP_NORM_URN_2015_107575	ceftazidime	Resistant	Laboratory Method		EUCAST
573.14505	Klebsiella pneumoniae KPN934ec	ceftazidime	Resistant	Laboratory Method	Broth dilution	CLSI
573.13898	Klebsiella pneumoniae KPN2076ec	ceftazidime	Resistant	Laboratory Method	Broth dilution	CLSI
573.13307	Klebsiella pneumoniae KPN1347ec	ceftazidime	Resistant	Laboratory Method	Broth dilution	CLSI
573.13631	Klebsiella pneumoniae KPN1729ec	ceftazidime	Resistant	Laboratory Method	Broth dilution	CLSI
573.13681	Klebsiella pneumoniae KPN1789ec	ceftazidime	Resistant	Laboratory Method	Broth dilution	CLSI
573.13358	Klebsiella pneumoniae KPN1415ec	ceftazidime	Resistant	Laboratory Method	Broth dilution	CLSI
573.13118	Klebsiella pneumoniae KPN1116ec	ceftazidime	Resistant	Laboratory Method	Broth dilution	CLSI
573.14394	Klebsiella pneumoniae KPN782ec	ceftazidime	Resistant	Laboratory Method	Broth dilution	CLSI
1284793.4	Klebsiella pneumoniae UHKPC69	ceftazidime	Resistant	Laboratory Method		
72407.552	Klebsiella pneumoniae subsp. pneumoniae strain 3189STDY5864781	ceftazidime	Resistant	Laboratory Method	Broth dilution	CLSI
573.13418	Klebsiella pneumoniae KPN147ec	ceftazidime	Resistant	Laboratory Method	Broth dilution	CLSI
573.26293	Klebsiella pneumoniae strain 5012STDY7626410	ceftazidime	Resistant	Laboratory Method	Broth dilution	
573.15639	Klebsiella pneumoniae strain K1039	ceftazidime	Resistant	Laboratory Method	Disk diffusion	EUCAST
573.15043	Klebsiella pneumoniae strain AR_0146	ceftazidime	Resistant	Laboratory Method	Broth dilution	CLSI
573.13645	Klebsiella pneumoniae KPN1748ec	ceftazidime	Resistant	Laboratory Method	Broth dilution	CLSI
573.5722	Klebsiella pneumoniae strain W2-13-ERG11	ceftazidime	Resistant	Laboratory Method	Broth dilution	EUCAST
573.12888	Klebsiella pneumoniae 3279	ceftazidime	Resistant	Laboratory Method	Broth dilution	CLSI
573.14262	Klebsiella pneumoniae KPN590ec	ceftazidime	Resistant	Laboratory Method	Broth dilution	CLSI
573.14211	Klebsiella pneumoniae KPN525ec	ceftazidime	Resistant	Laboratory Method	Broth dilution	CLSI
573.24363	Klebsiella pneumoniae strain MUGSI_16	ceftazidime	Resistant	Laboratory Method	Broth dilution	CLSI
573.13081	Klebsiella pneumoniae KPN1066ec	ceftazidime	Resistant	Laboratory Method	Broth dilution	CLSI
1438763.3	Klebsiella pneumoniae CHS 57	ceftazidime	Resistant	Laboratory Method	Broth dilution	
573.13308	Klebsiella pneumoniae KPN1348ec	ceftazidime	Resistant	Laboratory Method	Broth dilution	CLSI
573.14294	Klebsiella pneumoniae KPN632ec	ceftazidime	Resistant	Laboratory Method	Broth dilution	CLSI
1438769.3	Klebsiella pneumoniae CHS 63	ceftazidime	Resistant	Laboratory Method	Broth dilution	
573.66315	Klebsiella pneumoniae 26975_5#179	ceftazidime	Resistant	Laboratory Method	MIC	
573.14268	Klebsiella pneumoniae KPN597ec	ceftazidime	Resistant	Laboratory Method	Broth dilution	CLSI
573.1438	Klebsiella pneumoniae KPN763ec	ceftazidime	Resistant	Laboratory Method	Broth dilution	CLSI
573.67155	Klebsiella pneumoniae KP_NORM_URN_2014_101205	ceftazidime	Resistant	Laboratory Method		EUCAST
573.1446	Klebsiella pneumoniae KPN878ec	ceftazidime	Resistant	Laboratory Method	Broth dilution	CLSI
573.14091	Klebsiella pneumoniae KPN368ec	ceftazidime	Resistant	Laboratory Method	Broth dilution	CLSI
573.24365	Klebsiella pneumoniae strain MUGSI_161	ceftazidime	Resistant	Laboratory Method	Broth dilution	CLSI
573.14291	Klebsiella pneumoniae KPN626ec	ceftazidime	Resistant	Laboratory Method	Broth dilution	CLSI
573.26295	Klebsiella pneumoniae strain 5012STDY7626414	ceftazidime	Resistant	Laboratory Method	Broth dilution	
573.1378	Klebsiella pneumoniae KPN1928ec	ceftazidime	Resistant	Laboratory Method	Broth dilution	CLSI
573.13304	Klebsiella pneumoniae KPN1344ec	ceftazidime	Resistant	Laboratory Method	Broth dilution	CLSI
573.14416	Klebsiella pneumoniae KPN816ec	ceftazidime	Resistant	Laboratory Method	Broth dilution	CLSI
573.13787	Klebsiella pneumoniae KPN1936ec	ceftazidime	Resistant	Laboratory Method	Broth dilution	CLSI
573.14172	Klebsiella pneumoniae KPN461ec	ceftazidime	Resistant	Laboratory Method	Broth dilution	CLSI
573.13923	Klebsiella pneumoniae KPN2103ec	ceftazidime	Resistant	Laboratory Method	Broth dilution	CLSI
573.13704	Klebsiella pneumoniae KPN1841ec	ceftazidime	Resistant	Laboratory Method	Broth dilution	CLSI
573.13883	Klebsiella pneumoniae KPN2060ec	ceftazidime	Resistant	Laboratory Method	Broth dilution	CLSI
573.13682	Klebsiella pneumoniae KPN178ec	ceftazidime	Resistant	Laboratory Method	Broth dilution	CLSI
573.12884	Klebsiella pneumoniae 3335	ceftazidime	Resistant	Laboratory Method	Broth dilution	CLSI
573.13082	Klebsiella pneumoniae KPN1067ec	ceftazidime	Resistant	Laboratory Method	Broth dilution	CLSI
573.1416	Klebsiella pneumoniae KPN443ec	ceftazidime	Resistant	Laboratory Method	Broth dilution	CLSI
573.14323	Klebsiella pneumoniae KPN694ec	ceftazidime	Resistant	Laboratory Method	Broth dilution	CLSI
573.13912	Klebsiella pneumoniae KPN208ec	ceftazidime	Resistant	Laboratory Method	Broth dilution	CLSI
1284813.3	Klebsiella pneumoniae UHKPC27	ceftazidime	Resistant	Laboratory Method		
573.14014	Klebsiella pneumoniae KPN276ec	ceftazidime	Resistant	Laboratory Method	Broth dilution	CLSI
573.66297	Klebsiella pneumoniae 26975_5#32	ceftazidime	Resistant	Laboratory Method	MIC	
573.13758	Klebsiella pneumoniae KPN1898ec	ceftazidime	Resistant	Laboratory Method	Broth dilution	CLSI
573.66399	Klebsiella pneumoniae 26994_8#114	ceftazidime	Resistant	Laboratory Method	MIC	
573.13661	Klebsiella pneumoniae KPN1767ec	ceftazidime	Resistant	Laboratory Method	Broth dilution	CLSI
573.15678	Klebsiella pneumoniae strain K727	ceftazidime	Resistant	Laboratory Method	Disk diffusion	EUCAST
573.14	Klebsiella pneumoniae KPN261ec	ceftazidime	Resistant	Laboratory Method	Broth dilution	CLSI
573.14066	Klebsiella pneumoniae KPN335ec	ceftazidime	Resistant	Laboratory Method	Broth dilution	CLSI
573.13317	Klebsiella pneumoniae KPN1358ec	ceftazidime	Resistant	Laboratory Method	Broth dilution	CLSI
573.13646	Klebsiella pneumoniae KPN1749ec	ceftazidime	Resistant	Laboratory Method	Broth dilution	CLSI
573.12918	Klebsiella pneumoniae 3340	ceftazidime	Resistant	Laboratory Method	Broth dilution	CLSI
573.1336	Klebsiella pneumoniae KPN1417ec	ceftazidime	Resistant	Laboratory Method	Broth dilution	CLSI
573.12953	Klebsiella pneumoniae 3256	ceftazidime	Resistant	Laboratory Method	Broth dilution	CLSI
573.26168	Klebsiella pneumoniae strain 5012STDY7312604	ceftazidime	Resistant	Laboratory Method	Broth dilution	
573.13133	Klebsiella pneumoniae KPN1132ec	ceftazidime	Resistant	Laboratory Method	Broth dilution	CLSI
573.13488	Klebsiella pneumoniae KPN155ec	ceftazidime	Resistant	Laboratory Method	Broth dilution	CLSI
573.26304	Klebsiella pneumoniae strain 5012STDY7626421	ceftazidime	Resistant	Laboratory Method	Broth dilution	
573.66442	Klebsiella pneumoniae 27261_7#24	ceftazidime	Resistant	Laboratory Method	MIC	
573.46078	Klebsiella pneumoniae INF073	ceftazidime	Resistant	Laboratory Method	Broth dilution	CLSI
573.13345	Klebsiella pneumoniae KPN139ec	ceftazidime	Resistant	Laboratory Method	Broth dilution	CLSI
573.24253	Klebsiella pneumoniae strain 167	ceftazidime	Resistant	Laboratory Method	Disk diffusion	CLSI
573.13394	Klebsiella pneumoniae KPN1453ec	ceftazidime	Resistant	Laboratory Method	Broth dilution	CLSI
573.14413	Klebsiella pneumoniae KPN811ec	ceftazidime	Resistant	Laboratory Method	Broth dilution	CLSI
573.13793	Klebsiella pneumoniae KPN1946ec	ceftazidime	Resistant	Laboratory Method	Broth dilution	CLSI
573.14197	Klebsiella pneumoniae KPN508ec	ceftazidime	Resistant	Laboratory Method	Broth dilution	CLSI
573.13312	Klebsiella pneumoniae KPN1352ec	ceftazidime	Resistant	Laboratory Method	Broth dilution	CLSI
573.1354	Klebsiella pneumoniae KPN1623ec	ceftazidime	Resistant	Laboratory Method	Broth dilution	CLSI
573.13044	Klebsiella pneumoniae KPN1018ec	ceftazidime	Resistant	Laboratory Method	Broth dilution	CLSI
573.14256	Klebsiella pneumoniae KPN582ec	ceftazidime	Resistant	Laboratory Method	Broth dilution	CLSI
573.18087	Klebsiella pneumoniae strain AR438	ceftazidime	Resistant	Laboratory Method	Broth dilution	CLSI
72407.571	Klebsiella pneumoniae subsp. pneumoniae strain 3189STDY5864891	ceftazidime	Resistant	Laboratory Method	Broth dilution	CLSI
573.2611	Klebsiella pneumoniae strain 5012STDY7312727	ceftazidime	Resistant	Laboratory Method	Broth dilution	
573.12977	Klebsiella pneumoniae 3377	ceftazidime	Resistant	Laboratory Method	Broth dilution	CLSI
573.14067	Klebsiella pneumoniae KPN336ec	ceftazidime	Resistant	Laboratory Method	Broth dilution	CLSI
573.1335	Klebsiella pneumoniae KPN1406ec	ceftazidime	Resistant	Laboratory Method	Broth dilution	CLSI
573.14008	Klebsiella pneumoniae KPN270ec	ceftazidime	Resistant	Laboratory Method	Broth dilution	CLSI
573.581	Klebsiella pneumoniae strain PB39	ceftazidime	Resistant	Laboratory Method	Broth dilution	EUCAST
573.66855	Klebsiella pneumoniae KP_NORM_BLD_2008_55014	ceftazidime	Resistant	Laboratory Method		EUCAST
573.1542	Klebsiella pneumoniae strain AR_0112	ceftazidime	Resistant	Laboratory Method	Broth dilution	CLSI
573.67147	Klebsiella pneumoniae KP_NORM_URN_2013_95951	ceftazidime	Resistant	Laboratory Method		EUCAST
573.13371	Klebsiella pneumoniae KPN142ec	ceftazidime	Resistant	Laboratory Method	Broth dilution	CLSI
573.15651	Klebsiella pneumoniae strain K954	ceftazidime	Resistant	Laboratory Method	Disk diffusion	EUCAST
573.24312	Klebsiella pneumoniae strain 524	ceftazidime	Resistant	Laboratory Method	Broth dilution	CLSI
573.14434	Klebsiella pneumoniae KPN839ec	ceftazidime	Resistant	Laboratory Method	Broth dilution	CLSI
573.12895	Klebsiella pneumoniae 3209	ceftazidime	Resistant	Laboratory Method	Broth dilution	CLSI
573.15713	Klebsiella pneumoniae strain K1144	ceftazidime	Resistant	Laboratory Method	Disk diffusion	EUCAST
573.26315	Klebsiella pneumoniae strain 5012STDY7626437	ceftazidime	Resistant	Laboratory Method	Broth dilution	
573.1307	Klebsiella pneumoniae KPN1049ec	ceftazidime	Resistant	Laboratory Method	Broth dilution	CLSI
573.13455	Klebsiella pneumoniae KPN1522ec	ceftazidime	Resistant	Laboratory Method	Broth dilution	CLSI
573.14244	Klebsiella pneumoniae KPN569ec	ceftazidime	Resistant	Laboratory Method	Broth dilution	CLSI
573.13219	Klebsiella pneumoniae KPN1239ec	ceftazidime	Resistant	Laboratory Method	Broth dilution	CLSI
573.12867	Klebsiella pneumoniae 3345	ceftazidime	Resistant	Laboratory Method	Broth dilution	CLSI
573.13127	Klebsiella pneumoniae KPN1125ec	ceftazidime	Resistant	Laboratory Method	Broth dilution	CLSI
573.12959	Klebsiella pneumoniae 3283	ceftazidime	Resistant	Laboratory Method	Broth dilution	CLSI
573.24286	Klebsiella pneumoniae strain 336	ceftazidime	Resistant	Laboratory Method	Broth dilution	CLSI
573.14398	Klebsiella pneumoniae KPN788ec	ceftazidime	Resistant	Laboratory Method	Broth dilution	CLSI
573.13108	Klebsiella pneumoniae KPN1104ec	ceftazidime	Resistant	Laboratory Method	Broth dilution	CLSI
573.13482	Klebsiella pneumoniae KPN1552ec	ceftazidime	Resistant	Laboratory Method	Broth dilution	CLSI
573.14347	Klebsiella pneumoniae KPN721ec	ceftazidime	Resistant	Laboratory Method	Broth dilution	CLSI
573.14121	Klebsiella pneumoniae KPN400ec	ceftazidime	Resistant	Laboratory Method	Broth dilution	CLSI
573.66425	Klebsiella pneumoniae 27097_7#7	ceftazidime	Resistant	Laboratory Method	MIC	
573.14489	Klebsiella pneumoniae KPN915ec	ceftazidime	Resistant	Laboratory Method	Broth dilution	CLSI
573.14087	Klebsiella pneumoniae KPN362ec	ceftazidime	Resistant	Laboratory Method	Broth dilution	CLSI
573.13054	Klebsiella pneumoniae KPN1031ec	ceftazidime	Resistant	Laboratory Method	Broth dilution	CLSI
573.13223	Klebsiella pneumoniae KPN1242ec	ceftazidime	Resistant	Laboratory Method	Broth dilution	CLSI
72407.2896	Klebsiella pneumoniae subsp. pneumoniae MRSN752729	ceftazidime	Resistant	Laboratory Method		
573.66346	Klebsiella pneumoniae 26994_7#20	ceftazidime	Resistant	Laboratory Method	MIC	
573.14498	Klebsiella pneumoniae KPN926ec	ceftazidime	Resistant	Laboratory Method	Broth dilution	CLSI
573.13062	Klebsiella pneumoniae KPN1040ec	ceftazidime	Resistant	Laboratory Method	Broth dilution	CLSI
573.24386	Klebsiella pneumoniae strain MUGSI_272	ceftazidime	Resistant	Laboratory Method	Broth dilution	CLSI
573.46874	Klebsiella pneumoniae KP-8POA	ceftazidime	Resistant	Laboratory Method	Broth dilution	EUCAST
573.13583	Klebsiella pneumoniae KPN1679ec	ceftazidime	Resistant	Laboratory Method	Broth dilution	CLSI
573.12897	Klebsiella pneumoniae 3241	ceftazidime	Resistant	Laboratory Method	Broth dilution	CLSI
573.141	Klebsiella pneumoniae KPN377ec	ceftazidime	Resistant	Laboratory Method	Broth dilution	CLSI
72407.578	Klebsiella pneumoniae subsp. pneumoniae strain 3189STDY5864796	ceftazidime	Resistant	Laboratory Method	Broth dilution	CLSI
573.13637	Klebsiella pneumoniae KPN1738ec	ceftazidime	Resistant	Laboratory Method	Broth dilution	CLSI
573.67161	Klebsiella pneumoniae KP_NORM_URN_2014_97959	ceftazidime	Resistant	Laboratory Method		EUCAST
573.6688	Klebsiella pneumoniae KP_NORM_BLD_2011_74829	ceftazidime	Resistant	Laboratory Method		EUCAST
573.66317	Klebsiella pneumoniae 26994_6#54	ceftazidime	Resistant	Laboratory Method	MIC	
573.14168	Klebsiella pneumoniae KPN455ec	ceftazidime	Resistant	Laboratory Method	Broth dilution	CLSI
573.5805	Klebsiella pneumoniae strain PB517	ceftazidime	Resistant	Laboratory Method	Broth dilution	EUCAST
573.577	Klebsiella pneumoniae strain 8_GR_13	ceftazidime	Resistant	Laboratory Method	Broth dilution	CLSI
573.15371	Klebsiella pneumoniae strain KSB1_9D	ceftazidime	Resistant	Laboratory Method	Broth dilution	CLSI
573.7026	Klebsiella pneumoniae strain AR_0039	ceftazidime	Resistant	Laboratory Method	Broth dilution	CLSI
573.14501	Klebsiella pneumoniae KPN929ec	ceftazidime	Resistant	Laboratory Method	Broth dilution	CLSI
573.13521	Klebsiella pneumoniae KPN1597ec	ceftazidime	Resistant	Laboratory Method	Broth dilution	CLSI
573.66354	Klebsiella pneumoniae 26994_7#36	ceftazidime	Resistant	Laboratory Method	MIC	
573.13303	Klebsiella pneumoniae KPN1342ec	ceftazidime	Resistant	Laboratory Method	Broth dilution	CLSI
573.13524	Klebsiella pneumoniae KPN1603ec	ceftazidime	Resistant	Laboratory Method	Broth dilution	CLSI
573.24322	Klebsiella pneumoniae strain MRSN14213	ceftazidime	Resistant	Laboratory Method	Broth dilution	CLSI
573.13364	Klebsiella pneumoniae KPN1423ec	ceftazidime	Resistant	Laboratory Method	Broth dilution	CLSI
573.33414	Klebsiella pneumoniae strain PMK21b	ceftazidime	Resistant	Laboratory Method	Broth dilution	EUCAST
573.15629	Klebsiella pneumoniae strain INF158	ceftazidime	Resistant	Laboratory Method	Broth dilution	CLSI
573.14128	Klebsiella pneumoniae KPN407ec	ceftazidime	Resistant	Laboratory Method	Broth dilution	CLSI
573.24275	Klebsiella pneumoniae strain 285	ceftazidime	Resistant	Laboratory Method	Broth dilution	CLSI
573.13642	Klebsiella pneumoniae KPN1744ec	ceftazidime	Resistant	Laboratory Method	Broth dilution	CLSI
573.13918	Klebsiella pneumoniae KPN2098ec	ceftazidime	Resistant	Laboratory Method	Broth dilution	CLSI
1284812.3	Klebsiella pneumoniae UHKPC81	ceftazidime	Resistant	Laboratory Method		
573.24308	Klebsiella pneumoniae strain 463	ceftazidime	Resistant	Laboratory Method	Broth dilution	CLSI
573.13493	Klebsiella pneumoniae KPN1565ec	ceftazidime	Resistant	Laboratory Method	Broth dilution	CLSI
573.26276	Klebsiella pneumoniae strain 5012STDY7626399	ceftazidime	Resistant	Laboratory Method	Broth dilution	
573.13888	Klebsiella pneumoniae KPN2064ec	ceftazidime	Resistant	Laboratory Method	Broth dilution	CLSI
1284809.4	Klebsiella pneumoniae UHKPC02	ceftazidime	Resistant	Laboratory Method		
72407.585	Klebsiella pneumoniae subsp. pneumoniae strain 3189STDY5864814	ceftazidime	Resistant	Laboratory Method	Broth dilution	CLSI
573.66471	Klebsiella pneumoniae 27261_8#59	ceftazidime	Resistant	Laboratory Method	MIC	
573.15682	Klebsiella pneumoniae strain K758	ceftazidime	Resistant	Laboratory Method	Disk diffusion	EUCAST
573.66385	Klebsiella pneumoniae 26994_8#21	ceftazidime	Resistant	Laboratory Method	MIC	
573.13788	Klebsiella pneumoniae KPN1937ec	ceftazidime	Resistant	Laboratory Method	Broth dilution	CLSI
573.14308	Klebsiella pneumoniae KPN677ec	ceftazidime	Resistant	Laboratory Method	Broth dilution	CLSI
573.13384	Klebsiella pneumoniae KPN1443ec	ceftazidime	Resistant	Laboratory Method	Broth dilution	CLSI
573.14033	Klebsiella pneumoniae KPN297ec	ceftazidime	Resistant	Laboratory Method	Broth dilution	CLSI
573.6651	Klebsiella pneumoniae 27322_4#59	ceftazidime	Resistant	Laboratory Method	MIC	
573.12919	Klebsiella pneumoniae 3346	ceftazidime	Resistant	Laboratory Method	Broth dilution	CLSI
573.46875	Klebsiella pneumoniae KP-91LU	ceftazidime	Resistant	Laboratory Method	Broth dilution	EUCAST
573.13486	Klebsiella pneumoniae KPN1558ec	ceftazidime	Resistant	Laboratory Method	Broth dilution	CLSI
573.13196	Klebsiella pneumoniae KPN1205ec	ceftazidime	Resistant	Laboratory Method	Broth dilution	CLSI
573.6635	Klebsiella pneumoniae 26994_7#50	ceftazidime	Resistant	Laboratory Method	MIC	
573.1868	Klebsiella pneumoniae strain AR_362	ceftazidime	Resistant	Laboratory Method	Broth dilution	CLSI
573.66487	Klebsiella pneumoniae 27261_8#106	ceftazidime	Resistant	Laboratory Method	MIC	
573.24439	Klebsiella pneumoniae strain MUGSI_8	ceftazidime	Resistant	Laboratory Method	Broth dilution	CLSI
573.2427	Klebsiella pneumoniae strain 255	ceftazidime	Resistant	Laboratory Method	Broth dilution	CLSI
573.14307	Klebsiella pneumoniae KPN676ec	ceftazidime	Resistant	Laboratory Method	Broth dilution	CLSI
573.66454	Klebsiella pneumoniae 27261_7#59	ceftazidime	Resistant	Laboratory Method	MIC	
573.67159	Klebsiella pneumoniae KP_NORM_URN_2014_97671	ceftazidime	Resistant	Laboratory Method		EUCAST
573.14004	Klebsiella pneumoniae KPN265ec	ceftazidime	Resistant	Laboratory Method	Broth dilution	CLSI
573.13075	Klebsiella pneumoniae KPN1057ec	ceftazidime	Resistant	Laboratory Method	Broth dilution	CLSI
573.13571	Klebsiella pneumoniae KPN1665ec	ceftazidime	Resistant	Laboratory Method	Broth dilution	CLSI
573.13451	Klebsiella pneumoniae KPN1518ec	ceftazidime	Resistant	Laboratory Method	Broth dilution	CLSI
573.15044	Klebsiella pneumoniae strain AR_0047	ceftazidime	Resistant	Laboratory Method	Broth dilution	CLSI
573.13243	Klebsiella pneumoniae KPN1264ec	ceftazidime	Resistant	Laboratory Method	Broth dilution	CLSI
573.13966	Klebsiella pneumoniae KPN219ec	ceftazidime	Resistant	Laboratory Method	Broth dilution	CLSI
573.14146	Klebsiella pneumoniae KPN426ec	ceftazidime	Resistant	Laboratory Method	Broth dilution	CLSI
573.14415	Klebsiella pneumoniae KPN814ec	ceftazidime	Resistant	Laboratory Method	Broth dilution	CLSI
573.1396	Klebsiella pneumoniae KPN2171ec	ceftazidime	Resistant	Laboratory Method	Broth dilution	CLSI
573.14115	Klebsiella pneumoniae KPN393ec	ceftazidime	Resistant	Laboratory Method	Broth dilution	CLSI
573.13654	Klebsiella pneumoniae KPN1758ec	ceftazidime	Resistant	Laboratory Method	Broth dilution	CLSI
573.13829	Klebsiella pneumoniae KPN1998ec	ceftazidime	Resistant	Laboratory Method	Broth dilution	CLSI
573.12931	Klebsiella pneumoniae 3265	ceftazidime	Resistant	Laboratory Method	Broth dilution	CLSI
573.24416	Klebsiella pneumoniae strain MUGSI_5	ceftazidime	Resistant	Laboratory Method	Broth dilution	CLSI
573.13706	Klebsiella pneumoniae KPN1843ec	ceftazidime	Resistant	Laboratory Method	Broth dilution	CLSI
573.15329	Klebsiella pneumoniae strain KSB1_5D	ceftazidime	Resistant	Laboratory Method	Broth dilution	CLSI
573.13552	Klebsiella pneumoniae KPN1643ec	ceftazidime	Resistant	Laboratory Method	Broth dilution	CLSI
573.33397	Klebsiella pneumoniae strain PMK13b	ceftazidime	Resistant	Laboratory Method	Broth dilution	EUCAST
573.1449	Klebsiella pneumoniae KPN916ec	ceftazidime	Resistant	Laboratory Method	Broth dilution	CLSI
573.13208	Klebsiella pneumoniae KPN1218ec	ceftazidime	Resistant	Laboratory Method	Broth dilution	CLSI
573.26299	Klebsiella pneumoniae strain 5012STDY7626418	ceftazidime	Resistant	Laboratory Method	Broth dilution	
573.13823	Klebsiella pneumoniae KPN198ec	ceftazidime	Resistant	Laboratory Method	Broth dilution	CLSI
573.14246	Klebsiella pneumoniae KPN572ec	ceftazidime	Resistant	Laboratory Method	Broth dilution	CLSI
573.1395	Klebsiella pneumoniae KPN2158ec	ceftazidime	Resistant	Laboratory Method	Broth dilution	CLSI
573.13297	Klebsiella pneumoniae KPN1336ec	ceftazidime	Resistant	Laboratory Method	Broth dilution	CLSI
573.1331	Klebsiella pneumoniae KPN134ec	ceftazidime	Resistant	Laboratory Method	Broth dilution	CLSI
573.13412	Klebsiella pneumoniae KPN1474ec	ceftazidime	Resistant	Laboratory Method	Broth dilution	CLSI
573.12773	Klebsiella pneumoniae strain AR_0138	ceftazidime	Resistant	Laboratory Method	Broth dilution	CLSI
1284826.3	Klebsiella pneumoniae VAKPC269	ceftazidime	Resistant	Laboratory Method		
573.66391	Klebsiella pneumoniae 26994_8#38	ceftazidime	Resistant	Laboratory Method	MIC	
573.14344	Klebsiella pneumoniae KPN718ec	ceftazidime	Resistant	Laboratory Method	Broth dilution	CLSI
573.1568	Klebsiella pneumoniae strain K730	ceftazidime	Resistant	Laboratory Method	Disk diffusion	EUCAST
573.26165	Klebsiella pneumoniae strain 5012STDY7312567	ceftazidime	Resistant	Laboratory Method	Broth dilution	
573.66895	Klebsiella pneumoniae KP_NORM_BLD_2011_76220	ceftazidime	Resistant	Laboratory Method		EUCAST
573.26307	Klebsiella pneumoniae strain 5012STDY7626429	ceftazidime	Resistant	Laboratory Method	Broth dilution	
573.13648	Klebsiella pneumoniae KPN1752ec	ceftazidime	Resistant	Laboratory Method	Broth dilution	CLSI
573.14221	Klebsiella pneumoniae KPN538ec	ceftazidime	Resistant	Laboratory Method	Broth dilution	CLSI
573.13516	Klebsiella pneumoniae KPN1592ec	ceftazidime	Resistant	Laboratory Method	Broth dilution	CLSI
573.66281	Klebsiella pneumoniae 26975_4#92	ceftazidime	Resistant	Laboratory Method	MIC	
573.15704	Klebsiella pneumoniae strain K881	ceftazidime	Resistant	Laboratory Method	Disk diffusion	EUCAST
573.14037	Klebsiella pneumoniae KPN302ec	ceftazidime	Resistant	Laboratory Method	Broth dilution	CLSI
573.13698	Klebsiella pneumoniae KPN1834ec	ceftazidime	Resistant	Laboratory Method	Broth dilution	CLSI
573.46871	Klebsiella pneumoniae KP-83LU	ceftazidime	Resistant	Laboratory Method	Broth dilution	EUCAST
573.2627	Klebsiella pneumoniae strain 5012STDY7626386	ceftazidime	Resistant	Laboratory Method	Broth dilution	
573.14534	Klebsiella pneumoniae KPN974ec	ceftazidime	Resistant	Laboratory Method	Broth dilution	CLSI
573.12988	Klebsiella pneumoniae 3312	ceftazidime	Resistant	Laboratory Method	Broth dilution	CLSI
573.13665	Klebsiella pneumoniae KPN1770ec	ceftazidime	Resistant	Laboratory Method	Broth dilution	CLSI
573.15672	Klebsiella pneumoniae strain K1070	ceftazidime	Resistant	Laboratory Method	Disk diffusion	EUCAST
573.14236	Klebsiella pneumoniae KPN559ec	ceftazidime	Resistant	Laboratory Method	Broth dilution	CLSI
573.66245	Klebsiella pneumoniae 26968_6#3	ceftazidime	Resistant	Laboratory Method	MIC	
573.13797	Klebsiella pneumoniae KPN194ec	ceftazidime	Resistant	Laboratory Method	Broth dilution	CLSI
573.66463	Klebsiella pneumoniae 27261_8#22	ceftazidime	Resistant	Laboratory Method	MIC	
573.1334	Klebsiella pneumoniae KPN1390ec	ceftazidime	Resistant	Laboratory Method	Broth dilution	CLSI
573.13272	Klebsiella pneumoniae KPN1307ec	ceftazidime	Resistant	Laboratory Method	Broth dilution	CLSI
573.1403	Klebsiella pneumoniae KPN293ec	ceftazidime	Resistant	Laboratory Method	Broth dilution	CLSI
573.66446	Klebsiella pneumoniae 27261_7#97	ceftazidime	Resistant	Laboratory Method	MIC	
573.13491	Klebsiella pneumoniae KPN1562ec	ceftazidime	Resistant	Laboratory Method	Broth dilution	CLSI
573.13268	Klebsiella pneumoniae KPN1301ec	ceftazidime	Resistant	Laboratory Method	Broth dilution	CLSI
573.14275	Klebsiella pneumoniae KPN606ec	ceftazidime	Resistant	Laboratory Method	Broth dilution	CLSI
573.24338	Klebsiella pneumoniae strain MUGSI_120	ceftazidime	Resistant	Laboratory Method	Broth dilution	CLSI
573.24444	Klebsiella pneumoniae strain MUGSI_85	ceftazidime	Resistant	Laboratory Method	Broth dilution	CLSI
573.1377	Klebsiella pneumoniae KPN1913ec	ceftazidime	Resistant	Laboratory Method	Broth dilution	CLSI
573.13679	Klebsiella pneumoniae KPN1786ec	ceftazidime	Resistant	Laboratory Method	Broth dilution	CLSI
573.13397	Klebsiella pneumoniae KPN1456ec	ceftazidime	Resistant	Laboratory Method	Broth dilution	CLSI
573.14266	Klebsiella pneumoniae KPN594ec	ceftazidime	Resistant	Laboratory Method	Broth dilution	CLSI
573.13165	Klebsiella pneumoniae KPN1170ec	ceftazidime	Resistant	Laboratory Method	Broth dilution	CLSI
573.1329	Klebsiella pneumoniae KPN132ec	ceftazidime	Resistant	Laboratory Method	Broth dilution	CLSI
573.13862	Klebsiella pneumoniae KPN2036ec	ceftazidime	Resistant	Laboratory Method	Broth dilution	CLSI
573.13333	Klebsiella pneumoniae KPN1383ec	ceftazidime	Resistant	Laboratory Method	Broth dilution	CLSI
573.66923	Klebsiella pneumoniae KP_NORM_BLD_2014_101821	ceftazidime	Resistant	Laboratory Method		EUCAST
573.13685	Klebsiella pneumoniae KPN1817ec	ceftazidime	Resistant	Laboratory Method	Broth dilution	CLSI
573.33399	Klebsiella pneumoniae strain PMK17	ceftazidime	Resistant	Laboratory Method	Broth dilution	EUCAST
573.13239	Klebsiella pneumoniae KPN1260ec	ceftazidime	Resistant	Laboratory Method	Broth dilution	CLSI
573.13956	Klebsiella pneumoniae KPN2167ec	ceftazidime	Resistant	Laboratory Method	Broth dilution	CLSI
573.14109	Klebsiella pneumoniae KPN386ec	ceftazidime	Resistant	Laboratory Method	Broth dilution	CLSI
573.14527	Klebsiella pneumoniae KPN962ec	ceftazidime	Resistant	Laboratory Method	Broth dilution	CLSI
1438718.3	Klebsiella pneumoniae CHS 12	ceftazidime	Resistant	Laboratory Method	Broth dilution	
573.13573	Klebsiella pneumoniae KPN1667ec	ceftazidime	Resistant	Laboratory Method	Broth dilution	CLSI
573.13489	Klebsiella pneumoniae KPN1560ec	ceftazidime	Resistant	Laboratory Method	Broth dilution	CLSI
573.13463	Klebsiella pneumoniae KPN1532ec	ceftazidime	Resistant	Laboratory Method	Broth dilution	CLSI
573.13229	Klebsiella pneumoniae KPN1249ec	ceftazidime	Resistant	Laboratory Method	Broth dilution	CLSI
573.14006	Klebsiella pneumoniae KPN268ec	ceftazidime	Resistant	Laboratory Method	Broth dilution	CLSI
573.13951	Klebsiella pneumoniae KPN2159ec	ceftazidime	Resistant	Laboratory Method	Broth dilution	CLSI
573.14462	Klebsiella pneumoniae KPN880ec	ceftazidime	Resistant	Laboratory Method	Broth dilution	CLSI
573.12924	Klebsiella pneumoniae 3230	ceftazidime	Resistant	Laboratory Method	Broth dilution	CLSI
573.13838	Klebsiella pneumoniae KPN2008ec	ceftazidime	Resistant	Laboratory Method	Broth dilution	CLSI
573.15631	Klebsiella pneumoniae strain K791	ceftazidime	Resistant	Laboratory Method	Disk diffusion	EUCAST
573.9723	Klebsiella pneumoniae strain AR_0115	ceftazidime	Resistant	Laboratory Method	Broth dilution	CLSI
573.13271	Klebsiella pneumoniae KPN1305ec	ceftazidime	Resistant	Laboratory Method	Broth dilution	CLSI
573.1345	Klebsiella pneumoniae KPN1517ec	ceftazidime	Resistant	Laboratory Method	Broth dilution	CLSI
573.5823	Klebsiella pneumoniae strain W2-13-ERG3	ceftazidime	Resistant	Laboratory Method	Broth dilution	EUCAST
573.14548	Klebsiella pneumoniae KPN995ec	ceftazidime	Resistant	Laboratory Method	Broth dilution	CLSI
573.14259	Klebsiella pneumoniae KPN585ec	ceftazidime	Resistant	Laboratory Method	Broth dilution	CLSI
573.66258	Klebsiella pneumoniae 26968_6#72	ceftazidime	Resistant	Laboratory Method	MIC	
72407.514	Klebsiella pneumoniae subsp. pneumoniae strain 3189STDY5864754	ceftazidime	Resistant	Laboratory Method	Broth dilution	CLSI
573.12879	Klebsiella pneumoniae 3289	ceftazidime	Resistant	Laboratory Method	Broth dilution	CLSI
573.14522	Klebsiella pneumoniae KPN956ec	ceftazidime	Resistant	Laboratory Method	Broth dilution	CLSI
573.66193	Klebsiella pneumoniae KP_NORM_URN_2015_109059	ceftazidime	Resistant	Laboratory Method		EUCAST
1284788.3	Klebsiella pneumoniae UHKPC23	ceftazidime	Resistant	Laboratory Method		
573.15593	Klebsiella pneumoniae strain INF302	ceftazidime	Resistant	Laboratory Method	Broth dilution	CLSI
573.66289	Klebsiella pneumoniae 26975_4#133	ceftazidime	Resistant	Laboratory Method	MIC	
573.13634	Klebsiella pneumoniae KPN1734ec	ceftazidime	Resistant	Laboratory Method	Broth dilution	CLSI
573.14464	Klebsiella pneumoniae KPN882ec	ceftazidime	Resistant	Laboratory Method	Broth dilution	CLSI
573.13096	Klebsiella pneumoniae KPN1090ec	ceftazidime	Resistant	Laboratory Method	Broth dilution	CLSI
573.14281	Klebsiella pneumoniae KPN614ec	ceftazidime	Resistant	Laboratory Method	Broth dilution	CLSI
573.13288	Klebsiella pneumoniae KPN1328ec	ceftazidime	Resistant	Laboratory Method	Broth dilution	CLSI
573.5636	Klebsiella pneumoniae strain 16_GR_13	ceftazidime	Resistant	Laboratory Method	Broth dilution	CLSI
573.24354	Klebsiella pneumoniae strain MUGSI_142	ceftazidime	Resistant	Laboratory Method	Broth dilution	CLSI
573.66273	Klebsiella pneumoniae 26975_4#26	ceftazidime	Resistant	Laboratory Method	MIC	
573.1343	Klebsiella pneumoniae KPN1493ec	ceftazidime	Resistant	Laboratory Method	Broth dilution	CLSI
573.13415	Klebsiella pneumoniae KPN1478ec	ceftazidime	Resistant	Laboratory Method	Broth dilution	CLSI
573.66283	Klebsiella pneumoniae 26975_5#2	ceftazidime	Resistant	Laboratory Method	MIC	
573.14088	Klebsiella pneumoniae KPN364ec	ceftazidime	Resistant	Laboratory Method	Broth dilution	CLSI
573.5692	Klebsiella pneumoniae strain PB21	ceftazidime	Resistant	Laboratory Method	Broth dilution	EUCAST
573.1393	Klebsiella pneumoniae KPN2113ec	ceftazidime	Resistant	Laboratory Method	Broth dilution	CLSI
573.1313	Klebsiella pneumoniae KPN1128ec	ceftazidime	Resistant	Laboratory Method	Broth dilution	CLSI
573.14071	Klebsiella pneumoniae KPN340ec	ceftazidime	Resistant	Laboratory Method	Broth dilution	CLSI
573.14359	Klebsiella pneumoniae KPN736ec	ceftazidime	Resistant	Laboratory Method	Broth dilution	CLSI
573.6626	Klebsiella pneumoniae 26968_6#94	ceftazidime	Resistant	Laboratory Method	MIC	
573.14337	Klebsiella pneumoniae KPN711ec	ceftazidime	Resistant	Laboratory Method	Broth dilution	CLSI
573.66381	Klebsiella pneumoniae 26994_7#168	ceftazidime	Resistant	Laboratory Method	MIC	
573.13378	Klebsiella pneumoniae KPN1437ec	ceftazidime	Resistant	Laboratory Method	Broth dilution	CLSI
573.1312	Klebsiella pneumoniae KPN1118ec	ceftazidime	Resistant	Laboratory Method	Broth dilution	CLSI
573.13555	Klebsiella pneumoniae KPN1647ec	ceftazidime	Resistant	Laboratory Method	Broth dilution	CLSI
573.13847	Klebsiella pneumoniae KPN2017ec	ceftazidime	Resistant	Laboratory Method	Broth dilution	CLSI
573.33411	Klebsiella pneumoniae strain PMK21e	ceftazidime	Resistant	Laboratory Method	Broth dilution	EUCAST
573.14022	Klebsiella pneumoniae KPN285ec	ceftazidime	Resistant	Laboratory Method	Broth dilution	CLSI
573.14373	Klebsiella pneumoniae KPN754ec	ceftazidime	Resistant	Laboratory Method	Broth dilution	CLSI
573.13287	Klebsiella pneumoniae KPN1327ec	ceftazidime	Resistant	Laboratory Method	Broth dilution	CLSI
573.6656	Klebsiella pneumoniae 29109_2#379	ceftazidime	Resistant	Laboratory Method	MIC	
573.13214	Klebsiella pneumoniae KPN1226ec	ceftazidime	Resistant	Laboratory Method	Broth dilution	CLSI
573.13974	Klebsiella pneumoniae KPN228ec	ceftazidime	Resistant	Laboratory Method	Broth dilution	CLSI
573.15042	Klebsiella pneumoniae strain AR_0158	ceftazidime	Resistant	Laboratory Method	Broth dilution	CLSI
573.14147	Klebsiella pneumoniae KPN427ec	ceftazidime	Resistant	Laboratory Method	Broth dilution	CLSI
573.13613	Klebsiella pneumoniae KPN1710ec	ceftazidime	Resistant	Laboratory Method	Broth dilution	CLSI
1328381.3	Klebsiella pneumoniae BWH 2	ceftazidime	Resistant	Laboratory Method	Broth dilution	
573.13761	Klebsiella pneumoniae KPN1902ec	ceftazidime	Resistant	Laboratory Method	Broth dilution	CLSI
573.13733	Klebsiella pneumoniae KPN186ec	ceftazidime	Resistant	Laboratory Method	Broth dilution	CLSI
573.15361	Klebsiella pneumoniae strain INF322	ceftazidime	Resistant	Laboratory Method	Broth dilution	CLSI
573.13087	Klebsiella pneumoniae KPN1074ec	ceftazidime	Resistant	Laboratory Method	Broth dilution	CLSI
573.26104	Klebsiella pneumoniae strain 5012STDY7312710	ceftazidime	Resistant	Laboratory Method	Broth dilution	
573.13436	Klebsiella pneumoniae KPN1499ec	ceftazidime	Resistant	Laboratory Method	Broth dilution	CLSI
573.66511	Klebsiella pneumoniae 27322_4#56	ceftazidime	Resistant	Laboratory Method	MIC	
573.13946	Klebsiella pneumoniae KPN2154ec	ceftazidime	Resistant	Laboratory Method	Broth dilution	CLSI
573.14159	Klebsiella pneumoniae KPN442ec	ceftazidime	Resistant	Laboratory Method	Broth dilution	CLSI
573.14136	Klebsiella pneumoniae KPN416ec	ceftazidime	Resistant	Laboratory Method	Broth dilution	CLSI
72407.48	Klebsiella pneumoniae subsp. pneumoniae strain 3189STDY5864742	ceftazidime	Resistant	Laboratory Method	Broth dilution	CLSI
573.5804	Klebsiella pneumoniae strain W2-1-ERG1	ceftazidime	Resistant	Laboratory Method	Broth dilution	EUCAST
573.13858	Klebsiella pneumoniae KPN2031ec	ceftazidime	Resistant	Laboratory Method	Broth dilution	CLSI
573.4607	Klebsiella pneumoniae INF314	ceftazidime	Resistant	Laboratory Method	Broth dilution	CLSI
573.13595	Klebsiella pneumoniae KPN1692ec	ceftazidime	Resistant	Laboratory Method	Broth dilution	CLSI
573.13425	Klebsiella pneumoniae KPN1487ec	ceftazidime	Resistant	Laboratory Method	Broth dilution	CLSI
573.13213	Klebsiella pneumoniae KPN1224ec	ceftazidime	Resistant	Laboratory Method	Broth dilution	CLSI
573.6692	Klebsiella pneumoniae KP_NORM_BLD_2013_92947	ceftazidime	Resistant	Laboratory Method		EUCAST
573.13407	Klebsiella pneumoniae KPN146ec	ceftazidime	Resistant	Laboratory Method	Broth dilution	CLSI
573.26232	Klebsiella pneumoniae strain 5012STDY7312694	ceftazidime	Resistant	Laboratory Method	Broth dilution	
573.6652	Klebsiella pneumoniae 27322_4#21	ceftazidime	Resistant	Laboratory Method	MIC	
573.1563	Klebsiella pneumoniae strain K750	ceftazidime	Resistant	Laboratory Method	Disk diffusion	EUCAST
573.1453	Klebsiella pneumoniae KPN966ec	ceftazidime	Resistant	Laboratory Method	Broth dilution	CLSI
573.13517	Klebsiella pneumoniae KPN1593ec	ceftazidime	Resistant	Laboratory Method	Broth dilution	CLSI
573.5798	Klebsiella pneumoniae strain PB327	ceftazidime	Resistant	Laboratory Method	Broth dilution	EUCAST
573.46832	Klebsiella pneumoniae KP-10PI	ceftazidime	Resistant	Laboratory Method	Broth dilution	EUCAST
573.15665	Klebsiella pneumoniae strain K1049	ceftazidime	Resistant	Laboratory Method	Disk diffusion	EUCAST
573.14521	Klebsiella pneumoniae KPN954ec	ceftazidime	Resistant	Laboratory Method	Broth dilution	CLSI
573.66876	Klebsiella pneumoniae KP_NORM_BLD_2010_72046	ceftazidime	Resistant	Laboratory Method		EUCAST
1438768.3	Klebsiella pneumoniae CHS 62	ceftazidime	Resistant	Laboratory Method	Broth dilution	
573.13092	Klebsiella pneumoniae KPN1080ec	ceftazidime	Resistant	Laboratory Method	Broth dilution	CLSI
573.13728	Klebsiella pneumoniae KPN1865ec	ceftazidime	Resistant	Laboratory Method	Broth dilution	CLSI
573.5663	Klebsiella pneumoniae strain PB533	ceftazidime	Resistant	Laboratory Method	Broth dilution	EUCAST
573.13911	Klebsiella pneumoniae KPN2088ec	ceftazidime	Resistant	Laboratory Method	Broth dilution	CLSI
573.13338	Klebsiella pneumoniae KPN1388ec	ceftazidime	Resistant	Laboratory Method	Broth dilution	CLSI
573.1432	Klebsiella pneumoniae KPN690ec	ceftazidime	Resistant	Laboratory Method	Broth dilution	CLSI
573.13399	Klebsiella pneumoniae KPN145ec	ceftazidime	Resistant	Laboratory Method	Broth dilution	CLSI
573.14191	Klebsiella pneumoniae KPN484ec	ceftazidime	Resistant	Laboratory Method	Broth dilution	CLSI
573.14509	Klebsiella pneumoniae KPN941ec	ceftazidime	Resistant	Laboratory Method	Broth dilution	CLSI
573.13251	Klebsiella pneumoniae KPN1272ec	ceftazidime	Resistant	Laboratory Method	Broth dilution	CLSI
573.14096	Klebsiella pneumoniae KPN373ec	ceftazidime	Resistant	Laboratory Method	Broth dilution	CLSI
573.13633	Klebsiella pneumoniae KPN1730ec	ceftazidime	Resistant	Laboratory Method	Broth dilution	CLSI
573.66336	Klebsiella pneumoniae 26994_6#118	ceftazidime	Resistant	Laboratory Method	MIC	
1284795.4	Klebsiella pneumoniae UHKPC96	ceftazidime	Resistant	Laboratory Method		
573.13659	Klebsiella pneumoniae KPN1764ec	ceftazidime	Resistant	Laboratory Method	Broth dilution	CLSI
573.24379	Klebsiella pneumoniae strain MUGSI_22	ceftazidime	Resistant	Laboratory Method	Broth dilution	CLSI
573.66485	Klebsiella pneumoniae 27261_8#102	ceftazidime	Resistant	Laboratory Method	MIC	
573.13495	Klebsiella pneumoniae KPN1567ec	ceftazidime	Resistant	Laboratory Method	Broth dilution	CLSI
573.26087	Klebsiella pneumoniae strain 5012STDY7312714	ceftazidime	Resistant	Laboratory Method	Broth dilution	
573.14445	Klebsiella pneumoniae KPN857ec	ceftazidime	Resistant	Laboratory Method	Broth dilution	CLSI
573.24259	Klebsiella pneumoniae strain 193	ceftazidime	Resistant	Laboratory Method	Broth dilution	CLSI
573.13737	Klebsiella pneumoniae KPN1873ec	ceftazidime	Resistant	Laboratory Method	Broth dilution	CLSI
573.15676	Klebsiella pneumoniae strain K1074	ceftazidime	Resistant	Laboratory Method	Disk diffusion	EUCAST
573.13718	Klebsiella pneumoniae KPN1855ec	ceftazidime	Resistant	Laboratory Method	Broth dilution	CLSI
573.14057	Klebsiella pneumoniae KPN323ec	ceftazidime	Resistant	Laboratory Method	Broth dilution	CLSI
573.13326	Klebsiella pneumoniae KPN1372ec	ceftazidime	Resistant	Laboratory Method	Broth dilution	CLSI
1438733.3	Klebsiella pneumoniae CHS 27	ceftazidime	Resistant	Laboratory Method	Broth dilution	
573.66219	Klebsiella pneumoniae 26968_5#52	ceftazidime	Resistant	Laboratory Method	MIC	
573.13446	Klebsiella pneumoniae KPN1513ec	ceftazidime	Resistant	Laboratory Method	Broth dilution	CLSI
573.13766	Klebsiella pneumoniae KPN190ec	ceftazidime	Resistant	Laboratory Method	Broth dilution	CLSI
573.66236	Klebsiella pneumoniae 26968_5#128	ceftazidime	Resistant	Laboratory Method	MIC	
573.13906	Klebsiella pneumoniae KPN2083ec	ceftazidime	Resistant	Laboratory Method	Broth dilution	CLSI
573.13084	Klebsiella pneumoniae KPN1070ec	ceftazidime	Resistant	Laboratory Method	Broth dilution	CLSI
573.13989	Klebsiella pneumoniae KPN248ec	ceftazidime	Resistant	Laboratory Method	Broth dilution	CLSI
573.14016	Klebsiella pneumoniae KPN278ec	ceftazidime	Resistant	Laboratory Method	Broth dilution	CLSI
573.14458	Klebsiella pneumoniae KPN876ec	ceftazidime	Resistant	Laboratory Method	Broth dilution	CLSI
573.14395	Klebsiella pneumoniae KPN783ec	ceftazidime	Resistant	Laboratory Method	Broth dilution	CLSI
573.23196	Klebsiella pneumoniae strain KP_317	ceftazidime	Resistant	Laboratory Method	Disk diffusion	CLSI
573.13937	Klebsiella pneumoniae KPN2125ec	ceftazidime	Resistant	Laboratory Method	Broth dilution	CLSI
573.13477	Klebsiella pneumoniae KPN1548ec	ceftazidime	Resistant	Laboratory Method	Broth dilution	CLSI
573.1362	Klebsiella pneumoniae KPN1717ec	ceftazidime	Resistant	Laboratory Method	Broth dilution	CLSI
573.12858	Klebsiella pneumoniae 3243	ceftazidime	Resistant	Laboratory Method	Broth dilution	CLSI
573.13663	Klebsiella pneumoniae KPN1769ec	ceftazidime	Resistant	Laboratory Method	Broth dilution	CLSI
573.13723	Klebsiella pneumoniae KPN1860ec	ceftazidime	Resistant	Laboratory Method	Broth dilution	CLSI
573.13168	Klebsiella pneumoniae KPN1174ec	ceftazidime	Resistant	Laboratory Method	Broth dilution	CLSI
573.14537	Klebsiella pneumoniae KPN978ec	ceftazidime	Resistant	Laboratory Method	Broth dilution	CLSI
573.14419	Klebsiella pneumoniae KPN819ec	ceftazidime	Resistant	Laboratory Method	Broth dilution	CLSI
573.14412	Klebsiella pneumoniae KPN810ec	ceftazidime	Resistant	Laboratory Method	Broth dilution	CLSI
573.13982	Klebsiella pneumoniae KPN237ec	ceftazidime	Resistant	Laboratory Method	Broth dilution	CLSI
573.3107	Klebsiella pneumoniae strain PH9	ceftazidime	Resistant	Laboratory Method	Disk diffusion	CLSI
573.1445	Klebsiella pneumoniae KPN865ec	ceftazidime	Resistant	Laboratory Method	Broth dilution	CLSI
573.15613	Klebsiella pneumoniae strain KSB2_8B	ceftazidime	Resistant	Laboratory Method	Broth dilution	CLSI
573.13987	Klebsiella pneumoniae KPN246ec	ceftazidime	Resistant	Laboratory Method	Broth dilution	CLSI
573.33393	Klebsiella pneumoniae strain PMK12	ceftazidime	Resistant	Laboratory Method	Broth dilution	EUCAST
573.13759	Klebsiella pneumoniae KPN189ec	ceftazidime	Resistant	Laboratory Method	Broth dilution	CLSI
573.13729	Klebsiella pneumoniae KPN1866ec	ceftazidime	Resistant	Laboratory Method	Broth dilution	CLSI
573.14315	Klebsiella pneumoniae KPN684ec	ceftazidime	Resistant	Laboratory Method	Broth dilution	CLSI
573.13354	Klebsiella pneumoniae KPN1410ec	ceftazidime	Resistant	Laboratory Method	Broth dilution	CLSI
573.46073	Klebsiella pneumoniae INF302	ceftazidime	Resistant	Laboratory Method	Broth dilution	CLSI
573.24309	Klebsiella pneumoniae strain 469	ceftazidime	Resistant	Laboratory Method	Broth dilution	CLSI
573.13461	Klebsiella pneumoniae KPN1530ec	ceftazidime	Resistant	Laboratory Method	Broth dilution	CLSI
72407.593	Klebsiella pneumoniae subsp. pneumoniae strain 3189STDY5864822	ceftazidime	Resistant	Laboratory Method	Broth dilution	CLSI
573.13293	Klebsiella pneumoniae KPN1332ec	ceftazidime	Resistant	Laboratory Method	Broth dilution	CLSI
573.14338	Klebsiella pneumoniae KPN712ec	ceftazidime	Resistant	Laboratory Method	Broth dilution	CLSI
573.13897	Klebsiella pneumoniae KPN2075ec	ceftazidime	Resistant	Laboratory Method	Broth dilution	CLSI
573.1371	Klebsiella pneumoniae KPN1848ec	ceftazidime	Resistant	Laboratory Method	Broth dilution	CLSI
573.66412	Klebsiella pneumoniae 26994_8#140	ceftazidime	Resistant	Laboratory Method	MIC	
573.13559	Klebsiella pneumoniae KPN1650ec	ceftazidime	Resistant	Laboratory Method	Broth dilution	CLSI
573.13059	Klebsiella pneumoniae KPN1037ec	ceftazidime	Resistant	Laboratory Method	Broth dilution	CLSI
573.14225	Klebsiella pneumoniae KPN544ec	ceftazidime	Resistant	Laboratory Method	Broth dilution	CLSI
573.2432	Klebsiella pneumoniae strain MRSN12232	ceftazidime	Resistant	Laboratory Method	Broth dilution	CLSI
573.66264	Klebsiella pneumoniae 26968_6#113	ceftazidime	Resistant	Laboratory Method	MIC	
573.14391	Klebsiella pneumoniae KPN778ec	ceftazidime	Resistant	Laboratory Method	Broth dilution	CLSI
573.13713	Klebsiella pneumoniae KPN1850ec	ceftazidime	Resistant	Laboratory Method	Broth dilution	CLSI
1438762.3	Klebsiella pneumoniae CHS 56	ceftazidime	Resistant	Laboratory Method	Broth dilution	
573.14383	Klebsiella pneumoniae KPN768ec	ceftazidime	Resistant	Laboratory Method	Broth dilution	CLSI
573.13778	Klebsiella pneumoniae KPN1926ec	ceftazidime	Resistant	Laboratory Method	Broth dilution	CLSI
573.4686	Klebsiella pneumoniae KP-2SI	ceftazidime	Resistant	Laboratory Method	Broth dilution	EUCAST
573.14227	Klebsiella pneumoniae KPN546ec	ceftazidime	Resistant	Laboratory Method	Broth dilution	CLSI
573.12945	Klebsiella pneumoniae 3354	ceftazidime	Resistant	Laboratory Method	Broth dilution	CLSI
573.13523	Klebsiella pneumoniae KPN159ec	ceftazidime	Resistant	Laboratory Method	Broth dilution	CLSI
573.13275	Klebsiella pneumoniae KPN1311ec	ceftazidime	Resistant	Laboratory Method	Broth dilution	CLSI
573.13921	Klebsiella pneumoniae KPN2100ec	ceftazidime	Resistant	Laboratory Method	Broth dilution	CLSI
573.14084	Klebsiella pneumoniae KPN360ec	ceftazidime	Resistant	Laboratory Method	Broth dilution	CLSI
573.13039	Klebsiella pneumoniae KPN1012ec	ceftazidime	Resistant	Laboratory Method	Broth dilution	CLSI
573.13935	Klebsiella pneumoniae KPN2121ec	ceftazidime	Resistant	Laboratory Method	Broth dilution	CLSI
1438739.3	Klebsiella pneumoniae CHS 33	ceftazidime	Resistant	Laboratory Method	Broth dilution	
573.1421	Klebsiella pneumoniae KPN524ec	ceftazidime	Resistant	Laboratory Method	Broth dilution	CLSI
573.66397	Klebsiella pneumoniae 26994_8#116	ceftazidime	Resistant	Laboratory Method	MIC	
72407.493	Klebsiella pneumoniae subsp. pneumoniae strain 3189STDY5864844	ceftazidime	Resistant	Laboratory Method	Broth dilution	CLSI
573.14111	Klebsiella pneumoniae KPN388ec	ceftazidime	Resistant	Laboratory Method	Broth dilution	CLSI
573.66432	Klebsiella pneumoniae 27097_7#62	ceftazidime	Resistant	Laboratory Method	MIC	
573.13757	Klebsiella pneumoniae KPN1897ec	ceftazidime	Resistant	Laboratory Method	Broth dilution	CLSI
573.1286	Klebsiella pneumoniae 3316	ceftazidime	Resistant	Laboratory Method	Broth dilution	CLSI
573.1417	Klebsiella pneumoniae KPN458ec	ceftazidime	Resistant	Laboratory Method	Broth dilution	CLSI
573.13518	Klebsiella pneumoniae KPN1594ec	ceftazidime	Resistant	Laboratory Method	Broth dilution	CLSI
573.12973	Klebsiella pneumoniae 3306	ceftazidime	Resistant	Laboratory Method	Broth dilution	CLSI
573.66527	Klebsiella pneumoniae 27322_4#74	ceftazidime	Resistant	Laboratory Method	MIC	
573.14242	Klebsiella pneumoniae KPN567ec	ceftazidime	Resistant	Laboratory Method	Broth dilution	CLSI
573.1351	Klebsiella pneumoniae KPN1585ec	ceftazidime	Resistant	Laboratory Method	Broth dilution	CLSI
573.66879	Klebsiella pneumoniae KP_NORM_BLD_2011_74194	ceftazidime	Resistant	Laboratory Method		EUCAST
573.14213	Klebsiella pneumoniae KPN527ec	ceftazidime	Resistant	Laboratory Method	Broth dilution	CLSI
573.33422	Klebsiella pneumoniae strain PMK3	ceftazidime	Resistant	Laboratory Method	Broth dilution	EUCAST
573.13131	Klebsiella pneumoniae KPN1129ec	ceftazidime	Resistant	Laboratory Method	Broth dilution	CLSI
573.14239	Klebsiella pneumoniae KPN563ec	ceftazidime	Resistant	Laboratory Method	Broth dilution	CLSI
573.13497	Klebsiella pneumoniae KPN1569ec	ceftazidime	Resistant	Laboratory Method	Broth dilution	CLSI
573.13269	Klebsiella pneumoniae KPN1302ec	ceftazidime	Resistant	Laboratory Method	Broth dilution	CLSI
573.24434	Klebsiella pneumoniae strain MUGSI_75	ceftazidime	Resistant	Laboratory Method	Broth dilution	CLSI
573.1322	Klebsiella pneumoniae KPN123ec	ceftazidime	Resistant	Laboratory Method	Broth dilution	CLSI
573.1327	Klebsiella pneumoniae KPN1303ec	ceftazidime	Resistant	Laboratory Method	Broth dilution	CLSI
573.14002	Klebsiella pneumoniae KPN263ec	ceftazidime	Resistant	Laboratory Method	Broth dilution	CLSI
573.13001	Klebsiella pneumoniae 3290	ceftazidime	Resistant	Laboratory Method	Broth dilution	CLSI
573.13217	Klebsiella pneumoniae KPN1234ec	ceftazidime	Resistant	Laboratory Method	Broth dilution	CLSI
573.13861	Klebsiella pneumoniae KPN2035ec	ceftazidime	Resistant	Laboratory Method	Broth dilution	CLSI
573.31072	Klebsiella pneumoniae strain PH44	ceftazidime	Resistant	Laboratory Method	Disk diffusion	CLSI
573.13965	Klebsiella pneumoniae KPN218ec	ceftazidime	Resistant	Laboratory Method	Broth dilution	CLSI
1284787.3	Klebsiella pneumoniae UHKPC40	ceftazidime	Resistant	Laboratory Method		
1284827.3	Klebsiella pneumoniae VAKPC278	ceftazidime	Resistant	Laboratory Method		
573.13611	Klebsiella pneumoniae KPN1708ec	ceftazidime	Resistant	Laboratory Method	Broth dilution	CLSI
72407.2894	Klebsiella pneumoniae subsp. pneumoniae MRSN752795	ceftazidime	Resistant	Laboratory Method		
573.13652	Klebsiella pneumoniae KPN1756ec	ceftazidime	Resistant	Laboratory Method	Broth dilution	CLSI
573.14497	Klebsiella pneumoniae KPN925ec	ceftazidime	Resistant	Laboratory Method	Broth dilution	CLSI
573.14535	Klebsiella pneumoniae KPN975ec	ceftazidime	Resistant	Laboratory Method	Broth dilution	CLSI
573.14129	Klebsiella pneumoniae KPN408ec	ceftazidime	Resistant	Laboratory Method	Broth dilution	CLSI
573.1388	Klebsiella pneumoniae KPN2055ec	ceftazidime	Resistant	Laboratory Method	Broth dilution	CLSI
573.1355	Klebsiella pneumoniae KPN163ec	ceftazidime	Resistant	Laboratory Method	Broth dilution	CLSI
573.13988	Klebsiella pneumoniae KPN247ec	ceftazidime	Resistant	Laboratory Method	Broth dilution	CLSI
573.14083	Klebsiella pneumoniae KPN358ec	ceftazidime	Resistant	Laboratory Method	Broth dilution	CLSI
72407.2895	Klebsiella pneumoniae subsp. pneumoniae MRSN752035	ceftazidime	Resistant	Laboratory Method		
573.23205	Klebsiella pneumoniae strain KP_301	ceftazidime	Resistant	Laboratory Method	Disk diffusion	CLSI
1284792.4	Klebsiella pneumoniae UHKPC67	ceftazidime	Resistant	Laboratory Method		
573.14162	Klebsiella pneumoniae KPN446ec	ceftazidime	Resistant	Laboratory Method	Broth dilution	CLSI
573.13233	Klebsiella pneumoniae KPN1254ec	ceftazidime	Resistant	Laboratory Method	Broth dilution	CLSI
1438750.3	Klebsiella pneumoniae CHS 44	ceftazidime	Resistant	Laboratory Method	Broth dilution	
573.5724	Klebsiella pneumoniae strain F1-9-ERG2	ceftazidime	Resistant	Laboratory Method	Broth dilution	EUCAST
573.24368	Klebsiella pneumoniae strain MUGSI_173	ceftazidime	Resistant	Laboratory Method	Broth dilution	CLSI
573.13313	Klebsiella pneumoniae KPN1354ec	ceftazidime	Resistant	Laboratory Method	Broth dilution	CLSI
573.12905	Klebsiella pneumoniae 3263	ceftazidime	Resistant	Laboratory Method	Broth dilution	CLSI
573.23224	Klebsiella pneumoniae strain KP_144	ceftazidime	Resistant	Laboratory Method	Disk diffusion	CLSI
573.14403	Klebsiella pneumoniae KPN796ec	ceftazidime	Resistant	Laboratory Method	Broth dilution	CLSI
573.26292	Klebsiella pneumoniae strain 5012STDY7626409	ceftazidime	Resistant	Laboratory Method	Broth dilution	
573.24423	Klebsiella pneumoniae strain MUGSI_59	ceftazidime	Resistant	Laboratory Method	Broth dilution	CLSI
573.26317	Klebsiella pneumoniae strain 5012STDY7626435	ceftazidime	Resistant	Laboratory Method	Broth dilution	
573.13983	Klebsiella pneumoniae KPN238ec	ceftazidime	Resistant	Laboratory Method	Broth dilution	CLSI
573.13721	Klebsiella pneumoniae KPN1859ec	ceftazidime	Resistant	Laboratory Method	Broth dilution	CLSI
573.263	Klebsiella pneumoniae strain 5012STDY7626419	ceftazidime	Resistant	Laboratory Method	Broth dilution	
573.14024	Klebsiella pneumoniae KPN287ec	ceftazidime	Resistant	Laboratory Method	Broth dilution	CLSI
573.1558	Klebsiella pneumoniae strain KSB2_10B	ceftazidime	Resistant	Laboratory Method	Broth dilution	CLSI
573.13772	Klebsiella pneumoniae KPN1918ec	ceftazidime	Resistant	Laboratory Method	Broth dilution	CLSI
573.66427	Klebsiella pneumoniae 27097_7#10	ceftazidime	Resistant	Laboratory Method	MIC	
573.66229	Klebsiella pneumoniae 26968_5#80	ceftazidime	Resistant	Laboratory Method	MIC	
72407.538	Klebsiella pneumoniae subsp. pneumoniae strain 3189STDY5864872	ceftazidime	Resistant	Laboratory Method	Broth dilution	CLSI
573.1385	Klebsiella pneumoniae KPN2020ec	ceftazidime	Resistant	Laboratory Method	Broth dilution	CLSI
573.13877	Klebsiella pneumoniae KPN2052ec	ceftazidime	Resistant	Laboratory Method	Broth dilution	CLSI
573.13939	Klebsiella pneumoniae KPN2128ec	ceftazidime	Resistant	Laboratory Method	Broth dilution	CLSI
573.14045	Klebsiella pneumoniae KPN310ec	ceftazidime	Resistant	Laboratory Method	Broth dilution	CLSI
72407.49	Klebsiella pneumoniae subsp. pneumoniae strain 3189STDY5864753	ceftazidime	Resistant	Laboratory Method	Broth dilution	CLSI
573.24305	Klebsiella pneumoniae strain 457	ceftazidime	Resistant	Laboratory Method	Broth dilution	CLSI
573.13294	Klebsiella pneumoniae KPN1333ec	ceftazidime	Resistant	Laboratory Method	Broth dilution	CLSI
573.14447	Klebsiella pneumoniae KPN860ec	ceftazidime	Resistant	Laboratory Method	Broth dilution	CLSI
573.66402	Klebsiella pneumoniae 26994_8#162	ceftazidime	Resistant	Laboratory Method	MIC	
1438751.3	Klebsiella pneumoniae CHS 45	ceftazidime	Resistant	Laboratory Method	Broth dilution	
573.14048	Klebsiella pneumoniae KPN314ec	ceftazidime	Resistant	Laboratory Method	Broth dilution	CLSI
1438708.3	Klebsiella pneumoniae CHS 02	ceftazidime	Resistant	Laboratory Method	Broth dilution	
573.14494	Klebsiella pneumoniae KPN922ec	ceftazidime	Resistant	Laboratory Method	Broth dilution	CLSI
1284796.3	Klebsiella pneumoniae DMC0526	ceftazidime	Resistant	Laboratory Method		
573.1364	Klebsiella pneumoniae KPN1741ec	ceftazidime	Resistant	Laboratory Method	Broth dilution	CLSI
573.26105	Klebsiella pneumoniae strain 5012STDY7312707	ceftazidime	Resistant	Laboratory Method	Broth dilution	
573.14131	Klebsiella pneumoniae KPN411ec	ceftazidime	Resistant	Laboratory Method	Broth dilution	CLSI
573.13276	Klebsiella pneumoniae KPN1312ec	ceftazidime	Resistant	Laboratory Method	Broth dilution	CLSI
573.13625	Klebsiella pneumoniae KPN1722ec	ceftazidime	Resistant	Laboratory Method	Broth dilution	CLSI
573.13802	Klebsiella pneumoniae KPN1955ec	ceftazidime	Resistant	Laboratory Method	Broth dilution	CLSI
573.66901	Klebsiella pneumoniae KP_NORM_BLD_2012_85073	ceftazidime	Resistant	Laboratory Method		EUCAST
573.1323	Klebsiella pneumoniae KPN124ec	ceftazidime	Resistant	Laboratory Method	Broth dilution	CLSI
72407.498	Klebsiella pneumoniae subsp. pneumoniae strain 3189STDY5864830	ceftazidime	Resistant	Laboratory Method	Broth dilution	CLSI
573.46853	Klebsiella pneumoniae KP-24PI	ceftazidime	Resistant	Laboratory Method	Broth dilution	EUCAST
573.33406	Klebsiella pneumoniae strain PMK21d	ceftazidime	Resistant	Laboratory Method	Broth dilution	EUCAST
573.14473	Klebsiella pneumoniae KPN894ec	ceftazidime	Resistant	Laboratory Method	Broth dilution	CLSI
573.13296	Klebsiella pneumoniae KPN1335ec	ceftazidime	Resistant	Laboratory Method	Broth dilution	CLSI
1304922.3	Klebsiella pneumoniae 500_1420	ceftazidime	Resistant	Laboratory Method		
573.15641	Klebsiella pneumoniae strain K1202	ceftazidime	Resistant	Laboratory Method	Disk diffusion	EUCAST
573.15614	Klebsiella pneumoniae strain KSB2_2B	ceftazidime	Resistant	Laboratory Method	Broth dilution	CLSI
573.14041	Klebsiella pneumoniae KPN306ec	ceftazidime	Resistant	Laboratory Method	Broth dilution	CLSI
72407.517	Klebsiella pneumoniae subsp. pneumoniae strain 3189STDY5864854	ceftazidime	Resistant	Laboratory Method	Broth dilution	CLSI
573.13546	Klebsiella pneumoniae KPN162ec	ceftazidime	Resistant	Laboratory Method	Broth dilution	CLSI
573.13073	Klebsiella pneumoniae KPN1055ec	ceftazidime	Resistant	Laboratory Method	Broth dilution	CLSI
573.24406	Klebsiella pneumoniae strain MUGSI_37	ceftazidime	Resistant	Laboratory Method	Broth dilution	CLSI
573.13263	Klebsiella pneumoniae KPN1284ec	ceftazidime	Resistant	Laboratory Method	Broth dilution	CLSI
573.1321	Klebsiella pneumoniae KPN1220ec	ceftazidime	Resistant	Laboratory Method	Broth dilution	CLSI
573.14139	Klebsiella pneumoniae KPN419ec	ceftazidime	Resistant	Laboratory Method	Broth dilution	CLSI
573.13538	Klebsiella pneumoniae KPN161ec	ceftazidime	Resistant	Laboratory Method	Broth dilution	CLSI
573.12944	Klebsiella pneumoniae 3273	ceftazidime	Resistant	Laboratory Method	Broth dilution	CLSI
573.13494	Klebsiella pneumoniae KPN1566ec	ceftazidime	Resistant	Laboratory Method	Broth dilution	CLSI
573.5808	Klebsiella pneumoniae strain PB298	ceftazidime	Resistant	Laboratory Method	Broth dilution	EUCAST
573.14251	Klebsiella pneumoniae KPN577ec	ceftazidime	Resistant	Laboratory Method	Broth dilution	CLSI
573.13365	Klebsiella pneumoniae KPN1424ec	ceftazidime	Resistant	Laboratory Method	Broth dilution	CLSI
573.14366	Klebsiella pneumoniae KPN745ec	ceftazidime	Resistant	Laboratory Method	Broth dilution	CLSI
573.12987	Klebsiella pneumoniae 3386	ceftazidime	Resistant	Laboratory Method	Broth dilution	CLSI
573.14452	Klebsiella pneumoniae KPN867ec	ceftazidime	Resistant	Laboratory Method	Broth dilution	CLSI
573.13382	Klebsiella pneumoniae KPN1440ec	ceftazidime	Resistant	Laboratory Method	Broth dilution	CLSI
573.33402	Klebsiella pneumoniae strain PMK19	ceftazidime	Resistant	Laboratory Method	Broth dilution	EUCAST
573.13803	Klebsiella pneumoniae KPN1956ec	ceftazidime	Resistant	Laboratory Method	Broth dilution	CLSI
573.13061	Klebsiella pneumoniae KPN1039ec	ceftazidime	Resistant	Laboratory Method	Broth dilution	CLSI
573.5794	Klebsiella pneumoniae strain PB450	ceftazidime	Resistant	Laboratory Method	Broth dilution	EUCAST
573.26279	Klebsiella pneumoniae strain 5012STDY7626395	ceftazidime	Resistant	Laboratory Method	Broth dilution	
573.13819	Klebsiella pneumoniae KPN1986ec	ceftazidime	Resistant	Laboratory Method	Broth dilution	CLSI
573.13311	Klebsiella pneumoniae KPN1350ec	ceftazidime	Resistant	Laboratory Method	Broth dilution	CLSI
573.13438	Klebsiella pneumoniae KPN1501ec	ceftazidime	Resistant	Laboratory Method	Broth dilution	CLSI
573.24397	Klebsiella pneumoniae strain MUGSI_314	ceftazidime	Resistant	Laboratory Method	Broth dilution	CLSI
573.67127	Klebsiella pneumoniae KP_NORM_URN_2009_56948	ceftazidime	Resistant	Laboratory Method		EUCAST
573.14354	Klebsiella pneumoniae KPN728ec	ceftazidime	Resistant	Laboratory Method	Broth dilution	CLSI
1438743.3	Klebsiella pneumoniae CHS 37	ceftazidime	Resistant	Laboratory Method	Broth dilution	
573.26088	Klebsiella pneumoniae strain 5012STDY7312725	ceftazidime	Resistant	Laboratory Method	Broth dilution	
573.24245	Klebsiella pneumoniae strain 104	ceftazidime	Resistant	Laboratory Method	Broth dilution	CLSI
573.12869	Klebsiella pneumoniae 3229	ceftazidime	Resistant	Laboratory Method	Broth dilution	CLSI
573.66444	Klebsiella pneumoniae 27261_7#64	ceftazidime	Resistant	Laboratory Method	MIC	
573.14332	Klebsiella pneumoniae KPN704ec	ceftazidime	Resistant	Laboratory Method	Broth dilution	CLSI
573.13065	Klebsiella pneumoniae KPN1043ec	ceftazidime	Resistant	Laboratory Method	Broth dilution	CLSI
573.13396	Klebsiella pneumoniae KPN1455ec	ceftazidime	Resistant	Laboratory Method	Broth dilution	CLSI
573.5672	Klebsiella pneumoniae strain PB366	ceftazidime	Resistant	Laboratory Method	Broth dilution	EUCAST
573.13953	Klebsiella pneumoniae KPN2162ec	ceftazidime	Resistant	Laboratory Method	Broth dilution	CLSI
573.46872	Klebsiella pneumoniae KP-84LU	ceftazidime	Resistant	Laboratory Method	Broth dilution	EUCAST
573.46836	Klebsiella pneumoniae KP-12PI	ceftazidime	Resistant	Laboratory Method	Broth dilution	EUCAST
573.12916	Klebsiella pneumoniae 3338	ceftazidime	Resistant	Laboratory Method	Broth dilution	CLSI
573.14504	Klebsiella pneumoniae KPN933ec	ceftazidime	Resistant	Laboratory Method	Broth dilution	CLSI
573.14107	Klebsiella pneumoniae KPN384ec	ceftazidime	Resistant	Laboratory Method	Broth dilution	CLSI
1328383.3	Klebsiella pneumoniae BWH 22	ceftazidime	Resistant	Laboratory Method	Broth dilution	
573.13427	Klebsiella pneumoniae KPN1489ec	ceftazidime	Resistant	Laboratory Method	Broth dilution	CLSI
573.13467	Klebsiella pneumoniae KPN1536ec	ceftazidime	Resistant	Laboratory Method	Broth dilution	CLSI
573.13972	Klebsiella pneumoniae KPN226ec	ceftazidime	Resistant	Laboratory Method	Broth dilution	CLSI
573.66374	Klebsiella pneumoniae 26994_7#122	ceftazidime	Resistant	Laboratory Method	MIC	
1438759.3	Klebsiella pneumoniae CHS 53	ceftazidime	Resistant	Laboratory Method	Broth dilution	
573.14492	Klebsiella pneumoniae KPN919ec	ceftazidime	Resistant	Laboratory Method	Broth dilution	CLSI
72407.541	Klebsiella pneumoniae subsp. pneumoniae strain 3189STDY5864770	ceftazidime	Resistant	Laboratory Method	Broth dilution	CLSI
573.15546	Klebsiella pneumoniae strain KSB1_8C	ceftazidime	Resistant	Laboratory Method	Broth dilution	CLSI
573.24301	Klebsiella pneumoniae strain 414	ceftazidime	Resistant	Laboratory Method	Broth dilution	CLSI
573.14319	Klebsiella pneumoniae KPN688ec	ceftazidime	Resistant	Laboratory Method	Broth dilution	CLSI
1438773.3	Klebsiella pneumoniae CHS 67	ceftazidime	Resistant	Laboratory Method	Broth dilution	
1284821.3	Klebsiella pneumoniae UHKPC29	ceftazidime	Resistant	Laboratory Method		
573.20059	Klebsiella pneumoniae strain AR_0076	ceftazidime	Resistant	Laboratory Method	Broth dilution	CLSI
573.13689	Klebsiella pneumoniae KPN1821ec	ceftazidime	Resistant	Laboratory Method	Broth dilution	CLSI
573.13183	Klebsiella pneumoniae KPN1191ec	ceftazidime	Resistant	Laboratory Method	Broth dilution	CLSI
573.13816	Klebsiella pneumoniae KPN1983ec	ceftazidime	Resistant	Laboratory Method	Broth dilution	CLSI
573.14278	Klebsiella pneumoniae KPN611ec	ceftazidime	Resistant	Laboratory Method	Broth dilution	CLSI
573.14204	Klebsiella pneumoniae KPN515ec	ceftazidime	Resistant	Laboratory Method	Broth dilution	CLSI
573.15685	Klebsiella pneumoniae strain K763	ceftazidime	Resistant	Laboratory Method	Disk diffusion	EUCAST
573.66206	Klebsiella pneumoniae KP_NORM_BLD_2014_103384	ceftazidime	Resistant	Laboratory Method		EUCAST
573.13658	Klebsiella pneumoniae KPN1763ec	ceftazidime	Resistant	Laboratory Method	Broth dilution	CLSI
573.66921	Klebsiella pneumoniae KP_NORM_BLD_2013_92959	ceftazidime	Resistant	Laboratory Method		EUCAST
573.13281	Klebsiella pneumoniae KPN131ec	ceftazidime	Resistant	Laboratory Method	Broth dilution	CLSI
573.1447	Klebsiella pneumoniae KPN891ec	ceftazidime	Resistant	Laboratory Method	Broth dilution	CLSI
573.13024	Klebsiella pneumoniae 3276	ceftazidime	Resistant	Laboratory Method	Broth dilution	CLSI
573.14451	Klebsiella pneumoniae KPN866ec	ceftazidime	Resistant	Laboratory Method	Broth dilution	CLSI
573.1426	Klebsiella pneumoniae KPN587ec	ceftazidime	Resistant	Laboratory Method	Broth dilution	CLSI
573.23207	Klebsiella pneumoniae strain KP_215	ceftazidime	Resistant	Laboratory Method	Disk diffusion	CLSI
573.13232	Klebsiella pneumoniae KPN1252ec	ceftazidime	Resistant	Laboratory Method	Broth dilution	CLSI
573.26236	Klebsiella pneumoniae strain 5012STDY7626474	ceftazidime	Resistant	Laboratory Method	Broth dilution	
573.26275	Klebsiella pneumoniae strain 5012STDY7626394	ceftazidime	Resistant	Laboratory Method	Broth dilution	
573.66494	Klebsiella pneumoniae 27261_8#125	ceftazidime	Resistant	Laboratory Method	MIC	
573.12878	Klebsiella pneumoniae 3262	ceftazidime	Resistant	Laboratory Method	Broth dilution	CLSI
573.13464	Klebsiella pneumoniae KPN1533ec	ceftazidime	Resistant	Laboratory Method	Broth dilution	CLSI
573.13577	Klebsiella pneumoniae KPN1671ec	ceftazidime	Resistant	Laboratory Method	Broth dilution	CLSI
573.13557	Klebsiella pneumoniae KPN1649ec	ceftazidime	Resistant	Laboratory Method	Broth dilution	CLSI
573.13101	Klebsiella pneumoniae KPN1095ec	ceftazidime	Resistant	Laboratory Method	Broth dilution	CLSI
573.13359	Klebsiella pneumoniae KPN1416ec	ceftazidime	Resistant	Laboratory Method	Broth dilution	CLSI
573.1425	Klebsiella pneumoniae KPN576ec	ceftazidime	Resistant	Laboratory Method	Broth dilution	CLSI
573.13597	Klebsiella pneumoniae KPN1694ec	ceftazidime	Resistant	Laboratory Method	Broth dilution	CLSI
573.12893	Klebsiella pneumoniae 3238	ceftazidime	Resistant	Laboratory Method	Broth dilution	CLSI
573.13742	Klebsiella pneumoniae KPN1879ec	ceftazidime	Resistant	Laboratory Method	Broth dilution	CLSI
573.13903	Klebsiella pneumoniae KPN2080ec	ceftazidime	Resistant	Laboratory Method	Broth dilution	CLSI
573.13541	Klebsiella pneumoniae KPN1624ec	ceftazidime	Resistant	Laboratory Method	Broth dilution	CLSI
573.14049	Klebsiella pneumoniae KPN315ec	ceftazidime	Resistant	Laboratory Method	Broth dilution	CLSI
573.13212	Klebsiella pneumoniae KPN1222ec	ceftazidime	Resistant	Laboratory Method	Broth dilution	CLSI
573.2625	Klebsiella pneumoniae strain 5012STDY7626370	ceftazidime	Resistant	Laboratory Method	Broth dilution	
72407.479	Klebsiella pneumoniae subsp. pneumoniae strain 3189STDY5864852	ceftazidime	Resistant	Laboratory Method	Broth dilution	CLSI
573.13387	Klebsiella pneumoniae KPN1446ec	ceftazidime	Resistant	Laboratory Method	Broth dilution	CLSI
573.13187	Klebsiella pneumoniae KPN1195ec	ceftazidime	Resistant	Laboratory Method	Broth dilution	CLSI
573.15675	Klebsiella pneumoniae strain K1073	ceftazidime	Resistant	Laboratory Method	Disk diffusion	EUCAST
573.13047	Klebsiella pneumoniae KPN1021ec	ceftazidime	Resistant	Laboratory Method	Broth dilution	CLSI
573.13574	Klebsiella pneumoniae KPN1668ec	ceftazidime	Resistant	Laboratory Method	Broth dilution	CLSI
573.13291	Klebsiella pneumoniae KPN1330ec	ceftazidime	Resistant	Laboratory Method	Broth dilution	CLSI
573.14352	Klebsiella pneumoniae KPN727ec	ceftazidime	Resistant	Laboratory Method	Broth dilution	CLSI
573.14339	Klebsiella pneumoniae KPN713ec	ceftazidime	Resistant	Laboratory Method	Broth dilution	CLSI
72407.543	Klebsiella pneumoniae subsp. pneumoniae strain 3189STDY5864778	ceftazidime	Resistant	Laboratory Method	Broth dilution	CLSI
573.13684	Klebsiella pneumoniae KPN180ec	ceftazidime	Resistant	Laboratory Method	Broth dilution	CLSI
573.66489	Klebsiella pneumoniae 27261_8#101	ceftazidime	Resistant	Laboratory Method	MIC	
573.1315	Klebsiella pneumoniae KPN1152ec	ceftazidime	Resistant	Laboratory Method	Broth dilution	CLSI
573.14143	Klebsiella pneumoniae KPN423ec	ceftazidime	Resistant	Laboratory Method	Broth dilution	CLSI
573.46069	Klebsiella pneumoniae INF094	ceftazidime	Resistant	Laboratory Method	Broth dilution	CLSI
573.14491	Klebsiella pneumoniae KPN918ec	ceftazidime	Resistant	Laboratory Method	Broth dilution	CLSI
573.1452	Klebsiella pneumoniae KPN953ec	ceftazidime	Resistant	Laboratory Method	Broth dilution	CLSI
573.24323	Klebsiella pneumoniae strain MRSN19181	ceftazidime	Resistant	Laboratory Method	Broth dilution	CLSI
573.66936	Klebsiella pneumoniae KP_NORM_BLD_2015_116357	ceftazidime	Resistant	Laboratory Method		EUCAST
573.24299	Klebsiella pneumoniae strain 401	ceftazidime	Resistant	Laboratory Method	Broth dilution	CLSI
573.5821	Klebsiella pneumoniae strain W2-13-ERG1	ceftazidime	Resistant	Laboratory Method	Broth dilution	EUCAST
573.13996	Klebsiella pneumoniae KPN257ec	ceftazidime	Resistant	Laboratory Method	Broth dilution	CLSI
573.1567	Klebsiella pneumoniae strain K1065	ceftazidime	Resistant	Laboratory Method	Disk diffusion	EUCAST
573.14099	Klebsiella pneumoniae KPN376ec	ceftazidime	Resistant	Laboratory Method	Broth dilution	CLSI
573.13821	Klebsiella pneumoniae KPN1988ec	ceftazidime	Resistant	Laboratory Method	Broth dilution	CLSI
573.14329	Klebsiella pneumoniae KPN701ec	ceftazidime	Resistant	Laboratory Method	Broth dilution	CLSI
573.66928	Klebsiella pneumoniae KP_NORM_BLD_2014_102382	ceftazidime	Resistant	Laboratory Method		EUCAST
573.13305	Klebsiella pneumoniae KPN1345ec	ceftazidime	Resistant	Laboratory Method	Broth dilution	CLSI
1304920.3	Klebsiella pneumoniae 361_1301	ceftazidime	Resistant	Laboratory Method		
573.13414	Klebsiella pneumoniae KPN1476ec	ceftazidime	Resistant	Laboratory Method	Broth dilution	CLSI
573.13707	Klebsiella pneumoniae KPN1844ec	ceftazidime	Resistant	Laboratory Method	Broth dilution	CLSI
573.1571	Klebsiella pneumoniae strain K997	ceftazidime	Resistant	Laboratory Method	Disk diffusion	EUCAST
573.15616	Klebsiella pneumoniae strain INF298	ceftazidime	Resistant	Laboratory Method	Broth dilution	CLSI
573.1346	Klebsiella pneumoniae KPN1529ec	ceftazidime	Resistant	Laboratory Method	Broth dilution	CLSI
573.13388	Klebsiella pneumoniae KPN1447ec	ceftazidime	Resistant	Laboratory Method	Broth dilution	CLSI
573.13282	Klebsiella pneumoniae KPN1321ec	ceftazidime	Resistant	Laboratory Method	Broth dilution	CLSI
573.13676	Klebsiella pneumoniae KPN1783ec	ceftazidime	Resistant	Laboratory Method	Broth dilution	CLSI
72407.524	Klebsiella pneumoniae subsp. pneumoniae strain 3189STDY5864859	ceftazidime	Resistant	Laboratory Method	Broth dilution	CLSI
573.13226	Klebsiella pneumoniae KPN1245ec	ceftazidime	Resistant	Laboratory Method	Broth dilution	CLSI
573.14335	Klebsiella pneumoniae KPN708ec	ceftazidime	Resistant	Laboratory Method	Broth dilution	CLSI
72407.597	Klebsiella pneumoniae subsp. pneumoniae strain 3189STDY5864876	ceftazidime	Resistant	Laboratory Method	Broth dilution	CLSI
573.13564	Klebsiella pneumoniae KPN1655ec	ceftazidime	Resistant	Laboratory Method	Broth dilution	CLSI
72407.549	Klebsiella pneumoniae subsp. pneumoniae strain 3189STDY5864874	ceftazidime	Resistant	Laboratory Method	Broth dilution	CLSI
573.13563	Klebsiella pneumoniae KPN1654ec	ceftazidime	Resistant	Laboratory Method	Broth dilution	CLSI
573.66341	Klebsiella pneumoniae 26994_6#159	ceftazidime	Resistant	Laboratory Method	MIC	
1438715.3	Klebsiella pneumoniae CHS 09	ceftazidime	Resistant	Laboratory Method	Broth dilution	
573.7022	Klebsiella pneumoniae strain AR_0042	ceftazidime	Resistant	Laboratory Method	Broth dilution	CLSI
573.13777	Klebsiella pneumoniae KPN1925ec	ceftazidime	Resistant	Laboratory Method	Broth dilution	CLSI
573.12777	Klebsiella pneumoniae strain AR_0120	ceftazidime	Resistant	Laboratory Method	Broth dilution	CLSI
573.31059	Klebsiella pneumoniae strain PH10	ceftazidime	Resistant	Laboratory Method	Disk diffusion	CLSI
573.13363	Klebsiella pneumoniae KPN1422ec	ceftazidime	Resistant	Laboratory Method	Broth dilution	CLSI
573.13372	Klebsiella pneumoniae KPN1430ec	ceftazidime	Resistant	Laboratory Method	Broth dilution	CLSI
573.33412	Klebsiella pneumoniae strain PMK25	ceftazidime	Resistant	Laboratory Method	Broth dilution	EUCAST
573.13943	Klebsiella pneumoniae KPN2149ec	ceftazidime	Resistant	Laboratory Method	Broth dilution	CLSI
573.3342	Klebsiella pneumoniae strain PMK9	ceftazidime	Resistant	Laboratory Method	Broth dilution	EUCAST
573.13782	Klebsiella pneumoniae KPN1930ec	ceftazidime	Resistant	Laboratory Method	Broth dilution	CLSI
573.66377	Klebsiella pneumoniae 26994_7#155	ceftazidime	Resistant	Laboratory Method	MIC	
573.14287	Klebsiella pneumoniae KPN620ec	ceftazidime	Resistant	Laboratory Method	Broth dilution	CLSI
1438771.3	Klebsiella pneumoniae CHS 65	ceftazidime	Resistant	Laboratory Method	Broth dilution	
573.26151	Klebsiella pneumoniae strain 5012STDY7312586	ceftazidime	Resistant	Laboratory Method	Broth dilution	
573.14304	Klebsiella pneumoniae KPN670ec	ceftazidime	Resistant	Laboratory Method	Broth dilution	CLSI
573.66631	Klebsiella pneumoniae KP_NORM_BLD_114048	ceftazidime	Resistant	Laboratory Method		EUCAST
1438734.3	Klebsiella pneumoniae CHS 28	ceftazidime	Resistant	Laboratory Method	Broth dilution	
573.13686	Klebsiella pneumoniae KPN1818ec	ceftazidime	Resistant	Laboratory Method	Broth dilution	CLSI
573.66528	Klebsiella pneumoniae 27322_4#110	ceftazidime	Resistant	Laboratory Method	MIC	
573.14044	Klebsiella pneumoniae KPN309ec	ceftazidime	Resistant	Laboratory Method	Broth dilution	CLSI
573.14196	Klebsiella pneumoniae KPN507ec	ceftazidime	Resistant	Laboratory Method	Broth dilution	CLSI
573.14449	Klebsiella pneumoniae KPN864ec	ceftazidime	Resistant	Laboratory Method	Broth dilution	CLSI
573.14428	Klebsiella pneumoniae KPN831ec	ceftazidime	Resistant	Laboratory Method	Broth dilution	CLSI
573.14482	Klebsiella pneumoniae KPN907ec	ceftazidime	Resistant	Laboratory Method	Broth dilution	CLSI
573.13254	Klebsiella pneumoniae KPN1275ec	ceftazidime	Resistant	Laboratory Method	Broth dilution	CLSI
573.15634	Klebsiella pneumoniae strain K804	ceftazidime	Resistant	Laboratory Method	Disk diffusion	EUCAST
573.6619	Klebsiella pneumoniae KP_NORM_URN_2015_107539	ceftazidime	Resistant	Laboratory Method		EUCAST
573.66627	Klebsiella pneumoniae KP_NORM_BLD_113971	ceftazidime	Resistant	Laboratory Method		EUCAST
573.13695	Klebsiella pneumoniae KPN1830ec	ceftazidime	Resistant	Laboratory Method	Broth dilution	CLSI
573.13181	Klebsiella pneumoniae KPN1189ec	ceftazidime	Resistant	Laboratory Method	Broth dilution	CLSI
72407.2898	Klebsiella pneumoniae subsp. pneumoniae MRSN752001	ceftazidime	Resistant	Laboratory Method		
573.14379	Klebsiella pneumoniae KPN762ec	ceftazidime	Resistant	Laboratory Method	Broth dilution	CLSI
573.13806	Klebsiella pneumoniae KPN1961ec	ceftazidime	Resistant	Laboratory Method	Broth dilution	CLSI
573.13589	Klebsiella pneumoniae KPN1686ec	ceftazidime	Resistant	Laboratory Method	Broth dilution	CLSI
573.13712	Klebsiella pneumoniae KPN184ec	ceftazidime	Resistant	Laboratory Method	Broth dilution	CLSI
573.14503	Klebsiella pneumoniae KPN931ec	ceftazidime	Resistant	Laboratory Method	Broth dilution	CLSI
573.134	Klebsiella pneumoniae KPN1460ec	ceftazidime	Resistant	Laboratory Method	Broth dilution	CLSI
573.5811	Klebsiella pneumoniae strain PB509	ceftazidime	Resistant	Laboratory Method	Broth dilution	EUCAST
573.5765	Klebsiella pneumoniae strain 22_GR_12	ceftazidime	Resistant	Laboratory Method	Broth dilution	CLSI
573.24437	Klebsiella pneumoniae strain MUGSI_78	ceftazidime	Resistant	Laboratory Method	Broth dilution	CLSI
72407.59	Klebsiella pneumoniae subsp. pneumoniae strain 3189STDY5864819	ceftazidime	Resistant	Laboratory Method	Broth dilution	CLSI
573.13542	Klebsiella pneumoniae KPN1625ec	ceftazidime	Resistant	Laboratory Method	Broth dilution	CLSI
573.13997	Klebsiella pneumoniae KPN258ec	ceftazidime	Resistant	Laboratory Method	Broth dilution	CLSI
573.24268	Klebsiella pneumoniae strain 246	ceftazidime	Resistant	Laboratory Method	Broth dilution	CLSI
573.15599	Klebsiella pneumoniae strain KSB1_5B	ceftazidime	Resistant	Laboratory Method	Broth dilution	CLSI
573.66235	Klebsiella pneumoniae 26968_5#137	ceftazidime	Resistant	Laboratory Method	MIC	
573.13452	Klebsiella pneumoniae KPN151ec	ceftazidime	Resistant	Laboratory Method	Broth dilution	CLSI
573.14178	Klebsiella pneumoniae KPN468ec	ceftazidime	Resistant	Laboratory Method	Broth dilution	CLSI
573.13189	Klebsiella pneumoniae KPN1197ec	ceftazidime	Resistant	Laboratory Method	Broth dilution	CLSI
573.15687	Klebsiella pneumoniae strain K810	ceftazidime	Resistant	Laboratory Method	Disk diffusion	EUCAST
573.14516	Klebsiella pneumoniae KPN948ec	ceftazidime	Resistant	Laboratory Method	Broth dilution	CLSI
573.1353	Klebsiella pneumoniae KPN160ec	ceftazidime	Resistant	Laboratory Method	Broth dilution	CLSI
573.13058	Klebsiella pneumoniae KPN1036ec	ceftazidime	Resistant	Laboratory Method	Broth dilution	CLSI
573.26303	Klebsiella pneumoniae strain 5012STDY7626423	ceftazidime	Resistant	Laboratory Method	Broth dilution	
573.66352	Klebsiella pneumoniae 26994_7#26	ceftazidime	Resistant	Laboratory Method	MIC	
573.13085	Klebsiella pneumoniae KPN1071ec	ceftazidime	Resistant	Laboratory Method	Broth dilution	CLSI
573.24282	Klebsiella pneumoniae strain 311	ceftazidime	Resistant	Laboratory Method	Broth dilution	CLSI
573.46852	Klebsiella pneumoniae KP-23PI	ceftazidime	Resistant	Laboratory Method	Broth dilution	EUCAST
573.13241	Klebsiella pneumoniae KPN1262ec	ceftazidime	Resistant	Laboratory Method	Broth dilution	CLSI
573.6717	Klebsiella pneumoniae KP_NORM_URN_2015_109221	ceftazidime	Resistant	Laboratory Method		EUCAST
573.1379	Klebsiella pneumoniae KPN1940ec	ceftazidime	Resistant	Laboratory Method	Broth dilution	CLSI
573.13386	Klebsiella pneumoniae KPN1445ec	ceftazidime	Resistant	Laboratory Method	Broth dilution	CLSI
573.13827	Klebsiella pneumoniae KPN1994ec	ceftazidime	Resistant	Laboratory Method	Broth dilution	CLSI
573.66388	Klebsiella pneumoniae 26994_8#33	ceftazidime	Resistant	Laboratory Method	MIC	
573.67129	Klebsiella pneumoniae KP_NORM_URN_2012_80587	ceftazidime	Resistant	Laboratory Method		EUCAST
573.66919	Klebsiella pneumoniae KP_NORM_BLD_2013_92929	ceftazidime	Resistant	Laboratory Method		EUCAST
573.14388	Klebsiella pneumoniae KPN773ec	ceftazidime	Resistant	Laboratory Method	Broth dilution	CLSI
573.13653	Klebsiella pneumoniae KPN1757ec	ceftazidime	Resistant	Laboratory Method	Broth dilution	CLSI
573.6631	Klebsiella pneumoniae 26975_5#138	ceftazidime	Resistant	Laboratory Method	MIC	
573.46842	Klebsiella pneumoniae KP-16PI	ceftazidime	Resistant	Laboratory Method	Broth dilution	EUCAST
573.13984	Klebsiella pneumoniae KPN240ec	ceftazidime	Resistant	Laboratory Method	Broth dilution	CLSI
573.13854	Klebsiella pneumoniae KPN2026ec	ceftazidime	Resistant	Laboratory Method	Broth dilution	CLSI
573.66418	Klebsiella pneumoniae 26994_8#178	ceftazidime	Resistant	Laboratory Method	MIC	
573.13566	Klebsiella pneumoniae KPN1659ec	ceftazidime	Resistant	Laboratory Method	Broth dilution	CLSI
573.6648	Klebsiella pneumoniae 27261_8#87	ceftazidime	Resistant	Laboratory Method	MIC	
573.12876	Klebsiella pneumoniae 3296	ceftazidime	Resistant	Laboratory Method	Broth dilution	CLSI
573.14292	Klebsiella pneumoniae KPN629ec	ceftazidime	Resistant	Laboratory Method	Broth dilution	CLSI
573.14541	Klebsiella pneumoniae KPN983ec	ceftazidime	Resistant	Laboratory Method	Broth dilution	CLSI
573.14247	Klebsiella pneumoniae KPN573ec	ceftazidime	Resistant	Laboratory Method	Broth dilution	CLSI
573.5826	Klebsiella pneumoniae strain W2-13-ERG8	ceftazidime	Resistant	Laboratory Method	Broth dilution	EUCAST
573.66473	Klebsiella pneumoniae 27261_8#42	ceftazidime	Resistant	Laboratory Method	MIC	
573.14229	Klebsiella pneumoniae KPN550ec	ceftazidime	Resistant	Laboratory Method	Broth dilution	CLSI
72407.518	Klebsiella pneumoniae subsp. pneumoniae strain 3189STDY5864757	ceftazidime	Resistant	Laboratory Method	Broth dilution	CLSI
573.13435	Klebsiella pneumoniae KPN1498ec	ceftazidime	Resistant	Laboratory Method	Broth dilution	CLSI
573.1304	Klebsiella pneumoniae KPN1013ec	ceftazidime	Resistant	Laboratory Method	Broth dilution	CLSI
573.13795	Klebsiella pneumoniae KPN1948ec	ceftazidime	Resistant	Laboratory Method	Broth dilution	CLSI
573.14333	Klebsiella pneumoniae KPN705ec	ceftazidime	Resistant	Laboratory Method	Broth dilution	CLSI
573.13869	Klebsiella pneumoniae KPN2043ec	ceftazidime	Resistant	Laboratory Method	Broth dilution	CLSI
573.1342	Klebsiella pneumoniae KPN1482ec	ceftazidime	Resistant	Laboratory Method	Broth dilution	CLSI
573.66411	Klebsiella pneumoniae 26994_8#142	ceftazidime	Resistant	Laboratory Method	MIC	
573.139	Klebsiella pneumoniae KPN2078ec	ceftazidime	Resistant	Laboratory Method	Broth dilution	CLSI
573.31062	Klebsiella pneumoniae strain PH152	ceftazidime	Resistant	Laboratory Method	Disk diffusion	CLSI
573.13809	Klebsiella pneumoniae KPN1973ec	ceftazidime	Resistant	Laboratory Method	Broth dilution	CLSI
573.334	Klebsiella pneumoniae strain PMK15	ceftazidime	Resistant	Laboratory Method	Broth dilution	EUCAST
573.66414	Klebsiella pneumoniae 26994_8#183	ceftazidime	Resistant	Laboratory Method	MIC	
573.13207	Klebsiella pneumoniae KPN1217ec	ceftazidime	Resistant	Laboratory Method	Broth dilution	CLSI
573.67144	Klebsiella pneumoniae KP_NORM_URN_2014_100307	ceftazidime	Resistant	Laboratory Method		EUCAST
573.13266	Klebsiella pneumoniae KPN128ec	ceftazidime	Resistant	Laboratory Method	Broth dilution	CLSI
573.33401	Klebsiella pneumoniae strain PMK20a	ceftazidime	Resistant	Laboratory Method	Broth dilution	EUCAST
573.15511	Klebsiella pneumoniae strain INF025	ceftazidime	Resistant	Laboratory Method	Broth dilution	CLSI
573.14195	Klebsiella pneumoniae KPN504ec	ceftazidime	Resistant	Laboratory Method	Broth dilution	CLSI
573.24293	Klebsiella pneumoniae strain 371	ceftazidime	Resistant	Laboratory Method	Broth dilution	CLSI
573.13878	Klebsiella pneumoniae KPN2053ec	ceftazidime	Resistant	Laboratory Method	Broth dilution	CLSI
573.13237	Klebsiella pneumoniae KPN1259ec	ceftazidime	Resistant	Laboratory Method	Broth dilution	CLSI
573.13836	Klebsiella pneumoniae KPN2006ec	ceftazidime	Resistant	Laboratory Method	Broth dilution	CLSI
573.14072	Klebsiella pneumoniae KPN342ec	ceftazidime	Resistant	Laboratory Method	Broth dilution	CLSI
573.31077	Klebsiella pneumoniae strain PH72	ceftazidime	Resistant	Laboratory Method	Disk diffusion	CLSI
573.67153	Klebsiella pneumoniae KP_NORM_URN_2014_97392	ceftazidime	Resistant	Laboratory Method		EUCAST
573.13323	Klebsiella pneumoniae KPN1365ec	ceftazidime	Resistant	Laboratory Method	Broth dilution	CLSI
573.14485	Klebsiella pneumoniae KPN909ec	ceftazidime	Resistant	Laboratory Method	Broth dilution	CLSI
573.5824	Klebsiella pneumoniae strain W2-15-ERG3	ceftazidime	Resistant	Laboratory Method	Broth dilution	EUCAST
573.14222	Klebsiella pneumoniae KPN539ec	ceftazidime	Resistant	Laboratory Method	Broth dilution	CLSI
573.12911	Klebsiella pneumoniae 3259	ceftazidime	Resistant	Laboratory Method	Broth dilution	CLSI
573.13696	Klebsiella pneumoniae KPN1831ec	ceftazidime	Resistant	Laboratory Method	Broth dilution	CLSI
573.14093	Klebsiella pneumoniae KPN370ec	ceftazidime	Resistant	Laboratory Method	Broth dilution	CLSI
573.14409	Klebsiella pneumoniae KPN803ec	ceftazidime	Resistant	Laboratory Method	Broth dilution	CLSI
573.14369	Klebsiella pneumoniae KPN749ec	ceftazidime	Resistant	Laboratory Method	Broth dilution	CLSI
573.13901	Klebsiella pneumoniae KPN2079ec	ceftazidime	Resistant	Laboratory Method	Broth dilution	CLSI
573.24372	Klebsiella pneumoniae strain MUGSI_187	ceftazidime	Resistant	Laboratory Method	Broth dilution	CLSI
573.23203	Klebsiella pneumoniae strain KP_017	ceftazidime	Resistant	Laboratory Method	Disk diffusion	CLSI
573.14475	Klebsiella pneumoniae KPN896ec	ceftazidime	Resistant	Laboratory Method	Broth dilution	CLSI
573.1352	Klebsiella pneumoniae KPN1596ec	ceftazidime	Resistant	Laboratory Method	Broth dilution	CLSI
573.1318	Klebsiella pneumoniae KPN1188ec	ceftazidime	Resistant	Laboratory Method	Broth dilution	CLSI
573.14177	Klebsiella pneumoniae KPN467ec	ceftazidime	Resistant	Laboratory Method	Broth dilution	CLSI
573.1349	Klebsiella pneumoniae KPN1561ec	ceftazidime	Resistant	Laboratory Method	Broth dilution	CLSI
573.13789	Klebsiella pneumoniae KPN1938ec	ceftazidime	Resistant	Laboratory Method	Broth dilution	CLSI
573.13585	Klebsiella pneumoniae KPN1680ec	ceftazidime	Resistant	Laboratory Method	Broth dilution	CLSI
573.13586	Klebsiella pneumoniae KPN1682ec	ceftazidime	Resistant	Laboratory Method	Broth dilution	CLSI
573.13278	Klebsiella pneumoniae KPN1315ec	ceftazidime	Resistant	Laboratory Method	Broth dilution	CLSI
573.13624	Klebsiella pneumoniae KPN1721ec	ceftazidime	Resistant	Laboratory Method	Broth dilution	CLSI
573.13248	Klebsiella pneumoniae KPN126ec	ceftazidime	Resistant	Laboratory Method	Broth dilution	CLSI
573.33395	Klebsiella pneumoniae strain PMK14	ceftazidime	Resistant	Laboratory Method	Broth dilution	EUCAST
573.13998	Klebsiella pneumoniae KPN259ec	ceftazidime	Resistant	Laboratory Method	Broth dilution	CLSI
573.13572	Klebsiella pneumoniae KPN1666ec	ceftazidime	Resistant	Laboratory Method	Broth dilution	CLSI
573.26273	Klebsiella pneumoniae strain 5012STDY7626391	ceftazidime	Resistant	Laboratory Method	Broth dilution	
573.14486	Klebsiella pneumoniae KPN912ec	ceftazidime	Resistant	Laboratory Method	Broth dilution	CLSI
573.26298	Klebsiella pneumoniae strain 5012STDY7626415	ceftazidime	Resistant	Laboratory Method	Broth dilution	
573.1383	Klebsiella pneumoniae KPN1999ec	ceftazidime	Resistant	Laboratory Method	Broth dilution	CLSI
573.24291	Klebsiella pneumoniae strain 361	ceftazidime	Resistant	Laboratory Method	Broth dilution	CLSI
573.13499	Klebsiella pneumoniae KPN1571ec	ceftazidime	Resistant	Laboratory Method	Broth dilution	CLSI
573.13865	Klebsiella pneumoniae KPN2039ec	ceftazidime	Resistant	Laboratory Method	Broth dilution	CLSI
573.66294	Klebsiella pneumoniae 26975_4#126	ceftazidime	Resistant	Laboratory Method	MIC	
573.13088	Klebsiella pneumoniae KPN1075ec	ceftazidime	Resistant	Laboratory Method	Broth dilution	CLSI
573.132	Klebsiella pneumoniae KPN1209ec	ceftazidime	Resistant	Laboratory Method	Broth dilution	CLSI
1304918.4	Klebsiella pneumoniae 120_1020	ceftazidime	Resistant	Laboratory Method		
573.13622	Klebsiella pneumoniae KPN1719ec	ceftazidime	Resistant	Laboratory Method	Broth dilution	CLSI
573.66417	Klebsiella pneumoniae 26994_8#175	ceftazidime	Resistant	Laboratory Method	MIC	
573.66405	Klebsiella pneumoniae 26994_8#154	ceftazidime	Resistant	Laboratory Method	MIC	
573.1328	Klebsiella pneumoniae KPN1317ec	ceftazidime	Resistant	Laboratory Method	Broth dilution	CLSI
573.13177	Klebsiella pneumoniae KPN1185ec	ceftazidime	Resistant	Laboratory Method	Broth dilution	CLSI
573.13582	Klebsiella pneumoniae KPN1678ec	ceftazidime	Resistant	Laboratory Method	Broth dilution	CLSI
573.15728	Klebsiella pneumoniae strain K1603	ceftazidime	Resistant	Laboratory Method	Disk diffusion	EUCAST
72407.485	Klebsiella pneumoniae subsp. pneumoniae strain 3189STDY5864748	ceftazidime	Resistant	Laboratory Method	Broth dilution	CLSI
573.6625	Klebsiella pneumoniae 26968_6#31	ceftazidime	Resistant	Laboratory Method	MIC	
573.46833	Klebsiella pneumoniae KP-11PI	ceftazidime	Resistant	Laboratory Method	Broth dilution	EUCAST
573.14189	Klebsiella pneumoniae KPN482ec	ceftazidime	Resistant	Laboratory Method	Broth dilution	CLSI
573.13475	Klebsiella pneumoniae KPN1546ec	ceftazidime	Resistant	Laboratory Method	Broth dilution	CLSI
573.14007	Klebsiella pneumoniae KPN269ec	ceftazidime	Resistant	Laboratory Method	Broth dilution	CLSI
573.33413	Klebsiella pneumoniae strain PMK21a	ceftazidime	Resistant	Laboratory Method	Broth dilution	EUCAST
573.5802	Klebsiella pneumoniae strain PB439	ceftazidime	Resistant	Laboratory Method	Broth dilution	EUCAST
573.13135	Klebsiella pneumoniae KPN1134ec	ceftazidime	Resistant	Laboratory Method	Broth dilution	CLSI
573.13554	Klebsiella pneumoniae KPN1646ec	ceftazidime	Resistant	Laboratory Method	Broth dilution	CLSI
573.66325	Klebsiella pneumoniae 26994_6#93	ceftazidime	Resistant	Laboratory Method	MIC	
573.1725	Klebsiella pneumoniae strain KpVA-7	ceftazidime	Resistant	Laboratory Method	Disk diffusion	EUCAST
573.5781	Klebsiella pneumoniae strain 10_GR_13	ceftazidime	Resistant	Laboratory Method	Broth dilution	CLSI
573.13201	Klebsiella pneumoniae KPN1210ec	ceftazidime	Resistant	Laboratory Method	Broth dilution	CLSI
573.14314	Klebsiella pneumoniae KPN683ec	ceftazidime	Resistant	Laboratory Method	Broth dilution	CLSI
573.14384	Klebsiella pneumoniae KPN769ec	ceftazidime	Resistant	Laboratory Method	Broth dilution	CLSI
573.13814	Klebsiella pneumoniae KPN1980ec	ceftazidime	Resistant	Laboratory Method	Broth dilution	CLSI
573.13256	Klebsiella pneumoniae KPN1277ec	ceftazidime	Resistant	Laboratory Method	Broth dilution	CLSI
573.23204	Klebsiella pneumoniae strain KP_346	ceftazidime	Resistant	Laboratory Method	Disk diffusion	CLSI
573.13743	Klebsiella pneumoniae KPN187ec	ceftazidime	Resistant	Laboratory Method	Broth dilution	CLSI
573.14263	Klebsiella pneumoniae KPN591ec	ceftazidime	Resistant	Laboratory Method	Broth dilution	CLSI
573.66355	Klebsiella pneumoniae 26994_7#23	ceftazidime	Resistant	Laboratory Method	MIC	
573.24307	Klebsiella pneumoniae strain 460	ceftazidime	Resistant	Laboratory Method	Broth dilution	CLSI
573.13016	Klebsiella pneumoniae 68	ceftazidime	Resistant	Laboratory Method	Broth dilution	CLSI
573.1428	Klebsiella pneumoniae KPN613ec	ceftazidime	Resistant	Laboratory Method	Broth dilution	CLSI
573.46838	Klebsiella pneumoniae KP-13LU	ceftazidime	Resistant	Laboratory Method	Broth dilution	EUCAST
573.13849	Klebsiella pneumoniae KPN201ec	ceftazidime	Resistant	Laboratory Method	Broth dilution	CLSI
573.13076	Klebsiella pneumoniae KPN1058ec	ceftazidime	Resistant	Laboratory Method	Broth dilution	CLSI
573.13716	Klebsiella pneumoniae KPN1853ec	ceftazidime	Resistant	Laboratory Method	Broth dilution	CLSI
573.1569	Klebsiella pneumoniae strain K870	ceftazidime	Resistant	Laboratory Method	Disk diffusion	EUCAST
573.66891	Klebsiella pneumoniae KP_NORM_BLD_2011_75461	ceftazidime	Resistant	Laboratory Method		EUCAST
573.13839	Klebsiella pneumoniae KPN2009ec	ceftazidime	Resistant	Laboratory Method	Broth dilution	CLSI
573.14316	Klebsiella pneumoniae KPN685ec	ceftazidime	Resistant	Laboratory Method	Broth dilution	CLSI
573.13621	Klebsiella pneumoniae KPN1718ec	ceftazidime	Resistant	Laboratory Method	Broth dilution	CLSI
573.1411	Klebsiella pneumoniae KPN387ec	ceftazidime	Resistant	Laboratory Method	Broth dilution	CLSI
573.66443	Klebsiella pneumoniae 27261_7#26	ceftazidime	Resistant	Laboratory Method	MIC	
573.5764	Klebsiella pneumoniae strain 13_GR_14	ceftazidime	Resistant	Laboratory Method	Broth dilution	CLSI
573.24283	Klebsiella pneumoniae strain 313	ceftazidime	Resistant	Laboratory Method	Broth dilution	CLSI
573.15699	Klebsiella pneumoniae strain K809	ceftazidime	Resistant	Laboratory Method	Disk diffusion	EUCAST
573.66434	Klebsiella pneumoniae 27097_7#78	ceftazidime	Resistant	Laboratory Method	MIC	
573.13824	Klebsiella pneumoniae KPN1991ec	ceftazidime	Resistant	Laboratory Method	Broth dilution	CLSI
573.14422	Klebsiella pneumoniae KPN823ec	ceftazidime	Resistant	Laboratory Method	Broth dilution	CLSI
573.14355	Klebsiella pneumoniae KPN731ec	ceftazidime	Resistant	Laboratory Method	Broth dilution	CLSI
573.13122	Klebsiella pneumoniae KPN1120ec	ceftazidime	Resistant	Laboratory Method	Broth dilution	CLSI
573.13459	Klebsiella pneumoniae KPN1527ec	ceftazidime	Resistant	Laboratory Method	Broth dilution	CLSI
573.13159	Klebsiella pneumoniae KPN1164ec	ceftazidime	Resistant	Laboratory Method	Broth dilution	CLSI
573.13327	Klebsiella pneumoniae KPN1373ec	ceftazidime	Resistant	Laboratory Method	Broth dilution	CLSI
573.2622	Klebsiella pneumoniae strain 5012STDY7312685	ceftazidime	Resistant	Laboratory Method	Broth dilution	
573.24281	Klebsiella pneumoniae strain 310	ceftazidime	Resistant	Laboratory Method	Broth dilution	CLSI
573.12974	Klebsiella pneumoniae 3380	ceftazidime	Resistant	Laboratory Method	Broth dilution	CLSI
573.2442	Klebsiella pneumoniae strain MUGSI_54	ceftazidime	Resistant	Laboratory Method	Broth dilution	CLSI
573.6716	Klebsiella pneumoniae KP_NORM_URN_2014_97677	ceftazidime	Resistant	Laboratory Method		EUCAST
573.66557	Klebsiella pneumoniae 29105_1#128	ceftazidime	Resistant	Laboratory Method	MIC	
1284810.3	Klebsiella pneumoniae UHKPC09	ceftazidime	Resistant	Laboratory Method		
573.13596	Klebsiella pneumoniae KPN1693ec	ceftazidime	Resistant	Laboratory Method	Broth dilution	CLSI
573.12899	Klebsiella pneumoniae 3368	ceftazidime	Resistant	Laboratory Method	Broth dilution	CLSI
573.662	Klebsiella pneumoniae KP_NORM_URN_2015_109604	ceftazidime	Resistant	Laboratory Method		EUCAST
573.14118	Klebsiella pneumoniae KPN396ec	ceftazidime	Resistant	Laboratory Method	Broth dilution	CLSI
573.66259	Klebsiella pneumoniae 26968_6#90	ceftazidime	Resistant	Laboratory Method	MIC	
573.13863	Klebsiella pneumoniae KPN2037ec	ceftazidime	Resistant	Laboratory Method	Broth dilution	CLSI
573.66503	Klebsiella pneumoniae 27261_8#170	ceftazidime	Resistant	Laboratory Method	MIC	
573.66296	Klebsiella pneumoniae 26975_5#31	ceftazidime	Resistant	Laboratory Method	MIC	
573.13693	Klebsiella pneumoniae KPN1828ec	ceftazidime	Resistant	Laboratory Method	Broth dilution	CLSI
573.13848	Klebsiella pneumoniae KPN2019ec	ceftazidime	Resistant	Laboratory Method	Broth dilution	CLSI
573.12979	Klebsiella pneumoniae 3268	ceftazidime	Resistant	Laboratory Method	Broth dilution	CLSI
573.14547	Klebsiella pneumoniae KPN994ec	ceftazidime	Resistant	Laboratory Method	Broth dilution	CLSI
573.13703	Klebsiella pneumoniae KPN1840ec	ceftazidime	Resistant	Laboratory Method	Broth dilution	CLSI
1284803.4	Klebsiella pneumoniae UHKPC59	ceftazidime	Resistant	Laboratory Method		
573.24279	Klebsiella pneumoniae strain 308	ceftazidime	Resistant	Laboratory Method	Broth dilution	CLSI
573.66437	Klebsiella pneumoniae 27261_7#14	ceftazidime	Resistant	Laboratory Method	MIC	
573.14188	Klebsiella pneumoniae KPN481ec	ceftazidime	Resistant	Laboratory Method	Broth dilution	CLSI
573.13055	Klebsiella pneumoniae KPN1032ec	ceftazidime	Resistant	Laboratory Method	Broth dilution	CLSI
573.1359	Klebsiella pneumoniae KPN1687ec	ceftazidime	Resistant	Laboratory Method	Broth dilution	CLSI
573.13535	Klebsiella pneumoniae KPN1616ec	ceftazidime	Resistant	Laboratory Method	Broth dilution	CLSI
573.14306	Klebsiella pneumoniae KPN675ec	ceftazidime	Resistant	Laboratory Method	Broth dilution	CLSI
573.14029	Klebsiella pneumoniae KPN292ec	ceftazidime	Resistant	Laboratory Method	Broth dilution	CLSI
573.12898	Klebsiella pneumoniae 3216	ceftazidime	Resistant	Laboratory Method	Broth dilution	CLSI
573.66223	Klebsiella pneumoniae 26968_5#66	ceftazidime	Resistant	Laboratory Method	MIC	
573.7031	Klebsiella pneumoniae strain AR_0040	ceftazidime	Resistant	Laboratory Method	Broth dilution	CLSI
72407.513	Klebsiella pneumoniae subsp. pneumoniae strain 3189STDY5864853	ceftazidime	Resistant	Laboratory Method	Broth dilution	CLSI
573.13264	Klebsiella pneumoniae KPN1285ec	ceftazidime	Resistant	Laboratory Method	Broth dilution	CLSI
573.66303	Klebsiella pneumoniae 26975_5#64	ceftazidime	Resistant	Laboratory Method	MIC	
573.25569	Klebsiella pneumoniae strain 6_GR_12	ceftazidime	Resistant	Laboratory Method	Broth dilution	CLSI
573.13615	Klebsiella pneumoniae KPN1712ec	ceftazidime	Resistant	Laboratory Method	Broth dilution	CLSI
573.13842	Klebsiella pneumoniae KPN2011ec	ceftazidime	Resistant	Laboratory Method	Broth dilution	CLSI
573.66905	Klebsiella pneumoniae KP_NORM_BLD_2013_90216	ceftazidime	Resistant	Laboratory Method		EUCAST
573.26248	Klebsiella pneumoniae strain 5012STDY7626367	ceftazidime	Resistant	Laboratory Method	Broth dilution	
573.66898	Klebsiella pneumoniae KP_NORM_BLD_2012_85426	ceftazidime	Resistant	Laboratory Method		EUCAST
573.14243	Klebsiella pneumoniae KPN568ec	ceftazidime	Resistant	Laboratory Method	Broth dilution	CLSI
573.14288	Klebsiella pneumoniae KPN621ec	ceftazidime	Resistant	Laboratory Method	Broth dilution	CLSI
573.13636	Klebsiella pneumoniae KPN1736ec	ceftazidime	Resistant	Laboratory Method	Broth dilution	CLSI
573.15652	Klebsiella pneumoniae strain K966	ceftazidime	Resistant	Laboratory Method	Disk diffusion	EUCAST
573.13755	Klebsiella pneumoniae KPN1894ec	ceftazidime	Resistant	Laboratory Method	Broth dilution	CLSI
573.12891	Klebsiella pneumoniae 3310	ceftazidime	Resistant	Laboratory Method	Broth dilution	CLSI
573.14342	Klebsiella pneumoniae KPN716ec	ceftazidime	Resistant	Laboratory Method	Broth dilution	CLSI
573.13859	Klebsiella pneumoniae KPN2032ec	ceftazidime	Resistant	Laboratory Method	Broth dilution	CLSI
1284820.3	Klebsiella pneumoniae UHKPC22	ceftazidime	Resistant	Laboratory Method		
573.14311	Klebsiella pneumoniae KPN680ec	ceftazidime	Resistant	Laboratory Method	Broth dilution	CLSI
573.13568	Klebsiella pneumoniae KPN1662ec	ceftazidime	Resistant	Laboratory Method	Broth dilution	CLSI
573.13932	Klebsiella pneumoniae KPN2115ec	ceftazidime	Resistant	Laboratory Method	Broth dilution	CLSI
573.13197	Klebsiella pneumoniae KPN1206ec	ceftazidime	Resistant	Laboratory Method	Broth dilution	CLSI
573.14089	Klebsiella pneumoniae KPN366ec	ceftazidime	Resistant	Laboratory Method	Broth dilution	CLSI
573.14078	Klebsiella pneumoniae KPN353ec	ceftazidime	Resistant	Laboratory Method	Broth dilution	CLSI
573.1288	Klebsiella pneumoniae 3365	ceftazidime	Resistant	Laboratory Method	Broth dilution	CLSI
573.6629	Klebsiella pneumoniae 26975_4#155	ceftazidime	Resistant	Laboratory Method	MIC	
573.14442	Klebsiella pneumoniae KPN852ec	ceftazidime	Resistant	Laboratory Method	Broth dilution	CLSI
573.13919	Klebsiella pneumoniae KPN2099ec	ceftazidime	Resistant	Laboratory Method	Broth dilution	CLSI
573.13325	Klebsiella pneumoniae KPN1366ec	ceftazidime	Resistant	Laboratory Method	Broth dilution	CLSI
573.14152	Klebsiella pneumoniae KPN434ec	ceftazidime	Resistant	Laboratory Method	Broth dilution	CLSI
573.13925	Klebsiella pneumoniae KPN2106ec	ceftazidime	Resistant	Laboratory Method	Broth dilution	CLSI
573.13462	Klebsiella pneumoniae KPN1531ec	ceftazidime	Resistant	Laboratory Method	Broth dilution	CLSI
573.13072	Klebsiella pneumoniae KPN1053ec	ceftazidime	Resistant	Laboratory Method	Broth dilution	CLSI
573.13655	Klebsiella pneumoniae KPN1759ec	ceftazidime	Resistant	Laboratory Method	Broth dilution	CLSI
573.33416	Klebsiella pneumoniae strain PMK5a	ceftazidime	Resistant	Laboratory Method	Broth dilution	EUCAST
573.13457	Klebsiella pneumoniae KPN1525ec	ceftazidime	Resistant	Laboratory Method	Broth dilution	CLSI
573.1367	Klebsiella pneumoniae KPN1776ec	ceftazidime	Resistant	Laboratory Method	Broth dilution	CLSI
573.1326	Klebsiella pneumoniae KPN1281ec	ceftazidime	Resistant	Laboratory Method	Broth dilution	CLSI
573.13171	Klebsiella pneumoniae KPN1178ec	ceftazidime	Resistant	Laboratory Method	Broth dilution	CLSI
573.14134	Klebsiella pneumoniae KPN414ec	ceftazidime	Resistant	Laboratory Method	Broth dilution	CLSI
573.13169	Klebsiella pneumoniae KPN1176ec	ceftazidime	Resistant	Laboratory Method	Broth dilution	CLSI
573.13606	Klebsiella pneumoniae KPN1703ec	ceftazidime	Resistant	Laboratory Method	Broth dilution	CLSI
573.13289	Klebsiella pneumoniae KPN1329ec	ceftazidime	Resistant	Laboratory Method	Broth dilution	CLSI
573.14252	Klebsiella pneumoniae KPN578ec	ceftazidime	Resistant	Laboratory Method	Broth dilution	CLSI
573.13561	Klebsiella pneumoniae KPN1652ec	ceftazidime	Resistant	Laboratory Method	Broth dilution	CLSI
573.13578	Klebsiella pneumoniae KPN1674ec	ceftazidime	Resistant	Laboratory Method	Broth dilution	CLSI
573.1408	Klebsiella pneumoniae KPN355ec	ceftazidime	Resistant	Laboratory Method	Broth dilution	CLSI
573.13977	Klebsiella pneumoniae KPN232ec	ceftazidime	Resistant	Laboratory Method	Broth dilution	CLSI
573.13379	Klebsiella pneumoniae KPN1438ec	ceftazidime	Resistant	Laboratory Method	Broth dilution	CLSI
573.14423	Klebsiella pneumoniae KPN824ec	ceftazidime	Resistant	Laboratory Method	Broth dilution	CLSI
573.13947	Klebsiella pneumoniae KPN2155ec	ceftazidime	Resistant	Laboratory Method	Broth dilution	CLSI
573.14371	Klebsiella pneumoniae KPN752ec	ceftazidime	Resistant	Laboratory Method	Broth dilution	CLSI
573.1339	Klebsiella pneumoniae KPN1449ec	ceftazidime	Resistant	Laboratory Method	Broth dilution	CLSI
573.5817	Klebsiella pneumoniae strain PB525	ceftazidime	Resistant	Laboratory Method	Broth dilution	EUCAST
573.13975	Klebsiella pneumoniae KPN230ec	ceftazidime	Resistant	Laboratory Method	Broth dilution	CLSI
573.14019	Klebsiella pneumoniae KPN281ec	ceftazidime	Resistant	Laboratory Method	Broth dilution	CLSI
573.66218	Klebsiella pneumoniae 26968_5#8	ceftazidime	Resistant	Laboratory Method	MIC	
573.13283	Klebsiella pneumoniae KPN1322ec	ceftazidime	Resistant	Laboratory Method	Broth dilution	CLSI
573.24413	Klebsiella pneumoniae strain MUGSI_45	ceftazidime	Resistant	Laboratory Method	Broth dilution	CLSI
72407.297	Klebsiella pneumoniae subsp. pneumoniae MRSN849862	ceftazidime	Resistant	Laboratory Method		
573.13249	Klebsiella pneumoniae KPN1270ec	ceftazidime	Resistant	Laboratory Method	Broth dilution	CLSI
573.14061	Klebsiella pneumoniae KPN329ec	ceftazidime	Resistant	Laboratory Method	Broth dilution	CLSI
573.14357	Klebsiella pneumoniae KPN734ec	ceftazidime	Resistant	Laboratory Method	Broth dilution	CLSI
573.5825	Klebsiella pneumoniae strain W2-13-ERG7	ceftazidime	Resistant	Laboratory Method	Broth dilution	EUCAST
573.46855	Klebsiella pneumoniae KP-25PI	ceftazidime	Resistant	Laboratory Method	Broth dilution	EUCAST
573.1316	Klebsiella pneumoniae KPN1165ec	ceftazidime	Resistant	Laboratory Method	Broth dilution	CLSI
573.665	Klebsiella pneumoniae 27261_8#159	ceftazidime	Resistant	Laboratory Method	MIC	
573.14075	Klebsiella pneumoniae KPN347ec	ceftazidime	Resistant	Laboratory Method	Broth dilution	CLSI
573.14116	Klebsiella pneumoniae KPN394ec	ceftazidime	Resistant	Laboratory Method	Broth dilution	CLSI
573.13185	Klebsiella pneumoniae KPN1193ec	ceftazidime	Resistant	Laboratory Method	Broth dilution	CLSI
573.14524	Klebsiella pneumoniae KPN958ec	ceftazidime	Resistant	Laboratory Method	Broth dilution	CLSI
573.12994	Klebsiella pneumoniae 3215	ceftazidime	Resistant	Laboratory Method	Broth dilution	CLSI
573.23233	Klebsiella pneumoniae strain KP_008	ceftazidime	Resistant	Laboratory Method	Disk diffusion	CLSI
573.13485	Klebsiella pneumoniae KPN1557ec	ceftazidime	Resistant	Laboratory Method	Broth dilution	CLSI
573.14142	Klebsiella pneumoniae KPN422ec	ceftazidime	Resistant	Laboratory Method	Broth dilution	CLSI
573.14322	Klebsiella pneumoniae KPN692ec	ceftazidime	Resistant	Laboratory Method	Broth dilution	CLSI
573.26257	Klebsiella pneumoniae strain 5012STDY7626382	ceftazidime	Resistant	Laboratory Method	Broth dilution	
573.24302	Klebsiella pneumoniae strain 415	ceftazidime	Resistant	Laboratory Method	Broth dilution	CLSI
72407.526	Klebsiella pneumoniae subsp. pneumoniae strain 3189STDY5864761	ceftazidime	Resistant	Laboratory Method	Broth dilution	CLSI
573.13514	Klebsiella pneumoniae KPN1590ec	ceftazidime	Resistant	Laboratory Method	Broth dilution	CLSI
573.14402	Klebsiella pneumoniae KPN795ec	ceftazidime	Resistant	Laboratory Method	Broth dilution	CLSI
573.1369	Klebsiella pneumoniae KPN1824ec	ceftazidime	Resistant	Laboratory Method	Broth dilution	CLSI
573.46849	Klebsiella pneumoniae KP-21POB	ceftazidime	Resistant	Laboratory Method	Broth dilution	EUCAST
573.1297	Klebsiella pneumoniae 3236	ceftazidime	Resistant	Laboratory Method	Broth dilution	CLSI
573.66508	Klebsiella pneumoniae 27261_8#183	ceftazidime	Resistant	Laboratory Method	MIC	
573.13498	Klebsiella pneumoniae KPN1570ec	ceftazidime	Resistant	Laboratory Method	Broth dilution	CLSI
573.13086	Klebsiella pneumoniae KPN1072ec	ceftazidime	Resistant	Laboratory Method	Broth dilution	CLSI
573.13973	Klebsiella pneumoniae KPN227ec	ceftazidime	Resistant	Laboratory Method	Broth dilution	CLSI
573.46829	Klebsiella pneumoniae KP-101LU	ceftazidime	Resistant	Laboratory Method	Broth dilution	EUCAST
573.13369	Klebsiella pneumoniae KPN1428ec	ceftazidime	Resistant	Laboratory Method	Broth dilution	CLSI
573.12936	Klebsiella pneumoniae 3323	ceftazidime	Resistant	Laboratory Method	Broth dilution	CLSI
573.14005	Klebsiella pneumoniae KPN267ec	ceftazidime	Resistant	Laboratory Method	Broth dilution	CLSI
573.13034	Klebsiella pneumoniae KPN1004ec	ceftazidime	Resistant	Laboratory Method	Broth dilution	CLSI
573.14138	Klebsiella pneumoniae KPN418ec	ceftazidime	Resistant	Laboratory Method	Broth dilution	CLSI
573.24317	Klebsiella pneumoniae strain 98	ceftazidime	Resistant	Laboratory Method	Broth dilution	CLSI
72407.484	Klebsiella pneumoniae subsp. pneumoniae strain 3189STDY5864845	ceftazidime	Resistant	Laboratory Method	Broth dilution	CLSI
573.5822	Klebsiella pneumoniae strain W2-13-ERG2	ceftazidime	Resistant	Laboratory Method	Broth dilution	EUCAST
573.13612	Klebsiella pneumoniae KPN1709ec	ceftazidime	Resistant	Laboratory Method	Broth dilution	CLSI
573.46873	Klebsiella pneumoniae KP-8PI	ceftazidime	Resistant	Laboratory Method	Broth dilution	EUCAST
573.66419	Klebsiella pneumoniae 26994_8#164	ceftazidime	Resistant	Laboratory Method	MIC	
573.14436	Klebsiella pneumoniae KPN841ec	ceftazidime	Resistant	Laboratory Method	Broth dilution	CLSI
573.13114	Klebsiella pneumoniae KPN1110ec	ceftazidime	Resistant	Laboratory Method	Broth dilution	CLSI
573.14101	Klebsiella pneumoniae KPN378ec	ceftazidime	Resistant	Laboratory Method	Broth dilution	CLSI
573.13273	Klebsiella pneumoniae KPN1309ec	ceftazidime	Resistant	Laboratory Method	Broth dilution	CLSI
573.46072	Klebsiella pneumoniae KSB2_2B	ceftazidime	Resistant	Laboratory Method	Broth dilution	CLSI
573.46846	Klebsiella pneumoniae KP-1PI	ceftazidime	Resistant	Laboratory Method	Broth dilution	EUCAST
573.13746	Klebsiella pneumoniae KPN1882ec	ceftazidime	Resistant	Laboratory Method	Broth dilution	CLSI
573.13674	Klebsiella pneumoniae KPN1781ec	ceftazidime	Resistant	Laboratory Method	Broth dilution	CLSI
573.13132	Klebsiella pneumoniae KPN1131ec	ceftazidime	Resistant	Laboratory Method	Broth dilution	CLSI
573.18086	Klebsiella pneumoniae strain AR376	ceftazidime	Resistant	Laboratory Method	Broth dilution	CLSI
573.26097	Klebsiella pneumoniae strain 5012STDY7312700	ceftazidime	Resistant	Laboratory Method	Broth dilution	
573.13767	Klebsiella pneumoniae KPN1911ec	ceftazidime	Resistant	Laboratory Method	Broth dilution	CLSI
573.66277	Klebsiella pneumoniae 26975_4#28	ceftazidime	Resistant	Laboratory Method	MIC	
573.66929	Klebsiella pneumoniae KP_NORM_BLD_2014_101841	ceftazidime	Resistant	Laboratory Method		EUCAST
573.14249	Klebsiella pneumoniae KPN575ec	ceftazidime	Resistant	Laboratory Method	Broth dilution	CLSI
573.14193	Klebsiella pneumoniae KPN486ec	ceftazidime	Resistant	Laboratory Method	Broth dilution	CLSI
573.12976	Klebsiella pneumoniae 3277	ceftazidime	Resistant	Laboratory Method	Broth dilution	CLSI
573.66899	Klebsiella pneumoniae KP_NORM_BLD_2012_84379	ceftazidime	Resistant	Laboratory Method		EUCAST
72407.534	Klebsiella pneumoniae subsp. pneumoniae strain 3189STDY5864867	ceftazidime	Resistant	Laboratory Method	Broth dilution	CLSI
573.46834	Klebsiella pneumoniae KP-122LU	ceftazidime	Resistant	Laboratory Method	Broth dilution	EUCAST
573.6689	Klebsiella pneumoniae KP_NORM_BLD_2011_75453	ceftazidime	Resistant	Laboratory Method		EUCAST
573.13479	Klebsiella pneumoniae KPN154ec	ceftazidime	Resistant	Laboratory Method	Broth dilution	CLSI
573.14212	Klebsiella pneumoniae KPN526ec	ceftazidime	Resistant	Laboratory Method	Broth dilution	CLSI
573.13344	Klebsiella pneumoniae KPN1398ec	ceftazidime	Resistant	Laboratory Method	Broth dilution	CLSI
573.15377	Klebsiella pneumoniae strain KSB1_4E	ceftazidime	Resistant	Laboratory Method	Broth dilution	CLSI
573.20064	Klebsiella pneumoniae strain AR_0109	ceftazidime	Resistant	Laboratory Method	Broth dilution	CLSI
1284833.4	Klebsiella pneumoniae KP-7	ceftazidime	Resistant	Laboratory Method		
72407.539	Klebsiella pneumoniae subsp. pneumoniae strain 3189STDY5864772	ceftazidime	Resistant	Laboratory Method	Broth dilution	CLSI
573.13433	Klebsiella pneumoniae KPN1496ec	ceftazidime	Resistant	Laboratory Method	Broth dilution	CLSI
573.46075	Klebsiella pneumoniae KSB2_5A	ceftazidime	Resistant	Laboratory Method	Broth dilution	CLSI
573.66175	Klebsiella pneumoniae KP_NORM_BLD_2014_100991	ceftazidime	Resistant	Laboratory Method		EUCAST
1438741.3	Klebsiella pneumoniae CHS 35	ceftazidime	Resistant	Laboratory Method	Broth dilution	
573.14438	Klebsiella pneumoniae KPN844ec	ceftazidime	Resistant	Laboratory Method	Broth dilution	CLSI
573.13277	Klebsiella pneumoniae KPN1314ec	ceftazidime	Resistant	Laboratory Method	Broth dilution	CLSI
573.46851	Klebsiella pneumoniae KP-23PA	ceftazidime	Resistant	Laboratory Method	Broth dilution	EUCAST
573.66468	Klebsiella pneumoniae 27261_8#40	ceftazidime	Resistant	Laboratory Method	MIC	
573.13507	Klebsiella pneumoniae KPN1582ec	ceftazidime	Resistant	Laboratory Method	Broth dilution	CLSI
573.14443	Klebsiella pneumoniae KPN853ec	ceftazidime	Resistant	Laboratory Method	Broth dilution	CLSI
573.13398	Klebsiella pneumoniae KPN1458ec	ceftazidime	Resistant	Laboratory Method	Broth dilution	CLSI
573.13909	Klebsiella pneumoniae KPN2086ec	ceftazidime	Resistant	Laboratory Method	Broth dilution	CLSI
1438772.3	Klebsiella pneumoniae CHS 66	ceftazidime	Resistant	Laboratory Method	Broth dilution	
573.14042	Klebsiella pneumoniae KPN307ec	ceftazidime	Resistant	Laboratory Method	Broth dilution	CLSI
573.14461	Klebsiella pneumoniae KPN879ec	ceftazidime	Resistant	Laboratory Method	Broth dilution	CLSI
72407.579	Klebsiella pneumoniae subsp. pneumoniae strain 3189STDY5864797	ceftazidime	Resistant	Laboratory Method	Broth dilution	CLSI
573.13406	Klebsiella pneumoniae KPN1469ec	ceftazidime	Resistant	Laboratory Method	Broth dilution	CLSI
573.14086	Klebsiella pneumoniae KPN363ec	ceftazidime	Resistant	Laboratory Method	Broth dilution	CLSI
573.13375	Klebsiella pneumoniae KPN1433ec	ceftazidime	Resistant	Laboratory Method	Broth dilution	CLSI
573.26122	Klebsiella pneumoniae strain 5012STDY7312577	ceftazidime	Resistant	Laboratory Method	Broth dilution	
573.13252	Klebsiella pneumoniae KPN1273ec	ceftazidime	Resistant	Laboratory Method	Broth dilution	CLSI
573.26132	Klebsiella pneumoniae strain 5012STDY7312745	ceftazidime	Resistant	Laboratory Method	Broth dilution	
573.46876	Klebsiella pneumoniae KP-93LU	ceftazidime	Resistant	Laboratory Method	Broth dilution	EUCAST
573.12896	Klebsiella pneumoniae 3300	ceftazidime	Resistant	Laboratory Method	Broth dilution	CLSI
573.1306	Klebsiella pneumoniae KPN1038ec	ceftazidime	Resistant	Laboratory Method	Broth dilution	CLSI
573.6636	Klebsiella pneumoniae 26994_7#78	ceftazidime	Resistant	Laboratory Method	MIC	
573.14141	Klebsiella pneumoniae KPN421ec	ceftazidime	Resistant	Laboratory Method	Broth dilution	CLSI
1438744.3	Klebsiella pneumoniae CHS 38	ceftazidime	Resistant	Laboratory Method	Broth dilution	
573.13119	Klebsiella pneumoniae KPN1117ec	ceftazidime	Resistant	Laboratory Method	Broth dilution	CLSI
573.66915	Klebsiella pneumoniae KP_NORM_BLD_2013_92320	ceftazidime	Resistant	Laboratory Method		EUCAST
573.13873	Klebsiella pneumoniae KPN2047ec	ceftazidime	Resistant	Laboratory Method	Broth dilution	CLSI
573.24364	Klebsiella pneumoniae strain MUGSI_160	ceftazidime	Resistant	Laboratory Method	Broth dilution	CLSI
573.1404	Klebsiella pneumoniae KPN305ec	ceftazidime	Resistant	Laboratory Method	Broth dilution	CLSI
72407.509	Klebsiella pneumoniae subsp. pneumoniae strain 3189STDY5864739	ceftazidime	Resistant	Laboratory Method	Broth dilution	CLSI
573.66386	Klebsiella pneumoniae 26994_8#18	ceftazidime	Resistant	Laboratory Method	MIC	
573.5681	Klebsiella pneumoniae strain PB5	ceftazidime	Resistant	Laboratory Method	Broth dilution	EUCAST
573.5624	Klebsiella pneumoniae strain 23_GR_12	ceftazidime	Resistant	Laboratory Method	Broth dilution	CLSI
573.13424	Klebsiella pneumoniae KPN1484ec	ceftazidime	Resistant	Laboratory Method	Broth dilution	CLSI
573.14254	Klebsiella pneumoniae KPN580ec	ceftazidime	Resistant	Laboratory Method	Broth dilution	CLSI
573.67165	Klebsiella pneumoniae KP_NORM_URN_2015_107962	ceftazidime	Resistant	Laboratory Method		EUCAST
573.13628	Klebsiella pneumoniae KPN1726ec	ceftazidime	Resistant	Laboratory Method	Broth dilution	CLSI
573.13253	Klebsiella pneumoniae KPN1274ec	ceftazidime	Resistant	Laboratory Method	Broth dilution	CLSI
573.26096	Klebsiella pneumoniae strain 5012STDY7312574	ceftazidime	Resistant	Laboratory Method	Broth dilution	
573.13111	Klebsiella pneumoniae KPN1107ec	ceftazidime	Resistant	Laboratory Method	Broth dilution	CLSI
573.13306	Klebsiella pneumoniae KPN1346ec	ceftazidime	Resistant	Laboratory Method	Broth dilution	CLSI
573.13112	Klebsiella pneumoniae KPN1108ec	ceftazidime	Resistant	Laboratory Method	Broth dilution	CLSI
573.46867	Klebsiella pneumoniae KP-51LI	ceftazidime	Resistant	Laboratory Method	Broth dilution	EUCAST
573.14392	Klebsiella pneumoniae KPN780ec	ceftazidime	Resistant	Laboratory Method	Broth dilution	CLSI
573.14448	Klebsiella pneumoniae KPN863ec	ceftazidime	Resistant	Laboratory Method	Broth dilution	CLSI
573.34261	Klebsiella pneumoniae strain INF313-sc-2280106	ceftazidime	Resistant	Laboratory Method	Broth dilution	CLSI
573.12877	Klebsiella pneumoniae 3400	ceftazidime	Resistant	Laboratory Method	Broth dilution	CLSI
573.14228	Klebsiella pneumoniae KPN547ec	ceftazidime	Resistant	Laboratory Method	Broth dilution	CLSI
573.13124	Klebsiella pneumoniae KPN1122ec	ceftazidime	Resistant	Laboratory Method	Broth dilution	CLSI
573.13993	Klebsiella pneumoniae KPN252ec	ceftazidime	Resistant	Laboratory Method	Broth dilution	CLSI
573.66243	Klebsiella pneumoniae 26968_5#192	ceftazidime	Resistant	Laboratory Method	MIC	
573.14102	Klebsiella pneumoniae KPN379ec	ceftazidime	Resistant	Laboratory Method	Broth dilution	CLSI
573.66353	Klebsiella pneumoniae 26994_7#34	ceftazidime	Resistant	Laboratory Method	MIC	
573.14425	Klebsiella pneumoniae KPN826ec	ceftazidime	Resistant	Laboratory Method	Broth dilution	CLSI
573.13036	Klebsiella pneumoniae KPN1007ec	ceftazidime	Resistant	Laboratory Method	Broth dilution	CLSI
573.13318	Klebsiella pneumoniae KPN1360ec	ceftazidime	Resistant	Laboratory Method	Broth dilution	CLSI
573.24292	Klebsiella pneumoniae strain 373	ceftazidime	Resistant	Laboratory Method	Broth dilution	CLSI
573.13202	Klebsiella pneumoniae KPN1211ec	ceftazidime	Resistant	Laboratory Method	Broth dilution	CLSI
573.13609	Klebsiella pneumoniae KPN1706ec	ceftazidime	Resistant	Laboratory Method	Broth dilution	CLSI
573.14058	Klebsiella pneumoniae KPN324ec	ceftazidime	Resistant	Laboratory Method	Broth dilution	CLSI
573.1422	Klebsiella pneumoniae KPN536ec	ceftazidime	Resistant	Laboratory Method	Broth dilution	CLSI
573.13469	Klebsiella pneumoniae KPN1539ec	ceftazidime	Resistant	Laboratory Method	Broth dilution	CLSI
72407.501	Klebsiella pneumoniae subsp. pneumoniae strain 3189STDY5864831	ceftazidime	Resistant	Laboratory Method	Broth dilution	CLSI
573.14038	Klebsiella pneumoniae KPN303ec	ceftazidime	Resistant	Laboratory Method	Broth dilution	CLSI
573.14074	Klebsiella pneumoniae KPN345ec	ceftazidime	Resistant	Laboratory Method	Broth dilution	CLSI
573.5644	Klebsiella pneumoniae strain 5_GR_13	ceftazidime	Resistant	Laboratory Method	Broth dilution	CLSI
573.13902	Klebsiella pneumoniae KPN207ec	ceftazidime	Resistant	Laboratory Method	Broth dilution	CLSI
573.14285	Klebsiella pneumoniae KPN618ec	ceftazidime	Resistant	Laboratory Method	Broth dilution	CLSI
573.1442	Klebsiella pneumoniae KPN821ec	ceftazidime	Resistant	Laboratory Method	Broth dilution	CLSI
573.14368	Klebsiella pneumoniae KPN748ec	ceftazidime	Resistant	Laboratory Method	Broth dilution	CLSI
573.15369	Klebsiella pneumoniae strain INF158	ceftazidime	Resistant	Laboratory Method	Broth dilution	CLSI
573.2445	Klebsiella pneumoniae strain MUGSI_92	ceftazidime	Resistant	Laboratory Method	Broth dilution	CLSI
573.46843	Klebsiella pneumoniae KP-17PI	ceftazidime	Resistant	Laboratory Method	Broth dilution	EUCAST
72407.532	Klebsiella pneumoniae subsp. pneumoniae strain 3189STDY5864865	ceftazidime	Resistant	Laboratory Method	Broth dilution	CLSI
573.12992	Klebsiella pneumoniae 3307	ceftazidime	Resistant	Laboratory Method	Broth dilution	CLSI
573.13958	Klebsiella pneumoniae KPN2169ec	ceftazidime	Resistant	Laboratory Method	Broth dilution	CLSI
573.13152	Klebsiella pneumoniae KPN1154ec	ceftazidime	Resistant	Laboratory Method	Broth dilution	CLSI
72407.2892	Klebsiella pneumoniae subsp. pneumoniae MRSN752019	ceftazidime	Resistant	Laboratory Method		
573.14135	Klebsiella pneumoniae KPN415ec	ceftazidime	Resistant	Laboratory Method	Broth dilution	CLSI
573.24383	Klebsiella pneumoniae strain MUGSI_237	ceftazidime	Resistant	Laboratory Method	Broth dilution	CLSI
573.13534	Klebsiella pneumoniae KPN1613ec	ceftazidime	Resistant	Laboratory Method	Broth dilution	CLSI
573.1726	Klebsiella pneumoniae strain KpVA-8	ceftazidime	Resistant	Laboratory Method	Disk diffusion	EUCAST
573.14474	Klebsiella pneumoniae KPN895ec	ceftazidime	Resistant	Laboratory Method	Broth dilution	CLSI
1284814.3	Klebsiella pneumoniae UHKPC 52	ceftazidime	Resistant	Laboratory Method		
573.13952	Klebsiella pneumoniae KPN2160ec	ceftazidime	Resistant	Laboratory Method	Broth dilution	CLSI
573.1809	Klebsiella pneumoniae strain AR_0141	ceftazidime	Resistant	Laboratory Method	Broth dilution	CLSI
573.13512	Klebsiella pneumoniae KPN1587ec	ceftazidime	Resistant	Laboratory Method	Broth dilution	CLSI
573.14187	Klebsiella pneumoniae KPN480ec	ceftazidime	Resistant	Laboratory Method	Broth dilution	CLSI
573.13811	Klebsiella pneumoniae KPN1975ec	ceftazidime	Resistant	Laboratory Method	Broth dilution	CLSI
573.46118	Klebsiella pneumoniae INF050	ceftazidime	Resistant	Laboratory Method	Broth dilution	CLSI
573.14202	Klebsiella pneumoniae KPN513ec	ceftazidime	Resistant	Laboratory Method	Broth dilution	CLSI
573.14301	Klebsiella pneumoniae KPN658ec	ceftazidime	Resistant	Laboratory Method	Broth dilution	CLSI
573.24455	Klebsiella pneumoniae strain MUGSI_98	ceftazidime	Resistant	Laboratory Method	Broth dilution	CLSI
1438781.3	Klebsiella pneumoniae CHS 80	ceftazidime	Resistant	Laboratory Method	Broth dilution	
573.14283	Klebsiella pneumoniae KPN616ec	ceftazidime	Resistant	Laboratory Method	Broth dilution	CLSI
573.14085	Klebsiella pneumoniae KPN361ec	ceftazidime	Resistant	Laboratory Method	Broth dilution	CLSI
573.1368	Klebsiella pneumoniae KPN1788ec	ceftazidime	Resistant	Laboratory Method	Broth dilution	CLSI
573.5793	Klebsiella pneumoniae strain PB256	ceftazidime	Resistant	Laboratory Method	Broth dilution	EUCAST
573.24377	Klebsiella pneumoniae strain MUGSI_200	ceftazidime	Resistant	Laboratory Method	Broth dilution	CLSI
573.15688	Klebsiella pneumoniae strain K811	ceftazidime	Resistant	Laboratory Method	Disk diffusion	EUCAST
573.13845	Klebsiella pneumoniae KPN2015ec	ceftazidime	Resistant	Laboratory Method	Broth dilution	CLSI
573.13785	Klebsiella pneumoniae KPN1933ec	ceftazidime	Resistant	Laboratory Method	Broth dilution	CLSI
573.13917	Klebsiella pneumoniae KPN2094ec	ceftazidime	Resistant	Laboratory Method	Broth dilution	CLSI
573.13104	Klebsiella pneumoniae KPN1099ec	ceftazidime	Resistant	Laboratory Method	Broth dilution	CLSI
573.46844	Klebsiella pneumoniae KP-18PI	ceftazidime	Resistant	Laboratory Method	Broth dilution	EUCAST
573.12981	Klebsiella pneumoniae 3332	ceftazidime	Resistant	Laboratory Method	Broth dilution	CLSI
573.13543	Klebsiella pneumoniae KPN1626ec	ceftazidime	Resistant	Laboratory Method	Broth dilution	CLSI
573.13826	Klebsiella pneumoniae KPN1993ec	ceftazidime	Resistant	Laboratory Method	Broth dilution	CLSI
573.6654	Klebsiella pneumoniae 27322_4#178	ceftazidime	Resistant	Laboratory Method	MIC	
72407.496	Klebsiella pneumoniae subsp. pneumoniae strain 3189STDY5864934	ceftazidime	Resistant	Laboratory Method	Broth dilution	CLSI
573.14133	Klebsiella pneumoniae KPN413ec	ceftazidime	Resistant	Laboratory Method	Broth dilution	CLSI
573.14055	Klebsiella pneumoniae KPN321ec	ceftazidime	Resistant	Laboratory Method	Broth dilution	CLSI
573.12975	Klebsiella pneumoniae 3285	ceftazidime	Resistant	Laboratory Method	Broth dilution	CLSI
573.13198	Klebsiella pneumoniae KPN1207ec	ceftazidime	Resistant	Laboratory Method	Broth dilution	CLSI
573.14165	Klebsiella pneumoniae KPN449ec	ceftazidime	Resistant	Laboratory Method	Broth dilution	CLSI
573.13211	Klebsiella pneumoniae KPN1221ec	ceftazidime	Resistant	Laboratory Method	Broth dilution	CLSI
573.13627	Klebsiella pneumoniae KPN1725ec	ceftazidime	Resistant	Laboratory Method	Broth dilution	CLSI
573.13274	Klebsiella pneumoniae KPN130ec	ceftazidime	Resistant	Laboratory Method	Broth dilution	CLSI
573.14231	Klebsiella pneumoniae KPN553ec	ceftazidime	Resistant	Laboratory Method	Broth dilution	CLSI
573.14034	Klebsiella pneumoniae KPN299ec	ceftazidime	Resistant	Laboratory Method	Broth dilution	CLSI
573.5716	Klebsiella pneumoniae strain W2-13-ERG4	ceftazidime	Resistant	Laboratory Method	Broth dilution	EUCAST
573.13402	Klebsiella pneumoniae KPN1464ec	ceftazidime	Resistant	Laboratory Method	Broth dilution	CLSI
573.14376	Klebsiella pneumoniae KPN758ec	ceftazidime	Resistant	Laboratory Method	Broth dilution	CLSI
573.13581	Klebsiella pneumoniae KPN1677ec	ceftazidime	Resistant	Laboratory Method	Broth dilution	CLSI
573.13222	Klebsiella pneumoniae KPN1241ec	ceftazidime	Resistant	Laboratory Method	Broth dilution	CLSI
573.14185	Klebsiella pneumoniae KPN477ec	ceftazidime	Resistant	Laboratory Method	Broth dilution	CLSI
573.66403	Klebsiella pneumoniae 26994_8#138	ceftazidime	Resistant	Laboratory Method	MIC	
1438736.3	Klebsiella pneumoniae CHS 30	ceftazidime	Resistant	Laboratory Method	Broth dilution	
574.27	Klebsiella pneumoniae subsp. ozaenae strain FDA-CDC-AR_0051	ceftazidime	Resistant	Laboratory Method	Broth dilution	CLSI
573.66535	Klebsiella pneumoniae 27322_4#117	ceftazidime	Resistant	Laboratory Method	MIC	
573.24418	Klebsiella pneumoniae strain MUGSI_51	ceftazidime	Resistant	Laboratory Method	Broth dilution	CLSI
573.14444	Klebsiella pneumoniae KPN854ec	ceftazidime	Resistant	Laboratory Method	Broth dilution	CLSI
573.66314	Klebsiella pneumoniae 26975_5#155	ceftazidime	Resistant	Laboratory Method	MIC	
573.1454	Klebsiella pneumoniae KPN982ec	ceftazidime	Resistant	Laboratory Method	Broth dilution	CLSI
573.13929	Klebsiella pneumoniae KPN2111ec	ceftazidime	Resistant	Laboratory Method	Broth dilution	CLSI
1304921.4	Klebsiella pneumoniae 440_1540	ceftazidime	Resistant	Laboratory Method		
573.13896	Klebsiella pneumoniae KPN2073ec	ceftazidime	Resistant	Laboratory Method	Broth dilution	CLSI
573.1553	Klebsiella pneumoniae strain INF305	ceftazidime	Resistant	Laboratory Method	Broth dilution	CLSI
573.1387	Klebsiella pneumoniae KPN2044ec	ceftazidime	Resistant	Laboratory Method	Broth dilution	CLSI
573.14508	Klebsiella pneumoniae KPN940ec	ceftazidime	Resistant	Laboratory Method	Broth dilution	CLSI
573.66334	Klebsiella pneumoniae 26994_6#117	ceftazidime	Resistant	Laboratory Method	MIC	
573.1448	Klebsiella pneumoniae KPN904ec	ceftazidime	Resistant	Laboratory Method	Broth dilution	CLSI
573.13608	Klebsiella pneumoniae KPN1705ec	ceftazidime	Resistant	Laboratory Method	Broth dilution	CLSI
573.14081	Klebsiella pneumoniae KPN356ec	ceftazidime	Resistant	Laboratory Method	Broth dilution	CLSI
573.13102	Klebsiella pneumoniae KPN1096ec	ceftazidime	Resistant	Laboratory Method	Broth dilution	CLSI
573.14234	Klebsiella pneumoniae KPN557ec	ceftazidime	Resistant	Laboratory Method	Broth dilution	CLSI
573.13547	Klebsiella pneumoniae KPN1634ec	ceftazidime	Resistant	Laboratory Method	Broth dilution	CLSI
72407.2893	Klebsiella pneumoniae subsp. pneumoniae MRSN849636	ceftazidime	Resistant	Laboratory Method		
573.66203	Klebsiella pneumoniae KP_NORM_URN_2015_109003	ceftazidime	Resistant	Laboratory Method		EUCAST
573.24327	Klebsiella pneumoniae strain MUGSI_103	ceftazidime	Resistant	Laboratory Method	Broth dilution	CLSI
573.13172	Klebsiella pneumoniae KPN1179ec	ceftazidime	Resistant	Laboratory Method	Broth dilution	CLSI
1284807.4	Klebsiella pneumoniae UHKPC31	ceftazidime	Resistant	Laboratory Method		
573.13099	Klebsiella pneumoniae KPN1093ec	ceftazidime	Resistant	Laboratory Method	Broth dilution	CLSI
1284802.4	Klebsiella pneumoniae UHKPC33	ceftazidime	Resistant	Laboratory Method		
573.26117	Klebsiella pneumoniae strain 5012STDY7312735	ceftazidime	Resistant	Laboratory Method	Broth dilution	
573.46854	Klebsiella pneumoniae KP-25PA	ceftazidime	Resistant	Laboratory Method	Broth dilution	EUCAST
573.13434	Klebsiella pneumoniae KPN1497ec	ceftazidime	Resistant	Laboratory Method	Broth dilution	CLSI
72407.556	Klebsiella pneumoniae subsp. pneumoniae strain 3189STDY5864878	ceftazidime	Resistant	Laboratory Method	Broth dilution	CLSI
573.13694	Klebsiella pneumoniae KPN182ec	ceftazidime	Resistant	Laboratory Method	Broth dilution	CLSI
573.13985	Klebsiella pneumoniae KPN244ec	ceftazidime	Resistant	Laboratory Method	Broth dilution	CLSI
573.31061	Klebsiella pneumoniae strain PH150-2	ceftazidime	Resistant	Laboratory Method	Disk diffusion	CLSI
573.13346	Klebsiella pneumoniae KPN1401ec	ceftazidime	Resistant	Laboratory Method	Broth dilution	CLSI
573.13428	Klebsiella pneumoniae KPN1490ec	ceftazidime	Resistant	Laboratory Method	Broth dilution	CLSI
573.14382	Klebsiella pneumoniae KPN766ec	ceftazidime	Resistant	Laboratory Method	Broth dilution	CLSI
573.13049	Klebsiella pneumoniae KPN1023ec	ceftazidime	Resistant	Laboratory Method	Broth dilution	CLSI
573.14235	Klebsiella pneumoniae KPN558ec	ceftazidime	Resistant	Laboratory Method	Broth dilution	CLSI
573.13891	Klebsiella pneumoniae KPN2067ec	ceftazidime	Resistant	Laboratory Method	Broth dilution	CLSI
72407.576	Klebsiella pneumoniae subsp. pneumoniae strain 3189STDY5864799	ceftazidime	Resistant	Laboratory Method	Broth dilution	CLSI
573.13719	Klebsiella pneumoniae KPN1856ec	ceftazidime	Resistant	Laboratory Method	Broth dilution	CLSI
573.13705	Klebsiella pneumoniae KPN1842ec	ceftazidime	Resistant	Laboratory Method	Broth dilution	CLSI
72407.481	Klebsiella pneumoniae subsp. pneumoniae strain 3189STDY5864832	ceftazidime	Resistant	Laboratory Method	Broth dilution	CLSI
573.13807	Klebsiella pneumoniae KPN1968ec	ceftazidime	Resistant	Laboratory Method	Broth dilution	CLSI
573.13077	Klebsiella pneumoniae KPN1060ec	ceftazidime	Resistant	Laboratory Method	Broth dilution	CLSI
573.13454	Klebsiella pneumoniae KPN1521ec	ceftazidime	Resistant	Laboratory Method	Broth dilution	CLSI
573.13392	Klebsiella pneumoniae KPN1450ec	ceftazidime	Resistant	Laboratory Method	Broth dilution	CLSI
573.24431	Klebsiella pneumoniae strain MUGSI_69	ceftazidime	Resistant	Laboratory Method	Broth dilution	CLSI
573.13329	Klebsiella pneumoniae KPN1378ec	ceftazidime	Resistant	Laboratory Method	Broth dilution	CLSI
573.66872	Klebsiella pneumoniae KP_NORM_BLD_2010_71723	ceftazidime	Resistant	Laboratory Method		EUCAST
573.13722	Klebsiella pneumoniae KPN185ec	ceftazidime	Resistant	Laboratory Method	Broth dilution	CLSI
573.6639	Klebsiella pneumoniae 26994_8#37	ceftazidime	Resistant	Laboratory Method	MIC	
573.13709	Klebsiella pneumoniae KPN1847ec	ceftazidime	Resistant	Laboratory Method	Broth dilution	CLSI
573.13905	Klebsiella pneumoniae KPN2082ec	ceftazidime	Resistant	Laboratory Method	Broth dilution	CLSI
573.13551	Klebsiella pneumoniae KPN1642ec	ceftazidime	Resistant	Laboratory Method	Broth dilution	CLSI
573.6691	Klebsiella pneumoniae KP_NORM_BLD_2013_90871	ceftazidime	Resistant	Laboratory Method		EUCAST
1438748.3	Klebsiella pneumoniae CHS 42	ceftazidime	Resistant	Laboratory Method	Broth dilution	
1284790.3	Klebsiella pneumoniae UHKPC05	ceftazidime	Resistant	Laboratory Method		
573.6714	Klebsiella pneumoniae KP_NORM_URN_2013_95533	ceftazidime	Resistant	Laboratory Method		EUCAST
573.1424	Klebsiella pneumoniae KPN564ec	ceftazidime	Resistant	Laboratory Method	Broth dilution	CLSI
573.66877	Klebsiella pneumoniae KP_NORM_BLD_2011_72744	ceftazidime	Resistant	Laboratory Method		EUCAST
573.14182	Klebsiella pneumoniae KPN472ec	ceftazidime	Resistant	Laboratory Method	Broth dilution	CLSI
573.14126	Klebsiella pneumoniae KPN405ec	ceftazidime	Resistant	Laboratory Method	Broth dilution	CLSI
573.13588	Klebsiella pneumoniae KPN1685ec	ceftazidime	Resistant	Laboratory Method	Broth dilution	CLSI
573.19877	Klebsiella pneumoniae strain AR_0454	ceftazidime	Resistant	Laboratory Method	Broth dilution	CLSI
573.24318	Klebsiella pneumoniae strain FDA-CDC-AR_0106	ceftazidime	Resistant	Laboratory Method	Broth dilution	CLSI
573.13927	Klebsiella pneumoniae KPN2109ec	ceftazidime	Resistant	Laboratory Method	Broth dilution	CLSI
72407.2891	Klebsiella pneumoniae subsp. pneumoniae MRSN752921	ceftazidime	Resistant	Laboratory Method		
573.14472	Klebsiella pneumoniae KPN893ec	ceftazidime	Resistant	Laboratory Method	Broth dilution	CLSI
573.14158	Klebsiella pneumoniae KPN440ec	ceftazidime	Resistant	Laboratory Method	Broth dilution	CLSI
72407.2897	Klebsiella pneumoniae subsp. pneumoniae MRSN849896	ceftazidime	Resistant	Laboratory Method		
573.6685	Klebsiella pneumoniae KP_NORM_BLD_2007_48130	ceftazidime	Resistant	Laboratory Method		EUCAST
573.13316	Klebsiella pneumoniae KPN1357ec	ceftazidime	Resistant	Laboratory Method	Broth dilution	CLSI
573.14481	Klebsiella pneumoniae KPN906ec	ceftazidime	Resistant	Laboratory Method	Broth dilution	CLSI
72407.693	Klebsiella pneumoniae subsp. pneumoniae strain AUSMDU00008079	ceftazidime	Resistant	Laboratory Method	Broth dilution	
573.14321	Klebsiella pneumoniae KPN691ec	ceftazidime	Resistant	Laboratory Method	Broth dilution	CLSI
573.13121	Klebsiella pneumoniae KPN1119ec	ceftazidime	Resistant	Laboratory Method	Broth dilution	CLSI
573.13649	Klebsiella pneumoniae KPN1753ec	ceftazidime	Resistant	Laboratory Method	Broth dilution	CLSI
573.46869	Klebsiella pneumoniae KP-7PI	ceftazidime	Resistant	Laboratory Method	Broth dilution	EUCAST
72407.583	Klebsiella pneumoniae subsp. pneumoniae strain 3189STDY5864800	ceftazidime	Resistant	Laboratory Method	Broth dilution	CLSI
573.33403	Klebsiella pneumoniae strain PMK18	ceftazidime	Resistant	Laboratory Method	Broth dilution	EUCAST
573.13981	Klebsiella pneumoniae KPN236ec	ceftazidime	Resistant	Laboratory Method	Broth dilution	CLSI
573.14199	Klebsiella pneumoniae KPN510ec	ceftazidime	Resistant	Laboratory Method	Broth dilution	CLSI
573.15653	Klebsiella pneumoniae strain K1026	ceftazidime	Resistant	Laboratory Method	Disk diffusion	EUCAST
573.13892	Klebsiella pneumoniae KPN2069ec	ceftazidime	Resistant	Laboratory Method	Broth dilution	CLSI
573.1401	Klebsiella pneumoniae KPN272ec	ceftazidime	Resistant	Laboratory Method	Broth dilution	CLSI
573.13726	Klebsiella pneumoniae KPN1863ec	ceftazidime	Resistant	Laboratory Method	Broth dilution	CLSI
1438777.3	Klebsiella pneumoniae CHS 73	ceftazidime	Resistant	Laboratory Method	Broth dilution	
573.12954	Klebsiella pneumoniae 3210	ceftazidime	Resistant	Laboratory Method	Broth dilution	CLSI
72407.522	Klebsiella pneumoniae subsp. pneumoniae strain 3189STDY5864948	ceftazidime	Resistant	Laboratory Method	Broth dilution	CLSI
573.14112	Klebsiella pneumoniae KPN389ec	ceftazidime	Resistant	Laboratory Method	Broth dilution	CLSI
573.14549	Klebsiella pneumoniae KPN997ec	ceftazidime	Resistant	Laboratory Method	Broth dilution	CLSI
1304917.4	Klebsiella pneumoniae 160_1080	ceftazidime	Resistant	Laboratory Method		
1284811.3	Klebsiella pneumoniae UHKPC01	ceftazidime	Resistant	Laboratory Method		
1438729.3	Klebsiella pneumoniae CHS 23	ceftazidime	Resistant	Laboratory Method	Broth dilution	
1438730.3	Klebsiella pneumoniae CHS 24	ceftazidime	Resistant	Laboratory Method	Broth dilution	
573.24304	Klebsiella pneumoniae strain 451	ceftazidime	Resistant	Laboratory Method	Broth dilution	CLSI
573.13626	Klebsiella pneumoniae KPN1723ec	ceftazidime	Resistant	Laboratory Method	Broth dilution	CLSI
573.1455	Klebsiella pneumoniae KPN999ec	ceftazidime	Resistant	Laboratory Method	Broth dilution	CLSI
573.6713	Klebsiella pneumoniae KP_NORM_URN_2012_81995	ceftazidime	Resistant	Laboratory Method		EUCAST
573.24392	Klebsiella pneumoniae strain MUGSI_308	ceftazidime	Resistant	Laboratory Method	Broth dilution	CLSI
573.13565	Klebsiella pneumoniae KPN1658ec	ceftazidime	Resistant	Laboratory Method	Broth dilution	CLSI
573.13774	Klebsiella pneumoniae KPN1920ec	ceftazidime	Resistant	Laboratory Method	Broth dilution	CLSI
573.66518	Klebsiella pneumoniae 27322_4#37	ceftazidime	Resistant	Laboratory Method	MIC	
573.46857	Klebsiella pneumoniae KP-27PI	ceftazidime	Resistant	Laboratory Method	Broth dilution	EUCAST
573.26256	Klebsiella pneumoniae strain 5012STDY7626376	ceftazidime	Resistant	Laboratory Method	Broth dilution	
573.13389	Klebsiella pneumoniae KPN1448ec	ceftazidime	Resistant	Laboratory Method	Broth dilution	CLSI
573.46859	Klebsiella pneumoniae KP-28P	ceftazidime	Resistant	Laboratory Method	Broth dilution	EUCAST
573.26229	Klebsiella pneumoniae strain 5012STDY7312691	ceftazidime	Resistant	Laboratory Method	Broth dilution	
573.5803	Klebsiella pneumoniae strain PB171	ceftazidime	Resistant	Laboratory Method	Broth dilution	EUCAST
573.13142	Klebsiella pneumoniae KPN1143ec	ceftazidime	Resistant	Laboratory Method	Broth dilution	CLSI
573.66253	Klebsiella pneumoniae 26968_6#41	ceftazidime	Resistant	Laboratory Method	MIC	
573.1409	Klebsiella pneumoniae KPN367ec	ceftazidime	Resistant	Laboratory Method	Broth dilution	CLSI
573.13683	Klebsiella pneumoniae KPN179ec	ceftazidime	Resistant	Laboratory Method	Broth dilution	CLSI
573.1292	Klebsiella pneumoniae 3308	ceftazidime	Resistant	Laboratory Method	Broth dilution	CLSI
573.232	Klebsiella pneumoniae strain KP_116	ceftazidime	Resistant	Laboratory Method	Disk diffusion	CLSI
573.13884	Klebsiella pneumoniae KPN205ec	ceftazidime	Resistant	Laboratory Method	Broth dilution	CLSI
573.13343	Klebsiella pneumoniae KPN1394ec	ceftazidime	Resistant	Laboratory Method	Broth dilution	CLSI
573.13137	Klebsiella pneumoniae KPN1136ec	ceftazidime	Resistant	Laboratory Method	Broth dilution	CLSI
573.5813	Klebsiella pneumoniae strain PB473	ceftazidime	Resistant	Laboratory Method	Broth dilution	EUCAST
573.5726	Klebsiella pneumoniae strain W2-5-ERG6	cefotaxime	Resistant	Laboratory Method	Broth dilution	EUCAST
573.2256	Klebsiella pneumoniae strain SU5	cefotaxime	Resistant	Laboratory Method		EUCAST
72407.687	Klebsiella pneumoniae subsp. pneumoniae strain KPH+05	ceftriaxone	Resistant	Laboratory Method	Disk diffusion	
573.12892	Klebsiella pneumoniae 3371	ceftriaxone	Resistant	Laboratory Method	Broth dilution	CLSI
573.15432	Klebsiella pneumoniae strain 10315_6#1	ceftriaxone	Resistant	Laboratory Method	Disk diffusion	CLSI
573.13944	Klebsiella pneumoniae KPN2151ec	ceftriaxone	Resistant	Laboratory Method	Broth dilution	CLSI
573.24246	Klebsiella pneumoniae strain 110	ceftriaxone	Resistant	Laboratory Method	Broth dilution	CLSI
573.12948	Klebsiella pneumoniae 3291	ceftriaxone	Resistant	Laboratory Method	Broth dilution	CLSI
573.24247	Klebsiella pneumoniae strain 12	ceftriaxone	Resistant	Laboratory Method	Broth dilution	CLSI
573.15448	Klebsiella pneumoniae strain 10315_6#3	ceftriaxone	Resistant	Laboratory Method	Disk diffusion	CLSI
1328399.3	Klebsiella pneumoniae BIDMC 2A	ceftriaxone	Resistant	Laboratory Method	Broth dilution	
573.13056	Klebsiella pneumoniae KPN1033ec	ceftriaxone	Resistant	Laboratory Method	Broth dilution	CLSI
573.15467	Klebsiella pneumoniae strain 10315_6#6	ceftriaxone	Resistant	Laboratory Method	Disk diffusion	CLSI
1328401.3	Klebsiella pneumoniae BIDMC 5	ceftriaxone	Resistant	Laboratory Method	Broth dilution	
573.2322	Klebsiella pneumoniae strain KP_046	ceftriaxone	Resistant	Laboratory Method	Disk diffusion	CLSI
573.24256	Klebsiella pneumoniae strain 18	ceftriaxone	Resistant	Laboratory Method	Broth dilution	CLSI
573.13284	Klebsiella pneumoniae KPN1323ec	ceftriaxone	Resistant	Laboratory Method	Broth dilution	CLSI
573.15496	Klebsiella pneumoniae strain 10315_6#9	ceftriaxone	Resistant	Laboratory Method	Disk diffusion	CLSI
573.1386	Klebsiella pneumoniae KPN2034ec	ceftriaxone	Resistant	Laboratory Method	Broth dilution	CLSI
573.15489	Klebsiella pneumoniae strain 10315_6#8	ceftriaxone	Resistant	Laboratory Method	Disk diffusion	CLSI
573.2615	Klebsiella pneumoniae strain 5012STDY7312566	ceftriaxone	Resistant	Laboratory Method	Broth dilution	
573.13835	Klebsiella pneumoniae KPN2005ec	ceftriaxone	Resistant	Laboratory Method	Broth dilution	CLSI
573.13046	Klebsiella pneumoniae KPN1020ec	ceftriaxone	Resistant	Laboratory Method	Broth dilution	CLSI
573.23223	Klebsiella pneumoniae strain KP_030	ceftriaxone	Resistant	Laboratory Method	Disk diffusion	CLSI
573.15455	Klebsiella pneumoniae strain 10315_6#41	ceftriaxone	Resistant	Laboratory Method	Disk diffusion	CLSI
573.15447	Klebsiella pneumoniae strain 10315_6#29	ceftriaxone	Resistant	Laboratory Method	Disk diffusion	CLSI
573.13556	Klebsiella pneumoniae KPN1648ec	ceftriaxone	Resistant	Laboratory Method	Broth dilution	CLSI
573.13768	Klebsiella pneumoniae KPN1912ec	ceftriaxone	Resistant	Laboratory Method	Broth dilution	CLSI
573.26085	Klebsiella pneumoniae strain 5012STDY7312717	ceftriaxone	Resistant	Laboratory Method	Broth dilution	
573.15461	Klebsiella pneumoniae strain 10315_6#5	ceftriaxone	Resistant	Laboratory Method	Disk diffusion	CLSI
573.15465	Klebsiella pneumoniae strain 10315_6#54	ceftriaxone	Resistant	Laboratory Method	Disk diffusion	CLSI
1328398.3	Klebsiella pneumoniae BIDMC 1	ceftriaxone	Resistant	Laboratory Method	Broth dilution	
573.15474	Klebsiella pneumoniae strain 10315_6#66	ceftriaxone	Resistant	Laboratory Method	Disk diffusion	CLSI
573.15434	Klebsiella pneumoniae strain 10315_6#11	ceftriaxone	Resistant	Laboratory Method	Disk diffusion	CLSI
573.13295	Klebsiella pneumoniae KPN1334ec	ceftriaxone	Resistant	Laboratory Method	Broth dilution	CLSI
573.15486	Klebsiella pneumoniae strain 10315_6#77	ceftriaxone	Resistant	Laboratory Method	Disk diffusion	CLSI
573.14411	Klebsiella pneumoniae KPN809ec	ceftriaxone	Resistant	Laboratory Method	Broth dilution	CLSI
573.34284	Klebsiella pneumoniae strain INF327-sc-2280132	ceftriaxone	Resistant	Laboratory Method	Broth dilution	CLSI
573.2431	Klebsiella pneumoniae strain 5	ceftriaxone	Resistant	Laboratory Method	Broth dilution	CLSI
1328405.3	Klebsiella pneumoniae BIDMC 11	ceftriaxone	Resistant	Laboratory Method	Broth dilution	
573.24296	Klebsiella pneumoniae strain 397	ceftriaxone	Resistant	Laboratory Method	Broth dilution	CLSI
573.14842	Klebsiella pneumoniae strain KPPUTH07	ceftriaxone	Resistant	Laboratory Method	Agar dilution	
573.23219	Klebsiella pneumoniae strain KP_320	ceftriaxone	Resistant	Laboratory Method	Disk diffusion	CLSI
573.26214	Klebsiella pneumoniae strain 5012STDY7312680	ceftriaxone	Resistant	Laboratory Method	Broth dilution	
573.15456	Klebsiella pneumoniae strain 10315_6#42	ceftriaxone	Resistant	Laboratory Method	Disk diffusion	CLSI
573.13899	Klebsiella pneumoniae KPN2077ec	ceftriaxone	Resistant	Laboratory Method	Broth dilution	CLSI
573.13651	Klebsiella pneumoniae KPN1755ec	ceftriaxone	Resistant	Laboratory Method	Broth dilution	CLSI
573.24287	Klebsiella pneumoniae strain 349	ceftriaxone	Resistant	Laboratory Method	Broth dilution	CLSI
573.15462	Klebsiella pneumoniae strain 10315_6#51	ceftriaxone	Resistant	Laboratory Method	Disk diffusion	CLSI
573.14117	Klebsiella pneumoniae KPN395ec	ceftriaxone	Resistant	Laboratory Method	Broth dilution	CLSI
573.46114	Klebsiella pneumoniae INF003	ceftriaxone	Resistant	Laboratory Method	Broth dilution	CLSI
573.15445	Klebsiella pneumoniae strain 10315_6#27	ceftriaxone	Resistant	Laboratory Method	Disk diffusion	CLSI
573.15444	Klebsiella pneumoniae strain 10315_6#24	ceftriaxone	Resistant	Laboratory Method	Disk diffusion	CLSI
573.15545	Klebsiella pneumoniae strain KSB1_7C	ceftriaxone	Resistant	Laboratory Method	Broth dilution	CLSI
573.14511	Klebsiella pneumoniae KPN943ec	ceftriaxone	Resistant	Laboratory Method	Broth dilution	CLSI
573.15451	Klebsiella pneumoniae strain 10315_6#34	ceftriaxone	Resistant	Laboratory Method	Disk diffusion	CLSI
573.14063	Klebsiella pneumoniae KPN331ec	ceftriaxone	Resistant	Laboratory Method	Broth dilution	CLSI
573.1561	Klebsiella pneumoniae strain INF333	ceftriaxone	Resistant	Laboratory Method	Broth dilution	CLSI
573.2428	Klebsiella pneumoniae strain 31	ceftriaxone	Resistant	Laboratory Method	Broth dilution	CLSI
573.13924	Klebsiella pneumoniae KPN2105ec	ceftriaxone	Resistant	Laboratory Method	Broth dilution	CLSI
72407.69	Klebsiella pneumoniae subsp. pneumoniae strain KPPUTH05	ceftriaxone	Resistant	Laboratory Method	Agar dilution	
573.13492	Klebsiella pneumoniae KPN1564ec	ceftriaxone	Resistant	Laboratory Method	Broth dilution	CLSI
573.14429	Klebsiella pneumoniae KPN832ec	ceftriaxone	Resistant	Laboratory Method	Broth dilution	CLSI
573.15506	Klebsiella pneumoniae strain 10356_5#81	ceftriaxone	Resistant	Laboratory Method	Disk diffusion	CLSI
72407.691	Klebsiella pneumoniae subsp. pneumoniae strain KPPSTH08	ceftriaxone	Resistant	Laboratory Method	Agar dilution	
573.15495	Klebsiella pneumoniae strain 10315_6#89	ceftriaxone	Resistant	Laboratory Method	Disk diffusion	CLSI
573.15449	Klebsiella pneumoniae strain 10315_6#31	ceftriaxone	Resistant	Laboratory Method	Disk diffusion	CLSI
573.15439	Klebsiella pneumoniae strain 10315_6#18	ceftriaxone	Resistant	Laboratory Method	Disk diffusion	CLSI
573.2321	Klebsiella pneumoniae strain KP_136	ceftriaxone	Resistant	Laboratory Method	Disk diffusion	CLSI
573.13914	Klebsiella pneumoniae KPN2091ec	ceftriaxone	Resistant	Laboratory Method	Broth dilution	CLSI
573.15504	Klebsiella pneumoniae strain 10356_5#79	ceftriaxone	Resistant	Laboratory Method	Disk diffusion	CLSI
573.13614	Klebsiella pneumoniae KPN1711ec	ceftriaxone	Resistant	Laboratory Method	Broth dilution	CLSI
573.15475	Klebsiella pneumoniae strain 10315_6#67	ceftriaxone	Resistant	Laboratory Method	Disk diffusion	CLSI
573.24277	Klebsiella pneumoniae strain 3	ceftriaxone	Resistant	Laboratory Method	Broth dilution	CLSI
72407.692	Klebsiella pneumoniae subsp. pneumoniae strain KPPSTH07	ceftriaxone	Resistant	Laboratory Method	Agar dilution	
573.2609	Klebsiella pneumoniae strain 5012STDY7312573	ceftriaxone	Resistant	Laboratory Method	Broth dilution	
573.15499	Klebsiella pneumoniae strain 10315_6#95	ceftriaxone	Resistant	Laboratory Method	Disk diffusion	CLSI
573.6616	Klebsiella pneumoniae ERR2118028	cefotaxime	Resistant	Laboratory Method	Broth dilution	EUCAST
573.46117	Klebsiella pneumoniae INF260	ceftriaxone	Resistant	Laboratory Method	Broth dilution	CLSI
573.18541	Klebsiella pneumoniae strain TVGHCRE225	ceftriaxone	Resistant	Laboratory Method	Broth dilution	CLSI
574.26	Klebsiella pneumoniae subsp. ozaenae strain 6	ceftriaxone	Resistant	Laboratory Method	Broth dilution	CLSI
573.13957	Klebsiella pneumoniae KPN2168ec	ceftriaxone	Resistant	Laboratory Method	Broth dilution	CLSI
573.15368	Klebsiella pneumoniae strain KSB1_10J	ceftriaxone	Resistant	Laboratory Method	Broth dilution	CLSI
72407.689	Klebsiella pneumoniae subsp. pneumoniae strain KPPSTH06	ceftriaxone	Resistant	Laboratory Method	Agar dilution	
573.15473	Klebsiella pneumoniae strain 10315_6#65	ceftriaxone	Resistant	Laboratory Method	Disk diffusion	CLSI
573.15477	Klebsiella pneumoniae strain 10315_6#69	ceftriaxone	Resistant	Laboratory Method	Disk diffusion	CLSI
573.15469	Klebsiella pneumoniae strain 10315_6#58	ceftriaxone	Resistant	Laboratory Method	Disk diffusion	CLSI
573.23212	Klebsiella pneumoniae strain KP_135	ceftriaxone	Resistant	Laboratory Method	Disk diffusion	CLSI
573.14309	Klebsiella pneumoniae KPN678ec	ceftriaxone	Resistant	Laboratory Method	Broth dilution	CLSI
72407.697	Klebsiella pneumoniae subsp. pneumoniae strain KPLC+01	ceftriaxone	Resistant	Laboratory Method	Disk diffusion	
573.23208	Klebsiella pneumoniae strain KP_195	ceftriaxone	Resistant	Laboratory Method	Disk diffusion	CLSI
573.13936	Klebsiella pneumoniae KPN2122ec	ceftriaxone	Resistant	Laboratory Method	Broth dilution	CLSI
573.14043	Klebsiella pneumoniae KPN308ec	ceftriaxone	Resistant	Laboratory Method	Broth dilution	CLSI
573.15501	Klebsiella pneumoniae strain 10356_5#76	ceftriaxone	Resistant	Laboratory Method	Disk diffusion	CLSI
573.13747	Klebsiella pneumoniae KPN1883ec	ceftriaxone	Resistant	Laboratory Method	Broth dilution	CLSI
573.15045	Klebsiella pneumoniae strain ESBL-SIUK-7	ceftriaxone	Resistant	Laboratory Method	Agar dilution	
72407.686	Klebsiella pneumoniae subsp. pneumoniae strain KPH+04	ceftriaxone	Resistant	Laboratory Method	Disk diffusion	
72407.681	Klebsiella pneumoniae subsp. pneumoniae strain KPPSTH01	ceftriaxone	Resistant	Laboratory Method	Agar dilution	
573.14201	Klebsiella pneumoniae KPN512ec	ceftriaxone	Resistant	Laboratory Method	Broth dilution	CLSI
573.24272	Klebsiella pneumoniae strain 27	ceftriaxone	Resistant	Laboratory Method	Broth dilution	CLSI
573.13123	Klebsiella pneumoniae KPN1121ec	ceftriaxone	Resistant	Laboratory Method	Broth dilution	CLSI
573.15482	Klebsiella pneumoniae strain 10315_6#73	ceftriaxone	Resistant	Laboratory Method	Disk diffusion	CLSI
573.13748	Klebsiella pneumoniae KPN1884ec	ceftriaxone	Resistant	Laboratory Method	Broth dilution	CLSI
573.15468	Klebsiella pneumoniae strain 10315_6#59	ceftriaxone	Resistant	Laboratory Method	Disk diffusion	CLSI
573.15435	Klebsiella pneumoniae strain 10315_6#17	ceftriaxone	Resistant	Laboratory Method	Disk diffusion	CLSI
573.14506	Klebsiella pneumoniae KPN935ec	ceftriaxone	Resistant	Laboratory Method	Broth dilution	CLSI
573.15463	Klebsiella pneumoniae strain 10315_6#52	ceftriaxone	Resistant	Laboratory Method	Disk diffusion	CLSI
573.155	Klebsiella pneumoniae strain 10315_6#96	ceftriaxone	Resistant	Laboratory Method	Disk diffusion	CLSI
573.15507	Klebsiella pneumoniae strain 10356_5#82	ceftriaxone	Resistant	Laboratory Method	Disk diffusion	CLSI
573.15441	Klebsiella pneumoniae strain 10315_6#20	ceftriaxone	Resistant	Laboratory Method	Disk diffusion	CLSI
573.24285	Klebsiella pneumoniae strain 335	ceftriaxone	Resistant	Laboratory Method	Broth dilution	CLSI
573.24261	Klebsiella pneumoniae strain 20	ceftriaxone	Resistant	Laboratory Method	Broth dilution	CLSI
573.15446	Klebsiella pneumoniae strain 10315_6#28	ceftriaxone	Resistant	Laboratory Method	Disk diffusion	CLSI
573.12915	Klebsiella pneumoniae 3401	ceftriaxone	Resistant	Laboratory Method	Broth dilution	CLSI
573.24252	Klebsiella pneumoniae strain 16	ceftriaxone	Resistant	Laboratory Method	Broth dilution	CLSI
573.15481	Klebsiella pneumoniae strain 10315_6#72	ceftriaxone	Resistant	Laboratory Method	Disk diffusion	CLSI
573.15485	Klebsiella pneumoniae strain 10315_6#76	ceftriaxone	Resistant	Laboratory Method	Disk diffusion	CLSI
573.15516	Klebsiella pneumoniae strain INF070	ceftriaxone	Resistant	Laboratory Method	Broth dilution	CLSI
573.13941	Klebsiella pneumoniae KPN2130ec	ceftriaxone	Resistant	Laboratory Method	Broth dilution	CLSI
72407.671	Klebsiella pneumoniae subsp. pneumoniae strain KPH+01	ceftriaxone	Resistant	Laboratory Method	Disk diffusion	
573.15483	Klebsiella pneumoniae strain 10315_6#74	ceftriaxone	Resistant	Laboratory Method	Disk diffusion	CLSI
573.1547	Klebsiella pneumoniae strain 10315_6#61	ceftriaxone	Resistant	Laboratory Method	Disk diffusion	CLSI
573.26216	Klebsiella pneumoniae strain 5012STDY7312679	ceftriaxone	Resistant	Laboratory Method	Broth dilution	
573.13732	Klebsiella pneumoniae KPN1869ec	ceftriaxone	Resistant	Laboratory Method	Broth dilution	CLSI
573.15509	Klebsiella pneumoniae strain 10356_5#86	ceftriaxone	Resistant	Laboratory Method	Disk diffusion	CLSI
72407.67	Klebsiella pneumoniae subsp. pneumoniae strain KPSW+03	ceftriaxone	Resistant	Laboratory Method	Disk diffusion	
573.23197	Klebsiella pneumoniae strain KP_280	ceftriaxone	Resistant	Laboratory Method	Disk diffusion	CLSI
72407.685	Klebsiella pneumoniae subsp. pneumoniae strain KPPSTH05	ceftriaxone	Resistant	Laboratory Method	Agar dilution	
573.24273	Klebsiella pneumoniae strain 275	ceftriaxone	Resistant	Laboratory Method	Broth dilution	CLSI
573.13968	Klebsiella pneumoniae KPN221ec	ceftriaxone	Resistant	Laboratory Method	Broth dilution	CLSI
573.24248	Klebsiella pneumoniae strain 13	ceftriaxone	Resistant	Laboratory Method	Broth dilution	CLSI
573.15436	Klebsiella pneumoniae strain 10315_6#13	ceftriaxone	Resistant	Laboratory Method	Disk diffusion	CLSI
573.15442	Klebsiella pneumoniae strain 10315_6#22	ceftriaxone	Resistant	Laboratory Method	Disk diffusion	CLSI
573.24284	Klebsiella pneumoniae strain 324	ceftriaxone	Resistant	Laboratory Method	Broth dilution	CLSI
573.15493	Klebsiella pneumoniae strain 10315_6#87	ceftriaxone	Resistant	Laboratory Method	Disk diffusion	CLSI
573.26102	Klebsiella pneumoniae strain 5012STDY7312705	ceftriaxone	Resistant	Laboratory Method	Broth dilution	
573.14479	Klebsiella pneumoniae KPN903ec	ceftriaxone	Resistant	Laboratory Method	Broth dilution	CLSI
72407.672	Klebsiella pneumoniae subsp. pneumoniae strain KPH+02	ceftriaxone	Resistant	Laboratory Method	Disk diffusion	
573.24274	Klebsiella pneumoniae strain 28	ceftriaxone	Resistant	Laboratory Method	Broth dilution	CLSI
72407.682	Klebsiella pneumoniae subsp. pneumoniae strain KPPSTH02	ceftriaxone	Resistant	Laboratory Method	Agar dilution	
573.26235	Klebsiella pneumoniae strain 5012STDY7312695	ceftriaxone	Resistant	Laboratory Method	Broth dilution	
573.14463	Klebsiella pneumoniae KPN881ec	ceftriaxone	Resistant	Laboratory Method	Broth dilution	CLSI
573.15503	Klebsiella pneumoniae strain 10356_5#78	ceftriaxone	Resistant	Laboratory Method	Disk diffusion	CLSI
573.1305	Klebsiella pneumoniae KPN1025ec	ceftriaxone	Resistant	Laboratory Method	Broth dilution	CLSI
573.15508	Klebsiella pneumoniae strain 10356_5#85	ceftriaxone	Resistant	Laboratory Method	Disk diffusion	CLSI
573.13443	Klebsiella pneumoniae KPN1509ec	ceftriaxone	Resistant	Laboratory Method	Broth dilution	CLSI
573.13018	Klebsiella pneumoniae 3319	ceftriaxone	Resistant	Laboratory Method	Broth dilution	CLSI
573.13385	Klebsiella pneumoniae KPN1444ec	ceftriaxone	Resistant	Laboratory Method	Broth dilution	CLSI
573.1549	Klebsiella pneumoniae strain 10315_6#80	ceftriaxone	Resistant	Laboratory Method	Disk diffusion	CLSI
1328410.3	Klebsiella pneumoniae BIDMC 14	ceftriaxone	Resistant	Laboratory Method	Broth dilution	
573.24313	Klebsiella pneumoniae strain 7	ceftriaxone	Resistant	Laboratory Method	Broth dilution	CLSI
573.24265	Klebsiella pneumoniae strain 22	ceftriaxone	Resistant	Laboratory Method	Broth dilution	CLSI
573.1551	Klebsiella pneumoniae strain 10356_5#87	ceftriaxone	Resistant	Laboratory Method	Disk diffusion	CLSI
573.34254	Klebsiella pneumoniae strain KSB1_1B	ceftriaxone	Resistant	Laboratory Method	Broth dilution	CLSI
573.14277	Klebsiella pneumoniae KPN610ec	ceftriaxone	Resistant	Laboratory Method	Broth dilution	CLSI
573.15437	Klebsiella pneumoniae strain 10315_6#12	ceftriaxone	Resistant	Laboratory Method	Disk diffusion	CLSI
573.14205	Klebsiella pneumoniae KPN516ec	ceftriaxone	Resistant	Laboratory Method	Broth dilution	CLSI
573.15452	Klebsiella pneumoniae strain 10315_6#38	ceftriaxone	Resistant	Laboratory Method	Disk diffusion	CLSI
573.25927	Klebsiella pneumoniae strain ST23	ceftriaxone	Resistant	Laboratory Method	Broth dilution	CLSI
573.15438	Klebsiella pneumoniae strain 10315_6#19	ceftriaxone	Resistant	Laboratory Method	Disk diffusion	CLSI
573.13286	Klebsiella pneumoniae KPN1326ec	ceftriaxone	Resistant	Laboratory Method	Broth dilution	CLSI
573.4608	Klebsiella pneumoniae INF070	ceftriaxone	Resistant	Laboratory Method	Broth dilution	CLSI
72407.677	Klebsiella pneumoniae subsp. pneumoniae strain KPPUTH02	ceftriaxone	Resistant	Laboratory Method	Agar dilution	
573.13298	Klebsiella pneumoniae KPN1337ec	ceftriaxone	Resistant	Laboratory Method	Broth dilution	CLSI
573.1348	Klebsiella pneumoniae KPN1550ec	ceftriaxone	Resistant	Laboratory Method	Broth dilution	CLSI
573.15505	Klebsiella pneumoniae strain 10356_5#80	ceftriaxone	Resistant	Laboratory Method	Disk diffusion	CLSI
573.14027	Klebsiella pneumoniae KPN290ec	ceftriaxone	Resistant	Laboratory Method	Broth dilution	CLSI
573.14454	Klebsiella pneumoniae KPN871ec	ceftriaxone	Resistant	Laboratory Method	Broth dilution	CLSI
573.13134	Klebsiella pneumoniae KPN1133ec	ceftriaxone	Resistant	Laboratory Method	Broth dilution	CLSI
573.13117	Klebsiella pneumoniae KPN1115ec	ceftriaxone	Resistant	Laboratory Method	Broth dilution	CLSI
573.15476	Klebsiella pneumoniae strain 10315_6#68	ceftriaxone	Resistant	Laboratory Method	Disk diffusion	CLSI
573.15458	Klebsiella pneumoniae strain 10315_6#49	ceftriaxone	Resistant	Laboratory Method	Disk diffusion	CLSI
573.15479	Klebsiella pneumoniae strain 10315_6#70	ceftriaxone	Resistant	Laboratory Method	Disk diffusion	CLSI
573.15492	Klebsiella pneumoniae strain 10315_6#85	ceftriaxone	Resistant	Laboratory Method	Disk diffusion	CLSI
573.1544	Klebsiella pneumoniae strain 10315_6#2	ceftriaxone	Resistant	Laboratory Method	Disk diffusion	CLSI
573.13868	Klebsiella pneumoniae KPN2042ec	ceftriaxone	Resistant	Laboratory Method	Broth dilution	CLSI
573.13366	Klebsiella pneumoniae KPN1425ec	ceftriaxone	Resistant	Laboratory Method	Broth dilution	CLSI
573.15459	Klebsiella pneumoniae strain 10315_6#43	ceftriaxone	Resistant	Laboratory Method	Disk diffusion	CLSI
573.15498	Klebsiella pneumoniae strain 10315_6#93	ceftriaxone	Resistant	Laboratory Method	Disk diffusion	CLSI
573.13553	Klebsiella pneumoniae KPN1645ec	ceftriaxone	Resistant	Laboratory Method	Broth dilution	CLSI
573.15484	Klebsiella pneumoniae strain 10315_6#75	ceftriaxone	Resistant	Laboratory Method	Disk diffusion	CLSI
573.15488	Klebsiella pneumoniae strain 10315_6#79	ceftriaxone	Resistant	Laboratory Method	Disk diffusion	CLSI
573.15491	Klebsiella pneumoniae strain 10315_6#82	ceftriaxone	Resistant	Laboratory Method	Disk diffusion	CLSI
573.1548	Klebsiella pneumoniae strain 10315_6#71	ceftriaxone	Resistant	Laboratory Method	Disk diffusion	CLSI
573.13527	Klebsiella pneumoniae KPN1607ec	ceftriaxone	Resistant	Laboratory Method	Broth dilution	CLSI
72407.68	Klebsiella pneumoniae subsp. pneumoniae strain KPPUTH08	ceftriaxone	Resistant	Laboratory Method	Agar dilution	
72407.678	Klebsiella pneumoniae subsp. pneumoniae strain KPPUTH03	ceftriaxone	Resistant	Laboratory Method	Agar dilution	
573.13662	Klebsiella pneumoniae KPN1768ec	ceftriaxone	Resistant	Laboratory Method	Broth dilution	CLSI
573.26201	Klebsiella pneumoniae strain 5012STDY7312667	ceftriaxone	Resistant	Laboratory Method	Broth dilution	
573.15443	Klebsiella pneumoniae strain 10315_6#23	ceftriaxone	Resistant	Laboratory Method	Disk diffusion	CLSI
573.14198	Klebsiella pneumoniae KPN509ec	ceftriaxone	Resistant	Laboratory Method	Broth dilution	CLSI
573.1536	Klebsiella pneumoniae strain INF249	ceftriaxone	Resistant	Laboratory Method	Broth dilution	CLSI
1328411.3	Klebsiella pneumoniae BIDMC 16	ceftriaxone	Resistant	Laboratory Method	Broth dilution	
72407.679	Klebsiella pneumoniae subsp. pneumoniae strain KPPUTH04	ceftriaxone	Resistant	Laboratory Method	Agar dilution	
573.13103	Klebsiella pneumoniae KPN1097ec	ceftriaxone	Resistant	Laboratory Method	Broth dilution	CLSI
573.15367	Klebsiella pneumoniae strain KSB2_1B	ceftriaxone	Resistant	Laboratory Method	Broth dilution	CLSI
72407.683	Klebsiella pneumoniae subsp. pneumoniae strain KPPSTH04	ceftriaxone	Resistant	Laboratory Method	Agar dilution	
573.65893	Klebsiella pneumoniae 003-E1-DxU	ceftriaxone	Resistant	Laboratory Method	Disk diffusion	CLSI
573.15497	Klebsiella pneumoniae strain 10315_6#92	ceftriaxone	Resistant	Laboratory Method	Disk diffusion	CLSI
573.1389	Klebsiella pneumoniae KPN2066ec	ceftriaxone	Resistant	Laboratory Method	Broth dilution	CLSI
573.24276	Klebsiella pneumoniae strain 29	ceftriaxone	Resistant	Laboratory Method	Broth dilution	CLSI
573.131	Klebsiella pneumoniae KPN1094ec	ceftriaxone	Resistant	Laboratory Method	Broth dilution	CLSI
573.15471	Klebsiella pneumoniae strain 10315_6#60	ceftriaxone	Resistant	Laboratory Method	Disk diffusion	CLSI
573.15466	Klebsiella pneumoniae strain 10315_6#57	ceftriaxone	Resistant	Laboratory Method	Disk diffusion	CLSI
573.15487	Klebsiella pneumoniae strain 10315_6#78	ceftriaxone	Resistant	Laboratory Method	Disk diffusion	CLSI
1328404.3	Klebsiella pneumoniae BIDMC 10	ceftriaxone	Resistant	Laboratory Method	Broth dilution	
573.15433	Klebsiella pneumoniae strain 10315_6#10	ceftriaxone	Resistant	Laboratory Method	Disk diffusion	CLSI
573.66105	Klebsiella pneumoniae ERR1813603	cefotaxime	Resistant	Laboratory Method	Broth dilution	EUCAST
573.66121	Klebsiella pneumoniae ERR1829918	cefotaxime	Resistant	Laboratory Method	Broth dilution	EUCAST
573.673	Klebsiella pneumoniae ERR7221303	cefotaxime	Resistant	Laboratory Method	Broth dilution	EUCAST
573.67265	Klebsiella pneumoniae ERR7221263	cefotaxime	Resistant	Laboratory Method	Broth dilution	EUCAST
573.67279	Klebsiella pneumoniae ERR7221277	cefotaxime	Resistant	Laboratory Method	Broth dilution	EUCAST
573.67243	Klebsiella pneumoniae ERR7221232	cefotaxime	Resistant	Laboratory Method	Broth dilution	EUCAST
573.67259	Klebsiella pneumoniae ERR7221251	cefotaxime	Resistant	Laboratory Method	Broth dilution	EUCAST
573.67157	Klebsiella pneumoniae KP_NORM_URN_2014_96621	cefotaxime	Resistant	Laboratory Method		EUCAST
573.66106	Klebsiella pneumoniae ERR1813605	cefotaxime	Resistant	Laboratory Method	Broth dilution	EUCAST
573.66131	Klebsiella pneumoniae ERR1830480	cefotaxime	Resistant	Laboratory Method	Broth dilution	EUCAST
573.66116	Klebsiella pneumoniae ERR1815069	cefotaxime	Resistant	Laboratory Method	Broth dilution	EUCAST
573.67226	Klebsiella pneumoniae ERR7221209	cefotaxime	Resistant	Laboratory Method	Broth dilution	EUCAST
573.67293	Klebsiella pneumoniae ERR7221296	cefotaxime	Resistant	Laboratory Method	Broth dilution	EUCAST
573.66111	Klebsiella pneumoniae ERR1813607	cefotaxime	Resistant	Laboratory Method	Broth dilution	EUCAST
573.67306	Klebsiella pneumoniae ERR7221318	cefotaxime	Resistant	Laboratory Method	Broth dilution	EUCAST
573.67135	Klebsiella pneumoniae KP_NORM_URN_2012_81416	cefotaxime	Resistant	Laboratory Method		EUCAST
573.67271	Klebsiella pneumoniae ERR7221266	cefotaxime	Resistant	Laboratory Method	Broth dilution	EUCAST
573.66168	Klebsiella pneumoniae ERR2118038	cefotaxime	Resistant	Laboratory Method	Broth dilution	EUCAST
573.67184	Klebsiella pneumoniae ERR7221163	cefotaxime	Resistant	Laboratory Method	Broth dilution	EUCAST
573.6687	Klebsiella pneumoniae KP_NORM_BLD_2010_70236	cefotaxime	Resistant	Laboratory Method		EUCAST
573.66426	Klebsiella pneumoniae 27097_7#44	cefotaxime	Resistant	Laboratory Method	MIC	
573.66138	Klebsiella pneumoniae ERR1840990	cefotaxime	Resistant	Laboratory Method	Broth dilution	EUCAST
573.67188	Klebsiella pneumoniae ERR7221159	cefotaxime	Resistant	Laboratory Method	Broth dilution	EUCAST
573.67223	Klebsiella pneumoniae ERR7221202	cefotaxime	Resistant	Laboratory Method	Broth dilution	EUCAST
573.67281	Klebsiella pneumoniae ERR7221275	cefotaxime	Resistant	Laboratory Method	Broth dilution	EUCAST
573.67139	Klebsiella pneumoniae KP_NORM_URN_2013_95566	cefotaxime	Resistant	Laboratory Method		EUCAST
573.66147	Klebsiella pneumoniae ERR1981101	cefotaxime	Resistant	Laboratory Method	Broth dilution	EUCAST
573.66144	Klebsiella pneumoniae ERR1840997	cefotaxime	Resistant	Laboratory Method	Broth dilution	EUCAST
573.66127	Klebsiella pneumoniae ERR1829913	cefotaxime	Resistant	Laboratory Method	Broth dilution	EUCAST
573.6611	Klebsiella pneumoniae ERR1813608	cefotaxime	Resistant	Laboratory Method	Broth dilution	EUCAST
573.67341	Klebsiella pneumoniae ERR7221438	cefotaxime	Resistant	Laboratory Method	Broth dilution	EUCAST
573.15643	Klebsiella pneumoniae strain K1299	cefotaxime	Resistant	Laboratory Method	Disk diffusion	EUCAST
573.66368	Klebsiella pneumoniae 26994_7#117	cefotaxime	Resistant	Laboratory Method	MIC	
573.66186	Klebsiella pneumoniae ERR2118029	cefotaxime	Resistant	Laboratory Method	Broth dilution	EUCAST
573.67266	Klebsiella pneumoniae ERR7221256	cefotaxime	Resistant	Laboratory Method	Broth dilution	EUCAST
573.66109	Klebsiella pneumoniae ERR1813609	cefotaxime	Resistant	Laboratory Method	Broth dilution	EUCAST
573.66865	Klebsiella pneumoniae KP_NORM_BLD_2009_62924	cefotaxime	Resistant	Laboratory Method		EUCAST
573.66129	Klebsiella pneumoniae ERR1830479	cefotaxime	Resistant	Laboratory Method	Broth dilution	EUCAST
573.6734	Klebsiella pneumoniae ERR7221437	cefotaxime	Resistant	Laboratory Method	Broth dilution	EUCAST
573.67186	Klebsiella pneumoniae ERR7221153	cefotaxime	Resistant	Laboratory Method	Broth dilution	EUCAST
573.6731	Klebsiella pneumoniae ERR7221309	cefotaxime	Resistant	Laboratory Method	Broth dilution	EUCAST
573.22565	Klebsiella pneumoniae strain SU12	cefotaxime	Resistant	Laboratory Method		EUCAST
573.67242	Klebsiella pneumoniae ERR7221236	cefotaxime	Resistant	Laboratory Method	Broth dilution	EUCAST
573.67327	Klebsiella pneumoniae ERR7221337	cefotaxime	Resistant	Laboratory Method	Broth dilution	EUCAST
573.6614	Klebsiella pneumoniae ERR1840995	cefotaxime	Resistant	Laboratory Method	Broth dilution	EUCAST
573.67329	Klebsiella pneumoniae ERR7221340	cefotaxime	Resistant	Laboratory Method	Broth dilution	EUCAST
573.67314	Klebsiella pneumoniae ERR7221316	cefotaxime	Resistant	Laboratory Method	Broth dilution	EUCAST
573.66907	Klebsiella pneumoniae KP_NORM_BLD_2012_86925	cefotaxime	Resistant	Laboratory Method		EUCAST
573.6724	Klebsiella pneumoniae ERR7221235	cefotaxime	Resistant	Laboratory Method	Broth dilution	EUCAST
573.67326	Klebsiella pneumoniae ERR7221339	cefotaxime	Resistant	Laboratory Method	Broth dilution	EUCAST
573.66495	Klebsiella pneumoniae 27261_8#135	cefotaxime	Resistant	Laboratory Method	MIC	
573.24315	Klebsiella pneumoniae strain 8	cefotaxime	Resistant	Laboratory Method	Broth dilution	CLSI
573.67236	Klebsiella pneumoniae ERR7221222	cefotaxime	Resistant	Laboratory Method	Broth dilution	EUCAST
573.6728	Klebsiella pneumoniae ERR7221271	cefotaxime	Resistant	Laboratory Method	Broth dilution	EUCAST
573.67214	Klebsiella pneumoniae ERR7221192	cefotaxime	Resistant	Laboratory Method	Broth dilution	EUCAST
573.66848	Klebsiella pneumoniae KP_NORM_BLD_2006_37102	cefotaxime	Resistant	Laboratory Method		EUCAST
573.6722	Klebsiella pneumoniae ERR7221200	cefotaxime	Resistant	Laboratory Method	Broth dilution	EUCAST
573.66166	Klebsiella pneumoniae ERR2118036	cefotaxime	Resistant	Laboratory Method	Broth dilution	EUCAST
573.66462	Klebsiella pneumoniae 27261_8#29	cefotaxime	Resistant	Laboratory Method	MIC	
573.6727	Klebsiella pneumoniae ERR7221262	cefotaxime	Resistant	Laboratory Method	Broth dilution	EUCAST
573.66124	Klebsiella pneumoniae ERR1829914	cefotaxime	Resistant	Laboratory Method	Broth dilution	EUCAST
573.67182	Klebsiella pneumoniae ERR7221160	cefotaxime	Resistant	Laboratory Method	Broth dilution	EUCAST
573.67288	Klebsiella pneumoniae ERR7221294	cefotaxime	Resistant	Laboratory Method	Broth dilution	EUCAST
573.66164	Klebsiella pneumoniae ERR2118034	cefotaxime	Resistant	Laboratory Method	Broth dilution	EUCAST
573.22559	Klebsiella pneumoniae strain SU8	cefotaxime	Resistant	Laboratory Method		EUCAST
573.66157	Klebsiella pneumoniae ERR2118027	cefotaxime	Resistant	Laboratory Method	Broth dilution	EUCAST
573.6723	Klebsiella pneumoniae ERR7221215	cefotaxime	Resistant	Laboratory Method	Broth dilution	EUCAST
573.67222	Klebsiella pneumoniae ERR7221204	cefotaxime	Resistant	Laboratory Method	Broth dilution	EUCAST
573.67256	Klebsiella pneumoniae ERR7221246	cefotaxime	Resistant	Laboratory Method	Broth dilution	EUCAST
573.67268	Klebsiella pneumoniae ERR7221260	cefotaxime	Resistant	Laboratory Method	Broth dilution	EUCAST
573.66904	Klebsiella pneumoniae KP_NORM_BLD_2013_89829	cefotaxime	Resistant	Laboratory Method		EUCAST
573.66455	Klebsiella pneumoniae 27261_8#10	cefotaxime	Resistant	Laboratory Method	MIC	
573.66112	Klebsiella pneumoniae ERR1815066	cefotaxime	Resistant	Laboratory Method	Broth dilution	EUCAST
573.20061	Klebsiella pneumoniae strain AR_0160	cefotaxime	Resistant	Laboratory Method	Broth dilution	CLSI
573.66428	Klebsiella pneumoniae 27097_7#59	cefotaxime	Resistant	Laboratory Method	MIC	
573.67172	Klebsiella pneumoniae KP_NORM_URN_2015_109358	cefotaxime	Resistant	Laboratory Method		EUCAST
573.67227	Klebsiella pneumoniae ERR7221208	cefotaxime	Resistant	Laboratory Method	Broth dilution	EUCAST
573.67264	Klebsiella pneumoniae ERR7221265	cefotaxime	Resistant	Laboratory Method	Broth dilution	EUCAST
573.67166	Klebsiella pneumoniae KP_NORM_URN_2015_107836	cefotaxime	Resistant	Laboratory Method		EUCAST
573.67332	Klebsiella pneumoniae ERR7221346	cefotaxime	Resistant	Laboratory Method	Broth dilution	EUCAST
573.67312	Klebsiella pneumoniae ERR7221322	cefotaxime	Resistant	Laboratory Method	Broth dilution	EUCAST
573.67315	Klebsiella pneumoniae ERR7221323	cefotaxime	Resistant	Laboratory Method	Broth dilution	EUCAST
573.67193	Klebsiella pneumoniae ERR7221166	cefotaxime	Resistant	Laboratory Method	Broth dilution	EUCAST
573.66117	Klebsiella pneumoniae ERR1815070	cefotaxime	Resistant	Laboratory Method	Broth dilution	EUCAST
573.66429	Klebsiella pneumoniae 27097_7#48	cefotaxime	Resistant	Laboratory Method	MIC	
573.6617	Klebsiella pneumoniae ERR2118039	cefotaxime	Resistant	Laboratory Method	Broth dilution	EUCAST
573.67307	Klebsiella pneumoniae ERR7221308	cefotaxime	Resistant	Laboratory Method	Broth dilution	EUCAST
573.6719	Klebsiella pneumoniae ERR7221158	cefotaxime	Resistant	Laboratory Method	Broth dilution	EUCAST
573.67137	Klebsiella pneumoniae KP_NORM_URN_2013_94592	cefotaxime	Resistant	Laboratory Method		EUCAST
573.66102	Klebsiella pneumoniae ERR1810609	cefotaxime	Resistant	Laboratory Method	Broth dilution	EUCAST
573.67298	Klebsiella pneumoniae ERR7221300	cefotaxime	Resistant	Laboratory Method	Broth dilution	EUCAST
573.66123	Klebsiella pneumoniae ERR1829912	cefotaxime	Resistant	Laboratory Method	Broth dilution	EUCAST
573.67272	Klebsiella pneumoniae ERR7221267	cefotaxime	Resistant	Laboratory Method	Broth dilution	EUCAST
573.67124	Klebsiella pneumoniae KP_NORM_URN_2009_56724	cefotaxime	Resistant	Laboratory Method		EUCAST
573.66158	Klebsiella pneumoniae ERR2118025	cefotaxime	Resistant	Laboratory Method	Broth dilution	EUCAST
573.15502	Klebsiella pneumoniae strain 10356_5#77	ceftriaxone	Resistant	Laboratory Method	Disk diffusion	CLSI
573.13874	Klebsiella pneumoniae KPN2048ec	ceftriaxone	Resistant	Laboratory Method	Broth dilution	CLSI
573.66167	Klebsiella pneumoniae ERR2118037	cefotaxime	Resistant	Laboratory Method	Broth dilution	EUCAST
573.67299	Klebsiella pneumoniae ERR7221302	cefotaxime	Resistant	Laboratory Method	Broth dilution	EUCAST
573.3425	Klebsiella pneumoniae strain INF250-sc-2280154	ceftriaxone	Resistant	Laboratory Method	Broth dilution	CLSI
573.46079	Klebsiella pneumoniae INF295	ceftriaxone	Resistant	Laboratory Method	Broth dilution	CLSI
573.15478	Klebsiella pneumoniae strain 10315_6#7	ceftriaxone	Resistant	Laboratory Method	Disk diffusion	CLSI
573.261	Klebsiella pneumoniae strain 5012STDY7312702	ceftriaxone	Resistant	Laboratory Method	Broth dilution	
573.1545	Klebsiella pneumoniae strain 10315_6#32	ceftriaxone	Resistant	Laboratory Method	Disk diffusion	CLSI
573.14104	Klebsiella pneumoniae KPN381ec	ceftriaxone	Resistant	Laboratory Method	Broth dilution	CLSI
72407.673	Klebsiella pneumoniae subsp. pneumoniae strain KPH+03	ceftriaxone	Resistant	Laboratory Method	Disk diffusion	
573.13995	Klebsiella pneumoniae KPN256ec	ceftriaxone	Resistant	Laboratory Method	Broth dilution	CLSI
573.34246	Klebsiella pneumoniae strain INF354-sc-2280183	ceftriaxone	Resistant	Laboratory Method	Broth dilution	CLSI
573.13129	Klebsiella pneumoniae KPN1127ec	ceftriaxone	Resistant	Laboratory Method	Broth dilution	CLSI
573.15472	Klebsiella pneumoniae strain 10315_6#62	ceftriaxone	Resistant	Laboratory Method	Disk diffusion	CLSI
573.22563	Klebsiella pneumoniae strain SU2	cefotaxime	Resistant	Laboratory Method		EUCAST
573.67311	Klebsiella pneumoniae ERR7221315	cefotaxime	Resistant	Laboratory Method	Broth dilution	EUCAST
573.66125	Klebsiella pneumoniae ERR1829916	cefotaxime	Resistant	Laboratory Method	Broth dilution	EUCAST
573.67209	Klebsiella pneumoniae ERR7221182	cefotaxime	Resistant	Laboratory Method	Broth dilution	EUCAST
573.67237	Klebsiella pneumoniae ERR7221221	cefotaxime	Resistant	Laboratory Method	Broth dilution	EUCAST
573.22567	Klebsiella pneumoniae strain SU10	cefotaxime	Resistant	Laboratory Method		EUCAST
573.66107	Klebsiella pneumoniae ERR1813606	cefotaxime	Resistant	Laboratory Method	Broth dilution	EUCAST
573.67252	Klebsiella pneumoniae ERR7221240	cefotaxime	Resistant	Laboratory Method	Broth dilution	EUCAST
573.67291	Klebsiella pneumoniae ERR7221286	cefotaxime	Resistant	Laboratory Method	Broth dilution	EUCAST
573.5709	Klebsiella pneumoniae strain W2-9-ERG1	cefotaxime	Resistant	Laboratory Method	Broth dilution	EUCAST
573.67296	Klebsiella pneumoniae ERR7221299	cefotaxime	Resistant	Laboratory Method	Broth dilution	EUCAST
573.66114	Klebsiella pneumoniae ERR1815065	cefotaxime	Resistant	Laboratory Method	Broth dilution	EUCAST
573.66145	Klebsiella pneumoniae ERR1981104	cefotaxime	Resistant	Laboratory Method	Broth dilution	EUCAST
573.67308	Klebsiella pneumoniae ERR7221310	cefotaxime	Resistant	Laboratory Method	Broth dilution	EUCAST
573.66154	Klebsiella pneumoniae ERR2109184	cefotaxime	Resistant	Laboratory Method	Broth dilution	EUCAST
573.67181	Klebsiella pneumoniae ERR7221151	cefotaxime	Resistant	Laboratory Method	Broth dilution	EUCAST
573.67251	Klebsiella pneumoniae ERR7221241	cefotaxime	Resistant	Laboratory Method	Broth dilution	EUCAST
573.67285	Klebsiella pneumoniae ERR7221281	cefotaxime	Resistant	Laboratory Method	Broth dilution	EUCAST
573.6726	Klebsiella pneumoniae ERR7221250	cefotaxime	Resistant	Laboratory Method	Broth dilution	EUCAST
573.22558	Klebsiella pneumoniae strain SU6	cefotaxime	Resistant	Laboratory Method		EUCAST
573.67185	Klebsiella pneumoniae ERR7221161	cefotaxime	Resistant	Laboratory Method	Broth dilution	EUCAST
573.67196	Klebsiella pneumoniae ERR7221168	cefotaxime	Resistant	Laboratory Method	Broth dilution	EUCAST
573.67238	Klebsiella pneumoniae ERR7221219	cefotaxime	Resistant	Laboratory Method	Broth dilution	EUCAST
573.66931	Klebsiella pneumoniae KP_NORM_BLD_2015_113765	cefotaxime	Resistant	Laboratory Method		EUCAST
573.67241	Klebsiella pneumoniae ERR7221234	cefotaxime	Resistant	Laboratory Method	Broth dilution	EUCAST
573.66861	Klebsiella pneumoniae KP_NORM_BLD_2009_61903	cefotaxime	Resistant	Laboratory Method		EUCAST
573.66101	Klebsiella pneumoniae ERR1811832	cefotaxime	Resistant	Laboratory Method	Broth dilution	EUCAST
573.67211	Klebsiella pneumoniae ERR7221181	cefotaxime	Resistant	Laboratory Method	Broth dilution	EUCAST
573.66458	Klebsiella pneumoniae 27261_7#187	cefotaxime	Resistant	Laboratory Method	MIC	
573.66118	Klebsiella pneumoniae ERR1815292	cefotaxime	Resistant	Laboratory Method	Broth dilution	EUCAST
573.67309	Klebsiella pneumoniae ERR7221306	cefotaxime	Resistant	Laboratory Method	Broth dilution	EUCAST
573.5661	Klebsiella pneumoniae strain PB22	cefotaxime	Resistant	Laboratory Method	Broth dilution	EUCAST
573.66152	Klebsiella pneumoniae ERR2109180	cefotaxime	Resistant	Laboratory Method	Broth dilution	EUCAST
573.5684	Klebsiella pneumoniae strain PB506	cefotaxime	Resistant	Laboratory Method	Broth dilution	EUCAST
573.66133	Klebsiella pneumoniae ERR1830478	cefotaxime	Resistant	Laboratory Method	Broth dilution	EUCAST
573.67189	Klebsiella pneumoniae ERR7221156	cefotaxime	Resistant	Laboratory Method	Broth dilution	EUCAST
573.67206	Klebsiella pneumoniae ERR7221187	cefotaxime	Resistant	Laboratory Method	Broth dilution	EUCAST
573.66249	Klebsiella pneumoniae 26968_6#15	cefotaxime	Resistant	Laboratory Method	MIC	
573.6729	Klebsiella pneumoniae ERR7221287	cefotaxime	Resistant	Laboratory Method	Broth dilution	EUCAST
573.66136	Klebsiella pneumoniae ERR1830477	cefotaxime	Resistant	Laboratory Method	Broth dilution	EUCAST
573.67335	Klebsiella pneumoniae ERR7221345	cefotaxime	Resistant	Laboratory Method	Broth dilution	EUCAST
573.67302	Klebsiella pneumoniae ERR7221301	cefotaxime	Resistant	Laboratory Method	Broth dilution	EUCAST
573.67225	Klebsiella pneumoniae ERR7221211	cefotaxime	Resistant	Laboratory Method	Broth dilution	EUCAST
573.66149	Klebsiella pneumoniae ERR2106420	cefotaxime	Resistant	Laboratory Method	Broth dilution	EUCAST
573.66139	Klebsiella pneumoniae ERR1840996	cefotaxime	Resistant	Laboratory Method	Broth dilution	EUCAST
573.22566	Klebsiella pneumoniae strain SU7	cefotaxime	Resistant	Laboratory Method		EUCAST
573.67128	Klebsiella pneumoniae KP_NORM_URN_2009_57401	cefotaxime	Resistant	Laboratory Method		EUCAST
573.6733	Klebsiella pneumoniae ERR7221342	cefotaxime	Resistant	Laboratory Method	Broth dilution	EUCAST
573.5683	Klebsiella pneumoniae strain W2-5-ERG4	cefotaxime	Resistant	Laboratory Method	Broth dilution	EUCAST
573.67199	Klebsiella pneumoniae ERR7221176	cefotaxime	Resistant	Laboratory Method	Broth dilution	EUCAST
573.66445	Klebsiella pneumoniae 27261_7#140	cefotaxime	Resistant	Laboratory Method	MIC	
573.67233	Klebsiella pneumoniae ERR7221216	cefotaxime	Resistant	Laboratory Method	Broth dilution	EUCAST
573.67303	Klebsiella pneumoniae ERR7221307	cefotaxime	Resistant	Laboratory Method	Broth dilution	EUCAST
573.67239	Klebsiella pneumoniae ERR7221220	cefotaxime	Resistant	Laboratory Method	Broth dilution	EUCAST
573.67249	Klebsiella pneumoniae ERR7221227	cefotaxime	Resistant	Laboratory Method	Broth dilution	EUCAST
573.66163	Klebsiella pneumoniae ERR2118032	cefotaxime	Resistant	Laboratory Method	Broth dilution	EUCAST
573.67255	Klebsiella pneumoniae ERR7221245	cefotaxime	Resistant	Laboratory Method	Broth dilution	EUCAST
573.67318	Klebsiella pneumoniae ERR7221324	cefotaxime	Resistant	Laboratory Method	Broth dilution	EUCAST
573.66794	Klebsiella pneumoniae KP_NORM_BLD_1355	ceftazidime	Susceptible	Laboratory Method		EUCAST
573.15579	Klebsiella pneumoniae strain KSB2_7B	ceftazidime	Susceptible	Laboratory Method	Broth dilution	CLSI
573.46097	Klebsiella pneumoniae KSB1_3D	ceftazidime	Susceptible	Laboratory Method	Broth dilution	CLSI
573.12967	Klebsiella pneumoniae 18	ceftazidime	Susceptible	Laboratory Method	Broth dilution	CLSI
573.2425	Klebsiella pneumoniae strain 133	ceftazidime	Susceptible	Laboratory Method	Broth dilution	CLSI
573.66734	Klebsiella pneumoniae KP_NORM_BLD_1169	ceftazidime	Susceptible	Laboratory Method		EUCAST
573.26301	Klebsiella pneumoniae strain 5012STDY7626420	ceftazidime	Susceptible	Laboratory Method	Broth dilution	
573.66673	Klebsiella pneumoniae KP_NORM_BLD_115408	ceftazidime	Susceptible	Laboratory Method		EUCAST
573.2621	Klebsiella pneumoniae strain 5012STDY7312674	ceftazidime	Susceptible	Laboratory Method	Broth dilution	
573.66732	Klebsiella pneumoniae KP_NORM_BLD_116598	ceftazidime	Susceptible	Laboratory Method		EUCAST
573.66725	Klebsiella pneumoniae KP_NORM_BLD_116554	ceftazidime	Susceptible	Laboratory Method		EUCAST
573.66786	Klebsiella pneumoniae KP_NORM_BLD_1341	ceftazidime	Susceptible	Laboratory Method		EUCAST
573.67101	Klebsiella pneumoniae KP_NORM_BLD_63373	ceftazidime	Susceptible	Laboratory Method		EUCAST
573.66686	Klebsiella pneumoniae KP_NORM_BLD_115763	ceftazidime	Susceptible	Laboratory Method		EUCAST
573.14265	Klebsiella pneumoniae KPN593ec	ceftazidime	Susceptible	Laboratory Method	Broth dilution	CLSI
573.66638	Klebsiella pneumoniae KP_NORM_BLD_114323	ceftazidime	Susceptible	Laboratory Method		EUCAST
573.31076	Klebsiella pneumoniae strain PH73	ceftazidime	Susceptible	Laboratory Method	Disk diffusion	CLSI
573.26195	Klebsiella pneumoniae strain 5012STDY7312661	ceftazidime	Susceptible	Laboratory Method	Broth dilution	
573.12946	Klebsiella pneumoniae 45	ceftazidime	Susceptible	Laboratory Method	Broth dilution	CLSI
573.26093	Klebsiella pneumoniae strain 5012STDY7312704	ceftazidime	Susceptible	Laboratory Method	Broth dilution	
573.15563	Klebsiella pneumoniae strain KSB1_4G	ceftazidime	Susceptible	Laboratory Method	Broth dilution	CLSI
573.6707	Klebsiella pneumoniae KP_NORM_BLD_62501	ceftazidime	Susceptible	Laboratory Method		EUCAST
573.46084	Klebsiella pneumoniae INF112	ceftazidime	Susceptible	Laboratory Method	Broth dilution	CLSI
573.26174	Klebsiella pneumoniae strain 5012STDY7312609	ceftazidime	Susceptible	Laboratory Method	Broth dilution	
573.66582	Klebsiella pneumoniae KP_NORM_BLD_110764	ceftazidime	Susceptible	Laboratory Method		EUCAST
573.15597	Klebsiella pneumoniae strain INF312	ceftazidime	Susceptible	Laboratory Method	Broth dilution	CLSI
573.66832	Klebsiella pneumoniae KP_NORM_BLD_1675	ceftazidime	Susceptible	Laboratory Method		EUCAST
573.15584	Klebsiella pneumoniae strain KSB2_7C	ceftazidime	Susceptible	Laboratory Method	Broth dilution	CLSI
573.12868	Klebsiella pneumoniae 78	ceftazidime	Susceptible	Laboratory Method	Broth dilution	CLSI
573.66681	Klebsiella pneumoniae KP_NORM_BLD_115771	ceftazidime	Susceptible	Laboratory Method		EUCAST
573.26259	Klebsiella pneumoniae strain 5012STDY7626381	ceftazidime	Susceptible	Laboratory Method	Broth dilution	
573.262	Klebsiella pneumoniae strain 5012STDY7312668	ceftazidime	Susceptible	Laboratory Method	Broth dilution	
573.31071	Klebsiella pneumoniae strain WU10	ceftazidime	Susceptible	Laboratory Method	Disk diffusion	CLSI
573.66974	Klebsiella pneumoniae KP_NORM_BLD_3076	ceftazidime	Susceptible	Laboratory Method		EUCAST
573.66636	Klebsiella pneumoniae KP_NORM_BLD_114321	ceftazidime	Susceptible	Laboratory Method		EUCAST
573.67085	Klebsiella pneumoniae KP_NORM_BLD_62928	ceftazidime	Susceptible	Laboratory Method		EUCAST
573.6672	Klebsiella pneumoniae KP_NORM_BLD_116413	ceftazidime	Susceptible	Laboratory Method		EUCAST
573.26191	Klebsiella pneumoniae strain 5012STDY7312626	ceftazidime	Susceptible	Laboratory Method	Broth dilution	
573.26111	Klebsiella pneumoniae strain 5012STDY7312576	ceftazidime	Susceptible	Laboratory Method	Broth dilution	
573.15538	Klebsiella pneumoniae strain KSB1_2A	ceftazidime	Susceptible	Laboratory Method	Broth dilution	CLSI
573.66784	Klebsiella pneumoniae KP_NORM_BLD_13386	ceftazidime	Susceptible	Laboratory Method		EUCAST
573.26237	Klebsiella pneumoniae strain 5012STDY7626506	ceftazidime	Susceptible	Laboratory Method	Broth dilution	
573.66806	Klebsiella pneumoniae KP_NORM_BLD_13888	ceftazidime	Susceptible	Laboratory Method		EUCAST
573.66946	Klebsiella pneumoniae KP_NORM_BLD_2254	ceftazidime	Susceptible	Laboratory Method		EUCAST
573.66764	Klebsiella pneumoniae KP_NORM_BLD_12945	ceftazidime	Susceptible	Laboratory Method		EUCAST
573.67111	Klebsiella pneumoniae KP_NORM_BLD_63855	ceftazidime	Susceptible	Laboratory Method		EUCAST
573.67037	Klebsiella pneumoniae KP_NORM_BLD_61482	ceftazidime	Susceptible	Laboratory Method		EUCAST
573.66615	Klebsiella pneumoniae KP_NORM_BLD_113321	ceftazidime	Susceptible	Laboratory Method		EUCAST
573.67019	Klebsiella pneumoniae KP_NORM_BLD_61062	ceftazidime	Susceptible	Laboratory Method		EUCAST
573.46087	Klebsiella pneumoniae KSB1_8A	ceftazidime	Susceptible	Laboratory Method	Broth dilution	CLSI
573.66821	Klebsiella pneumoniae KP_NORM_BLD_14173	ceftazidime	Susceptible	Laboratory Method		EUCAST
573.46066	Klebsiella pneumoniae INF360	ceftazidime	Susceptible	Laboratory Method	Broth dilution	CLSI
573.26178	Klebsiella pneumoniae strain 5012STDY7312608	ceftazidime	Susceptible	Laboratory Method	Broth dilution	
573.66674	Klebsiella pneumoniae KP_NORM_BLD_115406	ceftazidime	Susceptible	Laboratory Method		EUCAST
573.67116	Klebsiella pneumoniae KP_NORM_BLD_63845	ceftazidime	Susceptible	Laboratory Method		EUCAST
573.66714	Klebsiella pneumoniae KP_NORM_BLD_116378	ceftazidime	Susceptible	Laboratory Method		EUCAST
573.66782	Klebsiella pneumoniae KP_NORM_BLD_13382	ceftazidime	Susceptible	Laboratory Method		EUCAST
573.1559	Klebsiella pneumoniae strain KSB2_5D	ceftazidime	Susceptible	Laboratory Method	Broth dilution	CLSI
573.15547	Klebsiella pneumoniae strain KSB1_2D	ceftazidime	Susceptible	Laboratory Method	Broth dilution	CLSI
573.15557	Klebsiella pneumoniae strain KSB1_5F	ceftazidime	Susceptible	Laboratory Method	Broth dilution	CLSI
573.66842	Klebsiella pneumoniae KP_NORM_BLD_1883	ceftazidime	Susceptible	Laboratory Method		EUCAST
573.15622	Klebsiella pneumoniae strain KSB1_4I	ceftazidime	Susceptible	Laboratory Method	Broth dilution	CLSI
573.15537	Klebsiella pneumoniae strain INF349	ceftazidime	Susceptible	Laboratory Method	Broth dilution	CLSI
573.66991	Klebsiella pneumoniae KP_NORM_BLD_60429	ceftazidime	Susceptible	Laboratory Method		EUCAST
573.1293	Klebsiella pneumoniae 58	ceftazidime	Susceptible	Laboratory Method	Broth dilution	CLSI
573.12873	Klebsiella pneumoniae 106	ceftazidime	Susceptible	Laboratory Method	Broth dilution	CLSI
573.12997	Klebsiella pneumoniae 99	ceftazidime	Susceptible	Laboratory Method	Broth dilution	CLSI
573.26182	Klebsiella pneumoniae strain 5012STDY7312619	ceftazidime	Susceptible	Laboratory Method	Broth dilution	
573.26082	Klebsiella pneumoniae strain 5012STDY7312724	ceftazidime	Susceptible	Laboratory Method	Broth dilution	
573.66829	Klebsiella pneumoniae KP_NORM_BLD_1676	ceftazidime	Susceptible	Laboratory Method		EUCAST
573.46103	Klebsiella pneumoniae KSB1_1F	ceftazidime	Susceptible	Laboratory Method	Broth dilution	CLSI
573.6706	Klebsiella pneumoniae KP_NORM_BLD_62204	ceftazidime	Susceptible	Laboratory Method		EUCAST
573.67038	Klebsiella pneumoniae KP_NORM_BLD_61805	ceftazidime	Susceptible	Laboratory Method		EUCAST
573.31079	Klebsiella pneumoniae strain WU3	ceftazidime	Susceptible	Laboratory Method	Disk diffusion	CLSI
573.66996	Klebsiella pneumoniae KP_NORM_BLD_60444	ceftazidime	Susceptible	Laboratory Method		EUCAST
573.46091	Klebsiella pneumoniae KSB1_4B	ceftazidime	Susceptible	Laboratory Method	Broth dilution	CLSI
573.46111	Klebsiella pneumoniae KSB2_10A	ceftazidime	Susceptible	Laboratory Method	Broth dilution	CLSI
573.12939	Klebsiella pneumoniae 8	ceftazidime	Susceptible	Laboratory Method	Broth dilution	CLSI
573.67036	Klebsiella pneumoniae KP_NORM_BLD_61475	ceftazidime	Susceptible	Laboratory Method		EUCAST
573.67003	Klebsiella pneumoniae KP_NORM_BLD_60782	ceftazidime	Susceptible	Laboratory Method		EUCAST
573.6673	Klebsiella pneumoniae KP_NORM_BLD_116578	ceftazidime	Susceptible	Laboratory Method		EUCAST
573.26158	Klebsiella pneumoniae strain 5012STDY7312595	ceftazidime	Susceptible	Laboratory Method	Broth dilution	
573.66748	Klebsiella pneumoniae KP_NORM_BLD_12850	ceftazidime	Susceptible	Laboratory Method		EUCAST
573.129	Klebsiella pneumoniae 1	ceftazidime	Susceptible	Laboratory Method	Broth dilution	CLSI
573.66667	Klebsiella pneumoniae KP_NORM_BLD_115369	ceftazidime	Susceptible	Laboratory Method		EUCAST
573.66689	Klebsiella pneumoniae KP_NORM_BLD_115802	ceftazidime	Susceptible	Laboratory Method		EUCAST
573.14365	Klebsiella pneumoniae KPN744ec	ceftazidime	Susceptible	Laboratory Method	Broth dilution	CLSI
573.66639	Klebsiella pneumoniae KP_NORM_BLD_114315	ceftazidime	Susceptible	Laboratory Method		EUCAST
573.66802	Klebsiella pneumoniae KP_NORM_BLD_13877	ceftazidime	Susceptible	Laboratory Method		EUCAST
573.26142	Klebsiella pneumoniae strain 5012STDY7312565	ceftazidime	Susceptible	Laboratory Method	Broth dilution	
573.14493	Klebsiella pneumoniae KPN921ec	ceftazidime	Susceptible	Laboratory Method	Broth dilution	CLSI
573.66677	Klebsiella pneumoniae KP_NORM_BLD_115414	ceftazidime	Susceptible	Laboratory Method		EUCAST
573.12925	Klebsiella pneumoniae 93	ceftazidime	Susceptible	Laboratory Method	Broth dilution	CLSI
573.67023	Klebsiella pneumoniae KP_NORM_BLD_61286	ceftazidime	Susceptible	Laboratory Method		EUCAST
573.26274	Klebsiella pneumoniae strain 5012STDY7626393	ceftazidime	Susceptible	Laboratory Method	Broth dilution	
573.66597	Klebsiella pneumoniae KP_NORM_BLD_112162	ceftazidime	Susceptible	Laboratory Method		EUCAST
573.15605	Klebsiella pneumoniae strain INF143	ceftazidime	Susceptible	Laboratory Method	Broth dilution	CLSI
573.67	Klebsiella pneumoniae KP_NORM_BLD_60609	ceftazidime	Susceptible	Laboratory Method		EUCAST
573.15596	Klebsiella pneumoniae strain INF275	ceftazidime	Susceptible	Laboratory Method	Broth dilution	CLSI
573.26313	Klebsiella pneumoniae strain 5012STDY7626432	ceftazidime	Susceptible	Laboratory Method	Broth dilution	
573.26189	Klebsiella pneumoniae strain 5012STDY7312569	ceftazidime	Susceptible	Laboratory Method	Broth dilution	
573.15585	Klebsiella pneumoniae strain KSB2_8C	ceftazidime	Susceptible	Laboratory Method	Broth dilution	CLSI
573.26186	Klebsiella pneumoniae strain 5012STDY7312616	ceftazidime	Susceptible	Laboratory Method	Broth dilution	
573.26109	Klebsiella pneumoniae strain 5012STDY7312726	ceftazidime	Susceptible	Laboratory Method	Broth dilution	
573.66634	Klebsiella pneumoniae KP_NORM_BLD_114294	ceftazidime	Susceptible	Laboratory Method		EUCAST
573.66777	Klebsiella pneumoniae KP_NORM_BLD_13376	ceftazidime	Susceptible	Laboratory Method		EUCAST
573.31081	Klebsiella pneumoniae strain WU6	ceftazidime	Susceptible	Laboratory Method	Disk diffusion	CLSI
573.26181	Klebsiella pneumoniae strain 5012STDY7312613	ceftazidime	Susceptible	Laboratory Method	Broth dilution	
573.26153	Klebsiella pneumoniae strain 5012STDY7312591	ceftazidime	Susceptible	Laboratory Method	Broth dilution	
573.668	Klebsiella pneumoniae KP_NORM_BLD_13748	ceftazidime	Susceptible	Laboratory Method		EUCAST
573.67031	Klebsiella pneumoniae KP_NORM_BLD_61453	ceftazidime	Susceptible	Laboratory Method		EUCAST
573.66606	Klebsiella pneumoniae KP_NORM_BLD_112603	ceftazidime	Susceptible	Laboratory Method		EUCAST
573.66617	Klebsiella pneumoniae KP_NORM_BLD_113867	ceftazidime	Susceptible	Laboratory Method		EUCAST
573.66661	Klebsiella pneumoniae KP_NORM_BLD_115327	ceftazidime	Susceptible	Laboratory Method		EUCAST
573.66824	Klebsiella pneumoniae KP_NORM_BLD_14179	ceftazidime	Susceptible	Laboratory Method		EUCAST
573.67026	Klebsiella pneumoniae KP_NORM_BLD_61299	ceftazidime	Susceptible	Laboratory Method		EUCAST
573.66676	Klebsiella pneumoniae KP_NORM_BLD_115388	ceftazidime	Susceptible	Laboratory Method		EUCAST
573.66588	Klebsiella pneumoniae KP_NORM_BLD_111583	ceftazidime	Susceptible	Laboratory Method		EUCAST
573.67054	Klebsiella pneumoniae KP_NORM_BLD_62202	ceftazidime	Susceptible	Laboratory Method		EUCAST
573.66608	Klebsiella pneumoniae KP_NORM_BLD_112916	ceftazidime	Susceptible	Laboratory Method		EUCAST
573.6671	Klebsiella pneumoniae KP_NORM_BLD_116354	ceftazidime	Susceptible	Laboratory Method		EUCAST
573.26136	Klebsiella pneumoniae strain 5012STDY7312752	ceftazidime	Susceptible	Laboratory Method	Broth dilution	
573.26225	Klebsiella pneumoniae strain 5012STDY7312692	ceftazidime	Susceptible	Laboratory Method	Broth dilution	
573.46116	Klebsiella pneumoniae INF269	ceftazidime	Susceptible	Laboratory Method	Broth dilution	CLSI
573.66775	Klebsiella pneumoniae KP_NORM_BLD_13374	ceftazidime	Susceptible	Laboratory Method		EUCAST
573.15607	Klebsiella pneumoniae strain KSB1_7I	ceftazidime	Susceptible	Laboratory Method	Broth dilution	CLSI
573.67053	Klebsiella pneumoniae KP_NORM_BLD_62189	ceftazidime	Susceptible	Laboratory Method		EUCAST
573.67121	Klebsiella pneumoniae KP_NORM_BLD_72	ceftazidime	Susceptible	Laboratory Method		EUCAST
573.67016	Klebsiella pneumoniae KP_NORM_BLD_61049	ceftazidime	Susceptible	Laboratory Method		EUCAST
573.66952	Klebsiella pneumoniae KP_NORM_BLD_2395	ceftazidime	Susceptible	Laboratory Method		EUCAST
573.66605	Klebsiella pneumoniae KP_NORM_BLD_112908	ceftazidime	Susceptible	Laboratory Method		EUCAST
573.67711	Klebsiella pneumoniae KP_NORM_BLD_13758	ceftazidime	Susceptible	Laboratory Method		EUCAST
573.26115	Klebsiella pneumoniae strain 5012STDY7312733	ceftazidime	Susceptible	Laboratory Method	Broth dilution	
573.67065	Klebsiella pneumoniae KP_NORM_BLD_62217	ceftazidime	Susceptible	Laboratory Method		EUCAST
573.12875	Klebsiella pneumoniae 77	ceftazidime	Susceptible	Laboratory Method	Broth dilution	CLSI
573.26147	Klebsiella pneumoniae strain 5012STDY7312594	ceftazidime	Susceptible	Laboratory Method	Broth dilution	
573.13029	Klebsiella pneumoniae 49	ceftazidime	Susceptible	Laboratory Method	Broth dilution	CLSI
573.15594	Klebsiella pneumoniae strain INF293	ceftazidime	Susceptible	Laboratory Method	Broth dilution	CLSI
573.66635	Klebsiella pneumoniae KP_NORM_BLD_114300	ceftazidime	Susceptible	Laboratory Method		EUCAST
573.2613	Klebsiella pneumoniae strain 5012STDY7312578	ceftazidime	Susceptible	Laboratory Method	Broth dilution	
573.6679	Klebsiella pneumoniae KP_NORM_BLD_1347	ceftazidime	Susceptible	Laboratory Method		EUCAST
573.66826	Klebsiella pneumoniae KP_NORM_BLD_1672	ceftazidime	Susceptible	Laboratory Method		EUCAST
573.1557	Klebsiella pneumoniae strain KSB1_4J	ceftazidime	Susceptible	Laboratory Method	Broth dilution	CLSI
573.34252	Klebsiella pneumoniae strain KSB1_8D-sc-2280250	ceftazidime	Susceptible	Laboratory Method	Broth dilution	CLSI
573.66735	Klebsiella pneumoniae KP_NORM_BLD_116604	ceftazidime	Susceptible	Laboratory Method		EUCAST
573.67102	Klebsiella pneumoniae KP_NORM_BLD_63375	ceftazidime	Susceptible	Laboratory Method		EUCAST
573.26073	Klebsiella pneumoniae strain 5012STDY7312711	ceftazidime	Susceptible	Laboratory Method	Broth dilution	
573.66698	Klebsiella pneumoniae KP_NORM_BLD_116220	ceftazidime	Susceptible	Laboratory Method		EUCAST
573.66745	Klebsiella pneumoniae KP_NORM_BLD_117583	ceftazidime	Susceptible	Laboratory Method		EUCAST
573.13508	Klebsiella pneumoniae KPN1583ec	ceftazidime	Susceptible	Laboratory Method	Broth dilution	CLSI
573.66805	Klebsiella pneumoniae KP_NORM_BLD_13889	ceftazidime	Susceptible	Laboratory Method		EUCAST
573.13141	Klebsiella pneumoniae KPN1142ec	ceftazidime	Susceptible	Laboratory Method	Broth dilution	CLSI
573.6699	Klebsiella pneumoniae KP_NORM_BLD_60427	ceftazidime	Susceptible	Laboratory Method		EUCAST
573.66759	Klebsiella pneumoniae KP_NORM_BLD_12938	ceftazidime	Susceptible	Laboratory Method		EUCAST
573.1298	Klebsiella pneumoniae 101	ceftazidime	Susceptible	Laboratory Method	Broth dilution	CLSI
573.13476	Klebsiella pneumoniae KPN1547ec	ceftazidime	Susceptible	Laboratory Method	Broth dilution	CLSI
573.66957	Klebsiella pneumoniae KP_NORM_BLD_2399	ceftazidime	Susceptible	Laboratory Method		EUCAST
573.34234	Klebsiella pneumoniae strain INF357-sc-2280189	ceftazidime	Susceptible	Laboratory Method	Broth dilution	CLSI
573.66613	Klebsiella pneumoniae KP_NORM_BLD_113303	ceftazidime	Susceptible	Laboratory Method		EUCAST
573.26269	Klebsiella pneumoniae strain 5012STDY7626389	ceftazidime	Susceptible	Laboratory Method	Broth dilution	
573.6668	Klebsiella pneumoniae KP_NORM_BLD_115754	ceftazidime	Susceptible	Laboratory Method		EUCAST
573.66955	Klebsiella pneumoniae KP_NORM_BLD_231	ceftazidime	Susceptible	Laboratory Method		EUCAST
573.66683	Klebsiella pneumoniae KP_NORM_BLD_115757	ceftazidime	Susceptible	Laboratory Method		EUCAST
573.66705	Klebsiella pneumoniae KP_NORM_BLD_116236	ceftazidime	Susceptible	Laboratory Method		EUCAST
573.31073	Klebsiella pneumoniae strain PH40	ceftazidime	Susceptible	Laboratory Method	Disk diffusion	CLSI
573.66619	Klebsiella pneumoniae KP_NORM_BLD_113779	ceftazidime	Susceptible	Laboratory Method		EUCAST
573.66658	Klebsiella pneumoniae KP_NORM_BLD_115315	ceftazidime	Susceptible	Laboratory Method		EUCAST
573.66641	Klebsiella pneumoniae KP_NORM_BLD_114331	ceftazidime	Susceptible	Laboratory Method		EUCAST
573.66817	Klebsiella pneumoniae KP_NORM_BLD_14169	ceftazidime	Susceptible	Laboratory Method		EUCAST
573.26175	Klebsiella pneumoniae strain 5012STDY7312568	ceftazidime	Susceptible	Laboratory Method	Broth dilution	
573.26283	Klebsiella pneumoniae strain 5012STDY7626402	ceftazidime	Susceptible	Laboratory Method	Broth dilution	
573.15531	Klebsiella pneumoniae strain INF220	ceftazidime	Susceptible	Laboratory Method	Broth dilution	CLSI
573.26267	Klebsiella pneumoniae strain 5012STDY7626387	ceftazidime	Susceptible	Laboratory Method	Broth dilution	
573.6663	Klebsiella pneumoniae KP_NORM_BLD_114056	ceftazidime	Susceptible	Laboratory Method		EUCAST
573.46115	Klebsiella pneumoniae INF332	ceftazidime	Susceptible	Laboratory Method	Broth dilution	CLSI
573.66804	Klebsiella pneumoniae KP_NORM_BLD_13885	ceftazidime	Susceptible	Laboratory Method		EUCAST
573.15565	Klebsiella pneumoniae strain KSB1_2H	ceftazidime	Susceptible	Laboratory Method	Broth dilution	CLSI
573.26294	Klebsiella pneumoniae strain 5012STDY7626413	ceftazidime	Susceptible	Laboratory Method	Broth dilution	
573.12928	Klebsiella pneumoniae 96	ceftazidime	Susceptible	Laboratory Method	Broth dilution	CLSI
573.67071	Klebsiella pneumoniae KP_NORM_BLD_62504	ceftazidime	Susceptible	Laboratory Method		EUCAST
573.66715	Klebsiella pneumoniae KP_NORM_BLD_116386	ceftazidime	Susceptible	Laboratory Method		EUCAST
573.12941	Klebsiella pneumoniae 29	ceftazidime	Susceptible	Laboratory Method	Broth dilution	CLSI
573.66623	Klebsiella pneumoniae KP_NORM_BLD_113898	ceftazidime	Susceptible	Laboratory Method		EUCAST
573.66835	Klebsiella pneumoniae KP_NORM_BLD_1689	ceftazidime	Susceptible	Laboratory Method		EUCAST
573.66972	Klebsiella pneumoniae KP_NORM_BLD_2799	ceftazidime	Susceptible	Laboratory Method		EUCAST
573.66671	Klebsiella pneumoniae KP_NORM_BLD_115385	ceftazidime	Susceptible	Laboratory Method		EUCAST
573.66785	Klebsiella pneumoniae KP_NORM_BLD_13388	ceftazidime	Susceptible	Laboratory Method		EUCAST
573.66612	Klebsiella pneumoniae KP_NORM_BLD_113296	ceftazidime	Susceptible	Laboratory Method		EUCAST
573.66727	Klebsiella pneumoniae KP_NORM_BLD_116566	ceftazidime	Susceptible	Laboratory Method		EUCAST
573.66988	Klebsiella pneumoniae KP_NORM_BLD_60423	ceftazidime	Susceptible	Laboratory Method		EUCAST
573.66595	Klebsiella pneumoniae KP_NORM_BLD_112118	ceftazidime	Susceptible	Laboratory Method		EUCAST
573.66711	Klebsiella pneumoniae KP_NORM_BLD_116371	ceftazidime	Susceptible	Laboratory Method		EUCAST
573.15512	Klebsiella pneumoniae strain INF109	ceftazidime	Susceptible	Laboratory Method	Broth dilution	CLSI
573.26157	Klebsiella pneumoniae strain 5012STDY7312589	ceftazidime	Susceptible	Laboratory Method	Broth dilution	
573.15615	Klebsiella pneumoniae strain KSB1_7B	ceftazidime	Susceptible	Laboratory Method	Broth dilution	CLSI
573.66662	Klebsiella pneumoniae KP_NORM_BLD_115344	ceftazidime	Susceptible	Laboratory Method		EUCAST
573.66755	Klebsiella pneumoniae KP_NORM_BLD_12936	ceftazidime	Susceptible	Laboratory Method		EUCAST
573.66665	Klebsiella pneumoniae KP_NORM_BLD_115357	ceftazidime	Susceptible	Laboratory Method		EUCAST
573.66693	Klebsiella pneumoniae KP_NORM_BLD_116099	ceftazidime	Susceptible	Laboratory Method		EUCAST
573.66771	Klebsiella pneumoniae KP_NORM_BLD_13135	ceftazidime	Susceptible	Laboratory Method		EUCAST
573.26241	Klebsiella pneumoniae strain 5012STDY7626514	ceftazidime	Susceptible	Laboratory Method	Broth dilution	
573.46083	Klebsiella pneumoniae INF114	ceftazidime	Susceptible	Laboratory Method	Broth dilution	CLSI
573.67076	Klebsiella pneumoniae KP_NORM_BLD_62646	ceftazidime	Susceptible	Laboratory Method		EUCAST
573.67008	Klebsiella pneumoniae KP_NORM_BLD_60876	ceftazidime	Susceptible	Laboratory Method		EUCAST
573.67084	Klebsiella pneumoniae KP_NORM_BLD_62918	ceftazidime	Susceptible	Laboratory Method		EUCAST
573.15589	Klebsiella pneumoniae strain KSB2_6D	ceftazidime	Susceptible	Laboratory Method	Broth dilution	CLSI
573.12902	Klebsiella pneumoniae 119	ceftazidime	Susceptible	Laboratory Method	Broth dilution	CLSI
573.26146	Klebsiella pneumoniae strain 5012STDY7312581	ceftazidime	Susceptible	Laboratory Method	Broth dilution	
573.12993	Klebsiella pneumoniae 64	ceftazidime	Susceptible	Laboratory Method	Broth dilution	CLSI
573.67006	Klebsiella pneumoniae KP_NORM_BLD_60874	ceftazidime	Susceptible	Laboratory Method		EUCAST
573.12921	Klebsiella pneumoniae 73	ceftazidime	Susceptible	Laboratory Method	Broth dilution	CLSI
573.66742	Klebsiella pneumoniae KP_NORM_BLD_117530	ceftazidime	Susceptible	Laboratory Method		EUCAST
573.15714	Klebsiella pneumoniae strain K1148	ceftazidime	Susceptible	Laboratory Method	Disk diffusion	EUCAST
573.66984	Klebsiella pneumoniae KP_NORM_BLD_392	ceftazidime	Susceptible	Laboratory Method		EUCAST
573.13401	Klebsiella pneumoniae KPN1461ec	ceftazidime	Susceptible	Laboratory Method	Broth dilution	CLSI
573.12917	Klebsiella pneumoniae 112	ceftazidime	Susceptible	Laboratory Method	Broth dilution	CLSI
573.26144	Klebsiella pneumoniae strain 5012STDY7312582	ceftazidime	Susceptible	Laboratory Method	Broth dilution	
573.66607	Klebsiella pneumoniae KP_NORM_BLD_112914	ceftazidime	Susceptible	Laboratory Method		EUCAST
573.66587	Klebsiella pneumoniae KP_NORM_BLD_111588	ceftazidime	Susceptible	Laboratory Method		EUCAST
573.26149	Klebsiella pneumoniae strain 5012STDY7312587	ceftazidime	Susceptible	Laboratory Method	Broth dilution	
573.7096	Klebsiella pneumoniae strain W1-5-ERG6	ceftazidime	Susceptible	Laboratory Method	Broth dilution	EUCAST
573.6709	Klebsiella pneumoniae KP_NORM_BLD_62912	ceftazidime	Susceptible	Laboratory Method		EUCAST
573.24255	Klebsiella pneumoniae strain 178	ceftazidime	Susceptible	Laboratory Method	Broth dilution	CLSI
573.66781	Klebsiella pneumoniae KP_NORM_BLD_13381	ceftazidime	Susceptible	Laboratory Method		EUCAST
573.66793	Klebsiella pneumoniae KP_NORM_BLD_13540	ceftazidime	Susceptible	Laboratory Method		EUCAST
573.66747	Klebsiella pneumoniae KP_NORM_BLD_117577	ceftazidime	Susceptible	Laboratory Method		EUCAST
573.15373	Klebsiella pneumoniae strain KSB1_7J	ceftazidime	Susceptible	Laboratory Method	Broth dilution	CLSI
573.13466	Klebsiella pneumoniae KPN1535ec	ceftazidime	Susceptible	Laboratory Method	Broth dilution	CLSI
573.67095	Klebsiella pneumoniae KP_NORM_BLD_63321	ceftazidime	Susceptible	Laboratory Method		EUCAST
573.67045	Klebsiella pneumoniae KP_NORM_BLD_61898	ceftazidime	Susceptible	Laboratory Method		EUCAST
573.13026	Klebsiella pneumoniae 43	ceftazidime	Susceptible	Laboratory Method	Broth dilution	CLSI
573.34237	Klebsiella pneumoniae strain KSB1_7G-sc-2280277	ceftazidime	Susceptible	Laboratory Method	Broth dilution	CLSI
573.12886	Klebsiella pneumoniae 53	ceftazidime	Susceptible	Laboratory Method	Broth dilution	CLSI
573.13736	Klebsiella pneumoniae KPN1872ec	ceftazidime	Susceptible	Laboratory Method	Broth dilution	CLSI
573.66978	Klebsiella pneumoniae KP_NORM_BLD_3093	ceftazidime	Susceptible	Laboratory Method		EUCAST
573.67029	Klebsiella pneumoniae KP_NORM_BLD_61449	ceftazidime	Susceptible	Laboratory Method		EUCAST
573.66682	Klebsiella pneumoniae KP_NORM_BLD_115796	ceftazidime	Susceptible	Laboratory Method		EUCAST
573.66836	Klebsiella pneumoniae KP_NORM_BLD_1686	ceftazidime	Susceptible	Laboratory Method		EUCAST
573.66647	Klebsiella pneumoniae KP_NORM_BLD_114464	ceftazidime	Susceptible	Laboratory Method		EUCAST
573.26289	Klebsiella pneumoniae strain 5012STDY7626411	ceftazidime	Susceptible	Laboratory Method	Broth dilution	
573.15575	Klebsiella pneumoniae strain KSB2_8A	ceftazidime	Susceptible	Laboratory Method	Broth dilution	CLSI
573.66632	Klebsiella pneumoniae KP_NORM_BLD_114291	ceftazidime	Susceptible	Laboratory Method		EUCAST
573.66604	Klebsiella pneumoniae KP_NORM_BLD_112902	ceftazidime	Susceptible	Laboratory Method		EUCAST
573.67021	Klebsiella pneumoniae KP_NORM_BLD_61054	ceftazidime	Susceptible	Laboratory Method		EUCAST
573.26161	Klebsiella pneumoniae strain 5012STDY7312598	ceftazidime	Susceptible	Laboratory Method	Broth dilution	
573.15536	Klebsiella pneumoniae strain INF346	ceftazidime	Susceptible	Laboratory Method	Broth dilution	CLSI
573.66643	Klebsiella pneumoniae KP_NORM_BLD_114330	ceftazidime	Susceptible	Laboratory Method		EUCAST
573.66992	Klebsiella pneumoniae KP_NORM_BLD_60433	ceftazidime	Susceptible	Laboratory Method		EUCAST
573.26198	Klebsiella pneumoniae strain 5012STDY7312662	ceftazidime	Susceptible	Laboratory Method	Broth dilution	
573.1302	Klebsiella pneumoniae 41	ceftazidime	Susceptible	Laboratory Method	Broth dilution	CLSI
573.12883	Klebsiella pneumoniae 48	ceftazidime	Susceptible	Laboratory Method	Broth dilution	CLSI
573.14013	Klebsiella pneumoniae KPN275ec	ceftazidime	Susceptible	Laboratory Method	Broth dilution	CLSI
573.66648	Klebsiella pneumoniae KP_NORM_BLD_114460	ceftazidime	Susceptible	Laboratory Method		EUCAST
573.2616	Klebsiella pneumoniae strain 5012STDY7312597	ceftazidime	Susceptible	Laboratory Method	Broth dilution	
573.66724	Klebsiella pneumoniae KP_NORM_BLD_116446	ceftazidime	Susceptible	Laboratory Method		EUCAST
573.12906	Klebsiella pneumoniae 98	ceftazidime	Susceptible	Laboratory Method	Broth dilution	CLSI
573.15577	Klebsiella pneumoniae strain KSB2_4B	ceftazidime	Susceptible	Laboratory Method	Broth dilution	CLSI
573.26079	Klebsiella pneumoniae strain 5012STDY7312721	ceftazidime	Susceptible	Laboratory Method	Broth dilution	
573.67108	Klebsiella pneumoniae KP_NORM_BLD_63815	ceftazidime	Susceptible	Laboratory Method		EUCAST
1328385.3	Klebsiella pneumoniae BWH 30	ceftazidime	Susceptible	Laboratory Method	Broth dilution	
573.66611	Klebsiella pneumoniae KP_NORM_BLD_112925	ceftazidime	Susceptible	Laboratory Method		EUCAST
573.12926	Klebsiella pneumoniae 23	ceftazidime	Susceptible	Laboratory Method	Broth dilution	CLSI
573.12991	Klebsiella pneumoniae 62	ceftazidime	Susceptible	Laboratory Method	Broth dilution	CLSI
573.14272	Klebsiella pneumoniae KPN601ec	ceftazidime	Susceptible	Laboratory Method	Broth dilution	CLSI
573.66819	Klebsiella pneumoniae KP_NORM_BLD_14168	ceftazidime	Susceptible	Laboratory Method		EUCAST
573.15554	Klebsiella pneumoniae strain KSB1_9E	ceftazidime	Susceptible	Laboratory Method	Broth dilution	CLSI
573.26287	Klebsiella pneumoniae strain 5012STDY7626405	ceftazidime	Susceptible	Laboratory Method	Broth dilution	
573.66701	Klebsiella pneumoniae KP_NORM_BLD_116247	ceftazidime	Susceptible	Laboratory Method		EUCAST
573.15543	Klebsiella pneumoniae strain KSB1_3C	ceftazidime	Susceptible	Laboratory Method	Broth dilution	CLSI
573.66808	Klebsiella pneumoniae KP_NORM_BLD_13890	ceftazidime	Susceptible	Laboratory Method		EUCAST
573.66652	Klebsiella pneumoniae KP_NORM_BLD_114487	ceftazidime	Susceptible	Laboratory Method		EUCAST
573.66818	Klebsiella pneumoniae KP_NORM_BLD_14167	ceftazidime	Susceptible	Laboratory Method		EUCAST
573.6683	Klebsiella pneumoniae KP_NORM_BLD_1678	ceftazidime	Susceptible	Laboratory Method		EUCAST
573.66599	Klebsiella pneumoniae KP_NORM_BLD_112139	ceftazidime	Susceptible	Laboratory Method		EUCAST
573.67096	Klebsiella pneumoniae KP_NORM_BLD_63327	ceftazidime	Susceptible	Laboratory Method		EUCAST
573.66679	Klebsiella pneumoniae KP_NORM_BLD_115743	ceftazidime	Susceptible	Laboratory Method		EUCAST
573.31083	Klebsiella pneumoniae strain WU8	ceftazidime	Susceptible	Laboratory Method	Disk diffusion	CLSI
573.66754	Klebsiella pneumoniae KP_NORM_BLD_12932	ceftazidime	Susceptible	Laboratory Method		EUCAST
573.26171	Klebsiella pneumoniae strain 5012STDY7312615	ceftazidime	Susceptible	Laboratory Method	Broth dilution	
573.15567	Klebsiella pneumoniae strain KSB1_9I	ceftazidime	Susceptible	Laboratory Method	Broth dilution	CLSI
573.66654	Klebsiella pneumoniae KP_NORM_BLD_114603	ceftazidime	Susceptible	Laboratory Method		EUCAST
573.12937	Klebsiella pneumoniae 3251	ceftazidime	Susceptible	Laboratory Method	Broth dilution	CLSI
573.15513	Klebsiella pneumoniae strain INF052	ceftazidime	Susceptible	Laboratory Method	Broth dilution	CLSI
573.31078	Klebsiella pneumoniae strain PH49-2	ceftazidime	Susceptible	Laboratory Method	Disk diffusion	CLSI
573.12889	Klebsiella pneumoniae 51	ceftazidime	Susceptible	Laboratory Method	Broth dilution	CLSI
573.13834	Klebsiella pneumoniae KPN2004ec	ceftazidime	Susceptible	Laboratory Method	Broth dilution	CLSI
573.66601	Klebsiella pneumoniae KP_NORM_BLD_112587	ceftazidime	Susceptible	Laboratory Method		EUCAST
573.66644	Klebsiella pneumoniae KP_NORM_BLD_114446	ceftazidime	Susceptible	Laboratory Method		EUCAST
573.66962	Klebsiella pneumoniae KP_NORM_BLD_2496	ceftazidime	Susceptible	Laboratory Method		EUCAST
573.15528	Klebsiella pneumoniae strain INF209	ceftazidime	Susceptible	Laboratory Method	Broth dilution	CLSI
573.66718	Klebsiella pneumoniae KP_NORM_BLD_116398	ceftazidime	Susceptible	Laboratory Method		EUCAST
573.6669	Klebsiella pneumoniae KP_NORM_BLD_115811	ceftazidime	Susceptible	Laboratory Method		EUCAST
573.15553	Klebsiella pneumoniae strain KSB1_6E	ceftazidime	Susceptible	Laboratory Method	Broth dilution	CLSI
573.14312	Klebsiella pneumoniae KPN681ec	ceftazidime	Susceptible	Laboratory Method	Broth dilution	CLSI
573.12943	Klebsiella pneumoniae 81	ceftazidime	Susceptible	Laboratory Method	Broth dilution	CLSI
573.12922	Klebsiella pneumoniae 60	ceftazidime	Susceptible	Laboratory Method	Broth dilution	CLSI
573.66586	Klebsiella pneumoniae KP_NORM_BLD_111571	ceftazidime	Susceptible	Laboratory Method		EUCAST
573.12978	Klebsiella pneumoniae 82	ceftazidime	Susceptible	Laboratory Method	Broth dilution	CLSI
573.67083	Klebsiella pneumoniae KP_NORM_BLD_62926	ceftazidime	Susceptible	Laboratory Method		EUCAST
573.15522	Klebsiella pneumoniae strain INF173	ceftazidime	Susceptible	Laboratory Method	Broth dilution	CLSI
573.66773	Klebsiella pneumoniae KP_NORM_BLD_13139	ceftazidime	Susceptible	Laboratory Method		EUCAST
573.26272	Klebsiella pneumoniae strain 5012STDY7626392	ceftazidime	Susceptible	Laboratory Method	Broth dilution	
573.66598	Klebsiella pneumoniae KP_NORM_BLD_112176	ceftazidime	Susceptible	Laboratory Method		EUCAST
573.1295	Klebsiella pneumoniae 75	ceftazidime	Susceptible	Laboratory Method	Broth dilution	CLSI
573.26135	Klebsiella pneumoniae strain 5012STDY7312751	ceftazidime	Susceptible	Laboratory Method	Broth dilution	
573.66739	Klebsiella pneumoniae KP_NORM_BLD_117503	ceftazidime	Susceptible	Laboratory Method		EUCAST
573.67044	Klebsiella pneumoniae KP_NORM_BLD_61894	ceftazidime	Susceptible	Laboratory Method		EUCAST
573.2629	Klebsiella pneumoniae strain 5012STDY7626408	ceftazidime	Susceptible	Laboratory Method	Broth dilution	
573.67009	Klebsiella pneumoniae KP_NORM_BLD_60946	ceftazidime	Susceptible	Laboratory Method		EUCAST
573.66668	Klebsiella pneumoniae KP_NORM_BLD_115378	ceftazidime	Susceptible	Laboratory Method		EUCAST
573.15527	Klebsiella pneumoniae strain INF208	ceftazidime	Susceptible	Laboratory Method	Broth dilution	CLSI
573.12934	Klebsiella pneumoniae 9	ceftazidime	Susceptible	Laboratory Method	Broth dilution	CLSI
573.2614	Klebsiella pneumoniae strain 5012STDY7312579	ceftazidime	Susceptible	Laboratory Method	Broth dilution	
573.14073	Klebsiella pneumoniae KPN343ec	ceftazidime	Susceptible	Laboratory Method	Broth dilution	CLSI
573.13002	Klebsiella pneumoniae 102	ceftazidime	Susceptible	Laboratory Method	Broth dilution	CLSI
573.2617	Klebsiella pneumoniae strain 5012STDY7312610	ceftazidime	Susceptible	Laboratory Method	Broth dilution	
573.67105	Klebsiella pneumoniae KP_NORM_BLD_63395	ceftazidime	Susceptible	Laboratory Method		EUCAST
573.15568	Klebsiella pneumoniae strain KSB1_2J	ceftazidime	Susceptible	Laboratory Method	Broth dilution	CLSI
573.6676	Klebsiella pneumoniae KP_NORM_BLD_12931	ceftazidime	Susceptible	Laboratory Method		EUCAST
573.66966	Klebsiella pneumoniae KP_NORM_BLD_2793	ceftazidime	Susceptible	Laboratory Method		EUCAST
573.6677	Klebsiella pneumoniae KP_NORM_BLD_13133	ceftazidime	Susceptible	Laboratory Method		EUCAST
573.15552	Klebsiella pneumoniae strain KSB1_5E	ceftazidime	Susceptible	Laboratory Method	Broth dilution	CLSI
573.66699	Klebsiella pneumoniae KP_NORM_BLD_116234	ceftazidime	Susceptible	Laboratory Method		EUCAST
573.66968	Klebsiella pneumoniae KP_NORM_BLD_2803	ceftazidime	Susceptible	Laboratory Method		EUCAST
573.66903	Klebsiella pneumoniae KP_NORM_BLD_2012_85827	ceftazidime	Susceptible	Laboratory Method		EUCAST
573.12933	Klebsiella pneumoniae 76	ceftazidime	Susceptible	Laboratory Method	Broth dilution	CLSI
573.26203	Klebsiella pneumoniae strain 5012STDY7312672	ceftazidime	Susceptible	Laboratory Method	Broth dilution	
573.67005	Klebsiella pneumoniae KP_NORM_BLD_60872	ceftazidime	Susceptible	Laboratory Method		EUCAST
573.66685	Klebsiella pneumoniae KP_NORM_BLD_115760	ceftazidime	Susceptible	Laboratory Method		EUCAST
573.66783	Klebsiella pneumoniae KP_NORM_BLD_13383	ceftazidime	Susceptible	Laboratory Method		EUCAST
573.667	Klebsiella pneumoniae KP_NORM_BLD_116250	ceftazidime	Susceptible	Laboratory Method		EUCAST
573.31075	Klebsiella pneumoniae strain WU2	ceftazidime	Susceptible	Laboratory Method	Disk diffusion	CLSI
573.66737	Klebsiella pneumoniae KP_NORM_BLD_117477	ceftazidime	Susceptible	Laboratory Method		EUCAST
573.26213	Klebsiella pneumoniae strain 5012STDY7312676	ceftazidime	Susceptible	Laboratory Method	Broth dilution	
573.12901	Klebsiella pneumoniae 39	ceftazidime	Susceptible	Laboratory Method	Broth dilution	CLSI
573.26114	Klebsiella pneumoniae strain 5012STDY7312731	ceftazidime	Susceptible	Laboratory Method	Broth dilution	
573.26249	Klebsiella pneumoniae strain 5012STDY7626369	ceftazidime	Susceptible	Laboratory Method	Broth dilution	
573.1556	Klebsiella pneumoniae strain KSB1_1G	ceftazidime	Susceptible	Laboratory Method	Broth dilution	CLSI
573.26156	Klebsiella pneumoniae strain 5012STDY7312588	ceftazidime	Susceptible	Laboratory Method	Broth dilution	
573.66985	Klebsiella pneumoniae KP_NORM_BLD_389	ceftazidime	Susceptible	Laboratory Method		EUCAST
573.66719	Klebsiella pneumoniae KP_NORM_BLD_116410	ceftazidime	Susceptible	Laboratory Method		EUCAST
573.66591	Klebsiella pneumoniae KP_NORM_BLD_111602	ceftazidime	Susceptible	Laboratory Method		EUCAST
573.15588	Klebsiella pneumoniae strain KSB2_4D	ceftazidime	Susceptible	Laboratory Method	Broth dilution	CLSI
573.15587	Klebsiella pneumoniae strain KSB2_10C	ceftazidime	Susceptible	Laboratory Method	Broth dilution	CLSI
573.67099	Klebsiella pneumoniae KP_NORM_BLD_63333	ceftazidime	Susceptible	Laboratory Method		EUCAST
573.67047	Klebsiella pneumoniae KP_NORM_BLD_61896	ceftazidime	Susceptible	Laboratory Method		EUCAST
573.66767	Klebsiella pneumoniae KP_NORM_BLD_13125	ceftazidime	Susceptible	Laboratory Method		EUCAST
573.66594	Klebsiella pneumoniae KP_NORM_BLD_112137	ceftazidime	Susceptible	Laboratory Method		EUCAST
573.15542	Klebsiella pneumoniae strain KSB1_2C	ceftazidime	Susceptible	Laboratory Method	Broth dilution	CLSI
573.13763	Klebsiella pneumoniae KPN1904ec	ceftazidime	Susceptible	Laboratory Method	Broth dilution	CLSI
573.46105	Klebsiella pneumoniae KSB1_8F	ceftazidime	Susceptible	Laboratory Method	Broth dilution	CLSI
573.6674	Klebsiella pneumoniae KP_NORM_BLD_117512	ceftazidime	Susceptible	Laboratory Method		EUCAST
573.66815	Klebsiella pneumoniae KP_NORM_BLD_13983	ceftazidime	Susceptible	Laboratory Method		EUCAST
573.26107	Klebsiella pneumoniae strain 5012STDY7312709	ceftazidime	Susceptible	Laboratory Method	Broth dilution	
573.66963	Klebsiella pneumoniae KP_NORM_BLD_2499	ceftazidime	Susceptible	Laboratory Method		EUCAST
573.6701	Klebsiella pneumoniae KP_NORM_BLD_60944	ceftazidime	Susceptible	Laboratory Method		EUCAST
573.66951	Klebsiella pneumoniae KP_NORM_BLD_229	ceftazidime	Susceptible	Laboratory Method		EUCAST
573.66684	Klebsiella pneumoniae KP_NORM_BLD_115781	ceftazidime	Susceptible	Laboratory Method		EUCAST
573.67043	Klebsiella pneumoniae KP_NORM_BLD_61889	ceftazidime	Susceptible	Laboratory Method		EUCAST
573.31084	Klebsiella pneumoniae strain WU9	ceftazidime	Susceptible	Laboratory Method	Disk diffusion	CLSI
573.67035	Klebsiella pneumoniae KP_NORM_BLD_61470	ceftazidime	Susceptible	Laboratory Method		EUCAST
573.461	Klebsiella pneumoniae KSB1_7D	ceftazidime	Susceptible	Laboratory Method	Broth dilution	CLSI
573.66694	Klebsiella pneumoniae KP_NORM_BLD_116226	ceftazidime	Susceptible	Laboratory Method		EUCAST
573.67063	Klebsiella pneumoniae KP_NORM_BLD_62488	ceftazidime	Susceptible	Laboratory Method		EUCAST
573.26286	Klebsiella pneumoniae strain 5012STDY7626404	ceftazidime	Susceptible	Laboratory Method	Broth dilution	
573.67025	Klebsiella pneumoniae KP_NORM_BLD_61295	ceftazidime	Susceptible	Laboratory Method		EUCAST
573.26187	Klebsiella pneumoniae strain 5012STDY7312621	ceftazidime	Susceptible	Laboratory Method	Broth dilution	
573.46109	Klebsiella pneumoniae KSB1_3I	ceftazidime	Susceptible	Laboratory Method	Broth dilution	CLSI
573.1555	Klebsiella pneumoniae strain KSB1_3E	ceftazidime	Susceptible	Laboratory Method	Broth dilution	CLSI
573.66975	Klebsiella pneumoniae KP_NORM_BLD_3080	ceftazidime	Susceptible	Laboratory Method		EUCAST
573.66625	Klebsiella pneumoniae KP_NORM_BLD_113888	ceftazidime	Susceptible	Laboratory Method		EUCAST
573.26185	Klebsiella pneumoniae strain 5012STDY7312620	ceftazidime	Susceptible	Laboratory Method	Broth dilution	
573.26224	Klebsiella pneumoniae strain 5012STDY7312690	ceftazidime	Susceptible	Laboratory Method	Broth dilution	
573.67055	Klebsiella pneumoniae KP_NORM_BLD_62193	ceftazidime	Susceptible	Laboratory Method		EUCAST
573.46096	Klebsiella pneumoniae KSB1_1D	ceftazidime	Susceptible	Laboratory Method	Broth dilution	CLSI
573.66573	Klebsiella pneumoniae KP_NORM_BLD_1042	ceftazidime	Susceptible	Laboratory Method		EUCAST
573.26264	Klebsiella pneumoniae strain 5012STDY7626378	ceftazidime	Susceptible	Laboratory Method	Broth dilution	
72407.594	Klebsiella pneumoniae subsp. pneumoniae strain 3189STDY5864825	ceftazidime	Susceptible	Laboratory Method	Broth dilution	CLSI
573.66959	Klebsiella pneumoniae KP_NORM_BLD_2494	ceftazidime	Susceptible	Laboratory Method		EUCAST
573.26148	Klebsiella pneumoniae strain 5012STDY7312590	ceftazidime	Susceptible	Laboratory Method	Broth dilution	
573.15601	Klebsiella pneumoniae strain INF326	ceftazidime	Susceptible	Laboratory Method	Broth dilution	CLSI
573.15556	Klebsiella pneumoniae strain KSB1_4F	ceftazidime	Susceptible	Laboratory Method	Broth dilution	CLSI
573.6704	Klebsiella pneumoniae KP_NORM_BLD_61877	ceftazidime	Susceptible	Laboratory Method		EUCAST
573.26209	Klebsiella pneumoniae strain 5012STDY7312675	ceftazidime	Susceptible	Laboratory Method	Broth dilution	
573.67027	Klebsiella pneumoniae KP_NORM_BLD_61433	ceftazidime	Susceptible	Laboratory Method		EUCAST
573.66797	Klebsiella pneumoniae KP_NORM_BLD_13738	ceftazidime	Susceptible	Laboratory Method		EUCAST
573.66752	Klebsiella pneumoniae KP_NORM_BLD_12877	ceftazidime	Susceptible	Laboratory Method		EUCAST
573.15582	Klebsiella pneumoniae strain KSB2_3C	ceftazidime	Susceptible	Laboratory Method	Broth dilution	CLSI
573.66983	Klebsiella pneumoniae KP_NORM_BLD_391	ceftazidime	Susceptible	Laboratory Method		EUCAST
573.46094	Klebsiella pneumoniae KSB1_9B	ceftazidime	Susceptible	Laboratory Method	Broth dilution	CLSI
573.66675	Klebsiella pneumoniae KP_NORM_BLD_115390	ceftazidime	Susceptible	Laboratory Method		EUCAST
573.26322	Klebsiella pneumoniae strain 5012STDY7626442	ceftazidime	Susceptible	Laboratory Method	Broth dilution	
573.46089	Klebsiella pneumoniae KSB1_2B	ceftazidime	Susceptible	Laboratory Method	Broth dilution	CLSI
573.67052	Klebsiella pneumoniae KP_NORM_BLD_62173	ceftazidime	Susceptible	Laboratory Method		EUCAST
573.13515	Klebsiella pneumoniae KPN1591ec	ceftazidime	Susceptible	Laboratory Method	Broth dilution	CLSI
573.26116	Klebsiella pneumoniae strain 5012STDY7312738	ceftazidime	Susceptible	Laboratory Method	Broth dilution	
573.34297	Klebsiella pneumoniae strain INF065-sc-2279980	ceftazidime	Susceptible	Laboratory Method	Broth dilution	CLSI
573.66583	Klebsiella pneumoniae KP_NORM_BLD_110766	ceftazidime	Susceptible	Laboratory Method		EUCAST
573.13015	Klebsiella pneumoniae 70	ceftazidime	Susceptible	Laboratory Method	Broth dilution	CLSI
573.26193	Klebsiella pneumoniae strain 5012STDY7312624	ceftazidime	Susceptible	Laboratory Method	Broth dilution	
573.26199	Klebsiella pneumoniae strain 5012STDY7312570	ceftazidime	Susceptible	Laboratory Method	Broth dilution	
573.66712	Klebsiella pneumoniae KP_NORM_BLD_116364	ceftazidime	Susceptible	Laboratory Method		EUCAST
573.12989	Klebsiella pneumoniae 46	ceftazidime	Susceptible	Laboratory Method	Broth dilution	CLSI
573.46112	Klebsiella pneumoniae KSB2_2D	ceftazidime	Susceptible	Laboratory Method	Broth dilution	CLSI
573.66741	Klebsiella pneumoniae KP_NORM_BLD_117519	ceftazidime	Susceptible	Laboratory Method		EUCAST
573.13027	Klebsiella pneumoniae 26	ceftazidime	Susceptible	Laboratory Method	Broth dilution	CLSI
573.6708	Klebsiella pneumoniae KP_NORM_BLD_62770	ceftazidime	Susceptible	Laboratory Method		EUCAST
573.12881	Klebsiella pneumoniae 108	ceftazidime	Susceptible	Laboratory Method	Broth dilution	CLSI
573.15566	Klebsiella pneumoniae strain KSB1_4H	ceftazidime	Susceptible	Laboratory Method	Broth dilution	CLSI
573.15514	Klebsiella pneumoniae strain INF128	ceftazidime	Susceptible	Laboratory Method	Broth dilution	CLSI
573.66744	Klebsiella pneumoniae KP_NORM_BLD_117562	ceftazidime	Susceptible	Laboratory Method		EUCAST
573.26167	Klebsiella pneumoniae strain 5012STDY7312599	ceftazidime	Susceptible	Laboratory Method	Broth dilution	
573.26099	Klebsiella pneumoniae strain 5012STDY7312701	ceftazidime	Susceptible	Laboratory Method	Broth dilution	
573.26172	Klebsiella pneumoniae strain 5012STDY7312611	ceftazidime	Susceptible	Laboratory Method	Broth dilution	
573.26138	Klebsiella pneumoniae strain 5012STDY7312754	ceftazidime	Susceptible	Laboratory Method	Broth dilution	
573.26197	Klebsiella pneumoniae strain 5012STDY7312664	ceftazidime	Susceptible	Laboratory Method	Broth dilution	
573.67081	Klebsiella pneumoniae KP_NORM_BLD_62932	ceftazidime	Susceptible	Laboratory Method		EUCAST
573.13967	Klebsiella pneumoniae KPN220ec	ceftazidime	Susceptible	Laboratory Method	Broth dilution	CLSI
573.66822	Klebsiella pneumoniae KP_NORM_BLD_14172	ceftazidime	Susceptible	Laboratory Method		EUCAST
573.66622	Klebsiella pneumoniae KP_NORM_BLD_113773	ceftazidime	Susceptible	Laboratory Method		EUCAST
573.14453	Klebsiella pneumoniae KPN868ec	ceftazidime	Susceptible	Laboratory Method	Broth dilution	CLSI
573.66645	Klebsiella pneumoniae KP_NORM_BLD_114450	ceftazidime	Susceptible	Laboratory Method		EUCAST
573.6712	Klebsiella pneumoniae KP_NORM_BLD_68	ceftazidime	Susceptible	Laboratory Method		EUCAST
573.66803	Klebsiella pneumoniae KP_NORM_BLD_13880	ceftazidime	Susceptible	Laboratory Method		EUCAST
573.13474	Klebsiella pneumoniae KPN1545ec	ceftazidime	Susceptible	Laboratory Method	Broth dilution	CLSI
573.66633	Klebsiella pneumoniae KP_NORM_BLD_114297	ceftazidime	Susceptible	Laboratory Method		EUCAST
573.66789	Klebsiella pneumoniae KP_NORM_BLD_13534	ceftazidime	Susceptible	Laboratory Method		EUCAST
573.66841	Klebsiella pneumoniae KP_NORM_BLD_1875	ceftazidime	Susceptible	Laboratory Method		EUCAST
573.6666	Klebsiella pneumoniae KP_NORM_BLD_115332	ceftazidime	Susceptible	Laboratory Method		EUCAST
573.67002	Klebsiella pneumoniae KP_NORM_BLD_60723	ceftazidime	Susceptible	Laboratory Method		EUCAST
573.66695	Klebsiella pneumoniae KP_NORM_BLD_116231	ceftazidime	Susceptible	Laboratory Method		EUCAST
573.2612	Klebsiella pneumoniae strain 5012STDY7312740	ceftazidime	Susceptible	Laboratory Method	Broth dilution	
573.46095	Klebsiella pneumoniae KSB1_9C	ceftazidime	Susceptible	Laboratory Method	Broth dilution	CLSI
573.46077	Klebsiella pneumoniae KSB1_6C	ceftazidime	Susceptible	Laboratory Method	Broth dilution	CLSI
573.46085	Klebsiella pneumoniae INF356	ceftazidime	Susceptible	Laboratory Method	Broth dilution	CLSI
573.67072	Klebsiella pneumoniae KP_NORM_BLD_62507	ceftazidime	Susceptible	Laboratory Method		EUCAST
573.26137	Klebsiella pneumoniae strain 5012STDY7312753	ceftazidime	Susceptible	Laboratory Method	Broth dilution	
573.1398	Klebsiella pneumoniae KPN235ec	ceftazidime	Susceptible	Laboratory Method	Broth dilution	CLSI
573.66592	Klebsiella pneumoniae KP_NORM_BLD_112124	ceftazidime	Susceptible	Laboratory Method		EUCAST
573.66956	Klebsiella pneumoniae KP_NORM_BLD_2398	ceftazidime	Susceptible	Laboratory Method		EUCAST
573.24257	Klebsiella pneumoniae strain 180	ceftazidime	Susceptible	Laboratory Method	Disk diffusion	CLSI
573.15726	Klebsiella pneumoniae strain K1518	ceftazidime	Susceptible	Laboratory Method	Disk diffusion	EUCAST
573.12863	Klebsiella pneumoniae 105	ceftazidime	Susceptible	Laboratory Method	Broth dilution	CLSI
573.26206	Klebsiella pneumoniae strain 5012STDY7312673	ceftazidime	Susceptible	Laboratory Method	Broth dilution	
573.15521	Klebsiella pneumoniae strain INF168	ceftazidime	Susceptible	Laboratory Method	Broth dilution	CLSI
573.26251	Klebsiella pneumoniae strain 5012STDY7626371	ceftazidime	Susceptible	Laboratory Method	Broth dilution	
573.1552	Klebsiella pneumoniae strain INF074	ceftazidime	Susceptible	Laboratory Method	Broth dilution	CLSI
573.34283	Klebsiella pneumoniae strain KSB1_8J-sc-2280307	ceftazidime	Susceptible	Laboratory Method	Broth dilution	CLSI
573.67113	Klebsiella pneumoniae KP_NORM_BLD_63842	ceftazidime	Susceptible	Laboratory Method		EUCAST
573.24384	Klebsiella pneumoniae strain MUGSI_246	ceftazidime	Susceptible	Laboratory Method	Broth dilution	CLSI
573.26285	Klebsiella pneumoniae strain 5012STDY7626403	ceftazidime	Susceptible	Laboratory Method	Broth dilution	
573.13005	Klebsiella pneumoniae 24	ceftazidime	Susceptible	Laboratory Method	Broth dilution	CLSI
573.67073	Klebsiella pneumoniae KP_NORM_BLD_62636	ceftazidime	Susceptible	Laboratory Method		EUCAST
573.14305	Klebsiella pneumoniae KPN674ec	ceftazidime	Susceptible	Laboratory Method	Broth dilution	CLSI
573.66787	Klebsiella pneumoniae KP_NORM_BLD_1342	ceftazidime	Susceptible	Laboratory Method		EUCAST
573.67024	Klebsiella pneumoniae KP_NORM_BLD_61288	ceftazidime	Susceptible	Laboratory Method		EUCAST
573.66656	Klebsiella pneumoniae KP_NORM_BLD_115323	ceftazidime	Susceptible	Laboratory Method		EUCAST
573.26204	Klebsiella pneumoniae strain 5012STDY7312666	ceftazidime	Susceptible	Laboratory Method	Broth dilution	
573.26221	Klebsiella pneumoniae strain 5012STDY7312686	ceftazidime	Susceptible	Laboratory Method	Broth dilution	
573.6698	Klebsiella pneumoniae KP_NORM_BLD_385	ceftazidime	Susceptible	Laboratory Method		EUCAST
573.66706	Klebsiella pneumoniae KP_NORM_BLD_116338	ceftazidime	Susceptible	Laboratory Method		EUCAST
573.66986	Klebsiella pneumoniae KP_NORM_BLD_51	ceftazidime	Susceptible	Laboratory Method		EUCAST
573.6661	Klebsiella pneumoniae KP_NORM_BLD_112927	ceftazidime	Susceptible	Laboratory Method		EUCAST
573.66717	Klebsiella pneumoniae KP_NORM_BLD_116389	ceftazidime	Susceptible	Laboratory Method		EUCAST
573.66772	Klebsiella pneumoniae KP_NORM_BLD_13375	ceftazidime	Susceptible	Laboratory Method		EUCAST
573.26179	Klebsiella pneumoniae strain 5012STDY7312614	ceftazidime	Susceptible	Laboratory Method	Broth dilution	
573.66792	Klebsiella pneumoniae KP_NORM_BLD_13539	ceftazidime	Susceptible	Laboratory Method		EUCAST
573.66816	Klebsiella pneumoniae KP_NORM_BLD_14171	ceftazidime	Susceptible	Laboratory Method		EUCAST
573.66947	Klebsiella pneumoniae KP_NORM_BLD_2250	ceftazidime	Susceptible	Laboratory Method		EUCAST
573.66659	Klebsiella pneumoniae KP_NORM_BLD_115338	ceftazidime	Susceptible	Laboratory Method		EUCAST
573.6659	Klebsiella pneumoniae KP_NORM_BLD_111579	ceftazidime	Susceptible	Laboratory Method		EUCAST
573.26227	Klebsiella pneumoniae strain 5012STDY7312693	ceftazidime	Susceptible	Laboratory Method	Broth dilution	
573.26218	Klebsiella pneumoniae strain 5012STDY7312682	ceftazidime	Susceptible	Laboratory Method	Broth dilution	
573.46086	Klebsiella pneumoniae KSB1_3A	ceftazidime	Susceptible	Laboratory Method	Broth dilution	CLSI
573.1554	Klebsiella pneumoniae strain KSB1_4A	ceftazidime	Susceptible	Laboratory Method	Broth dilution	CLSI
573.26126	Klebsiella pneumoniae strain 5012STDY7312747	ceftazidime	Susceptible	Laboratory Method	Broth dilution	
573.6657	Klebsiella pneumoniae KP_NORM_BLD_1031	ceftazidime	Susceptible	Laboratory Method		EUCAST
573.26183	Klebsiella pneumoniae strain 5012STDY7312618	ceftazidime	Susceptible	Laboratory Method	Broth dilution	
573.12903	Klebsiella pneumoniae 61	ceftazidime	Susceptible	Laboratory Method	Broth dilution	CLSI
573.12951	Klebsiella pneumoniae 97	ceftazidime	Susceptible	Laboratory Method	Broth dilution	CLSI
573.26089	Klebsiella pneumoniae strain 5012STDY7312703	ceftazidime	Susceptible	Laboratory Method	Broth dilution	
573.66964	Klebsiella pneumoniae KP_NORM_BLD_2497	ceftazidime	Susceptible	Laboratory Method		EUCAST
573.4609	Klebsiella pneumoniae KSB1_3B	ceftazidime	Susceptible	Laboratory Method	Broth dilution	CLSI
573.13408	Klebsiella pneumoniae KPN1470ec	ceftazidime	Susceptible	Laboratory Method	Broth dilution	CLSI
573.26159	Klebsiella pneumoniae strain 5012STDY7312596	ceftazidime	Susceptible	Laboratory Method	Broth dilution	
573.46088	Klebsiella pneumoniae KSB1_10A	ceftazidime	Susceptible	Laboratory Method	Broth dilution	CLSI
573.66708	Klebsiella pneumoniae KP_NORM_BLD_116255	ceftazidime	Susceptible	Laboratory Method		EUCAST
573.67115	Klebsiella pneumoniae KP_NORM_BLD_63851	ceftazidime	Susceptible	Laboratory Method		EUCAST
573.65896	Klebsiella pneumoniae 012-E1-DxU	ceftazidime	Susceptible	Laboratory Method	Disk diffusion	CLSI
573.4611	Klebsiella pneumoniae KSB2_1D	ceftazidime	Susceptible	Laboratory Method	Broth dilution	CLSI
573.67041	Klebsiella pneumoniae KP_NORM_BLD_61879	ceftazidime	Susceptible	Laboratory Method		EUCAST
573.66976	Klebsiella pneumoniae KP_NORM_BLD_3086	ceftazidime	Susceptible	Laboratory Method		EUCAST
573.66981	Klebsiella pneumoniae KP_NORM_BLD_3091	ceftazidime	Susceptible	Laboratory Method		EUCAST
573.15366	Klebsiella pneumoniae strain INF042	ceftazidime	Susceptible	Laboratory Method	Broth dilution	CLSI
573.156	Klebsiella pneumoniae strain KSB2_4C	ceftazidime	Susceptible	Laboratory Method	Broth dilution	CLSI
573.26261	Klebsiella pneumoniae strain 5012STDY7626375	ceftazidime	Susceptible	Laboratory Method	Broth dilution	
573.46104	Klebsiella pneumoniae KSB1_2F	ceftazidime	Susceptible	Laboratory Method	Broth dilution	CLSI
573.67048	Klebsiella pneumoniae KP_NORM_BLD_62	ceftazidime	Susceptible	Laboratory Method		EUCAST
573.66707	Klebsiella pneumoniae KP_NORM_BLD_116257	ceftazidime	Susceptible	Laboratory Method		EUCAST
573.67117	Klebsiella pneumoniae KP_NORM_BLD_70	ceftazidime	Susceptible	Laboratory Method		EUCAST
573.15524	Klebsiella pneumoniae strain INF197	ceftazidime	Susceptible	Laboratory Method	Broth dilution	CLSI
573.66997	Klebsiella pneumoniae KP_NORM_BLD_60440	ceftazidime	Susceptible	Laboratory Method		EUCAST
573.46093	Klebsiella pneumoniae KSB1_4C	ceftazidime	Susceptible	Laboratory Method	Broth dilution	CLSI
573.66989	Klebsiella pneumoniae KP_NORM_BLD_60421	ceftazidime	Susceptible	Laboratory Method		EUCAST
573.66657	Klebsiella pneumoniae KP_NORM_BLD_115319	ceftazidime	Susceptible	Laboratory Method		EUCAST
573.15583	Klebsiella pneumoniae strain KSB2_6C	ceftazidime	Susceptible	Laboratory Method	Broth dilution	CLSI
573.12882	Klebsiella pneumoniae 113	ceftazidime	Susceptible	Laboratory Method	Broth dilution	CLSI
573.66687	Klebsiella pneumoniae KP_NORM_BLD_115981	ceftazidime	Susceptible	Laboratory Method		EUCAST
573.12885	Klebsiella pneumoniae 91	ceftazidime	Susceptible	Laboratory Method	Broth dilution	CLSI
573.67007	Klebsiella pneumoniae KP_NORM_BLD_60904	ceftazidime	Susceptible	Laboratory Method		EUCAST
573.15533	Klebsiella pneumoniae strain INF330	ceftazidime	Susceptible	Laboratory Method	Broth dilution	CLSI
573.66716	Klebsiella pneumoniae KP_NORM_BLD_116392	ceftazidime	Susceptible	Laboratory Method		EUCAST
573.66626	Klebsiella pneumoniae KP_NORM_BLD_113905	ceftazidime	Susceptible	Laboratory Method		EUCAST
573.31082	Klebsiella pneumoniae strain WU7	ceftazidime	Susceptible	Laboratory Method	Disk diffusion	CLSI
573.67093	Klebsiella pneumoniae KP_NORM_BLD_62937	ceftazidime	Susceptible	Laboratory Method		EUCAST
573.67089	Klebsiella pneumoniae KP_NORM_BLD_62914	ceftazidime	Susceptible	Laboratory Method		EUCAST
573.12912	Klebsiella pneumoniae 79	ceftazidime	Susceptible	Laboratory Method	Broth dilution	CLSI
573.35513	Klebsiella pneumoniae strain KSB1_9A	ceftazidime	Susceptible	Laboratory Method	Broth dilution	CLSI
573.26141	Klebsiella pneumoniae strain 5012STDY7312584	ceftazidime	Susceptible	Laboratory Method	Broth dilution	
573.66807	Klebsiella pneumoniae KP_NORM_BLD_13892	ceftazidime	Susceptible	Laboratory Method		EUCAST
573.15572	Klebsiella pneumoniae strain KSB2_4A	ceftazidime	Susceptible	Laboratory Method	Broth dilution	CLSI
573.66585	Klebsiella pneumoniae KP_NORM_BLD_110785	ceftazidime	Susceptible	Laboratory Method		EUCAST
573.15551	Klebsiella pneumoniae strain KSB1_2E	ceftazidime	Susceptible	Laboratory Method	Broth dilution	CLSI
573.26134	Klebsiella pneumoniae strain 5012STDY7312749	ceftazidime	Susceptible	Laboratory Method	Broth dilution	
573.46082	Klebsiella pneumoniae INF023	ceftazidime	Susceptible	Laboratory Method	Broth dilution	CLSI
573.244	Klebsiella pneumoniae strain MUGSI_318	ceftazidime	Susceptible	Laboratory Method	Broth dilution	CLSI
573.66766	Klebsiella pneumoniae KP_NORM_BLD_13124	ceftazidime	Susceptible	Laboratory Method		EUCAST
573.34302	Klebsiella pneumoniae strain KSB1_10B-sc-2280232	ceftazidime	Susceptible	Laboratory Method	Broth dilution	CLSI
573.67049	Klebsiella pneumoniae KP_NORM_BLD_61902	ceftazidime	Susceptible	Laboratory Method		EUCAST
573.67068	Klebsiella pneumoniae KP_NORM_BLD_62497	ceftazidime	Susceptible	Laboratory Method		EUCAST
573.6682	Klebsiella pneumoniae KP_NORM_BLD_14165	ceftazidime	Susceptible	Laboratory Method		EUCAST
573.66948	Klebsiella pneumoniae KP_NORM_BLD_2255	ceftazidime	Susceptible	Laboratory Method		EUCAST
573.66833	Klebsiella pneumoniae KP_NORM_BLD_1683	ceftazidime	Susceptible	Laboratory Method		EUCAST
573.66828	Klebsiella pneumoniae KP_NORM_BLD_14180	ceftazidime	Susceptible	Laboratory Method		EUCAST
573.66581	Klebsiella pneumoniae KP_NORM_BLD_110770	ceftazidime	Susceptible	Laboratory Method		EUCAST
573.66609	Klebsiella pneumoniae KP_NORM_BLD_112922	ceftazidime	Susceptible	Laboratory Method		EUCAST
573.12968	Klebsiella pneumoniae 114	ceftazidime	Susceptible	Laboratory Method	Broth dilution	CLSI
573.15734	Klebsiella pneumoniae strain K1620	ceftazidime	Susceptible	Laboratory Method	Disk diffusion	EUCAST
573.26265	Klebsiella pneumoniae strain 5012STDY7626384	ceftazidime	Susceptible	Laboratory Method	Broth dilution	
573.66596	Klebsiella pneumoniae KP_NORM_BLD_112178	ceftazidime	Susceptible	Laboratory Method		EUCAST
573.26094	Klebsiella pneumoniae strain 5012STDY7312697	ceftazidime	Susceptible	Laboratory Method	Broth dilution	
573.26131	Klebsiella pneumoniae strain 5012STDY7312748	ceftazidime	Susceptible	Laboratory Method	Broth dilution	
573.666	Klebsiella pneumoniae KP_NORM_BLD_112181	ceftazidime	Susceptible	Laboratory Method		EUCAST
573.46092	Klebsiella pneumoniae KSB1_8B	ceftazidime	Susceptible	Laboratory Method	Broth dilution	CLSI
573.26205	Klebsiella pneumoniae strain 5012STDY7312669	ceftazidime	Susceptible	Laboratory Method	Broth dilution	
573.66967	Klebsiella pneumoniae KP_NORM_BLD_3074	ceftazidime	Susceptible	Laboratory Method		EUCAST
573.26194	Klebsiella pneumoniae strain 5012STDY7312663	ceftazidime	Susceptible	Laboratory Method	Broth dilution	
573.26074	Klebsiella pneumoniae strain 5012STDY7312720	ceftazidime	Susceptible	Laboratory Method	Broth dilution	
573.46107	Klebsiella pneumoniae KSB1_2I	ceftazidime	Susceptible	Laboratory Method	Broth dilution	CLSI
573.1294	Klebsiella pneumoniae 87	ceftazidime	Susceptible	Laboratory Method	Broth dilution	CLSI
573.6667	Klebsiella pneumoniae KP_NORM_BLD_115397	ceftazidime	Susceptible	Laboratory Method		EUCAST
573.67042	Klebsiella pneumoniae KP_NORM_BLD_61892	ceftazidime	Susceptible	Laboratory Method		EUCAST
573.26103	Klebsiella pneumoniae strain 5012STDY7312564	ceftazidime	Susceptible	Laboratory Method	Broth dilution	
573.12904	Klebsiella pneumoniae 6	ceftazidime	Susceptible	Laboratory Method	Broth dilution	CLSI
573.6696	Klebsiella pneumoniae KP_NORM_BLD_2508	ceftazidime	Susceptible	Laboratory Method		EUCAST
573.66567	Klebsiella pneumoniae KP_NORM_BLD_621	ceftazidime	Susceptible	Laboratory Method		EUCAST
573.6664	Klebsiella pneumoniae KP_NORM_BLD_114326	ceftazidime	Susceptible	Laboratory Method		EUCAST
573.66811	Klebsiella pneumoniae KP_NORM_BLD_13978	ceftazidime	Susceptible	Laboratory Method		EUCAST
573.66621	Klebsiella pneumoniae KP_NORM_BLD_113777	ceftazidime	Susceptible	Laboratory Method		EUCAST
573.66589	Klebsiella pneumoniae KP_NORM_BLD_111590	ceftazidime	Susceptible	Laboratory Method		EUCAST
573.26133	Klebsiella pneumoniae strain 5012STDY7312750	ceftazidime	Susceptible	Laboratory Method	Broth dilution	
573.67126	Klebsiella pneumoniae KP_NORM_BLD_785	ceftazidime	Susceptible	Laboratory Method		EUCAST
573.26318	Klebsiella pneumoniae strain 5012STDY7626438	ceftazidime	Susceptible	Laboratory Method	Broth dilution	
573.15362	Klebsiella pneumoniae strain KSB1_7E	ceftazidime	Susceptible	Laboratory Method	Broth dilution	CLSI
573.12983	Klebsiella pneumoniae 44	ceftazidime	Susceptible	Laboratory Method	Broth dilution	CLSI
573.67033	Klebsiella pneumoniae KP_NORM_BLD_61466	ceftazidime	Susceptible	Laboratory Method		EUCAST
573.66572	Klebsiella pneumoniae KP_NORM_BLD_1038	ceftazidime	Susceptible	Laboratory Method		EUCAST
573.15569	Klebsiella pneumoniae strain KSB1_3J	ceftazidime	Susceptible	Laboratory Method	Broth dilution	CLSI
573.12935	Klebsiella pneumoniae 104	ceftazidime	Susceptible	Laboratory Method	Broth dilution	CLSI
573.26228	Klebsiella pneumoniae strain 5012STDY7312689	ceftazidime	Susceptible	Laboratory Method	Broth dilution	
573.67094	Klebsiella pneumoniae KP_NORM_BLD_62934	ceftazidime	Susceptible	Laboratory Method		EUCAST
573.67109	Klebsiella pneumoniae KP_NORM_BLD_63825	ceftazidime	Susceptible	Laboratory Method		EUCAST
573.67075	Klebsiella pneumoniae KP_NORM_BLD_62640	ceftazidime	Susceptible	Laboratory Method		EUCAST
573.66994	Klebsiella pneumoniae KP_NORM_BLD_60442	ceftazidime	Susceptible	Laboratory Method		EUCAST
573.26118	Klebsiella pneumoniae strain 5012STDY7312734	ceftazidime	Susceptible	Laboratory Method	Broth dilution	
573.26143	Klebsiella pneumoniae strain 5012STDY7312580	ceftazidime	Susceptible	Laboratory Method	Broth dilution	
573.66801	Klebsiella pneumoniae KP_NORM_BLD_13749	ceftazidime	Susceptible	Laboratory Method		EUCAST
573.67098	Klebsiella pneumoniae KP_NORM_BLD_63329	ceftazidime	Susceptible	Laboratory Method		EUCAST
573.15573	Klebsiella pneumoniae strain KSB2_6A	ceftazidime	Susceptible	Laboratory Method	Broth dilution	CLSI
573.15564	Klebsiella pneumoniae strain KSB1_10G	ceftazidime	Susceptible	Laboratory Method	Broth dilution	CLSI
573.66971	Klebsiella pneumoniae KP_NORM_BLD_3070	ceftazidime	Susceptible	Laboratory Method		EUCAST
573.15711	Klebsiella pneumoniae strain K1004	ceftazidime	Susceptible	Laboratory Method	Disk diffusion	EUCAST
573.66696	Klebsiella pneumoniae KP_NORM_BLD_1162	ceftazidime	Susceptible	Laboratory Method		EUCAST
573.26176	Klebsiella pneumoniae strain 5012STDY7312607	ceftazidime	Susceptible	Laboratory Method	Broth dilution	
573.671	Klebsiella pneumoniae KP_NORM_BLD_63337	ceftazidime	Susceptible	Laboratory Method		EUCAST
573.15518	Klebsiella pneumoniae strain INF072	ceftazidime	Susceptible	Laboratory Method	Broth dilution	CLSI
573.6675	Klebsiella pneumoniae KP_NORM_BLD_12851	ceftazidime	Susceptible	Laboratory Method		EUCAST
573.6665	Klebsiella pneumoniae KP_NORM_BLD_114484	ceftazidime	Susceptible	Laboratory Method		EUCAST
573.26078	Klebsiella pneumoniae strain 5012STDY7312715	ceftazidime	Susceptible	Laboratory Method	Broth dilution	
573.66942	Klebsiella pneumoniae KP_NORM_BLD_2242	ceftazidime	Susceptible	Laboratory Method		EUCAST
573.31068	Klebsiella pneumoniae strain PH38-1	ceftazidime	Susceptible	Laboratory Method	Disk diffusion	CLSI
573.13013	Klebsiella pneumoniae 125	ceftazidime	Susceptible	Laboratory Method	Broth dilution	CLSI
573.6711	Klebsiella pneumoniae KP_NORM_BLD_63832	ceftazidime	Susceptible	Laboratory Method		EUCAST
573.66979	Klebsiella pneumoniae KP_NORM_BLD_3090	ceftazidime	Susceptible	Laboratory Method		EUCAST
573.26188	Klebsiella pneumoniae strain 5012STDY7312622	ceftazidime	Susceptible	Laboratory Method	Broth dilution	
573.26083	Klebsiella pneumoniae strain 5012STDY7312722	ceftazidime	Susceptible	Laboratory Method	Broth dilution	
573.66618	Klebsiella pneumoniae KP_NORM_BLD_113771	ceftazidime	Susceptible	Laboratory Method		EUCAST
573.66825	Klebsiella pneumoniae KP_NORM_BLD_14177	ceftazidime	Susceptible	Laboratory Method		EUCAST
573.67077	Klebsiella pneumoniae KP_NORM_BLD_62649	ceftazidime	Susceptible	Laboratory Method		EUCAST
573.66809	Klebsiella pneumoniae KP_NORM_BLD_13975	ceftazidime	Susceptible	Laboratory Method		EUCAST
573.66603	Klebsiella pneumoniae KP_NORM_BLD_112904	ceftazidime	Susceptible	Laboratory Method		EUCAST
573.13567	Klebsiella pneumoniae KPN1660ec	ceftazidime	Susceptible	Laboratory Method	Broth dilution	CLSI
573.66758	Klebsiella pneumoniae KP_NORM_BLD_12937	ceftazidime	Susceptible	Laboratory Method		EUCAST
573.46101	Klebsiella pneumoniae KSB1_3F	ceftazidime	Susceptible	Laboratory Method	Broth dilution	CLSI
573.26152	Klebsiella pneumoniae strain 5012STDY7312585	ceftazidime	Susceptible	Laboratory Method	Broth dilution	
573.15526	Klebsiella pneumoniae strain INF204	ceftazidime	Susceptible	Laboratory Method	Broth dilution	CLSI
573.67018	Klebsiella pneumoniae KP_NORM_BLD_61057	ceftazidime	Susceptible	Laboratory Method		EUCAST
573.1415	Klebsiella pneumoniae KPN431ec	ceftazidime	Susceptible	Laboratory Method	Broth dilution	CLSI
573.66995	Klebsiella pneumoniae KP_NORM_BLD_60560	ceftazidime	Susceptible	Laboratory Method		EUCAST
573.66768	Klebsiella pneumoniae KP_NORM_BLD_13129	ceftazidime	Susceptible	Laboratory Method		EUCAST
573.66858	Klebsiella pneumoniae KP_NORM_BLD_2009_61633	ceftazidime	Susceptible	Laboratory Method		EUCAST
573.26215	Klebsiella pneumoniae strain 5012STDY7312678	ceftazidime	Susceptible	Laboratory Method	Broth dilution	
573.46102	Klebsiella pneumoniae KSB1_8E	ceftazidime	Susceptible	Laboratory Method	Broth dilution	CLSI
573.26217	Klebsiella pneumoniae strain 5012STDY7312681	ceftazidime	Susceptible	Laboratory Method	Broth dilution	
573.15535	Klebsiella pneumoniae strain INF245	ceftazidime	Susceptible	Laboratory Method	Broth dilution	CLSI
573.26101	Klebsiella pneumoniae strain 5012STDY7312698	ceftazidime	Susceptible	Laboratory Method	Broth dilution	
573.15544	Klebsiella pneumoniae strain KSB1_5C	ceftazidime	Susceptible	Laboratory Method	Broth dilution	CLSI
573.26234	Klebsiella pneumoniae strain 5012STDY7626538	ceftazidime	Susceptible	Laboratory Method	Broth dilution	
573.46113	Klebsiella pneumoniae KSB2_8D	ceftazidime	Susceptible	Laboratory Method	Broth dilution	CLSI
573.67107	Klebsiella pneumoniae KP_NORM_BLD_63799	ceftazidime	Susceptible	Laboratory Method		EUCAST
573.66692	Klebsiella pneumoniae KP_NORM_BLD_115993	ceftazidime	Susceptible	Laboratory Method		EUCAST
573.66969	Klebsiella pneumoniae KP_NORM_BLD_3072	ceftazidime	Susceptible	Laboratory Method		EUCAST
573.5828	Klebsiella pneumoniae strain PB86	ceftazidime	Susceptible	Laboratory Method	Broth dilution	EUCAST
573.66839	Klebsiella pneumoniae KP_NORM_BLD_1693	ceftazidime	Susceptible	Laboratory Method		EUCAST
573.66703	Klebsiella pneumoniae KP_NORM_BLD_116241	ceftazidime	Susceptible	Laboratory Method		EUCAST
573.66831	Klebsiella pneumoniae KP_NORM_BLD_1673	ceftazidime	Susceptible	Laboratory Method		EUCAST
573.26245	Klebsiella pneumoniae strain 5012STDY7626363	ceftazidime	Susceptible	Laboratory Method	Broth dilution	
573.66672	Klebsiella pneumoniae KP_NORM_BLD_115382	ceftazidime	Susceptible	Laboratory Method		EUCAST
573.6678	Klebsiella pneumoniae KP_NORM_BLD_13380	ceftazidime	Susceptible	Laboratory Method		EUCAST
573.67046	Klebsiella pneumoniae KP_NORM_BLD_619	ceftazidime	Susceptible	Laboratory Method		EUCAST
573.66743	Klebsiella pneumoniae KP_NORM_BLD_117566	ceftazidime	Susceptible	Laboratory Method		EUCAST
573.66666	Klebsiella pneumoniae KP_NORM_BLD_115375	ceftazidime	Susceptible	Laboratory Method		EUCAST
573.15539	Klebsiella pneumoniae strain KSB1_1A	ceftazidime	Susceptible	Laboratory Method	Broth dilution	CLSI
573.66569	Klebsiella pneumoniae KP_NORM_BLD_1032	ceftazidime	Susceptible	Laboratory Method		EUCAST
573.66834	Klebsiella pneumoniae KP_NORM_BLD_1687	ceftazidime	Susceptible	Laboratory Method		EUCAST
573.66733	Klebsiella pneumoniae KP_NORM_BLD_116585	ceftazidime	Susceptible	Laboratory Method		EUCAST
573.67028	Klebsiella pneumoniae KP_NORM_BLD_61435	ceftazidime	Susceptible	Laboratory Method		EUCAST
573.67064	Klebsiella pneumoniae KP_NORM_BLD_62482	ceftazidime	Susceptible	Laboratory Method		EUCAST
573.66568	Klebsiella pneumoniae KP_NORM_BLD_1034	ceftazidime	Susceptible	Laboratory Method		EUCAST
573.66749	Klebsiella pneumoniae KP_NORM_BLD_12880	ceftazidime	Susceptible	Laboratory Method		EUCAST
573.66566	Klebsiella pneumoniae KP_NORM_BLD_1035	ceftazidime	Susceptible	Laboratory Method		EUCAST
573.66944	Klebsiella pneumoniae KP_NORM_BLD_2247	ceftazidime	Susceptible	Laboratory Method		EUCAST
573.66999	Klebsiella pneumoniae KP_NORM_BLD_60571	ceftazidime	Susceptible	Laboratory Method		EUCAST
573.26263	Klebsiella pneumoniae strain 5012STDY7626383	ceftazidime	Susceptible	Laboratory Method	Broth dilution	
573.66949	Klebsiella pneumoniae KP_NORM_BLD_228	ceftazidime	Susceptible	Laboratory Method		EUCAST
573.26314	Klebsiella pneumoniae strain 5012STDY7626434	ceftazidime	Susceptible	Laboratory Method	Broth dilution	
573.66746	Klebsiella pneumoniae KP_NORM_BLD_117571	ceftazidime	Susceptible	Laboratory Method		EUCAST
573.66738	Klebsiella pneumoniae KP_NORM_BLD_117483	ceftazidime	Susceptible	Laboratory Method		EUCAST
573.15558	Klebsiella pneumoniae strain KSB1_7F	ceftazidime	Susceptible	Laboratory Method	Broth dilution	CLSI
573.66213	Klebsiella pneumoniae 26968_5#2	ceftazidime	Susceptible	Laboratory Method	MIC	
573.66795	Klebsiella pneumoniae KP_NORM_BLD_13736	ceftazidime	Susceptible	Laboratory Method		EUCAST
573.15555	Klebsiella pneumoniae strain KSB1_10E	ceftazidime	Susceptible	Laboratory Method	Broth dilution	CLSI
573.26247	Klebsiella pneumoniae strain 5012STDY7626368	ceftazidime	Susceptible	Laboratory Method	Broth dilution	
573.66575	Klebsiella pneumoniae KP_NORM_BLD_108853	ceftazidime	Susceptible	Laboratory Method		EUCAST
573.26108	Klebsiella pneumoniae strain 5012STDY7312728	ceftazidime	Susceptible	Laboratory Method	Broth dilution	
573.26309	Klebsiella pneumoniae strain 5012STDY7626424	ceftazidime	Susceptible	Laboratory Method	Broth dilution	
573.1296	Klebsiella pneumoniae 123	ceftazidime	Susceptible	Laboratory Method	Broth dilution	CLSI
573.66763	Klebsiella pneumoniae KP_NORM_BLD_13117	ceftazidime	Susceptible	Laboratory Method		EUCAST
573.67056	Klebsiella pneumoniae KP_NORM_BLD_62196	ceftazidime	Susceptible	Laboratory Method		EUCAST
573.67097	Klebsiella pneumoniae KP_NORM_BLD_63331	ceftazidime	Susceptible	Laboratory Method		EUCAST
573.2608	Klebsiella pneumoniae strain 5012STDY7312712	ceftazidime	Susceptible	Laboratory Method	Broth dilution	
573.66761	Klebsiella pneumoniae KP_NORM_BLD_13121	ceftazidime	Susceptible	Laboratory Method		EUCAST
573.26123	Klebsiella pneumoniae strain 5012STDY7312742	ceftazidime	Susceptible	Laboratory Method	Broth dilution	
573.26184	Klebsiella pneumoniae strain 5012STDY7312617	ceftazidime	Susceptible	Laboratory Method	Broth dilution	
573.13003	Klebsiella pneumoniae 127	ceftazidime	Susceptible	Laboratory Method	Broth dilution	CLSI
573.26208	Klebsiella pneumoniae strain 5012STDY7312665	ceftazidime	Susceptible	Laboratory Method	Broth dilution	
573.15574	Klebsiella pneumoniae strain KSB2_7A	ceftazidime	Susceptible	Laboratory Method	Broth dilution	CLSI
573.67104	Klebsiella pneumoniae KP_NORM_BLD_63339	ceftazidime	Susceptible	Laboratory Method		EUCAST
573.66796	Klebsiella pneumoniae KP_NORM_BLD_13739	ceftazidime	Susceptible	Laboratory Method		EUCAST
573.15617	Klebsiella pneumoniae strain KSB2_5C	ceftazidime	Susceptible	Laboratory Method	Broth dilution	CLSI
573.15612	Klebsiella pneumoniae strain INF339	ceftazidime	Susceptible	Laboratory Method	Broth dilution	CLSI
573.15627	Klebsiella pneumoniae strain KSB1_5G	ceftazidime	Susceptible	Laboratory Method	Broth dilution	CLSI
573.66629	Klebsiella pneumoniae KP_NORM_BLD_114054	ceftazidime	Susceptible	Laboratory Method		EUCAST
573.15562	Klebsiella pneumoniae strain KSB1_3G	ceftazidime	Susceptible	Laboratory Method	Broth dilution	CLSI
573.26164	Klebsiella pneumoniae strain 5012STDY7312601	ceftazidime	Susceptible	Laboratory Method	Broth dilution	
573.66812	Klebsiella pneumoniae KP_NORM_BLD_13897	ceftazidime	Susceptible	Laboratory Method		EUCAST
573.67061	Klebsiella pneumoniae KP_NORM_BLD_62200	ceftazidime	Susceptible	Laboratory Method		EUCAST
573.26284	Klebsiella pneumoniae strain 5012STDY7626406	ceftazidime	Susceptible	Laboratory Method	Broth dilution	
573.13	Klebsiella pneumoniae 33	ceftazidime	Susceptible	Laboratory Method	Broth dilution	CLSI
573.26246	Klebsiella pneumoniae strain 5012STDY7626366	ceftazidime	Susceptible	Laboratory Method	Broth dilution	
573.66723	Klebsiella pneumoniae KP_NORM_BLD_116441	ceftazidime	Susceptible	Laboratory Method		EUCAST
573.66823	Klebsiella pneumoniae KP_NORM_BLD_14175	ceftazidime	Susceptible	Laboratory Method		EUCAST
573.13004	Klebsiella pneumoniae 95	ceftazidime	Susceptible	Laboratory Method	Broth dilution	CLSI
573.26125	Klebsiella pneumoniae strain 5012STDY7312739	ceftazidime	Susceptible	Laboratory Method	Broth dilution	
573.67079	Klebsiella pneumoniae KP_NORM_BLD_62772	ceftazidime	Susceptible	Laboratory Method		EUCAST
573.6681	Klebsiella pneumoniae KP_NORM_BLD_13976	ceftazidime	Susceptible	Laboratory Method		EUCAST
573.66728	Klebsiella pneumoniae KP_NORM_BLD_116570	ceftazidime	Susceptible	Laboratory Method		EUCAST
573.15548	Klebsiella pneumoniae strain KSB1_4D	ceftazidime	Susceptible	Laboratory Method	Broth dilution	CLSI
573.66958	Klebsiella pneumoniae KP_NORM_BLD_2493	ceftazidime	Susceptible	Laboratory Method		EUCAST
573.66624	Klebsiella pneumoniae KP_NORM_BLD_113895	ceftazidime	Susceptible	Laboratory Method		EUCAST
573.15534	Klebsiella pneumoniae strain INF238	ceftazidime	Susceptible	Laboratory Method	Broth dilution	CLSI
573.4612	Klebsiella pneumoniae KSB1_5A	ceftazidime	Susceptible	Laboratory Method	Broth dilution	CLSI
573.15725	Klebsiella pneumoniae strain K1668	ceftazidime	Susceptible	Laboratory Method	Disk diffusion	EUCAST
573.26306	Klebsiella pneumoniae strain 5012STDY7626427	ceftazidime	Susceptible	Laboratory Method	Broth dilution	
573.26316	Klebsiella pneumoniae strain 5012STDY7626436	ceftazidime	Susceptible	Laboratory Method	Broth dilution	
573.26077	Klebsiella pneumoniae strain 5012STDY7312718	ceftazidime	Susceptible	Laboratory Method	Broth dilution	
573.12961	Klebsiella pneumoniae 10	ceftazidime	Susceptible	Laboratory Method	Broth dilution	CLSI
573.67118	Klebsiella pneumoniae KP_NORM_BLD_65	ceftazidime	Susceptible	Laboratory Method		EUCAST
573.66998	Klebsiella pneumoniae KP_NORM_BLD_60606	ceftazidime	Susceptible	Laboratory Method		EUCAST
573.26127	Klebsiella pneumoniae strain 5012STDY7312746	ceftazidime	Susceptible	Laboratory Method	Broth dilution	
573.67011	Klebsiella pneumoniae KP_NORM_BLD_60949	ceftazidime	Susceptible	Laboratory Method		EUCAST
573.26124	Klebsiella pneumoniae strain 5012STDY7312737	ceftazidime	Susceptible	Laboratory Method	Broth dilution	
573.67069	Klebsiella pneumoniae KP_NORM_BLD_625	ceftazidime	Susceptible	Laboratory Method		EUCAST
573.12908	Klebsiella pneumoniae 74	ceftazidime	Susceptible	Laboratory Method	Broth dilution	CLSI
573.66704	Klebsiella pneumoniae KP_NORM_BLD_116239	ceftazidime	Susceptible	Laboratory Method		EUCAST
573.26192	Klebsiella pneumoniae strain 5012STDY7312625	ceftazidime	Susceptible	Laboratory Method	Broth dilution	
573.34262	Klebsiella pneumoniae strain KSB1_9J-sc-2280309	ceftazidime	Susceptible	Laboratory Method	Broth dilution	CLSI
573.66663	Klebsiella pneumoniae KP_NORM_BLD_115351	ceftazidime	Susceptible	Laboratory Method		EUCAST
573.6705	Klebsiella pneumoniae KP_NORM_BLD_62164	ceftazidime	Susceptible	Laboratory Method		EUCAST
573.15591	Klebsiella pneumoniae strain KSB2_7D	ceftazidime	Susceptible	Laboratory Method	Broth dilution	CLSI
573.66788	Klebsiella pneumoniae KP_NORM_BLD_1344	ceftazidime	Susceptible	Laboratory Method		EUCAST
573.26302	Klebsiella pneumoniae strain 5012STDY7626422	ceftazidime	Susceptible	Laboratory Method	Broth dilution	
573.67067	Klebsiella pneumoniae KP_NORM_BLD_624	ceftazidime	Susceptible	Laboratory Method		EUCAST
573.6702	Klebsiella pneumoniae KP_NORM_BLD_61059	ceftazidime	Susceptible	Laboratory Method		EUCAST
573.66729	Klebsiella pneumoniae KP_NORM_BLD_116574	ceftazidime	Susceptible	Laboratory Method		EUCAST
573.26233	Klebsiella pneumoniae strain 5012STDY7626498	ceftazidime	Susceptible	Laboratory Method	Broth dilution	
573.66756	Klebsiella pneumoniae KP_NORM_BLD_12930	ceftazidime	Susceptible	Laboratory Method		EUCAST
573.66769	Klebsiella pneumoniae KP_NORM_BLD_13128	ceftazidime	Susceptible	Laboratory Method		EUCAST
573.26223	Klebsiella pneumoniae strain 5012STDY7312687	ceftazidime	Susceptible	Laboratory Method	Broth dilution	
573.67092	Klebsiella pneumoniae KP_NORM_BLD_63318	ceftazidime	Susceptible	Laboratory Method		EUCAST
573.66827	Klebsiella pneumoniae KP_NORM_BLD_14222	ceftazidime	Susceptible	Laboratory Method		EUCAST
573.15523	Klebsiella pneumoniae strain INF092	ceftazidime	Susceptible	Laboratory Method	Broth dilution	CLSI
573.26222	Klebsiella pneumoniae strain 5012STDY7312684	ceftazidime	Susceptible	Laboratory Method	Broth dilution	
573.67059	Klebsiella pneumoniae KP_NORM_BLD_62212	ceftazidime	Susceptible	Laboratory Method		EUCAST
573.66731	Klebsiella pneumoniae KP_NORM_BLD_116589	ceftazidime	Susceptible	Laboratory Method		EUCAST
573.12962	Klebsiella pneumoniae 28	ceftazidime	Susceptible	Laboratory Method	Broth dilution	CLSI
573.66791	Klebsiella pneumoniae KP_NORM_BLD_13541	ceftazidime	Susceptible	Laboratory Method		EUCAST
573.67112	Klebsiella pneumoniae KP_NORM_BLD_63837	ceftazidime	Susceptible	Laboratory Method		EUCAST
573.12998	Klebsiella pneumoniae 80	ceftazidime	Susceptible	Laboratory Method	Broth dilution	CLSI
573.67012	Klebsiella pneumoniae KP_NORM_BLD_61039	ceftazidime	Susceptible	Laboratory Method		EUCAST
573.15372	Klebsiella pneumoniae strain INF059	ceftazidime	Susceptible	Laboratory Method	Broth dilution	CLSI
573.15529	Klebsiella pneumoniae strain INF212	ceftazidime	Susceptible	Laboratory Method	Broth dilution	CLSI
573.26177	Klebsiella pneumoniae strain 5012STDY7312605	ceftazidime	Susceptible	Laboratory Method	Broth dilution	
573.66757	Klebsiella pneumoniae KP_NORM_BLD_12939	ceftazidime	Susceptible	Laboratory Method		EUCAST
573.26211	Klebsiella pneumoniae strain 5012STDY7312677	ceftazidime	Susceptible	Laboratory Method	Broth dilution	
573.34255	Klebsiella pneumoniae strain KSB1_6G-sc-2280276	ceftazidime	Susceptible	Laboratory Method	Broth dilution	CLSI
573.26173	Klebsiella pneumoniae strain 5012STDY7312612	ceftazidime	Susceptible	Laboratory Method	Broth dilution	
573.12871	Klebsiella pneumoniae 94	ceftazidime	Susceptible	Laboratory Method	Broth dilution	CLSI
573.12996	Klebsiella pneumoniae 54	ceftazidime	Susceptible	Laboratory Method	Broth dilution	CLSI
573.66843	Klebsiella pneumoniae KP_NORM_BLD_1887	ceftazidime	Susceptible	Laboratory Method		EUCAST
573.66953	Klebsiella pneumoniae KP_NORM_BLD_2396	ceftazidime	Susceptible	Laboratory Method		EUCAST
573.15586	Klebsiella pneumoniae strain KSB2_9C	ceftazidime	Susceptible	Laboratory Method	Broth dilution	CLSI
573.26084	Klebsiella pneumoniae strain 5012STDY7312575	ceftazidime	Susceptible	Laboratory Method	Broth dilution	
573.67004	Klebsiella pneumoniae KP_NORM_BLD_60817	ceftazidime	Susceptible	Laboratory Method		EUCAST
573.26121	Klebsiella pneumoniae strain 5012STDY7312736	ceftazidime	Susceptible	Laboratory Method	Broth dilution	
573.67032	Klebsiella pneumoniae KP_NORM_BLD_61473	ceftazidime	Susceptible	Laboratory Method		EUCAST
573.12965	Klebsiella pneumoniae 124	ceftazidime	Susceptible	Laboratory Method	Broth dilution	CLSI
573.6695	Klebsiella pneumoniae KP_NORM_BLD_2260	ceftazidime	Susceptible	Laboratory Method		EUCAST
573.26226	Klebsiella pneumoniae strain 5012STDY7312688	ceftazidime	Susceptible	Laboratory Method	Broth dilution	
573.66576	Klebsiella pneumoniae KP_NORM_BLD_108856	ceftazidime	Susceptible	Laboratory Method		EUCAST
573.67039	Klebsiella pneumoniae KP_NORM_BLD_61808	ceftazidime	Susceptible	Laboratory Method		EUCAST
573.67091	Klebsiella pneumoniae KP_NORM_BLD_63325	ceftazidime	Susceptible	Laboratory Method		EUCAST
573.66954	Klebsiella pneumoniae KP_NORM_BLD_232	ceftazidime	Susceptible	Laboratory Method		EUCAST
573.66778	Klebsiella pneumoniae KP_NORM_BLD_13379	ceftazidime	Susceptible	Laboratory Method		EUCAST
573.66965	Klebsiella pneumoniae KP_NORM_BLD_2510	ceftazidime	Susceptible	Laboratory Method		EUCAST
573.66651	Klebsiella pneumoniae KP_NORM_BLD_114599	ceftazidime	Susceptible	Laboratory Method		EUCAST
573.67058	Klebsiella pneumoniae KP_NORM_BLD_62214	ceftazidime	Susceptible	Laboratory Method		EUCAST
573.66642	Klebsiella pneumoniae KP_NORM_BLD_114327	ceftazidime	Susceptible	Laboratory Method		EUCAST
573.66326	Klebsiella pneumoniae 26994_6#91	ceftazidime	Susceptible	Laboratory Method	MIC	
573.67078	Klebsiella pneumoniae KP_NORM_BLD_62657	ceftazidime	Susceptible	Laboratory Method		EUCAST
573.12985	Klebsiella pneumoniae 3396	ceftazidime	Susceptible	Laboratory Method	Broth dilution	CLSI
573.14302	Klebsiella pneumoniae KPN660ec	ceftazidime	Susceptible	Laboratory Method	Broth dilution	CLSI
573.67114	Klebsiella pneumoniae KP_NORM_BLD_63839	ceftazidime	Susceptible	Laboratory Method		EUCAST
573.67103	Klebsiella pneumoniae KP_NORM_BLD_63371	ceftazidime	Susceptible	Laboratory Method		EUCAST
573.67014	Klebsiella pneumoniae KP_NORM_BLD_61044	ceftazidime	Susceptible	Laboratory Method		EUCAST
573.66798	Klebsiella pneumoniae KP_NORM_BLD_13737	ceftazidime	Susceptible	Laboratory Method		EUCAST
573.26098	Klebsiella pneumoniae strain 5012STDY7312706	ceftazidime	Susceptible	Laboratory Method	Broth dilution	
573.15561	Klebsiella pneumoniae strain KSB1_2G	ceftazidime	Susceptible	Laboratory Method	Broth dilution	CLSI
573.67034	Klebsiella pneumoniae KP_NORM_BLD_61459	ceftazidime	Susceptible	Laboratory Method		EUCAST
573.26255	Klebsiella pneumoniae strain 5012STDY7626365	ceftazidime	Susceptible	Laboratory Method	Broth dilution	
573.26202	Klebsiella pneumoniae strain 5012STDY7312670	ceftazidime	Susceptible	Laboratory Method	Broth dilution	
573.46108	Klebsiella pneumoniae KSB1_8I	ceftazidime	Susceptible	Laboratory Method	Broth dilution	CLSI
573.46076	Klebsiella pneumoniae KSB1_10F	ceftazidime	Susceptible	Laboratory Method	Broth dilution	CLSI
573.26312	Klebsiella pneumoniae strain 5012STDY7626433	ceftazidime	Susceptible	Laboratory Method	Broth dilution	
573.66697	Klebsiella pneumoniae KP_NORM_BLD_116218	ceftazidime	Susceptible	Laboratory Method		EUCAST
573.14328	Klebsiella pneumoniae KPN700ec	ceftazidime	Susceptible	Laboratory Method	Broth dilution	CLSI
573.15623	Klebsiella pneumoniae strain INF304	ceftazidime	Susceptible	Laboratory Method	Broth dilution	CLSI
573.67051	Klebsiella pneumoniae KP_NORM_BLD_62187	ceftazidime	Susceptible	Laboratory Method		EUCAST
573.66753	Klebsiella pneumoniae KP_NORM_BLD_12882	ceftazidime	Susceptible	Laboratory Method		EUCAST
573.6703	Klebsiella pneumoniae KP_NORM_BLD_61439	ceftazidime	Susceptible	Laboratory Method		EUCAST
573.66765	Klebsiella pneumoniae KP_NORM_BLD_13123	ceftazidime	Susceptible	Laboratory Method		EUCAST
573.15581	Klebsiella pneumoniae strain KSB2_1C	ceftazidime	Susceptible	Laboratory Method	Broth dilution	CLSI
573.26254	Klebsiella pneumoniae strain 5012STDY7626372	ceftazidime	Susceptible	Laboratory Method	Broth dilution	
573.26242	Klebsiella pneumoniae strain 5012STDY7626522	ceftazidime	Susceptible	Laboratory Method	Broth dilution	
573.15619	Klebsiella pneumoniae strain KSB1_6F	ceftazidime	Susceptible	Laboratory Method	Broth dilution	CLSI
573.15541	Klebsiella pneumoniae strain KSB1_1C	ceftazidime	Susceptible	Laboratory Method	Broth dilution	CLSI
573.15628	Klebsiella pneumoniae strain KSB1_6B	ceftazidime	Susceptible	Laboratory Method	Broth dilution	CLSI
573.12955	Klebsiella pneumoniae 126	ceftazidime	Susceptible	Laboratory Method	Broth dilution	CLSI
573.26243	Klebsiella pneumoniae strain 5012STDY7626530	ceftazidime	Susceptible	Laboratory Method	Broth dilution	
573.6697	Klebsiella pneumoniae KP_NORM_BLD_3069	ceftazidime	Susceptible	Laboratory Method		EUCAST
573.66691	Klebsiella pneumoniae KP_NORM_BLD_115987	ceftazidime	Susceptible	Laboratory Method		EUCAST
573.26075	Klebsiella pneumoniae strain 5012STDY7312723	ceftazidime	Susceptible	Laboratory Method	Broth dilution	
573.66593	Klebsiella pneumoniae KP_NORM_BLD_112121	ceftazidime	Susceptible	Laboratory Method		EUCAST
573.15515	Klebsiella pneumoniae strain INF062	ceftazidime	Susceptible	Laboratory Method	Broth dilution	CLSI
573.67119	Klebsiella pneumoniae KP_NORM_BLD_67	ceftazidime	Susceptible	Laboratory Method		EUCAST
573.67057	Klebsiella pneumoniae KP_NORM_BLD_62210	ceftazidime	Susceptible	Laboratory Method		EUCAST
573.66578	Klebsiella pneumoniae KP_NORM_BLD_108841	ceftazidime	Susceptible	Laboratory Method		EUCAST
573.66646	Klebsiella pneumoniae KP_NORM_BLD_114466	ceftazidime	Susceptible	Laboratory Method		EUCAST
573.13006	Klebsiella pneumoniae 30	ceftazidime	Susceptible	Laboratory Method	Broth dilution	CLSI
573.46081	Klebsiella pneumoniae INF159	ceftazidime	Susceptible	Laboratory Method	Broth dilution	CLSI
573.26154	Klebsiella pneumoniae strain 5012STDY7312593	ceftazidime	Susceptible	Laboratory Method	Broth dilution	
573.66577	Klebsiella pneumoniae KP_NORM_BLD_108849	ceftazidime	Susceptible	Laboratory Method		EUCAST
573.26271	Klebsiella pneumoniae strain 5012STDY7626390	ceftazidime	Susceptible	Laboratory Method	Broth dilution	
573.66637	Klebsiella pneumoniae KP_NORM_BLD_114318	ceftazidime	Susceptible	Laboratory Method		EUCAST
573.14387	Klebsiella pneumoniae KPN771ec	ceftazidime	Susceptible	Laboratory Method	Broth dilution	CLSI
573.66614	Klebsiella pneumoniae KP_NORM_BLD_113315	ceftazidime	Susceptible	Laboratory Method		EUCAST
573.66993	Klebsiella pneumoniae KP_NORM_BLD_60435	ceftazidime	Susceptible	Laboratory Method		EUCAST
573.67122	Klebsiella pneumoniae KP_NORM_BLD_781	ceftazidime	Susceptible	Laboratory Method		EUCAST
573.46098	Klebsiella pneumoniae KSB1_6D	ceftazidime	Susceptible	Laboratory Method	Broth dilution	CLSI
573.26212	Klebsiella pneumoniae strain 5012STDY7312571	ceftazidime	Susceptible	Laboratory Method	Broth dilution	
573.67074	Klebsiella pneumoniae KP_NORM_BLD_62638	ceftazidime	Susceptible	Laboratory Method		EUCAST
573.2632	Klebsiella pneumoniae strain 5012STDY7626440	ceftazidime	Susceptible	Laboratory Method	Broth dilution	
573.15611	Klebsiella pneumoniae strain INF332	ceftazidime	Susceptible	Laboratory Method	Broth dilution	CLSI
573.26163	Klebsiella pneumoniae strain 5012STDY7312602	ceftazidime	Susceptible	Laboratory Method	Broth dilution	
573.67088	Klebsiella pneumoniae KP_NORM_BLD_62774	ceftazidime	Susceptible	Laboratory Method		EUCAST
573.66736	Klebsiella pneumoniae KP_NORM_BLD_1166	ceftazidime	Susceptible	Laboratory Method		EUCAST
573.12865	Klebsiella pneumoniae 34	ceftazidime	Susceptible	Laboratory Method	Broth dilution	CLSI
573.31069	Klebsiella pneumoniae strain PH28-1	ceftazidime	Susceptible	Laboratory Method	Disk diffusion	CLSI
573.67106	Klebsiella pneumoniae KP_NORM_BLD_63801	ceftazidime	Susceptible	Laboratory Method		EUCAST
573.66987	Klebsiella pneumoniae KP_NORM_BLD_52	ceftazidime	Susceptible	Laboratory Method		EUCAST
573.12995	Klebsiella pneumoniae 5	ceftazidime	Susceptible	Laboratory Method	Broth dilution	CLSI
573.46106	Klebsiella pneumoniae KSB1_8H	ceftazidime	Susceptible	Laboratory Method	Broth dilution	CLSI
573.12907	Klebsiella pneumoniae 89	ceftazidime	Susceptible	Laboratory Method	Broth dilution	CLSI
573.66709	Klebsiella pneumoniae KP_NORM_BLD_116351	ceftazidime	Susceptible	Laboratory Method		EUCAST
573.26112	Klebsiella pneumoniae strain 5012STDY7312730	ceftazidime	Susceptible	Laboratory Method	Broth dilution	
573.26282	Klebsiella pneumoniae strain 5012STDY7626398	ceftazidime	Susceptible	Laboratory Method	Broth dilution	
573.67022	Klebsiella pneumoniae KP_NORM_BLD_61279	ceftazidime	Susceptible	Laboratory Method		EUCAST
573.66702	Klebsiella pneumoniae KP_NORM_BLD_116244	ceftazidime	Susceptible	Laboratory Method		EUCAST
573.66649	Klebsiella pneumoniae KP_NORM_BLD_114458	ceftazidime	Susceptible	Laboratory Method		EUCAST
573.66721	Klebsiella pneumoniae KP_NORM_BLD_116439	ceftazidime	Susceptible	Laboratory Method		EUCAST
573.66713	Klebsiella pneumoniae KP_NORM_BLD_116361	cefotaxime	Susceptible	Laboratory Method		EUCAST
573.26219	Klebsiella pneumoniae strain 5012STDY7312683	ceftazidime	Susceptible	Laboratory Method	Broth dilution	
573.15608	Klebsiella pneumoniae strain INF311	ceftriaxone	Susceptible	Laboratory Method	Broth dilution	CLSI
573.26086	Klebsiella pneumoniae strain 5012STDY7312719	ceftriaxone	Susceptible	Laboratory Method	Broth dilution	
573.12984	Klebsiella pneumoniae 63	ceftriaxone	Susceptible	Laboratory Method	Broth dilution	CLSI
573.26091	Klebsiella pneumoniae strain 5012STDY7312699	ceftriaxone	Susceptible	Laboratory Method	Broth dilution	
573.1289	Klebsiella pneumoniae 103	ceftriaxone	Susceptible	Laboratory Method	Broth dilution	CLSI
573.2624	Klebsiella pneumoniae strain 5012STDY7626482	ceftriaxone	Susceptible	Laboratory Method	Broth dilution	
573.26207	Klebsiella pneumoniae strain 5012STDY7312671	ceftriaxone	Susceptible	Laboratory Method	Broth dilution	
573.13009	Klebsiella pneumoniae 16	ceftriaxone	Susceptible	Laboratory Method	Broth dilution	CLSI
573.26128	Klebsiella pneumoniae strain 5012STDY7312744	ceftriaxone	Susceptible	Laboratory Method	Broth dilution	
573.12986	Klebsiella pneumoniae 21	ceftriaxone	Susceptible	Laboratory Method	Broth dilution	CLSI
573.15598	Klebsiella pneumoniae strain KSB1_10I	ceftriaxone	Susceptible	Laboratory Method	Broth dilution	CLSI
573.12861	Klebsiella pneumoniae 35	ceftriaxone	Susceptible	Laboratory Method	Broth dilution	CLSI
573.15621	Klebsiella pneumoniae strain KSB2_5B	ceftriaxone	Susceptible	Laboratory Method	Broth dilution	CLSI
573.15525	Klebsiella pneumoniae strain INF200	ceftriaxone	Susceptible	Laboratory Method	Broth dilution	CLSI
573.12927	Klebsiella pneumoniae 116	ceftriaxone	Susceptible	Laboratory Method	Broth dilution	CLSI
573.15559	Klebsiella pneumoniae strain KSB1_9F	ceftriaxone	Susceptible	Laboratory Method	Broth dilution	CLSI
573.15571	Klebsiella pneumoniae strain KSB2_3A	ceftriaxone	Susceptible	Laboratory Method	Broth dilution	CLSI
573.26119	Klebsiella pneumoniae strain 5012STDY7312741	ceftriaxone	Susceptible	Laboratory Method	Broth dilution	
573.672	Klebsiella pneumoniae ERR7221179	cefotaxime	Susceptible	Laboratory Method	Broth dilution	EUCAST
573.66977	Klebsiella pneumoniae KP_NORM_BLD_3085	cefotaxime	Susceptible	Laboratory Method		EUCAST
573.66653	Klebsiella pneumoniae KP_NORM_BLD_114491	cefotaxime	Susceptible	Laboratory Method		EUCAST
573.66961	Klebsiella pneumoniae KP_NORM_BLD_2505	cefotaxime	Susceptible	Laboratory Method		EUCAST
573.26106	Klebsiella pneumoniae strain 5012STDY7312729	ceftriaxone	Susceptible	Laboratory Method	Broth dilution	
573.46099	Klebsiella pneumoniae KSB1_10C	ceftriaxone	Susceptible	Laboratory Method	Broth dilution	CLSI
573.12872	Klebsiella pneumoniae 15	ceftriaxone	Susceptible	Laboratory Method	Broth dilution	CLSI
573.2619	Klebsiella pneumoniae strain 5012STDY7312623	ceftriaxone	Susceptible	Laboratory Method	Broth dilution	
573.26155	Klebsiella pneumoniae strain 5012STDY7312592	ceftriaxone	Susceptible	Laboratory Method	Broth dilution	
573.26129	Klebsiella pneumoniae strain 5012STDY7312743	ceftriaxone	Susceptible	Laboratory Method	Broth dilution	
573.12923	Klebsiella pneumoniae 83	ceftriaxone	Susceptible	Laboratory Method	Broth dilution	CLSI
573.13022	Klebsiella pneumoniae 40	ceftriaxone	Susceptible	Laboratory Method	Broth dilution	CLSI
573.26145	Klebsiella pneumoniae strain 5012STDY7312583	ceftriaxone	Susceptible	Laboratory Method	Broth dilution	
573.1562	Klebsiella pneumoniae strain KSB1_5J	ceftriaxone	Susceptible	Laboratory Method	Broth dilution	CLSI
573.26113	Klebsiella pneumoniae strain 5012STDY7312732	ceftriaxone	Susceptible	Laboratory Method	Broth dilution	
573.26323	Klebsiella pneumoniae strain 5012STDY7626431	ceftriaxone	Susceptible	Laboratory Method	Broth dilution	
573.26277	Klebsiella pneumoniae strain 5012STDY7626400	ceftriaxone	Susceptible	Laboratory Method	Broth dilution	
573.2438	Klebsiella pneumoniae strain MUGSI_225	ceftriaxone	Susceptible	Laboratory Method	Broth dilution	CLSI
573.15576	Klebsiella pneumoniae strain KSB2_3B	ceftriaxone	Susceptible	Laboratory Method	Broth dilution	CLSI
573.15517	Klebsiella pneumoniae strain INF150	ceftriaxone	Susceptible	Laboratory Method	Broth dilution	CLSI
573.26076	Klebsiella pneumoniae strain 5012STDY7312713	ceftriaxone	Susceptible	Laboratory Method	Broth dilution	
573.31063	Klebsiella pneumoniae strain PH24-1	ceftriaxone	Susceptible	Laboratory Method	Disk diffusion	CLSI
573.26291	Klebsiella pneumoniae strain 5012STDY7626412	ceftriaxone	Susceptible	Laboratory Method	Broth dilution	
573.66669	Klebsiella pneumoniae KP_NORM_BLD_115403	cefotaxime	Susceptible	Laboratory Method		EUCAST
573.67123	Klebsiella pneumoniae KP_NORM_BLD_776	ceftazidime	Susceptible	Laboratory Method		EUCAST
573.66945	Klebsiella pneumoniae KP_NORM_BLD_225	cefotaxime	Susceptible	Laboratory Method		EUCAST
573.66982	Klebsiella pneumoniae KP_NORM_BLD_386	cefotaxime	Susceptible	Laboratory Method		EUCAST
573.66628	Klebsiella pneumoniae KP_NORM_BLD_113968	cefotaxime	Susceptible	Laboratory Method		EUCAST
573.67017	Klebsiella pneumoniae KP_NORM_BLD_61269	cefotaxime	Susceptible	Laboratory Method		EUCAST
573.67334	Klebsiella pneumoniae ERR7221344	cefotaxime	Susceptible	Laboratory Method	Broth dilution	EUCAST
573.66678	Klebsiella pneumoniae KP_NORM_BLD_115734	cefotaxime	Susceptible	Laboratory Method		EUCAST
573.67198	Klebsiella pneumoniae ERR7221172	cefotaxime	Susceptible	Laboratory Method	Broth dilution	EUCAST
573.6658	Klebsiella pneumoniae KP_NORM_BLD_110772	cefotaxime	Susceptible	Laboratory Method		EUCAST
573.66137	Klebsiella pneumoniae ERR1840992	cefotaxime	Susceptible	Laboratory Method	Broth dilution	EUCAST
573.67282	Klebsiella pneumoniae ERR7221282	cefotaxime	Susceptible	Laboratory Method	Broth dilution	EUCAST
573.6615	Klebsiella pneumoniae ERR2109157	cefotaxime	Susceptible	Laboratory Method	Broth dilution	EUCAST
573.66726	Klebsiella pneumoniae KP_NORM_BLD_116562	cefotaxime	Susceptible	Laboratory Method		EUCAST
573.67322	Klebsiella pneumoniae ERR7221332	cefotaxime	Susceptible	Laboratory Method	Broth dilution	EUCAST
573.67254	Klebsiella pneumoniae ERR7221242	cefotaxime	Susceptible	Laboratory Method	Broth dilution	EUCAST
573.67087	Klebsiella pneumoniae KP_NORM_BLD_62776	cefotaxime	Susceptible	Laboratory Method		EUCAST
573.67263	Klebsiella pneumoniae ERR7221254	cefotaxime	Susceptible	Laboratory Method	Broth dilution	EUCAST
573.66973	Klebsiella pneumoniae KP_NORM_BLD_2800	cefotaxime	Susceptible	Laboratory Method		EUCAST
573.66143	Klebsiella pneumoniae ERR1840998	cefotaxime	Susceptible	Laboratory Method	Broth dilution	EUCAST
573.67082	Klebsiella pneumoniae KP_NORM_BLD_62922	cefotaxime	Susceptible	Laboratory Method		EUCAST
573.6732	Klebsiella pneumoniae ERR7221334	cefotaxime	Susceptible	Laboratory Method	Broth dilution	EUCAST
573.6684	Klebsiella pneumoniae KP_NORM_BLD_1871	ceftazidime	Susceptible	Laboratory Method		EUCAST
573.66776	Klebsiella pneumoniae KP_NORM_BLD_13373	ceftazidime	Susceptible	Laboratory Method		EUCAST
573.66779	Klebsiella pneumoniae KP_NORM_BLD_13378	ceftazidime	Susceptible	Laboratory Method		EUCAST
573.66616	Klebsiella pneumoniae KP_NORM_BLD_113311	ceftazidime	Susceptible	Laboratory Method		EUCAST
573.67001	Klebsiella pneumoniae KP_NORM_BLD_60613	ceftazidime	Susceptible	Laboratory Method		EUCAST
573.67066	Klebsiella pneumoniae KP_NORM_BLD_62484	ceftazidime	Susceptible	Laboratory Method		EUCAST
573.13754	Klebsiella pneumoniae KPN1893ec	ceftazidime	Susceptible	Laboratory Method	Broth dilution	CLSI
573.66688	Klebsiella pneumoniae KP_NORM_BLD_115984	ceftazidime	Susceptible	Laboratory Method		EUCAST
573.66813	Klebsiella pneumoniae KP_NORM_BLD_13985	ceftazidime	Susceptible	Laboratory Method		EUCAST
573.67086	Klebsiella pneumoniae KP_NORM_BLD_62920	ceftazidime	Susceptible	Laboratory Method		EUCAST
573.66844	Klebsiella pneumoniae KP_NORM_BLD_1880	ceftazidime	Susceptible	Laboratory Method		EUCAST
573.66751	Klebsiella pneumoniae KP_NORM_BLD_12876	ceftazidime	Susceptible	Laboratory Method		EUCAST
573.6662	Klebsiella pneumoniae KP_NORM_BLD_113865	ceftazidime	Susceptible	Laboratory Method		EUCAST
573.13549	Klebsiella pneumoniae KPN1639ec	ceftazidime	Susceptible	Laboratory Method	Broth dilution	CLSI
573.66799	Klebsiella pneumoniae KP_NORM_BLD_13741	ceftazidime	Susceptible	Laboratory Method		EUCAST
573.66838	Klebsiella pneumoniae KP_NORM_BLD_1692	cefotaxime	Susceptible	Laboratory Method		EUCAST
573.67292	Klebsiella pneumoniae ERR7221295	cefotaxime	Susceptible	Laboratory Method	Broth dilution	EUCAST
573.66774	Klebsiella pneumoniae KP_NORM_BLD_13372	ceftazidime	Susceptible	Laboratory Method		EUCAST
573.67062	Klebsiella pneumoniae KP_NORM_BLD_622	ceftazidime	Susceptible	Laboratory Method		EUCAST
573.67015	Klebsiella pneumoniae KP_NORM_BLD_61041	ceftazidime	Susceptible	Laboratory Method		EUCAST
573.66655	Klebsiella pneumoniae KP_NORM_BLD_114729	ceftazidime	Susceptible	Laboratory Method		EUCAST
573.66574	Klebsiella pneumoniae KP_NORM_BLD_1045	ceftazidime	Susceptible	Laboratory Method		EUCAST
573.66664	Klebsiella pneumoniae KP_NORM_BLD_115366	ceftazidime	Susceptible	Laboratory Method		EUCAST
573.67202	Klebsiella pneumoniae ERR7221180	cefotaxime	Susceptible	Laboratory Method	Broth dilution	EUCAST
573.6721	Klebsiella pneumoniae ERR7221183	cefotaxime	Susceptible	Laboratory Method	Broth dilution	EUCAST
573.66132	Klebsiella pneumoniae ERR1830485	cefotaxime	Susceptible	Laboratory Method	Broth dilution	EUCAST
573.67674	Klebsiella pneumoniae ERR1810608	cefotaxime	Susceptible	Laboratory Method	Broth dilution	EUCAST
573.67317	Klebsiella pneumoniae ERR7221321	cefotaxime	Susceptible	Laboratory Method	Broth dilution	EUCAST
573.67212	Klebsiella pneumoniae ERR7221190	cefotaxime	Susceptible	Laboratory Method	Broth dilution	EUCAST
573.66579	Klebsiella pneumoniae KP_NORM_BLD_108846	cefotaxime	Susceptible	Laboratory Method		EUCAST
573.66122	Klebsiella pneumoniae ERR1829921	cefotaxime	Susceptible	Laboratory Method	Broth dilution	EUCAST
573.66104	Klebsiella pneumoniae ERR1811835	cefotaxime	Susceptible	Laboratory Method	Broth dilution	EUCAST
573.66162	Klebsiella pneumoniae ERR2118031	cefotaxime	Susceptible	Laboratory Method	Broth dilution	EUCAST
573.66722	Klebsiella pneumoniae KP_NORM_BLD_116444	cefotaxime	Susceptible	Laboratory Method		EUCAST
573.67228	Klebsiella pneumoniae ERR7221214	cefotaxime	Susceptible	Laboratory Method	Broth dilution	EUCAST
573.67013	Klebsiella pneumoniae KP_NORM_BLD_61034	cefotaxime	Susceptible	Laboratory Method		EUCAST
573.66909	Klebsiella pneumoniae KP_NORM_BLD_2013_90851	cefotaxime	Susceptible	Laboratory Method		EUCAST
